{"type":"FeatureCollection", "features": [
{"type":"Feature","geometry":{"type":"Polygon","coordinates":[[[31.288,-22.402],[32.371,-21.335],[32.478,-20.713],[32.673,-20.516],[33.007,-19.874],[32.778,-19.389],[32.717,-19.002],[32.993,-18.36],[32.948,-16.712],[32.243,-16.449],[31.94,-16.429],[31.688,-16.214],[31.236,-16.024],[30.438,-15.995],[30.396,-15.643],[29.73,-15.645],[28.913,-15.988],[28.761,-16.532],[27.932,-16.896],[27.021,-17.958],[26.78,-18.042],[26.333,-17.929],[25.863,-17.952],[25.259,-17.794],[25.224,-17.915],[25.761,-18.649],[26.168,-19.538],[26.678,-19.893],[27.221,-20.146],[27.281,-20.479],[27.7,-20.531],[27.669,-21.064],[28.046,-21.573],[29.037,-21.811],[29.107,-22.066],[29.365,-22.194],[29.663,-22.146],[30.46,-22.329],[31.073,-22.308],[31.288,-22.402]]]},"properties":{"NAME":"Zimbabwe","NAME_JA":"ジンバブエ","ISO_A3":"ZWE","CONTINENT":"Africa","SUBREGION":"Eastern Africa","POP_EST":14645468}},
{"type":"Feature","geometry":{"type":"Polygon","coordinates":[[[30.396,-15.643],[30.232,-14.99],[31.729,-14.496],[33.202,-14.013],[32.992,-14.022],[32.672,-13.61],[32.968,-13.225],[33.022,-12.63],[33.398,-12.49],[33.252,-12.113],[33.226,-11.535],[33.38,-11.158],[33.261,-10.893],[33.659,-10.591],[33.351,-9.862],[32.92,-9.407],[32.433,-9.156],[31.943,-9.054],[31.351,-8.607],[31.076,-8.612],[30.751,-8.194],[28.972,-8.465],[28.918,-8.701],[28.401,-9.225],[28.63,-9.831],[28.639,-10.669],[28.357,-11.483],[28.483,-11.812],[29.064,-12.349],[29.428,-12.431],[29.795,-12.155],[29.795,-13.393],[29.554,-13.249],[29.014,-13.369],[28.358,-12.482],[27.533,-12.195],[27.424,-11.945],[27.046,-11.616],[26.95,-11.899],[26.596,-11.972],[26.026,-11.89],[25.349,-11.623],[25.185,-11.243],[24.519,-11.438],[24.32,-11.072],[23.967,-10.872],[24.047,-11.405],[23.971,-11.636],[23.991,-12.422],[23.843,-13.001],[21.979,-13.001],[21.979,-14.761],[21.98,-15.956],[22.151,-16.597],[22.305,-16.69],[23.381,-17.641],[24.275,-17.481],[24.932,-17.543],[25.259,-17.794],[25.863,-17.952],[26.333,-17.929],[26.78,-18.042],[27.021,-17.958],[27.932,-16.896],[28.761,-16.532],[28.913,-15.988],[29.73,-15.645],[30.396,-15.643]]]},"properties":{"NAME":"Zambia","NAME_JA":"ザンビア","ISO_A3":"ZMB","CONTINENT":"Africa","SUBREGION":"Eastern Africa","POP_EST":17861030}},
{"type":"Feature","geometry":{"type":"MultiPolygon","coordinates":[[[[53.086,16.648],[52.729,17.3],[51.978,18.996],[50.355,18.778],[49.042,18.582],[48.172,18.157],[47.58,17.448],[47.442,17.112],[46.976,16.953],[46.682,17.269],[46.31,17.231],[45.407,17.32],[45.148,17.427],[44.156,17.399],[43.917,17.325],[43.418,17.516],[43.191,17.359],[43.165,16.689],[42.799,16.372],[42.84,16.032],[42.717,15.655],[43.021,14.555],[43.089,14.011],[43.283,13.64],[43.232,13.267],[43.475,12.839],[43.93,12.617],[44.358,12.669],[44.618,12.817],[45.039,12.816],[45.657,13.339],[46.789,13.466],[47.408,13.662],[47.99,14.048],[48.668,14.05],[49.048,14.456],[49.35,14.638],[50.167,14.851],[50.527,15.038],[51.604,15.337],[52.217,15.656],[52.174,15.957],[52.328,16.294],[53.086,16.648]]],[[[53.763,12.637],[53.598,12.342],[54.129,12.361],[54.187,12.664],[53.763,12.637]]]]},"properties":{"NAME":"Yemen","NAME_JA":"イエメン","ISO_A3":"YEM","CONTINENT":"Asia","SUBREGION":"Western Asia","POP_EST":29161922}},
{"type":"Feature","geometry":{"type":"Polygon","coordinates":[[[107.973,21.508],[107.802,21.645],[107.351,21.609],[106.729,22],[106.536,22.395],[106.78,22.779],[106.148,22.97],[105.843,22.923],[105.275,23.345],[104.865,23.136],[104.796,22.911],[104.372,22.704],[104.054,22.752],[103.915,22.538],[103.62,22.782],[103.356,22.755],[103.005,22.453],[102.517,22.741],[102.127,22.379],[102.949,21.57],[102.851,21.266],[103.104,20.892],[103.635,20.697],[104.052,20.941],[104.583,20.647],[104.619,20.375],[104.928,20.018],[104.546,19.611],[104.032,19.675],[103.896,19.34],[104.717,18.803],[105.115,18.679],[105.086,18.45],[105.458,18.154],[105.691,17.738],[106.502,16.954],[106.696,16.459],[107.396,16.043],[107.19,15.747],[107.653,15.255],[107.48,14.98],[107.519,14.705],[107.331,14.127],[107.605,13.438],[107.475,13.03],[107.506,12.365],[107.159,12.277],[106.931,12.077],[106.414,11.948],[106.34,11.682],[106.006,11.758],[105.851,11.635],[105.856,11.294],[106.168,11.012],[106.099,10.797],[105.755,10.99],[105.387,10.94],[104.851,10.534],[104.426,10.411],[104.663,10.17],[105.028,10.067],[104.845,9.606],[104.819,8.802],[104.892,8.583],[105.322,8.801],[105.501,9.093],[106.572,9.641],[106.785,10.116],[106.813,10.433],[107.262,10.398],[108.272,10.934],[108.821,11.315],[109.199,11.725],[109.219,12.646],[109.424,12.956],[109.272,13.279],[109.303,13.856],[109.085,14.716],[108.821,15.378],[108.674,15.484],[108.029,16.331],[107.18,16.898],[106.479,17.72],[106.499,17.946],[105.888,18.502],[105.622,18.966],[105.791,19.294],[105.984,19.939],[106.518,20.289],[106.753,20.735],[106.675,20.96],[107.354,21.055],[107.41,21.285],[107.973,21.508]]]},"properties":{"NAME":"Vietnam","NAME_JA":"ベトナム","ISO_A3":"VNM","CONTINENT":"Asia","SUBREGION":"South-Eastern Asia","POP_EST":96462106}},
{"type":"Feature","geometry":{"type":"Polygon","coordinates":[[[-60.018,8.549],[-60.34,8.629],[-60.801,8.592],[-61.304,8.41],[-61.053,9.095],[-60.792,9.361],[-61.309,9.633],[-61.512,9.848],[-61.766,9.814],[-62.12,9.985],[-62.32,9.783],[-62.515,10.176],[-62.843,10.418],[-62.702,10.75],[-63.497,10.643],[-63.873,10.664],[-64.85,10.098],[-65.129,10.07],[-65.852,10.258],[-66.247,10.632],[-66.989,10.611],[-67.872,10.472],[-68.234,10.569],[-68.399,11.161],[-68.828,11.432],[-69.233,11.518],[-69.632,11.48],[-69.831,11.996],[-70.004,12.178],[-70.287,11.886],[-70.233,11.373],[-71.47,10.964],[-71.545,10.779],[-71.387,10.264],[-71.053,9.706],[-71.086,9.348],[-71.298,9.126],[-71.687,9.073],[-71.761,9.336],[-72.113,9.816],[-71.665,10.444],[-71.594,10.657],[-71.947,11.414],[-71.869,11.627],[-71.32,11.862],[-71.958,11.666],[-72.248,11.196],[-72.69,10.836],[-72.869,10.491],[-73.007,9.789],[-73.356,9.227],[-73.058,9.26],[-72.796,9.109],[-72.665,8.628],[-72.417,8.382],[-72.443,7.455],[-72.208,7.37],[-72.084,7.097],[-71.013,6.994],[-70.655,7.083],[-70.095,6.938],[-69.439,6.135],[-68.472,6.157],[-67.859,6.29],[-67.568,6.242],[-67.439,6.026],[-67.825,5.27],[-67.855,4.507],[-67.662,3.864],[-67.311,3.416],[-67.835,2.893],[-67.211,2.39],[-66.876,1.223],[-66.429,0.822],[-66.06,0.785],[-65.681,0.983],[-65.361,0.869],[-65.104,1.108],[-64.732,1.253],[-64.115,1.619],[-64.035,1.904],[-63.394,2.223],[-63.389,2.412],[-63.924,2.452],[-64.219,3.205],[-64.221,3.587],[-64.568,3.9],[-64.576,4.14],[-64.256,4.14],[-64.021,3.929],[-63.295,3.922],[-62.969,3.594],[-62.765,3.673],[-62.712,4.018],[-62.411,4.157],[-62.153,4.098],[-61.554,4.288],[-61.28,4.517],[-61.003,4.535],[-60.604,4.995],[-60.742,5.202],[-61.377,5.907],[-61.129,6.214],[-61.146,6.695],[-60.718,6.768],[-60.395,6.945],[-60.719,7.499],[-60.514,7.813],[-60.032,8.054],[-59.832,8.306],[-60.018,8.549]]]},"properties":{"NAME":"Venezuela","NAME_JA":"ベネズエラ","ISO_A3":"VEN","CONTINENT":"South America","SUBREGION":"South America","POP_EST":28515829}},
{"type":"Feature","geometry":{"type":"Polygon","coordinates":[[[12.439,41.898],[12.438,41.906],[12.431,41.905],[12.431,41.898],[12.439,41.898]]]},"properties":{"NAME":"Vatican","NAME_JA":"バチカン","ISO_A3":"VAT","CONTINENT":"Europe","SUBREGION":"Southern Europe","POP_EST":825}},
{"type":"Feature","geometry":{"type":"MultiPolygon","coordinates":[[[[166.746,-14.827],[166.527,-14.85],[166.631,-15.406],[166.826,-15.635],[167.2,-15.486],[167.132,-15.135],[166.81,-15.157],[166.746,-14.827]]],[[[167.413,-16.096],[167.449,-16.555],[167.837,-16.45],[167.413,-16.096]]]]},"properties":{"NAME":"Vanuatu","NAME_JA":"バヌアツ","ISO_A3":"VUT","CONTINENT":"Oceania","SUBREGION":"Melanesia","POP_EST":299882}},
{"type":"Feature","geometry":{"type":"Polygon","coordinates":[[[70.947,42.249],[70.416,42.079],[70.096,41.821],[69.065,41.367],[68.987,41.205],[68.292,40.656],[68.048,40.809],[67.936,41.197],[66.814,41.142],[66.669,41.271],[66.499,41.995],[66.01,42.005],[66.1,42.991],[65.803,42.877],[65.496,43.311],[64.905,43.715],[64.443,43.551],[63.207,43.628],[61.99,43.492],[61.161,44.169],[61.008,44.394],[58.555,45.555],[55.976,44.995],[55.976,43.618],[55.977,41.322],[57.018,41.263],[56.964,41.857],[57.382,42.156],[57.814,42.19],[58.26,42.688],[58.589,42.778],[59.451,42.3],[59.858,42.295],[60.107,41.907],[60.09,41.399],[60.455,41.222],[61.329,41.195],[61.497,41.276],[61.954,41.031],[62.095,40.683],[62.651,39.858],[64.163,38.954],[65.613,38.239],[65.857,38.269],[66.629,37.932],[66.522,37.348],[67.069,37.335],[67.759,37.172],[67.814,37.487],[68.294,38.033],[68.048,38.669],[68.104,38.962],[67.677,39.008],[67.35,39.242],[67.719,39.621],[68.463,39.537],[68.653,40.183],[69.228,40.188],[69.206,40.567],[69.414,40.797],[69.713,40.657],[70.442,41.023],[70.751,40.74],[70.383,40.454],[70.653,40.201],[70.958,40.239],[71.305,40.287],[71.692,40.152],[72.131,40.439],[72.358,40.402],[73.113,40.786],[72.62,40.884],[71.792,41.413],[71.408,41.136],[70.782,41.263],[70.181,41.571],[70.842,42.02],[70.947,42.249]]]},"properties":{"NAME":"Uzbekistan","NAME_JA":"ウズベキスタン","ISO_A3":"UZB","CONTINENT":"Asia","SUBREGION":"Central Asia","POP_EST":33580650}},
{"type":"Feature","geometry":{"type":"Polygon","coordinates":[[[-53.371,-33.742],[-53.538,-33.623],[-53.531,-33.171],[-53.126,-32.737],[-53.602,-32.403],[-53.762,-32.057],[-54.221,-31.855],[-54.588,-31.485],[-55.255,-31.226],[-55.557,-30.876],[-55.874,-31.07],[-56.176,-30.628],[-56.833,-30.107],[-57.214,-30.283],[-57.609,-30.188],[-57.873,-30.591],[-57.811,-30.859],[-58.189,-31.924],[-58.201,-32.472],[-58.082,-32.894],[-58.353,-33.26],[-58.4,-33.912],[-57.829,-34.477],[-57.171,-34.452],[-56.855,-34.677],[-56.118,-34.908],[-55.673,-34.776],[-54.902,-34.933],[-54.169,-34.671],[-53.785,-34.38],[-53.371,-33.742]]]},"properties":{"NAME":"Uruguay","NAME_JA":"ウルグアイ","ISO_A3":"URY","CONTINENT":"South America","SUBREGION":"South America","POP_EST":3461734}},
{"type":"Feature","geometry":{"type":"Polygon","coordinates":[[[158.315,6.814],[158.295,6.951],[158.135,6.945],[158.183,6.801],[158.315,6.814]]]},"properties":{"NAME":"Micronesia","NAME_JA":"ミクロネシア連邦","ISO_A3":"FSM","CONTINENT":"Oceania","SUBREGION":"Micronesia","POP_EST":113815}},
{"type":"Feature","geometry":{"type":"Polygon","coordinates":[[[171.102,7.138],[171.096,7.109],[171.202,7.074],[171.227,7.087],[171.102,7.138]]]},"properties":{"NAME":"Marshall Is.","NAME_JA":"マーシャル諸島","ISO_A3":"MHL","CONTINENT":"Oceania","SUBREGION":"Micronesia","POP_EST":58791}},
{"type":"Feature","geometry":{"type":"Polygon","coordinates":[[[145.752,15.133],[145.782,15.175],[145.713,15.215],[145.684,15.125],[145.752,15.133]]]},"properties":{"NAME":"N. Mariana Is.","NAME_JA":"北マリアナ諸島","ISO_A3":"MNP","CONTINENT":"Oceania","SUBREGION":"Micronesia","POP_EST":57216}},
{"type":"Feature","geometry":{"type":"Polygon","coordinates":[[[-64.766,17.794],[-64.885,17.772],[-64.889,17.702],[-64.686,17.706],[-64.766,17.794]]]},"properties":{"NAME":"U.S. Virgin Is.","NAME_JA":"アメリカ領ヴァージン諸島","ISO_A3":"VIR","CONTINENT":"North America","SUBREGION":"Caribbean","POP_EST":106631}},
{"type":"Feature","geometry":{"type":"Polygon","coordinates":[[[144.742,13.259],[144.79,13.527],[144.649,13.429],[144.742,13.259]]]},"properties":{"NAME":"Guam","NAME_JA":"グアム","ISO_A3":"GUM","CONTINENT":"Oceania","SUBREGION":"Micronesia","POP_EST":167294}},
{"type":"Feature","geometry":{"type":"Polygon","coordinates":[[[-170.726,-14.351],[-170.689,-14.257],[-170.821,-14.312],[-170.726,-14.351]]]},"properties":{"NAME":"American Samoa","NAME_JA":"アメリカ領サモア","ISO_A3":"ASM","CONTINENT":"Oceania","SUBREGION":"Polynesia","POP_EST":55312}},
{"type":"Feature","geometry":{"type":"Polygon","coordinates":[[[-66.129,18.445],[-67.159,18.499],[-67.197,17.994],[-65.971,17.974],[-65.629,18.381],[-66.129,18.445]]]},"properties":{"NAME":"Puerto Rico","NAME_JA":"プエルトリコ","ISO_A3":"PRI","CONTINENT":"North America","SUBREGION":"Caribbean","POP_EST":3193694}},
{"type":"Feature","geometry":{"type":"MultiPolygon","coordinates":[[[[-171.463,63.64],[-169.778,63.094],[-168.852,63.171],[-170.017,63.492],[-170.43,63.699],[-171.463,63.64]]],[[[-166.135,60.384],[-166.476,60.383],[-167.139,60.009],[-166.188,59.774],[-165.592,59.913],[-165.73,60.314],[-166.135,60.384]]],[[[-152.898,57.824],[-153.818,57.596],[-154.281,57.638],[-154.706,57.335],[-154.339,56.921],[-153.793,56.99],[-152.679,57.345],[-152.216,57.577],[-152.512,57.851],[-152.898,57.824]]],[[[-130.025,55.888],[-130.742,56.341],[-131.575,56.599],[-131.866,56.793],[-133.821,58.705],[-134.944,59.288],[-135.051,59.579],[-135.476,59.793],[-136.322,59.605],[-136.579,59.152],[-137.439,58.903],[-137.593,59.226],[-139.185,60.084],[-141.002,60.3],[-141.002,62.346],[-141.002,64.976],[-141.002,66.729],[-141.002,68.19],[-141.002,69.651],[-141.408,69.653],[-143.218,70.116],[-145.197,70.009],[-145.823,70.16],[-147.705,70.217],[-149.269,70.501],[-151.225,70.419],[-151.945,70.452],[-152.233,70.81],[-153.233,70.933],[-154.195,70.801],[-155.167,71.099],[-156.783,71.319],[-157.998,70.845],[-159.315,70.879],[-160.996,70.305],[-161.881,70.332],[-162.952,69.758],[-163.161,69.388],[-164.302,68.936],[-166.209,68.885],[-166.381,68.425],[-164.125,67.607],[-163.721,67.196],[-163.002,67.027],[-161.965,67.05],[-161.857,66.7],[-160.864,66.671],[-160.232,66.42],[-161.557,66.251],[-161.816,66.054],[-163.695,66.084],[-164.034,66.216],[-163.775,66.531],[-164.674,66.555],[-166.748,66.052],[-167.074,65.877],[-168.088,65.658],[-167.404,65.422],[-166.665,65.338],[-166.827,65.096],[-166.143,64.583],[-164.9,64.461],[-163.713,64.588],[-162.807,64.374],[-161.759,64.816],[-161.187,64.924],[-160.932,64.579],[-160.779,63.819],[-161.1,63.558],[-161.974,63.453],[-163.359,63.046],[-164.409,63.215],[-165.195,62.474],[-166.079,61.803],[-165.566,61.102],[-164.805,60.892],[-165.354,60.541],[-164.662,60.304],[-163.907,59.807],[-163.219,59.846],[-162.242,60.178],[-161.829,59.589],[-162.023,59.284],[-161.794,59.109],[-161.755,58.612],[-161.361,58.67],[-160.363,59.051],[-159.67,58.911],[-159.083,58.47],[-158.503,58.85],[-158.022,58.64],[-157.142,58.878],[-156.975,58.736],[-157.524,58.421],[-157.608,57.601],[-158.321,57.298],[-159.283,56.689],[-160.302,56.314],[-160.851,55.772],[-161.216,56.021],[-162.157,55.719],[-162.962,55.184],[-162.865,54.955],[-162.074,55.139],[-161.742,55.391],[-161.1,55.406],[-160.463,55.558],[-159.962,55.795],[-159.523,55.81],[-158.276,56.196],[-158.414,56.436],[-157.578,56.634],[-156.475,57.105],[-156.478,57.328],[-155.007,58.016],[-154.247,58.159],[-154.02,58.493],[-153.334,58.858],[-154.13,59.12],[-154.088,59.363],[-153.106,59.875],[-151.75,60.755],[-151.734,60.911],[-150.612,61.301],[-150.441,61.024],[-151.322,60.743],[-151.451,60.203],[-151.735,59.988],[-151.85,59.406],[-151.738,59.189],[-150.961,59.244],[-150.582,59.565],[-150.198,59.567],[-149.432,60.001],[-148.431,59.989],[-148.198,60.168],[-148.344,60.854],[-146.874,61.005],[-145.899,60.478],[-144.901,60.335],[-143.805,60.013],[-142.946,60.097],[-141.67,59.97],[-140.843,59.749],[-140.217,59.727],[-138.352,59.087],[-137.544,58.581],[-136.583,58.245],[-135.862,58.577],[-135.303,58.256],[-134.776,58.454],[-134.063,58.211],[-133.554,57.695],[-133.466,57.172],[-132.814,57.041],[-131.844,56.16],[-131.288,56.012],[-130.919,55.736],[-130.856,55.355],[-131.048,55.158],[-130.575,54.77],[-130.214,55.026],[-130.037,55.298],[-130.147,55.654],[-130.025,55.888]]],[[[-163.476,54.981],[-163.868,55.039],[-164.53,54.881],[-164.888,54.608],[-164.463,54.427],[-164.073,54.621],[-163.358,54.736],[-163.476,54.981]]],[[[-130.979,55.489],[-131.269,55.955],[-131.625,55.832],[-131.811,55.223],[-131.083,55.267],[-130.979,55.489]]],[[[-133.366,57.004],[-133.866,57.069],[-133.603,56.464],[-133.213,56.465],[-132.954,56.88],[-133.366,57.004]]],[[[-134.97,57.351],[-135.346,57.533],[-135.787,57.317],[-135.2,57.027],[-135.331,56.822],[-134.621,56.718],[-134.97,57.351]]],[[[-134.68,58.162],[-134.66,57.638],[-134.435,57.057],[-133.925,57.337],[-133.937,57.582],[-134.68,58.162]]],[[[-135.73,58.244],[-136.512,58.096],[-136.077,57.675],[-135.085,57.511],[-135.002,58.051],[-135.73,58.244]]],[[[-133.566,56.339],[-133.242,55.921],[-133.447,55.797],[-132.782,55.048],[-131.981,54.805],[-131.976,55.209],[-132.418,55.483],[-132.43,55.687],[-133.203,56.32],[-133.566,56.339]]],[[[-152.417,58.36],[-152.675,58.451],[-153.381,58.087],[-152.983,57.997],[-152.109,58.161],[-152.417,58.36]]],[[[-166.615,53.901],[-166.978,53.963],[-167.136,53.526],[-166.444,53.652],[-166.615,53.901]]],[[[-155.581,19.012],[-155.31,19.26],[-154.804,19.524],[-155.199,19.994],[-155.832,20.276],[-155.82,20.014],[-156.049,19.75],[-155.881,19.071],[-155.581,19.012]]],[[[-156.487,20.933],[-156.438,20.618],[-156.107,20.645],[-156.278,20.951],[-156.487,20.933]]],[[[-157.799,21.457],[-157.962,21.701],[-158.273,21.585],[-158.11,21.319],[-157.799,21.457]]],[[[-74.709,45.004],[-75.179,44.899],[-76.465,44.058],[-76.82,43.629],[-78.72,43.625],[-79.172,43.467],[-79.037,42.802],[-80.248,42.366],[-81.278,42.209],[-82.439,41.675],[-82.69,41.675],[-83.142,41.976],[-83.073,42.3],[-82.545,42.625],[-82.138,43.571],[-82.551,45.347],[-83.593,45.817],[-83.978,46.085],[-84.192,46.55],[-84.562,46.457],[-84.876,46.9],[-86.429,47.54],[-88.378,48.303],[-89.456,47.996],[-90.84,48.201],[-91.518,48.058],[-92.996,48.612],[-93.708,48.525],[-94.621,48.743],[-94.854,49.305],[-95.162,48.992],[-96.677,48.993],[-99.235,48.993],[-101.367,48.993],[-103.499,48.993],[-105.631,48.993],[-107.763,48.993],[-109.469,48.993],[-112.027,48.993],[-115.438,48.993],[-117.996,48.993],[-120.981,48.993],[-122.789,48.993],[-122.242,48.011],[-122.657,47.881],[-122.861,48.09],[-123.976,48.168],[-124.633,48.375],[-124.621,47.904],[-124.376,47.659],[-124.072,46.745],[-123.929,45.577],[-124.059,44.778],[-124.149,43.692],[-124.54,42.813],[-124.355,42.123],[-124.069,41.384],[-124.133,40.97],[-124.372,40.491],[-124.324,40.252],[-123.884,39.861],[-123.701,38.907],[-122.987,38.277],[-122.968,38.097],[-122.467,37.838],[-122.395,37.208],[-121.79,36.732],[-121.877,36.331],[-120.86,35.365],[-120.634,35.076],[-120.645,34.58],[-120.481,34.472],[-119.606,34.418],[-119.144,34.112],[-118.506,34.017],[-118.41,33.744],[-118.081,33.722],[-117.467,33.296],[-117.128,32.533],[-114.725,32.715],[-114.836,32.508],[-112.939,31.916],[-111.042,31.324],[-108.214,31.329],[-108.212,31.779],[-106.453,31.77],[-106.256,31.545],[-105.276,30.807],[-104.979,30.646],[-104.401,29.574],[-103.99,29.323],[-103.258,29.001],[-102.892,29.216],[-102.734,29.644],[-102.269,29.871],[-101.44,29.777],[-100.659,29.069],[-100.296,28.328],[-99.754,27.73],[-99.505,27.548],[-99.444,27.037],[-99.108,26.447],[-98.083,26.064],[-97.358,25.871],[-97.146,25.961],[-97.402,26.397],[-97.555,26.967],[-97.171,27.88],[-97.156,28.144],[-96.562,28.367],[-96.449,28.594],[-95.853,28.64],[-95.273,28.964],[-94.888,29.371],[-93.695,29.77],[-93.176,29.779],[-92.671,29.597],[-92.261,29.557],[-91.893,29.836],[-91.331,29.514],[-91.29,29.289],[-90.751,29.131],[-90.379,29.295],[-90.101,29.182],[-89.721,29.619],[-89.59,29.915],[-90.413,30.14],[-90.225,30.379],[-89.588,30.166],[-89.321,30.345],[-88.905,30.415],[-87.79,30.292],[-86.257,30.493],[-85.354,29.876],[-85.319,29.68],[-84.383,29.907],[-84.044,30.104],[-83.694,29.926],[-83.29,29.452],[-82.651,28.888],[-82.661,28.486],[-82.844,27.846],[-82.661,27.718],[-82.441,27.06],[-81.867,26.435],[-81.715,25.983],[-81.365,25.831],[-81.098,25.319],[-80.737,25.156],[-80.367,25.331],[-80.126,25.833],[-80.041,26.569],[-80.226,27.207],[-80.65,28.181],[-80.524,28.486],[-80.9,29.05],[-81.25,29.794],[-81.52,30.875],[-81.175,31.531],[-81.198,31.704],[-80.849,32.114],[-80.23,32.577],[-80.022,32.62],[-79.276,33.135],[-78.92,33.659],[-78.578,33.873],[-78.013,33.912],[-77.751,34.285],[-77.134,34.708],[-76.733,34.707],[-76.745,34.941],[-76.513,35.27],[-76.174,35.354],[-75.774,35.647],[-75.772,35.9],[-76.479,36.028],[-76.148,36.279],[-75.89,36.657],[-75.999,36.913],[-76.401,37.213],[-76.263,37.357],[-76.264,37.894],[-76.501,38.532],[-76.52,38.898],[-76.168,38.853],[-76.212,38.361],[-75.659,37.954],[-75.596,37.631],[-75.036,38.503],[-75.392,39.093],[-74.897,39.145],[-74.429,39.387],[-74.176,39.727],[-73.958,40.328],[-74.227,40.608],[-73.583,41.022],[-72.847,41.266],[-71.523,41.379],[-71.427,41.633],[-70.657,41.534],[-70.405,41.627],[-70.738,42.229],[-71.046,42.331],[-70.736,42.669],[-70.829,42.825],[-70.179,43.766],[-69.792,43.805],[-69.068,44.098],[-68.961,44.434],[-68.612,44.311],[-68.277,44.507],[-67.907,44.454],[-67.107,44.885],[-67.125,45.169],[-67.473,45.276],[-67.433,45.603],[-67.785,45.702],[-67.807,47.083],[-68.311,47.354],[-68.829,47.203],[-69.243,47.463],[-70.008,46.709],[-70.296,45.906],[-70.898,45.262],[-71.327,45.29],[-71.518,45.008],[-74.709,45.004]]],[[[-72.51,40.986],[-73.574,40.92],[-73.767,40.593],[-73.194,40.654],[-72.51,40.986]]]]},"properties":{"NAME":"United States of America","NAME_JA":"アメリカ合衆国","ISO_A3":"USA","CONTINENT":"North America","SUBREGION":"Northern America","POP_EST":328239523}},
{"type":"Feature","geometry":{"type":"Polygon","coordinates":[[[-37.103,-54.066],[-36.085,-54.867],[-35.799,-54.763],[-36.326,-54.251],[-37.103,-54.066]]]},"properties":{"NAME":"S. Geo. and the Is.","NAME_JA":"サウスジョージア・サウスサンドウィッチ諸島","ISO_A3":"SGS","CONTINENT":"Seven seas (open ocean)","SUBREGION":"Seven seas (open ocean)","POP_EST":30}},
{"type":"Feature","geometry":{"type":"Polygon","coordinates":[[[72.492,-7.377],[72.494,-7.262],[72.446,-7.22],[72.474,-7.31],[72.467,-7.368],[72.492,-7.377]]]},"properties":{"NAME":"Br. Indian Ocean Ter.","NAME_JA":"イギリス領インド洋地域","ISO_A3":"IOT","CONTINENT":"Seven seas (open ocean)","SUBREGION":"Seven seas (open ocean)","POP_EST":3000}},
{"type":"Feature","geometry":{"type":"Polygon","coordinates":[[[-5.692,-15.998],[-5.708,-15.906],[-5.775,-15.957],[-5.692,-15.998]]]},"properties":{"NAME":"Saint Helena","NAME_JA":"セントヘレナ","ISO_A3":"SHN","CONTINENT":"Seven seas (open ocean)","SUBREGION":"Western Africa","POP_EST":4534}},
{"type":"Feature","geometry":{"type":"Polygon","coordinates":[[[-128.29,-24.397],[-128.304,-24.334],[-128.35,-24.34],[-128.321,-24.4],[-128.29,-24.397]]]},"properties":{"NAME":"Pitcairn Is.","NAME_JA":"ピトケアン諸島","ISO_A3":"PCN","CONTINENT":"Oceania","SUBREGION":"Polynesia","POP_EST":54}},
{"type":"Feature","geometry":{"type":"Polygon","coordinates":[[[-63.001,18.222],[-63.026,18.27],[-63.153,18.2],[-63.001,18.222]]]},"properties":{"NAME":"Anguilla","NAME_JA":"アンギラ","ISO_A3":"AIA","CONTINENT":"North America","SUBREGION":"Caribbean","POP_EST":14731}},
{"type":"Feature","geometry":{"type":"MultiPolygon","coordinates":[[[[-58.85,-51.27],[-59.06,-51.685],[-59.571,-51.925],[-59.068,-52.173],[-58.683,-51.936],[-57.838,-51.709],[-57.977,-51.384],[-58.474,-51.509],[-58.85,-51.27]]],[[[-60.286,-51.462],[-60.238,-51.772],[-60.961,-52.057],[-60.686,-52.188],[-59.921,-51.97],[-59.268,-51.428],[-60.286,-51.462]]]]},"properties":{"NAME":"Falkland Is.","NAME_JA":"フォークランド諸島","ISO_A3":"FLK","CONTINENT":"South America","SUBREGION":"South America","POP_EST":3398}},
{"type":"Feature","geometry":{"type":"Polygon","coordinates":[[[-81.37,19.349],[-81.304,19.272],[-81.13,19.347],[-81.285,19.363],[-81.37,19.349]]]},"properties":{"NAME":"Cayman Is.","NAME_JA":"ケイマン諸島","ISO_A3":"CYM","CONTINENT":"North America","SUBREGION":"Caribbean","POP_EST":64948}},
{"type":"Feature","geometry":{"type":"Polygon","coordinates":[[[-64.73,32.293],[-64.695,32.387],[-64.82,32.26],[-64.73,32.293]]]},"properties":{"NAME":"Bermuda","NAME_JA":"バミューダ諸島","ISO_A3":"BMU","CONTINENT":"North America","SUBREGION":"Northern America","POP_EST":63918}},
{"type":"Feature","geometry":{"type":"Polygon","coordinates":[[[-64.395,18.465],[-64.325,18.517],[-64.426,18.513],[-64.395,18.465]]]},"properties":{"NAME":"British Virgin Is.","NAME_JA":"イギリス領ヴァージン諸島","ISO_A3":"VGB","CONTINENT":"North America","SUBREGION":"Caribbean","POP_EST":30030}},
{"type":"Feature","geometry":{"type":"Polygon","coordinates":[[[-71.661,21.765],[-71.668,21.833],[-71.806,21.852],[-71.83,21.791],[-71.661,21.765]]]},"properties":{"NAME":"Turks and Caicos Is.","NAME_JA":"タークス・カイコス諸島","ISO_A3":"TCA","CONTINENT":"North America","SUBREGION":"Caribbean","POP_EST":38191}},
{"type":"Feature","geometry":{"type":"Polygon","coordinates":[[[-62.148,16.74],[-62.223,16.752],[-62.222,16.7],[-62.154,16.681],[-62.148,16.74]]]},"properties":{"NAME":"Montserrat","NAME_JA":"モントセラト","ISO_A3":"MSR","CONTINENT":"North America","SUBREGION":"Caribbean","POP_EST":4649}},
{"type":"Feature","geometry":{"type":"Polygon","coordinates":[[[-2.019,49.231],[-2.221,49.266],[-2.236,49.176],[-2.019,49.231]]]},"properties":{"NAME":"Jersey","NAME_JA":"ジャージー","ISO_A3":"JEY","CONTINENT":"Europe","SUBREGION":"Northern Europe","POP_EST":107800}},
{"type":"Feature","geometry":{"type":"Polygon","coordinates":[[[-2.512,49.495],[-2.646,49.468],[-2.547,49.429],[-2.512,49.495]]]},"properties":{"NAME":"Guernsey","NAME_JA":"ガーンジー","ISO_A3":"GGY","CONTINENT":"Europe","SUBREGION":"Northern Europe","POP_EST":62792}},
{"type":"Feature","geometry":{"type":"Polygon","coordinates":[[[-4.412,54.185],[-4.509,54.377],[-4.746,54.119],[-4.412,54.185]]]},"properties":{"NAME":"Isle of Man","NAME_JA":"マン島","ISO_A3":"IMN","CONTINENT":"Europe","SUBREGION":"Northern Europe","POP_EST":84584}},
{"type":"Feature","geometry":{"type":"MultiPolygon","coordinates":[[[[-2.668,51.623],[-3.136,51.205],[-4.188,51.189],[-4.583,50.776],[-5.342,50.246],[-4.173,50.391],[-3.793,50.229],[-3.405,50.632],[-2.999,50.717],[-2.548,50.616],[-1.517,50.747],[0.205,50.763],[0.96,50.926],[1.415,51.363],[0.687,51.387],[0.955,51.808],[1.559,52.087],[1.747,52.469],[1.657,52.754],[1.056,52.959],[0.559,52.967],[-0.206,54.022],[-0.671,54.504],[-1.292,54.774],[-1.655,55.57],[-2.147,55.903],[-3.178,56.08],[-2.653,56.318],[-1.778,57.494],[-2.074,57.702],[-3.403,57.708],[-3.868,57.6],[-3.99,57.959],[-3.212,58.321],[-3.053,58.635],[-4.715,58.51],[-5.338,58.239],[-5.818,57.436],[-5.562,57.233],[-5.937,56.606],[-5.392,56.515],[-5.61,56.055],[-5.246,55.929],[-4.721,55.421],[-5.135,54.858],[-3.958,54.781],[-3.434,54.964],[-3.569,54.468],[-3.166,54.128],[-2.925,53.733],[-3.065,53.427],[-4.111,53.219],[-3.98,52.542],[-4.383,52.197],[-5.088,51.996],[-4.902,51.626],[-4.386,51.741],[-3.293,51.39],[-2.668,51.623]]],[[[-6.218,54.089],[-5.607,54.273],[-5.47,54.5],[-6.129,55.217],[-7.219,55.092],[-8.118,54.414],[-7.355,54.121],[-6.936,54.374],[-6.65,54.059],[-6.218,54.089]]]]},"properties":{"NAME":"United Kingdom","NAME_JA":"イギリス","ISO_A3":"GBR","CONTINENT":"Europe","SUBREGION":"Northern Europe","POP_EST":66834405}},
{"type":"Feature","geometry":{"type":"Polygon","coordinates":[[[56.298,25.651],[56.08,26.063],[55.941,25.794],[55.523,25.498],[55.098,25.042],[54.747,24.81],[54.397,24.278],[53.893,24.077],[52.648,24.155],[52.251,23.995],[51.906,23.985],[51.568,24.286],[51.593,24.079],[52.555,22.933],[55.104,22.621],[55.186,22.704],[55.2,23.035],[55.761,24.243],[55.796,24.868],[56.064,24.739],[56.388,24.979],[56.298,25.651]]]},"properties":{"NAME":"United Arab Emirates","NAME_JA":"アラブ首長国連邦","ISO_A3":"ARE","CONTINENT":"Asia","SUBREGION":"Western Asia","POP_EST":9770529}},
{"type":"Feature","geometry":{"type":"Polygon","coordinates":[[[38.214,47.091],[38.287,47.559],[38.9,47.855],[39.736,47.845],[39.961,48.238],[39.687,49.008],[40.07,49.2],[39.781,49.572],[39.175,49.856],[38.918,49.825],[38.259,50.052],[38.047,49.92],[37.423,50.411],[36.619,50.209],[35.412,50.54],[35.312,51.044],[34.281,51.312],[34.121,51.679],[34.398,51.78],[33.735,52.345],[32.508,52.309],[32.283,52.114],[31.763,52.101],[30.981,52.046],[30.533,51.596],[29.346,51.383],[29.136,51.617],[28.599,51.543],[27.27,51.614],[27.142,51.752],[25.925,51.914],[24.362,51.868],[23.605,51.518],[24.106,50.845],[23.973,50.41],[23.712,50.377],[22.649,49.539],[22.539,49.073],[22.132,48.405],[22.877,47.947],[23.203,48.085],[24.178,47.906],[24.579,47.931],[24.893,47.718],[25.464,47.911],[26.163,47.993],[26.619,48.26],[26.847,48.387],[27.549,48.478],[28.327,48.161],[28.774,48.12],[29.195,47.882],[29.16,47.456],[29.549,47.247],[29.572,46.964],[29.878,46.829],[29.838,46.351],[29.146,46.527],[28.927,46.424],[28.948,46.05],[28.213,45.45],[28.761,45.234],[29.224,45.403],[29.706,45.26],[29.602,45.683],[30.219,45.867],[30.512,46.105],[30.796,46.552],[31.974,46.709],[32.036,46.261],[32.477,46.084],[33.202,46.176],[33.594,46.096],[33.66,46.22],[34.687,45.977],[35.002,45.733],[34.85,46.19],[35.827,46.624],[36.279,46.659],[37.34,46.917],[37.543,47.075],[38.214,47.091]]]},"properties":{"NAME":"Ukraine","NAME_JA":"ウクライナ","ISO_A3":"UKR","CONTINENT":"Europe","SUBREGION":"Eastern Europe","POP_EST":44385155}},
{"type":"Feature","geometry":{"type":"Polygon","coordinates":[[[33.903,-1.002],[33.943,0.174],[34.161,0.605],[34.482,1.042],[34.788,1.231],[34.965,1.643],[34.964,2.062],[34.742,2.818],[34.448,3.163],[34.393,3.692],[34.165,3.813],[33.976,4.22],[33.489,3.755],[32.838,3.798],[32.336,3.706],[32.099,3.529],[31.798,3.803],[31.48,3.68],[31.152,3.786],[30.839,3.491],[30.754,3.042],[30.847,2.847],[30.729,2.455],[31.176,2.27],[31.253,2.045],[30.943,1.683],[30.183,0.973],[29.943,0.819],[29.934,0.499],[29.718,0.098],[29.562,-0.977],[29.577,-1.388],[30.102,-1.369],[30.51,-1.067],[30.845,-1.002],[32.016,-1.002],[33.903,-1.002]]]},"properties":{"NAME":"Uganda","NAME_JA":"ウガンダ","ISO_A3":"UGA","CONTINENT":"Africa","SUBREGION":"Eastern Africa","POP_EST":44269594}},
{"type":"Feature","geometry":{"type":"Polygon","coordinates":[[[55.977,41.322],[55.545,41.263],[55.25,41.458],[54.904,41.919],[54.121,42.335],[53.25,42.206],[52.494,41.78],[52.83,41.342],[52.97,41.976],[53.164,42.094],[53.846,42.091],[54.095,41.519],[54.592,41.194],[54.71,40.891],[53.87,40.649],[53.615,40.819],[53.145,40.825],[52.734,40.399],[52.988,39.988],[53.404,39.96],[53.472,39.669],[53.125,39.432],[53.618,39.216],[53.869,38.949],[53.824,37.928],[53.914,37.344],[54.745,37.502],[55.076,37.902],[55.578,38.1],[56.229,38.073],[56.441,38.249],[57.194,38.216],[57.424,37.948],[58.436,37.639],[58.815,37.683],[59.241,37.521],[59.562,37.179],[60.063,36.963],[60.341,36.638],[61.12,36.643],[61.262,35.62],[61.543,35.458],[61.984,35.444],[62.253,35.25],[62.611,35.233],[63.057,35.446],[63.109,35.819],[63.863,36.012],[64.511,36.341],[64.816,37.132],[65.555,37.251],[65.765,37.569],[66.522,37.348],[66.629,37.932],[65.857,38.269],[65.613,38.239],[64.163,38.954],[62.651,39.858],[62.095,40.683],[61.954,41.031],[61.497,41.276],[61.329,41.195],[60.455,41.222],[60.09,41.399],[60.107,41.907],[59.858,42.295],[59.451,42.3],[58.589,42.778],[58.26,42.688],[57.814,42.19],[57.382,42.156],[56.964,41.857],[57.018,41.263],[55.977,41.322]]]},"properties":{"NAME":"Turkmenistan","NAME_JA":"トルクメニスタン","ISO_A3":"TKM","CONTINENT":"Asia","SUBREGION":"Central Asia","POP_EST":5942089}},
{"type":"Feature","geometry":{"type":"MultiPolygon","coordinates":[[[[41.51,41.517],[40.959,41.212],[40.265,40.961],[39.426,41.106],[38.381,40.925],[37.066,41.184],[36.778,41.363],[36.51,41.263],[36.179,41.427],[36.052,41.683],[35.298,41.729],[35.006,42.063],[34.75,41.957],[33.381,42.018],[32.306,41.73],[31.458,41.32],[31.255,41.108],[30.81,41.085],[30.345,41.197],[29.919,41.151],[29.322,41.228],[29.046,41.008],[29.365,40.809],[28.788,40.534],[28.289,40.403],[27.476,40.32],[27.285,40.456],[26.738,40.4],[26.181,39.99],[26.113,39.467],[26.827,39.563],[26.682,39.292],[27.014,38.887],[26.764,38.71],[26.861,38.373],[26.683,38.198],[27.232,37.979],[27.078,37.688],[27.219,37.389],[27.52,37.249],[27.349,37.02],[28.134,37.029],[28.484,36.804],[29.038,36.693],[29.143,36.397],[29.689,36.157],[30.484,36.31],[30.644,36.866],[31.353,36.801],[32.022,36.535],[32.378,36.184],[32.795,36.036],[33.695,36.182],[34.023,36.341],[34.601,36.784],[35.537,36.597],[36.049,36.911],[36.188,36.659],[35.811,36.31],[35.893,35.917],[36.127,35.831],[36.538,36.457],[36.659,36.803],[37.436,36.643],[38.192,36.902],[38.767,36.693],[39.357,36.682],[40.016,36.826],[40.706,37.098],[41.516,37.089],[42.269,37.277],[42.359,37.109],[42.775,37.372],[43.516,37.245],[44.208,37.203],[44.282,36.978],[44.765,37.142],[44.561,37.745],[44.211,37.908],[44.431,38.357],[44.023,39.377],[44.389,39.422],[44.817,39.65],[44.768,39.704],[44.289,40.04],[43.792,40.07],[43.569,40.482],[43.723,40.72],[43.439,41.107],[42.788,41.564],[42.466,41.44],[41.51,41.517]]],[[[28.014,41.969],[27.535,41.921],[27.295,42.08],[26.615,41.965],[26.321,41.717],[26.625,41.402],[26.331,41.239],[26.331,40.954],[26.039,40.727],[26.105,40.611],[27.258,40.687],[27.499,40.973],[28.172,41.081],[28.78,40.974],[29.057,41.23],[28.346,41.466],[28.014,41.969]]]]},"properties":{"NAME":"Turkey","NAME_JA":"トルコ","ISO_A3":"TUR","CONTINENT":"Asia","SUBREGION":"Western Asia","POP_EST":83429615}},
{"type":"Feature","geometry":{"type":"Polygon","coordinates":[[[11.505,33.182],[11.203,33.249],[11.085,33.563],[10.723,33.514],[10.159,33.85],[10.049,34.056],[10.2,34.346],[10.535,34.545],[11.12,35.24],[11.004,35.634],[10.591,35.887],[10.526,36.323],[11.127,36.874],[11.054,37.073],[10.571,36.879],[10.196,37.206],[9.688,37.34],[9.142,37.195],[8.577,36.937],[8.231,36.545],[8.349,36.368],[8.246,35.871],[8.394,35.204],[8.246,34.734],[7.514,34.081],[7.5,33.832],[7.763,33.233],[8.211,32.927],[8.333,32.544],[9.044,32.072],[9.519,30.229],[9.895,30.387],[10.216,30.783],[10.115,31.464],[10.826,32.081],[11.505,32.414],[11.505,33.182]]]},"properties":{"NAME":"Tunisia","NAME_JA":"チュニジア","ISO_A3":"TUN","CONTINENT":"Africa","SUBREGION":"Northern Africa","POP_EST":11694719}},
{"type":"Feature","geometry":{"type":"Polygon","coordinates":[[[-61.012,10.134],[-61.034,10.67],[-61.465,10.539],[-61.597,10.065],[-61.012,10.134]]]},"properties":{"NAME":"Trinidad and Tobago","NAME_JA":"トリニダード・トバゴ","ISO_A3":"TTO","CONTINENT":"North America","SUBREGION":"Caribbean","POP_EST":1394973}},
{"type":"Feature","geometry":{"type":"Polygon","coordinates":[[[-175.162,-21.169],[-175.225,-21.119],[-175.335,-21.158],[-175.157,-21.264],[-175.162,-21.169]]]},"properties":{"NAME":"Tonga","NAME_JA":"トンガ","ISO_A3":"TON","CONTINENT":"Oceania","SUBREGION":"Polynesia","POP_EST":104494}},
{"type":"Feature","geometry":{"type":"Polygon","coordinates":[[[0.9,10.993],[0.484,10.992],[-0.069,11.116],[-0.058,10.631],[0.363,10.236],[0.262,9.496],[0.529,9.358],[0.415,8.653],[0.688,8.304],[0.584,8.146],[0.635,7.354],[0.526,6.851],[0.737,6.453],[1.187,6.089],[1.623,6.217],[1.778,6.295],[1.578,6.687],[1.625,6.997],[1.6,9.05],[1.424,9.285],[1.33,9.997],[0.78,10.36],[0.9,10.993]]]},"properties":{"NAME":"Togo","NAME_JA":"トーゴ","ISO_A3":"TGO","CONTINENT":"Africa","SUBREGION":"Western Africa","POP_EST":8082366}},
{"type":"Feature","geometry":{"type":"MultiPolygon","coordinates":[[[[125.068,-9.512],[125.408,-9.276],[126.383,-8.958],[126.915,-8.715],[127.296,-8.425],[126.966,-8.316],[126.62,-8.459],[125.804,-8.492],[125.178,-8.648],[124.922,-8.942],[125.068,-9.512]]],[[[124.036,-9.342],[124.282,-9.428],[124.444,-9.19],[124.036,-9.342]]]]},"properties":{"NAME":"Timor-Leste","NAME_JA":"東ティモール","ISO_A3":"TLS","CONTINENT":"Asia","SUBREGION":"South-Eastern Asia","POP_EST":1293119}},
{"type":"Feature","geometry":{"type":"Polygon","coordinates":[[[100.122,20.317],[99.89,20.424],[99.338,20.079],[99.021,20.042],[98.917,19.773],[98.239,19.691],[97.817,19.46],[97.706,18.932],[97.754,18.621],[97.485,18.494],[97.72,18.037],[97.793,17.681],[98.439,16.976],[98.689,16.305],[98.592,16.051],[98.565,15.404],[98.191,15.204],[98.246,14.815],[98.57,14.36],[98.934,14.05],[99.137,13.717],[99.22,12.74],[99.405,12.548],[99.615,11.781],[99.19,11.105],[98.757,10.661],[98.703,10.19],[98.371,9.291],[98.238,8.423],[98.579,8.344],[99.051,7.888],[99.72,7.106],[99.696,6.877],[100.119,6.442],[100.345,6.55],[100.794,6.426],[101.054,6.243],[101.076,5.956],[101.257,5.789],[101.556,5.908],[101.874,5.825],[102.101,6.242],[101.799,6.475],[101.498,6.865],[101.018,6.861],[100.586,7.176],[100.454,7.442],[100.279,8.269],[99.961,8.671],[99.905,9.113],[99.724,9.314],[99.394,9.214],[99.161,9.734],[99.165,10.32],[99.487,10.89],[99.627,11.463],[99.989,12.171],[99.964,12.69],[100.09,13.046],[100.017,13.353],[100.236,13.484],[100.656,13.521],[100.963,13.432],[100.863,12.715],[101.445,12.619],[101.724,12.689],[102.034,12.532],[102.54,12.109],[102.763,12.012],[102.934,11.707],[102.737,12.09],[102.756,12.426],[102.5,12.67],[102.32,13.54],[102.729,13.842],[102.909,14.137],[103.199,14.333],[104.779,14.428],[105.183,14.346],[105.476,14.53],[105.513,15.361],[105.622,15.7],[105.406,15.987],[105.047,16.16],[104.751,16.648],[104.816,17.3],[104.428,17.699],[103.95,18.319],[103.367,18.423],[103.051,18.029],[102.718,17.892],[102.101,18.211],[101.105,17.48],[100.908,17.584],[101.113,18.034],[101.051,18.407],[101.286,18.977],[101.155,19.579],[100.625,19.5],[100.398,19.756],[100.543,20.089],[100.318,20.386],[100.122,20.317]]]},"properties":{"NAME":"Thailand","NAME_JA":"タイ王国","ISO_A3":"THA","CONTINENT":"Asia","SUBREGION":"South-Eastern Asia","POP_EST":69625582}},
{"type":"Feature","geometry":{"type":"Polygon","coordinates":[[[32.92,-9.407],[34.321,-9.732],[34.524,-10.03],[34.662,-10.71],[34.598,-11.037],[34.959,-11.578],[35.631,-11.582],[35.785,-11.453],[36.191,-11.671],[36.519,-11.716],[36.979,-11.567],[37.542,-11.675],[37.92,-11.295],[38.492,-11.413],[38.795,-11.229],[39.322,-11.123],[39.989,-10.821],[40.464,-10.464],[39.784,-9.915],[39.304,-8.444],[39.441,-8.012],[39.288,-7.518],[39.519,-7.124],[39.472,-6.879],[38.874,-6.331],[38.819,-5.878],[38.978,-5.519],[39.222,-4.692],[37.797,-3.674],[37.609,-3.46],[37.644,-3.045],[35.837,-2.037],[33.979,-1.002],[33.903,-1.002],[32.016,-1.002],[30.845,-1.002],[30.51,-1.067],[30.813,-1.563],[30.829,-2.338],[30.554,-2.4],[30.424,-2.642],[30.515,-2.918],[30.78,-2.985],[30.79,-3.275],[30.425,-3.589],[30.147,-4.085],[29.718,-4.456],[29.403,-4.449],[29.343,-4.983],[29.594,-5.651],[29.48,-6.025],[29.71,-6.617],[30.106,-6.915],[30.313,-7.204],[30.751,-8.194],[31.076,-8.612],[31.351,-8.607],[31.943,-9.054],[32.433,-9.156],[32.92,-9.407]]]},"properties":{"NAME":"Tanzania","NAME_JA":"タンザニア","ISO_A3":"TZA","CONTINENT":"Africa","SUBREGION":"Eastern Africa","POP_EST":58005463}},
{"type":"Feature","geometry":{"type":"Polygon","coordinates":[[[67.759,37.172],[68.068,36.95],[68.96,37.325],[69.265,37.108],[69.492,37.553],[70.251,37.664],[70.215,37.924],[70.616,38.334],[70.879,38.456],[71.256,38.307],[71.279,37.918],[71.552,37.933],[71.433,37.128],[71.597,36.733],[71.802,36.694],[72.359,36.983],[72.657,37.029],[72.896,37.268],[73.481,37.472],[73.75,37.232],[74.26,37.415],[74.659,37.394],[74.891,37.232],[74.894,37.601],[74.745,38.51],[74.277,38.66],[73.802,38.607],[73.796,39.002],[73.632,39.449],[73.235,39.375],[72.043,39.352],[71.404,39.598],[70.733,39.413],[70.608,39.564],[69.599,39.574],[69.229,39.761],[69.53,40.097],[69.967,40.202],[70.451,40.049],[70.958,40.239],[70.653,40.201],[70.383,40.454],[70.751,40.74],[70.442,41.023],[69.713,40.657],[69.414,40.797],[69.206,40.567],[69.228,40.188],[68.653,40.183],[68.463,39.537],[67.719,39.621],[67.35,39.242],[67.677,39.008],[68.104,38.962],[68.048,38.669],[68.294,38.033],[67.814,37.487],[67.759,37.172]]]},"properties":{"NAME":"Tajikistan","NAME_JA":"タジキスタン","ISO_A3":"TJK","CONTINENT":"Asia","SUBREGION":"Central Asia","POP_EST":9321018}},
{"type":"Feature","geometry":{"type":"Polygon","coordinates":[[[121.009,22.62],[121.296,22.967],[121.477,23.424],[121.639,24.13],[121.929,24.974],[121.594,25.275],[121.041,25.033],[120.63,24.479],[120.159,23.709],[120.072,23.15],[120.326,22.542],[120.581,22.356],[120.69,22.033],[121.009,22.62]]]},"properties":{"NAME":"Taiwan","NAME_JA":"中華民国","ISO_A3":"TWN","CONTINENT":"Asia","SUBREGION":"Eastern Asia","POP_EST":23568378}},
{"type":"Feature","geometry":{"type":"Polygon","coordinates":[[[35.893,35.917],[35.764,35.572],[35.943,35.224],[35.976,34.629],[36.433,34.613],[36.585,34.221],[35.942,33.668],[35.869,33.432],[35.816,33.362],[35.888,32.944],[35.787,32.735],[36.372,32.387],[36.818,32.317],[38.774,33.372],[40.689,34.332],[40.987,34.429],[41.195,34.769],[41.216,35.288],[41.354,35.64],[41.246,36.073],[41.417,36.515],[41.789,36.597],[42.359,37.109],[42.269,37.277],[41.516,37.089],[40.706,37.098],[40.016,36.826],[39.357,36.682],[38.767,36.693],[38.192,36.902],[37.436,36.643],[36.659,36.803],[36.538,36.457],[36.127,35.831],[35.893,35.917]]]},"properties":{"NAME":"Syria","NAME_JA":"シリア","ISO_A3":"SYR","CONTINENT":"Asia","SUBREGION":"Western Asia","POP_EST":17070135}},
{"type":"Feature","geometry":{"type":"Polygon","coordinates":[[[9.524,47.524],[8.618,47.766],[8.198,47.607],[7.616,47.593],[7.001,47.323],[6.06,46.428],[6.758,46.416],[7.021,45.926],[7.993,46.016],[8.082,46.256],[8.458,46.246],[8.954,45.83],[9.251,46.287],[9.939,46.362],[10.453,46.865],[9.997,46.885],[9.58,47.057],[9.488,47.062],[9.528,47.271],[9.524,47.524]]]},"properties":{"NAME":"Switzerland","NAME_JA":"スイス","ISO_A3":"CHE","CONTINENT":"Europe","SUBREGION":"Western Europe","POP_EST":8574832}},
{"type":"Feature","geometry":{"type":"MultiPolygon","coordinates":[[[[19.076,57.836],[18.537,57.831],[18.137,57.557],[18.285,57.083],[18.7,57.243],[18.814,57.706],[19.076,57.836]]],[[[11.388,59.037],[11.147,58.989],[11.449,58.118],[12.421,56.906],[12.884,56.618],[12.593,56.138],[12.978,55.694],[12.886,55.411],[13.321,55.346],[14.342,55.528],[14.215,55.833],[14.782,56.162],[15.997,56.223],[16.528,57.068],[16.555,57.812],[16.77,58.214],[16.652,58.434],[17.457,58.858],[18.285,59.109],[18.971,59.757],[18.558,60.254],[17.956,60.59],[17.251,60.701],[17.131,61.576],[17.417,61.741],[17.896,62.831],[18.463,62.896],[19.034,63.238],[20.763,63.868],[21.465,64.38],[21.138,64.809],[21.574,65.126],[21.566,65.408],[23.102,65.735],[24.155,65.805],[23.701,66.481],[23.989,66.811],[23.468,67.45],[23.639,67.954],[22.782,68.391],[21.997,68.521],[20.622,69.037],[19.97,68.356],[18.379,68.562],[17.917,67.965],[17.325,68.104],[16.127,67.426],[16.404,67.055],[15.423,66.49],[15.484,66.306],[14.543,66.129],[14.48,65.301],[13.65,64.582],[14.078,64.464],[13.961,64.014],[13.3,64.075],[12.663,63.94],[12,63.292],[12.218,63.001],[12.115,62.592],[12.304,62.286],[12.155,61.721],[12.881,61.352],[12.294,61.003],[12.589,60.451],[12.486,60.107],[11.681,59.592],[11.798,59.29],[11.388,59.037]]]]},"properties":{"NAME":"Sweden","NAME_JA":"スウェーデン","ISO_A3":"SWE","CONTINENT":"Europe","SUBREGION":"Northern Europe","POP_EST":10285453}},
{"type":"Feature","geometry":{"type":"Polygon","coordinates":[[[31.948,-25.958],[31.415,-25.747],[31.207,-25.843],[30.803,-26.413],[30.794,-26.764],[31.063,-27.112],[31.47,-27.296],[31.958,-27.306],[32.113,-26.839],[31.948,-25.958]]]},"properties":{"NAME":"eSwatini","NAME_JA":"エスワティニ","ISO_A3":"SWZ","CONTINENT":"Africa","SUBREGION":"Southern Africa","POP_EST":1148130}},
{"type":"Feature","geometry":{"type":"Polygon","coordinates":[[[-54.156,5.359],[-54.054,5.808],[-54.834,5.988],[-55.828,5.962],[-55.94,5.795],[-56.97,5.993],[-57.195,5.548],[-57.331,5.02],[-57.711,4.991],[-58.054,4.172],[-57.833,3.676],[-57.55,3.353],[-57.304,3.377],[-57.21,2.883],[-56.704,2.036],[-56.483,1.942],[-56.02,1.842],[-55.915,2.04],[-56.129,2.3],[-55.936,2.517],[-55.731,2.406],[-55.006,2.593],[-54.616,2.327],[-54.402,2.462],[-54.196,2.818],[-54.203,3.138],[-53.99,3.59],[-54.351,4.054],[-54.45,4.485],[-54.452,5.013],[-54.156,5.359]]]},"properties":{"NAME":"Suriname","NAME_JA":"スリナム","ISO_A3":"SUR","CONTINENT":"South America","SUBREGION":"South America","POP_EST":581363}},
{"type":"Feature","geometry":{"type":"Polygon","coordinates":[[[33.976,4.22],[35.268,5.492],[35.082,5.673],[34.711,6.66],[34.064,7.226],[33.666,7.671],[33.226,7.761],[33.013,7.952],[33.234,8.396],[33.953,8.444],[34.095,8.582],[34.078,9.462],[33.892,10.199],[33.172,10.85],[33.073,11.592],[33.199,12.217],[32.722,12.223],[32.737,12.01],[32.072,12.007],[32.335,11.716],[32.404,11.058],[31.933,10.663],[31.655,10.221],[31.225,9.799],[30.739,9.743],[30.003,10.277],[29.605,10.065],[29.473,9.769],[29,9.61],[28.845,9.326],[28.049,9.329],[27.886,9.6],[27.074,9.614],[26.551,9.526],[25.892,10.203],[25.798,10.421],[25.067,10.294],[24.785,9.775],[24.532,8.887],[24.147,8.666],[24.291,8.291],[24.853,8.138],[25.247,7.725],[25.381,7.333],[25.889,7.065],[26.362,6.635],[26.309,6.455],[26.514,6.069],[27.083,5.777],[27.403,5.109],[27.788,4.645],[28.192,4.35],[28.428,4.324],[28.727,4.505],[29.151,4.388],[29.47,4.612],[29.677,4.587],[30.195,3.982],[30.508,3.836],[30.839,3.491],[31.152,3.786],[31.48,3.68],[31.798,3.803],[32.099,3.529],[32.336,3.706],[32.838,3.798],[33.489,3.755],[33.976,4.22]]]},"properties":{"NAME":"S. Sudan","NAME_JA":"南スーダン","ISO_A3":"SSD","CONTINENT":"Africa","SUBREGION":"Eastern Africa","POP_EST":11062113}},
{"type":"Feature","geometry":{"type":"Polygon","coordinates":[[[34.078,9.462],[34.292,10.125],[34.276,10.528],[34.572,10.88],[34.931,10.865],[34.961,11.277],[35.112,11.817],[35.596,12.537],[36.108,12.726],[36.212,13.271],[36.391,13.626],[36.524,14.257],[36.427,15.132],[36.522,15.25],[36.914,16.296],[36.888,16.625],[37.009,17.059],[37.411,17.062],[37.782,17.458],[38.254,17.585],[38.609,18.005],[38.202,18.249],[37.922,18.556],[37.471,18.82],[37.248,19.582],[37.228,20.557],[37.151,21.104],[36.927,21.587],[36.871,21.997],[34.575,21.996],[32.606,21.996],[31.434,21.996],[29.565,21.995],[28.036,21.995],[26.126,21.996],[24.98,21.996],[24.979,20.003],[23.98,19.996],[23.98,19.497],[23.982,17.266],[23.983,15.78],[23.105,15.703],[22.934,15.533],[22.932,15.162],[22.671,14.722],[22.382,14.55],[22.51,14.127],[22.108,13.73],[22.228,13.33],[21.825,12.791],[22.352,12.66],[22.556,11.67],[22.923,11.345],[22.86,10.92],[23.312,10.388],[23.646,9.823],[23.623,9.341],[23.468,9.115],[23.537,8.816],[24.147,8.666],[24.532,8.887],[24.785,9.775],[25.067,10.294],[25.798,10.421],[25.892,10.203],[26.551,9.526],[27.074,9.614],[27.886,9.6],[28.049,9.329],[28.845,9.326],[29,9.61],[29.473,9.769],[29.605,10.065],[30.003,10.277],[30.739,9.743],[31.225,9.799],[31.655,10.221],[31.933,10.663],[32.404,11.058],[32.335,11.716],[32.072,12.007],[32.737,12.01],[32.722,12.223],[33.199,12.217],[33.073,11.592],[33.172,10.85],[33.892,10.199],[34.078,9.462]]]},"properties":{"NAME":"Sudan","NAME_JA":"スーダン","ISO_A3":"SDN","CONTINENT":"Africa","SUBREGION":"Northern Africa","POP_EST":42813238}},
{"type":"Feature","geometry":{"type":"Polygon","coordinates":[[[79.982,9.813],[80.118,9.327],[79.929,8.899],[79.792,7.585],[79.859,6.829],[80.095,6.153],[80.267,6.01],[80.724,5.979],[81.38,6.241],[81.637,6.425],[81.861,6.901],[81.874,7.288],[81.436,8.119],[81.373,8.431],[80.711,9.366],[80.253,9.796],[79.982,9.813]]]},"properties":{"NAME":"Sri Lanka","NAME_JA":"スリランカ","ISO_A3":"LKA","CONTINENT":"Asia","SUBREGION":"Southern Asia","POP_EST":21803000}},
{"type":"Feature","geometry":{"type":"MultiPolygon","coordinates":[[[[3.145,39.79],[2.785,39.855],[2.371,39.613],[3.073,39.301],[3.462,39.698],[3.145,39.79]]],[[[-1.794,43.407],[-2.337,43.328],[-3.046,43.372],[-3.605,43.519],[-4.523,43.416],[-5.666,43.582],[-7.262,43.595],[-7.698,43.765],[-8.257,43.58],[-8.537,43.337],[-8.874,43.334],[-9.235,42.977],[-8.691,42.274],[-8.777,41.941],[-8.213,42.134],[-7.921,41.884],[-7.404,41.834],[-6.618,41.942],[-6.542,41.673],[-6.212,41.532],[-6.928,41.009],[-6.81,40.343],[-7.037,39.714],[-7.445,39.536],[-7.046,38.907],[-7.343,38.457],[-7.185,38.006],[-7.504,37.585],[-7.406,37.179],[-6.885,37.194],[-6.492,36.955],[-6.041,36.188],[-5.625,36.026],[-5.171,36.424],[-4.674,36.506],[-4.367,36.718],[-3.259,36.756],[-2.788,36.715],[-2.112,36.777],[-1.798,37.233],[-1.328,37.561],[-0.822,37.581],[-0.647,38.152],[-0.381,38.436],[0.202,38.759],[-0.205,39.063],[-0.327,39.52],[0.364,40.319],[0.715,40.823],[1.033,41.062],[2.083,41.287],[3.248,41.944],[3.211,42.431],[2.033,42.354],[1.706,42.503],[1.486,42.434],[1.428,42.596],[0.697,42.845],[0.632,42.69],[-0.041,42.689],[-0.299,42.825],[-1.285,43.06],[-1.794,43.407]]],[[[-16.334,28.38],[-16.905,28.34],[-16.658,28.007],[-16.334,28.38]]],[[[-14.197,28.169],[-13.928,28.253],[-13.828,28.585],[-14.003,28.707],[-14.197,28.169]]],[[[-15.401,28.147],[-15.683,28.154],[-15.71,27.784],[-15.389,27.875],[-15.401,28.147]]]]},"properties":{"NAME":"Spain","NAME_JA":"スペイン","ISO_A3":"ESP","CONTINENT":"Europe","SUBREGION":"Southern Europe","POP_EST":47076781}},
{"type":"Feature","geometry":{"type":"MultiPolygon","coordinates":[[[[126.634,37.782],[126.746,37.194],[126.217,36.871],[126.548,36.478],[126.54,36.166],[126.717,35.769],[126.291,35.154],[126.508,34.351],[127.39,34.743],[127.715,34.955],[128.444,34.87],[128.511,35.101],[129.214,35.182],[129.562,35.948],[129.404,36.052],[129.473,36.742],[129.335,37.275],[128.619,38.176],[128.375,38.623],[128.039,38.309],[127.17,38.305],[126.634,37.782]]],[[[126.327,33.224],[126.873,33.341],[126.696,33.549],[126.338,33.46],[126.327,33.224]]]]},"properties":{"NAME":"South Korea","NAME_JA":"大韓民国","ISO_A3":"KOR","CONTINENT":"Asia","SUBREGION":"Eastern Asia","POP_EST":51709098}},
{"type":"Feature","geometry":{"type":"Polygon","coordinates":[[[29.365,-22.194],[29.13,-22.213],[28.84,-22.481],[28.21,-22.694],[27.891,-23.074],[27.146,-23.524],[26.987,-23.705],[26.835,-24.241],[26.397,-24.614],[25.912,-24.747],[25.584,-25.606],[25.444,-25.714],[24.748,-25.817],[23.894,-25.601],[23.266,-25.267],[22.879,-25.458],[22.64,-26.071],[22.091,-26.58],[21.646,-26.854],[20.74,-26.849],[20.627,-26.444],[20.815,-26.165],[20.793,-25.916],[20.345,-25.03],[19.98,-24.777],[19.98,-26.531],[19.98,-28.451],[19.671,-28.504],[19.026,-28.928],[18.311,-28.886],[17.448,-28.698],[17.386,-28.353],[17.056,-28.031],[16.756,-28.452],[16.448,-28.618],[16.95,-29.403],[17.189,-30.1],[17.677,-31.019],[18.211,-31.742],[18.311,-32.122],[18.251,-32.652],[17.878,-32.962],[18.433,-33.717],[18.354,-33.939],[18.809,-34.108],[19.635,-34.753],[20.021,-34.786],[20.53,-34.463],[21.06,-34.365],[21.789,-34.373],[22.246,-34.069],[22.554,-34.01],[23.268,-34.081],[23.586,-33.985],[24.827,-34.169],[25.003,-33.974],[25.638,-34.011],[25.99,-33.711],[26.429,-33.76],[27.077,-33.521],[27.861,-33.054],[28.856,-32.294],[30.289,-30.97],[31.335,-29.378],[31.778,-28.937],[32.286,-28.621],[32.535,-28.2],[32.886,-26.849],[32.113,-26.839],[31.958,-27.306],[31.47,-27.296],[31.063,-27.112],[30.794,-26.764],[30.803,-26.413],[31.207,-25.843],[31.415,-25.747],[31.948,-25.958],[31.986,-24.461],[31.8,-23.892],[31.546,-23.482],[31.288,-22.402],[31.073,-22.308],[30.46,-22.329],[29.663,-22.146],[29.365,-22.194]],[[28.737,-30.102],[28.392,-30.148],[28.018,-30.642],[27.753,-30.6],[27.388,-30.316],[27.052,-29.664],[27.295,-29.519],[27.736,-28.94],[28.626,-28.582],[29.301,-29.09],[29.391,-29.27],[29.098,-29.919],[28.737,-30.102]]]},"properties":{"NAME":"South Africa","NAME_JA":"南アフリカ共和国","ISO_A3":"ZAF","CONTINENT":"Africa","SUBREGION":"Southern Africa","POP_EST":58558270}},
{"type":"Feature","geometry":{"type":"Polygon","coordinates":[[[41.533,-1.695],[41.98,-0.973],[42.561,-0.321],[43.468,0.622],[44.333,1.391],[44.92,1.81],[46.051,2.475],[46.879,3.286],[47.975,4.497],[48.234,4.953],[48.649,5.494],[49.049,6.174],[49.349,6.991],[49.761,7.66],[49.852,7.963],[50.103,8.2],[50.43,8.845],[50.825,9.428],[50.898,10.253],[51.141,10.657],[51.084,11.336],[51.255,11.831],[50.792,11.984],[50.11,11.529],[48.939,11.258],[48.938,9.452],[47.978,7.997],[46.971,7.026],[45.935,5.997],[44.941,4.912],[44.028,4.951],[43.538,4.84],[43.016,4.563],[42.792,4.292],[42.024,4.138],[41.884,3.978],[41.342,3.202],[40.964,2.815],[40.97,1.378],[40.979,-0.87],[41.522,-1.572],[41.533,-1.695]]]},"properties":{"NAME":"Somalia","NAME_JA":"ソマリア","ISO_A3":"SOM","CONTINENT":"Africa","SUBREGION":"Eastern Africa","POP_EST":10192317.3}},
{"type":"Feature","geometry":{"type":"Polygon","coordinates":[[[48.939,11.258],[48.674,11.323],[48.019,11.139],[47.405,11.174],[46.565,10.746],[45.817,10.836],[44.943,10.437],[44.387,10.43],[43.853,10.784],[43.441,11.346],[43.246,11.5],[42.923,10.999],[42.66,10.621],[42.842,10.203],[43.182,9.88],[43.483,9.379],[44.023,8.986],[44.894,8.7],[46.978,7.997],[47.978,7.997],[48.938,9.452],[48.939,11.258]]]},"properties":{"NAME":"Somaliland","NAME_JA":"ソマリランド","ISO_A3":"-99","CONTINENT":"Africa","SUBREGION":"Eastern Africa","POP_EST":5096159}},
{"type":"Feature","geometry":{"type":"MultiPolygon","coordinates":[[[[157.763,-8.242],[157.433,-7.985],[157.351,-8.275],[157.588,-8.445],[157.763,-8.242]]],[[[159.75,-9.273],[159.622,-9.532],[159.854,-9.792],[160.649,-9.929],[160.625,-9.589],[160.355,-9.422],[159.971,-9.433],[159.75,-9.273]]],[[[159.879,-8.534],[159.843,-8.327],[159.431,-8.029],[159.109,-7.904],[158.734,-7.604],[158.597,-7.759],[158.944,-8.041],[159.879,-8.534]]],[[[157.487,-7.33],[157.148,-7.114],[157.03,-6.892],[156.696,-6.911],[157.102,-7.324],[157.487,-7.33]]],[[[160.749,-8.314],[160.59,-8.373],[160.873,-9.157],[161.258,-9.317],[160.998,-8.612],[160.749,-8.314]]],[[[161.715,-10.387],[161.538,-10.566],[162.124,-10.824],[162.105,-10.454],[161.715,-10.387]]]]},"properties":{"NAME":"Solomon Is.","NAME_JA":"ソロモン諸島","ISO_A3":"SLB","CONTINENT":"Oceania","SUBREGION":"Melanesia","POP_EST":669823}},
{"type":"Feature","geometry":{"type":"Polygon","coordinates":[[[22.539,49.073],[21.64,49.412],[20.616,49.392],[19.802,49.192],[19.442,49.598],[19.149,49.4],[18.832,49.511],[18.161,49.257],[17.758,48.888],[17.188,48.861],[16.953,48.599],[16.865,48.387],[17.147,48.006],[17.762,47.77],[18.724,47.787],[18.914,48.051],[19.899,48.131],[20.334,48.296],[20.49,48.527],[21.451,48.552],[21.767,48.338],[22.132,48.405],[22.539,49.073]]]},"properties":{"NAME":"Slovakia","NAME_JA":"スロバキア","ISO_A3":"SVK","CONTINENT":"Europe","SUBREGION":"Eastern Europe","POP_EST":5454073}},
{"type":"Feature","geometry":{"type":"Polygon","coordinates":[[[16.516,46.5],[16.093,46.863],[15.958,46.678],[15.001,46.626],[14.504,46.417],[13.7,46.52],[13.4,46.318],[13.72,45.588],[13.578,45.517],[13.879,45.428],[14.734,45.508],[15.339,45.467],[15.277,45.733],[15.625,45.834],[15.636,46.201],[16.516,46.5]]]},"properties":{"NAME":"Slovenia","NAME_JA":"スロベニア","ISO_A3":"SVN","CONTINENT":"Europe","SUBREGION":"Southern Europe","POP_EST":2087946}},
{"type":"Feature","geometry":{"type":"Polygon","coordinates":[[[103.97,1.331],[103.818,1.447],[103.65,1.326],[103.82,1.265],[103.97,1.331]]]},"properties":{"NAME":"Singapore","NAME_JA":"シンガポール","ISO_A3":"SGP","CONTINENT":"Asia","SUBREGION":"South-Eastern Asia","POP_EST":5703569}},
{"type":"Feature","geometry":{"type":"Polygon","coordinates":[[[-10.283,8.485],[-10.501,8.688],[-10.691,9.314],[-11.206,9.978],[-11.911,9.993],[-12.501,9.862],[-12.756,9.374],[-13.028,9.104],[-13.293,9.049],[-13.228,8.696],[-12.881,7.857],[-12.51,7.666],[-12.486,7.386],[-11.733,7.089],[-11.508,6.907],[-11.268,7.233],[-10.647,7.759],[-10.283,8.485]]]},"properties":{"NAME":"Sierra Leone","NAME_JA":"シエラレオネ","ISO_A3":"SLE","CONTINENT":"Africa","SUBREGION":"Western Africa","POP_EST":7813215}},
{"type":"Feature","geometry":{"type":"Polygon","coordinates":[[[55.54,-4.693],[55.456,-4.559],[55.383,-4.609],[55.54,-4.693]]]},"properties":{"NAME":"Seychelles","NAME_JA":"セーシェル","ISO_A3":"SYC","CONTINENT":"Seven seas (open ocean)","SUBREGION":"Eastern Africa","POP_EST":97625}},
{"type":"Feature","geometry":{"type":"Polygon","coordinates":[[[22.705,44.238],[21.384,44.87],[21.492,45.122],[20.774,45.484],[20.775,45.75],[20.242,46.109],[19.531,46.155],[18.905,45.932],[19.055,45.527],[19.007,44.869],[19.357,44.859],[19.152,44.303],[19.584,44.043],[19.488,43.704],[19.194,43.533],[19.552,43.212],[20.344,42.828],[20.624,43.034],[21.057,43.092],[21.391,42.751],[21.753,42.67],[21.563,42.248],[22.344,42.314],[22.524,42.441],[22.467,42.842],[22.977,43.188],[22.555,43.454],[22.421,44.007],[22.705,44.238]]]},"properties":{"NAME":"Serbia","NAME_JA":"セルビア","ISO_A3":"SRB","CONTINENT":"Europe","SUBREGION":"Southern Europe","POP_EST":6944975}},
{"type":"Feature","geometry":{"type":"Polygon","coordinates":[[[-12.281,14.809],[-12.858,15.243],[-13.258,15.7],[-13.41,16.059],[-13.868,16.148],[-14.3,16.58],[-14.534,16.656],[-15.113,16.645],[-15.621,16.507],[-16.168,16.547],[-16.441,16.205],[-16.535,15.838],[-16.843,15.294],[-17.147,14.922],[-17.168,14.641],[-16.798,14.093],[-16.562,13.587],[-15.51,13.586],[-15.427,13.727],[-14.936,13.785],[-14.405,13.504],[-13.977,13.543],[-13.848,13.335],[-14.247,13.236],[-15.151,13.556],[-15.286,13.396],[-15.814,13.325],[-15.834,13.156],[-16.649,13.154],[-16.763,13.064],[-16.712,12.355],[-15.575,12.49],[-15.196,12.68],[-13.729,12.674],[-13.083,12.634],[-12.797,12.452],[-12.291,12.328],[-11.389,12.404],[-11.39,12.942],[-11.635,13.37],[-12.054,13.633],[-12.019,14.206],[-12.228,14.459],[-12.281,14.809]]]},"properties":{"NAME":"Senegal","NAME_JA":"セネガル","ISO_A3":"SEN","CONTINENT":"Africa","SUBREGION":"Western Africa","POP_EST":16296364}},
{"type":"Feature","geometry":{"type":"Polygon","coordinates":[[[51.978,18.996],[53.667,19.559],[54.977,19.996],[55.641,22.002],[55.186,22.704],[55.104,22.621],[52.555,22.933],[51.593,24.079],[51.568,24.286],[51.31,24.34],[51.268,24.607],[50.966,24.574],[50.804,24.789],[50.558,25.087],[50.032,26.111],[50.214,26.308],[49.986,26.829],[49.405,27.181],[48.906,27.629],[48.442,28.543],[47.671,28.533],[47.433,28.99],[46.531,29.096],[46.356,29.064],[44.691,29.202],[42.858,30.495],[42.074,31.08],[40.369,31.939],[39.145,32.125],[38.962,31.995],[36.959,31.492],[37.98,30.5],[37.634,30.313],[37.469,29.995],[36.755,29.866],[36.476,29.495],[36.015,29.19],[34.951,29.354],[34.78,28.507],[34.616,28.148],[35.18,28.035],[35.581,27.432],[36.25,26.595],[36.763,25.751],[37.149,25.291],[37.181,24.82],[37.543,24.292],[37.92,24.185],[38.464,23.712],[38.941,22.882],[39.096,22.393],[38.988,21.882],[39.147,21.519],[39.094,21.31],[39.614,20.518],[40.081,20.266],[40.759,19.755],[41.116,19.082],[41.229,18.678],[41.75,17.886],[42.294,17.435],[42.383,17.122],[42.699,16.737],[42.799,16.372],[43.165,16.689],[43.191,17.359],[43.418,17.516],[43.917,17.325],[44.156,17.399],[45.148,17.427],[45.407,17.32],[46.31,17.231],[46.682,17.269],[46.976,16.953],[47.442,17.112],[47.58,17.448],[48.172,18.157],[49.042,18.582],[50.355,18.778],[51.978,18.996]]]},"properties":{"NAME":"Saudi Arabia","NAME_JA":"サウジアラビア","ISO_A3":"SAU","CONTINENT":"Asia","SUBREGION":"Western Asia","POP_EST":34268528}},
{"type":"Feature","geometry":{"type":"Polygon","coordinates":[[[6.66,0.121],[6.75,0.243],[6.687,0.404],[6.524,0.34],[6.66,0.121]]]},"properties":{"NAME":"São Tomé and Principe","NAME_JA":"サントメ・プリンシペ","ISO_A3":"STP","CONTINENT":"Africa","SUBREGION":"Middle Africa","POP_EST":215056}},
{"type":"Feature","geometry":{"type":"Polygon","coordinates":[[[12.485,43.901],[12.515,43.953],[12.441,43.982],[12.397,43.935],[12.485,43.901]]]},"properties":{"NAME":"San Marino","NAME_JA":"サンマリノ","ISO_A3":"SMR","CONTINENT":"Europe","SUBREGION":"Southern Europe","POP_EST":33860}},
{"type":"Feature","geometry":{"type":"Polygon","coordinates":[[[-172.333,-13.465],[-172.744,-13.579],[-172.536,-13.792],[-172.225,-13.804],[-172.333,-13.465]]]},"properties":{"NAME":"Samoa","NAME_JA":"サモア","ISO_A3":"WSM","CONTINENT":"Oceania","SUBREGION":"Polynesia","POP_EST":197097}},
{"type":"Feature","geometry":{"type":"Polygon","coordinates":[[[-61.175,13.158],[-61.124,13.294],[-61.182,13.356],[-61.277,13.21],[-61.175,13.158]]]},"properties":{"NAME":"St. Vin. and Gren.","NAME_JA":"セントビンセント・グレナディーン","ISO_A3":"VCT","CONTINENT":"North America","SUBREGION":"Caribbean","POP_EST":110589}},
{"type":"Feature","geometry":{"type":"Polygon","coordinates":[[[-60.895,13.822],[-60.887,14.011],[-61.064,13.916],[-60.895,13.822]]]},"properties":{"NAME":"Saint Lucia","NAME_JA":"セントルシア","ISO_A3":"LCA","CONTINENT":"North America","SUBREGION":"Caribbean","POP_EST":182790}},
{"type":"Feature","geometry":{"type":"Polygon","coordinates":[[[-62.631,17.24],[-62.714,17.353],[-62.795,17.403],[-62.839,17.339],[-62.631,17.24]]]},"properties":{"NAME":"St. Kitts and Nevis","NAME_JA":"セントクリストファー・ネイビス","ISO_A3":"KNA","CONTINENT":"North America","SUBREGION":"Caribbean","POP_EST":52834}},
{"type":"Feature","geometry":{"type":"Polygon","coordinates":[[[29.577,-1.388],[29.352,-1.518],[29.129,-1.86],[29.106,-2.233],[28.876,-2.4],[29.014,-2.72],[29.39,-2.809],[29.868,-2.716],[29.93,-2.34],[30.554,-2.4],[30.829,-2.338],[30.813,-1.563],[30.51,-1.067],[30.102,-1.369],[29.577,-1.388]]]},"properties":{"NAME":"Rwanda","NAME_JA":"ルワンダ","ISO_A3":"RWA","CONTINENT":"Africa","SUBREGION":"Eastern Africa","POP_EST":12626950}},
{"type":"Feature","geometry":{"type":"MultiPolygon","coordinates":[[[[-179.799,68.94],[-180,68.739],[-180,68.494],[-180,68.249],[-180,68.004],[-180,67.76],[-180,67.515],[-180,67.27],[-180,67.025],[-180,66.781],[-180,66.536],[-180,66.291],[-180,66.046],[-180,65.802],[-180,65.557],[-180,65.312],[-180,65.067],[-179.352,65.517],[-179.728,65.804],[-179.616,66.128],[-178.879,65.936],[-178.31,65.485],[-177.056,65.614],[-176.093,65.471],[-175.854,65.011],[-175.395,64.802],[-174.318,64.638],[-173.73,64.365],[-173.009,64.297],[-172.487,64.544],[-172.924,64.705],[-172.213,65.048],[-172.212,65.425],[-170.666,65.622],[-170.192,66.201],[-171.796,66.932],[-172.641,66.925],[-173.68,67.145],[-174.448,67.103],[-174.771,66.784],[-175.345,67.678],[-177.408,68.245],[-178.874,68.754],[-179.799,68.94]]],[[[130.687,42.303],[131.158,42.626],[131.722,43.203],[132.304,42.883],[132.709,42.876],[133.16,42.697],[133.709,42.83],[135.131,43.526],[135.483,43.835],[135.875,44.374],[136.142,44.489],[136.804,45.171],[137.685,45.818],[138.337,46.543],[138.587,47.057],[139.001,47.383],[139.373,47.887],[140.171,48.524],[140.517,49.596],[140.476,50.546],[140.688,51.232],[140.933,51.62],[141.367,51.921],[141.485,52.179],[141.17,52.368],[141.402,53.184],[141.006,53.495],[140.347,53.813],[139.707,54.277],[139.32,54.193],[138.696,54.32],[138.661,53.745],[138.292,53.592],[137.328,53.539],[137.155,53.822],[136.683,53.931],[136.797,54.621],[135.852,54.584],[135.258,54.731],[135.263,54.943],[136.175,55.352],[137.692,56.139],[138.662,56.966],[139.444,57.33],[140.002,57.688],[140.447,57.814],[140.685,58.212],[141.755,58.745],[142.025,59],[143.192,59.37],[145.555,59.414],[145.932,59.198],[146.444,59.43],[147.514,59.269],[147.875,59.388],[149.205,59.488],[149.643,59.77],[150.457,59.591],[151.486,59.524],[151.99,59.16],[151.121,59.083],[151.327,58.875],[152.882,58.939],[153.361,59.215],[154.011,59.076],[155.167,59.36],[154.583,59.54],[154.293,59.833],[154.971,60.377],[155.853,60.777],[156.63,61.272],[156.68,61.481],[157.469,61.799],[158.07,61.754],[159.077,61.922],[159.552,61.719],[160.317,61.793],[159.883,61.292],[160.767,60.753],[162.393,61.662],[163.009,61.792],[163.332,62.551],[164.256,62.697],[164.598,62.471],[164.207,62.292],[164.005,61.344],[163.71,60.917],[162.973,60.783],[162.004,60.42],[161.754,60.152],[160.855,59.627],[159.847,59.127],[159.592,58.804],[159.037,58.424],[158.21,58.025],[157.666,58.02],[157.45,57.799],[156.792,57.748],[156.977,57.466],[156.728,57.152],[155.983,56.695],[155.717,56.072],[155.555,55.348],[155.62,54.865],[155.905,53.928],[156.099,53.006],[156.365,52.509],[156.5,51.475],[156.748,50.969],[158.104,51.81],[158.463,52.305],[158.609,52.874],[159.898,53.381],[159.844,53.784],[160.074,54.189],[160.773,54.541],[161.726,54.533],[162.106,54.752],[161.729,55.358],[162.085,56.09],[162.528,56.261],[163.047,56.045],[163.336,56.233],[163.257,56.688],[162.803,56.811],[162.779,57.358],[163.214,57.687],[162.718,57.946],[162.467,57.766],[161.96,58.077],[162.142,58.447],[163.004,59.02],[163.273,59.303],[163.41,59.835],[163.78,60.041],[165.085,60.099],[166.352,60.485],[166.136,59.979],[166.964,60.307],[168.138,60.574],[169.227,60.596],[169.983,60.067],[170.351,59.966],[170.608,60.435],[172.393,61.062],[172.857,61.469],[173.623,61.716],[174.514,61.824],[175.268,62.102],[177.351,62.587],[178.019,62.547],[179.121,62.32],[179.571,62.688],[179.332,63.19],[178.706,63.522],[178.65,63.965],[177.433,64.444],[177.467,64.737],[178.52,64.603],[179.448,64.822],[180,65.067],[180,68.983],[178.848,69.387],[176.924,69.646],[176.108,69.86],[173.277,69.824],[172.56,69.968],[170.487,70.108],[170.582,69.583],[170.995,69.045],[170.538,68.825],[169.61,68.786],[169.311,69.08],[168.303,69.271],[167.628,69.74],[166.82,69.5],[164.513,69.609],[164.16,69.719],[162.376,69.649],[161.537,69.38],[160.911,69.606],[159.833,69.785],[160.006,70.31],[159.351,70.791],[158.037,71.039],[155.895,71.096],[153.794,70.88],[152.509,70.834],[151.582,71.287],[150.6,71.52],[149.502,72.164],[148.402,72.312],[146.594,72.302],[145.486,72.542],[143.516,72.698],[142.061,72.721],[139.601,72.496],[139.847,72.149],[139.695,71.7],[139.984,71.492],[138.118,71.566],[137.315,71.359],[135.885,71.631],[134.103,71.379],[133.426,71.491],[132.562,71.895],[131.562,70.901],[131.157,70.742],[129.762,71.12],[128.359,72.088],[129.412,72.315],[128.889,73.19],[127.74,73.482],[125.617,73.521],[124.388,73.755],[123.305,73.533],[123.622,73.193],[123.16,72.955],[119.75,72.979],[118.43,73.247],[118.45,73.59],[115.338,73.703],[114.061,73.585],[112.147,73.709],[110.261,74.017],[109.855,73.472],[107.75,73.173],[106.478,73.139],[107.271,73.621],[108.2,73.694],[109.84,74.322],[111.868,74.74],[113.614,75.293],[113.871,75.856],[112.62,76.384],[111.115,76.723],[108.028,76.718],[107.43,76.927],[105.712,77.001],[104.912,77.175],[105.895,77.489],[104.015,77.73],[103.131,77.626],[100.99,76.99],[101.099,76.704],[100.322,76.479],[98.806,76.481],[98.662,76.243],[96.879,75.931],[95.92,76.113],[94.576,76.152],[93.55,75.854],[90.185,75.591],[87.671,75.13],[86.651,74.682],[86.591,73.894],[83.545,73.667],[80.583,73.568],[80.51,73.086],[80.827,72.488],[82.184,72.238],[82.645,71.925],[83.571,71.594],[83.151,71.104],[83.736,70.546],[83.03,70.581],[82.869,70.955],[82.323,71.26],[82.918,71.42],[82.986,71.749],[81.511,71.746],[80.763,72.089],[79.422,72.381],[78.483,72.395],[76.032,71.91],[76.312,71.595],[77.481,71.312],[76.11,71.219],[75.332,71.342],[75.247,71.813],[75.741,72.296],[73.672,71.845],[73.086,71.445],[74.311,70.654],[73.56,69.707],[73.776,69.198],[74.815,69.091],[76.001,69.235],[77.651,68.903],[77.995,68.259],[77.174,67.779],[77.238,68.47],[76.459,68.978],[74.58,68.751],[74.391,68.421],[74.77,67.766],[74.075,67.414],[73.792,66.995],[72.417,66.561],[71.917,66.247],[71.146,66.367],[70.339,66.342],[69.194,66.579],[69.877,66.845],[70.939,66.548],[71.551,66.76],[72.594,67.587],[73.152,67.865],[73.139,68.181],[73.548,68.575],[72.812,68.815],[72.527,69.081],[72.53,70.173],[72.732,70.823],[72.581,71.151],[71.912,71.548],[72.624,72.079],[72.812,72.691],[71.5,72.914],[69.645,72.898],[69.039,72.67],[68.269,71.683],[66.918,71.282],[66.666,70.901],[67.285,70.739],[66.926,70.014],[67.064,69.694],[68.006,69.48],[68.543,68.967],[69.141,68.951],[68.504,68.348],[67.731,68.514],[67.002,68.874],[66.416,68.948],[63.361,69.675],[61.016,69.851],[60.171,69.591],[60.934,68.987],[59.897,68.422],[59.099,68.444],[59.371,68.738],[58.919,69.004],[58.173,68.89],[57.127,68.554],[56.044,68.649],[54.561,68.273],[53.968,68.227],[53.802,68.996],[52.55,68.592],[50.839,68.35],[48.878,67.731],[47.875,67.584],[47.709,67.045],[46.691,66.826],[45.986,66.853],[44.939,67.477],[45.529,67.758],[46.69,67.849],[45.892,68.48],[45.078,68.578],[44.048,68.549],[44.225,67.996],[43.782,67.254],[44.292,67.1],[44.489,66.672],[44.097,66.235],[42.211,66.52],[41.476,66.123],[40.692,65.963],[39.817,65.598],[39.798,65.35],[40.281,64.998],[39.758,64.577],[38.009,64.879],[37.528,65.108],[36.883,65.172],[36.528,64.847],[37.184,64.408],[37.954,64.32],[38.071,64.026],[37.442,63.813],[36.365,64.003],[35.647,64.378],[34.87,64.56],[34.804,64.986],[34.406,65.396],[34.786,65.865],[34.4,66.128],[33.567,66.321],[32.464,66.916],[34.825,66.611],[35.513,66.396],[38.398,66.064],[39.289,66.132],[40.522,66.447],[41.189,66.826],[40.966,67.713],[40.381,67.832],[37.731,68.692],[35.858,69.192],[33.684,69.31],[32.378,69.479],[32.942,69.752],[31.985,69.954],[31.453,69.69],[30.87,69.783],[28.966,69.022],[28.471,68.488],[28.685,68.19],[29.344,68.062],[29.941,67.547],[29.087,66.971],[29.903,66.091],[30.095,65.682],[29.716,65.625],[29.604,64.968],[30.073,64.765],[30.108,64.366],[30.504,64.021],[30.055,63.689],[31.181,63.208],[31.534,62.885],[31.286,62.568],[29.69,61.546],[27.798,60.536],[28.651,60.611],[28.643,60.375],[29.069,60.191],[28.947,59.829],[28.014,59.725],[28.013,59.484],[27.464,58.841],[27.488,58.27],[27.753,57.841],[27.352,57.528],[27.797,57.317],[27.806,56.867],[28.103,56.546],[28.148,56.143],[28.795,55.943],[29.375,55.939],[29.482,55.685],[30.234,55.845],[30.907,55.57],[30.978,55.05],[30.799,54.783],[31.121,54.648],[31.404,54.196],[31.792,54.056],[32.704,53.336],[32.142,53.091],[31.418,53.196],[31.577,52.312],[31.763,52.101],[32.283,52.114],[32.508,52.309],[33.735,52.345],[34.398,51.78],[34.121,51.679],[34.281,51.312],[35.312,51.044],[35.412,50.54],[36.619,50.209],[37.423,50.411],[38.047,49.92],[38.259,50.052],[38.918,49.825],[39.175,49.856],[39.781,49.572],[40.07,49.2],[39.687,49.008],[39.961,48.238],[39.736,47.845],[38.9,47.855],[38.287,47.559],[38.214,47.091],[38.485,47.176],[39.293,47.106],[37.968,46.618],[38.184,46.095],[37.933,46.002],[37.612,45.565],[37.647,45.377],[36.941,45.29],[37.411,44.735],[37.851,44.699],[38.181,44.42],[38.717,44.288],[39.978,43.42],[40.15,43.57],[40.648,43.534],[41.581,43.219],[42.419,43.224],[43.783,42.747],[43.957,42.567],[44.506,42.749],[44.871,42.756],[45.344,42.53],[45.728,42.475],[45.639,42.205],[46.43,41.891],[46.749,41.813],[47.261,41.315],[47.861,41.213],[48.391,41.602],[48.573,41.844],[47.463,43.035],[47.509,43.51],[47.23,44.192],[46.753,44.421],[46.755,44.657],[47.115,44.906],[47.524,45.602],[48.159,45.737],[49.232,46.337],[48.61,46.566],[48.959,46.775],[48.553,47.321],[48.11,47.745],[47.482,47.804],[47.093,47.948],[47.004,48.284],[46.661,48.412],[46.703,48.806],[47.014,49.098],[46.802,49.367],[46.992,49.853],[47.326,50.274],[47.706,50.378],[48.434,49.829],[48.843,50.013],[48.7,50.354],[48.808,50.601],[49.323,50.852],[49.498,51.084],[50.247,51.29],[50.794,51.729],[51.609,51.484],[52.331,51.681],[52.571,51.482],[53.338,51.482],[54.042,51.115],[54.421,50.78],[54.727,50.998],[55.542,50.602],[55.798,50.602],[56.491,51.02],[57.012,51.065],[57.442,50.889],[57.839,51.092],[58.359,51.064],[58.884,50.694],[59.812,50.582],[59.955,50.799],[60.638,50.664],[61.389,50.861],[61.585,51.23],[61.363,51.442],[60.465,51.651],[60.066,51.976],[60.938,52.281],[60.802,52.745],[61.047,52.972],[61.974,52.944],[62.015,53.108],[61.199,53.287],[60.979,53.622],[61.334,54.049],[61.929,53.946],[63.074,54.105],[64.461,54.384],[65.158,54.364],[65.477,54.623],[66.223,54.667],[68.074,54.96],[68.206,55.161],[68.977,55.39],[70.182,55.162],[70.738,55.305],[71.186,54.599],[71.093,54.212],[72.004,54.206],[72.914,54.107],[73.399,53.811],[73.286,53.598],[74.452,53.647],[75.052,53.827],[76.267,54.312],[76.789,54.322],[76.576,53.943],[77.704,53.379],[78.475,52.638],[79.469,51.493],[79.986,50.775],[80.424,50.946],[80.448,51.183],[80.877,51.281],[81.388,50.956],[81.466,50.74],[82.494,50.728],[83.357,50.995],[83.945,50.775],[84.258,50.288],[84.989,50.061],[85.21,49.665],[86.181,49.499],[86.614,49.61],[87.323,49.086],[87.814,49.162],[88.193,49.452],[88.832,49.448],[89.654,49.717],[89.644,49.903],[91.804,50.694],[94.251,50.556],[94.615,50.024],[95.523,49.911],[95.852,50.013],[96.315,49.901],[96.986,49.883],[97.209,49.731],[98.103,50.078],[98.279,50.533],[97.825,50.985],[97.947,51.348],[98.849,52.07],[99.922,51.756],[100.536,51.713],[101.381,51.453],[102.112,51.353],[102.288,50.585],[102.683,50.387],[103.633,50.139],[105.384,50.474],[106.218,50.305],[106.711,50.313],[107.233,49.989],[107.948,49.925],[108.034,49.594],[108.614,49.323],[109.237,49.335],[110.2,49.17],[110.828,49.166],[111.337,49.356],[112.08,49.424],[113.056,49.616],[113.164,49.797],[114.297,50.274],[114.743,50.234],[115.275,49.949],[115.718,49.881],[116.135,50.011],[116.683,49.824],[117.873,49.513],[118.452,49.844],[119.26,50.066],[119.192,50.38],[120.067,51.601],[120.75,52.097],[120.656,52.567],[120.095,52.787],[120.704,53.172],[122.338,53.485],[123.608,53.547],[124.812,53.134],[125.649,53.042],[126.313,52.4],[126.805,51.506],[126.925,51.1],[127.307,50.708],[127.59,50.209],[127.502,49.873],[128,49.569],[128.704,49.6],[129.12,49.362],[129.498,49.389],[130.196,48.892],[130.804,48.342],[130.712,48.128],[131.003,47.691],[131.785,47.681],[132.562,47.769],[133.144,48.106],[133.468,48.097],[134.293,48.373],[134.564,48.322],[134.752,47.715],[134.168,47.302],[134.202,47.128],[133.867,46.499],[133.861,46.248],[133.186,45.495],[132.936,45.03],[131.978,45.244],[131.082,44.91],[131.061,44.66],[131.255,44.072],[131.262,43.433],[131.069,42.902],[130.577,42.812],[130.527,42.535],[130.687,42.303]]],[[[50.278,80.927],[49.185,80.559],[46.644,80.3],[47.632,80.112],[48.896,80.369],[51.704,80.688],[50.278,80.927]]],[[[67.765,76.238],[68.9,76.573],[68.486,76.934],[67.535,77.008],[65.863,76.613],[62.971,76.237],[61.202,76.282],[61.054,76.12],[58.881,75.855],[57.088,75.384],[56.499,74.957],[55.582,74.628],[54.643,73.96],[53.763,73.766],[54.3,73.351],[55.007,73.454],[56.43,73.297],[56.964,73.367],[58.441,74.129],[58.535,74.499],[60.222,74.797],[61.356,75.315],[66.282,75.984],[67.765,76.238]]],[[[55.32,73.308],[53.753,73.293],[52.622,72.301],[51.583,72.071],[51.439,71.777],[51.813,71.491],[53.364,71.542],[53.722,70.814],[54.601,70.68],[57.146,70.589],[56.895,70.927],[56.043,71.346],[55.298,71.935],[55.356,72.465],[56.084,72.789],[56.43,73.201],[55.32,73.308]]],[[[96.527,81.076],[95.801,81.28],[93.065,80.988],[93.263,80.791],[91.524,80.359],[93.872,80.01],[94.565,80.126],[97.175,80.241],[97.832,80.798],[96.527,81.076]]],[[[97.675,80.158],[94.987,80.097],[93.071,79.495],[94.219,79.402],[94.652,79.127],[97.555,78.827],[99.44,78.834],[100.061,79.777],[99.295,80.016],[97.675,80.158]]],[[[102.885,79.254],[101.591,79.35],[100.284,78.679],[100.082,77.975],[101.204,78.192],[103.719,78.258],[105.313,78.5],[105.146,78.819],[102.885,79.254]]],[[[140.049,75.829],[138.814,76.2],[137.501,75.91],[137.006,75.235],[138.092,74.797],[139.099,74.657],[141.987,74.991],[142.287,74.85],[144.02,75.045],[144.883,75.269],[145.255,75.586],[143.686,75.864],[142.46,75.904],[141.485,76.137],[140.944,75.7],[140.049,75.829]]],[[[146.795,75.371],[146.149,75.198],[148.092,74.826],[149.597,74.773],[150.646,74.945],[150.104,75.219],[146.795,75.371]]],[[[178.862,70.826],[180,70.993],[180,71.538],[178.891,71.231],[178.862,70.826]]],[[[142.761,54.394],[142.335,54.281],[142.67,53.968],[142.526,53.447],[141.824,53.34],[141.803,52.556],[141.661,52.273],[141.722,51.736],[142.207,51.223],[142.071,50.515],[142.142,49.569],[141.866,48.75],[142.182,48.013],[141.964,47.587],[142.039,47.14],[141.83,46.451],[142.209,46.089],[142.578,46.701],[143.282,46.559],[143.006,47.223],[142.557,47.738],[142.574,48.072],[143.105,49.199],[144.272,49.311],[143.816,50.283],[143.455,51.471],[143.156,52.084],[143.324,52.614],[143.224,53.296],[142.918,53.794],[142.976,54.141],[142.761,54.394]]],[[[-178.876,71.577],[-180,71.538],[-180,70.993],[-179.507,70.923],[-177.822,71.068],[-177.532,71.263],[-178.876,71.577]]],[[[50.265,69.186],[49.225,69.511],[48.631,69.436],[48.279,69.04],[48.667,68.733],[49.626,68.86],[50.265,69.186]]],[[[62.168,80.835],[59.592,80.817],[59.304,80.522],[61.051,80.419],[62.168,80.835]]],[[[54.719,81.116],[54.067,80.814],[55.713,80.637],[57.694,80.792],[54.719,81.116]]],[[[142.185,73.896],[141.085,73.866],[140.663,73.452],[141.597,73.311],[143.193,73.221],[143.344,73.569],[142.185,73.896]]],[[[169.201,69.58],[169.375,69.883],[168.358,70.016],[167.789,69.837],[169.201,69.58]]],[[[163.635,58.603],[164.616,58.886],[164.629,59.112],[163.761,59.015],[163.635,58.603]]],[[[148.6,45.318],[147.769,45.191],[147.914,44.99],[148.6,45.318]]],[[[113.387,74.4],[112.084,74.549],[111.643,74.273],[112.782,74.095],[113.387,74.4]]],[[[70.674,73.095],[71.626,73.174],[70.94,73.514],[69.996,73.359],[70.674,73.095]]],[[[60.45,69.935],[59.005,70.465],[58.473,70.267],[58.953,69.893],[59.578,69.739],[60.45,69.935]]],[[[20.958,55.279],[20.9,55.287],[20.52,54.995],[19.975,54.921],[19.604,54.459],[20.208,54.421],[22.766,54.357],[22.831,54.838],[22.567,55.059],[22.072,55.064],[21.236,55.264],[21.189,54.935],[20.595,54.982],[20.958,55.279]]],[[[33.594,46.096],[33.665,45.947],[32.508,45.404],[32.919,45.348],[33.555,45.098],[33.451,44.554],[33.91,44.388],[34.717,44.807],[35.088,44.803],[35.473,45.098],[35.87,45.005],[36.393,45.065],[36.575,45.394],[36.171,45.453],[35.374,45.354],[35.002,45.733],[34.687,45.977],[33.66,46.22],[33.594,46.096]]]]},"properties":{"NAME":"Russia","NAME_JA":"ロシア","ISO_A3":"RUS","CONTINENT":"Europe","SUBREGION":"Eastern Europe","POP_EST":144373535}},
{"type":"Feature","geometry":{"type":"Polygon","coordinates":[[[28.213,45.45],[28.1,45.973],[28.244,46.451],[28.072,46.978],[27.337,47.64],[26.981,48.155],[26.619,48.26],[26.163,47.993],[25.464,47.911],[24.893,47.718],[24.579,47.931],[24.178,47.906],[23.203,48.085],[22.877,47.947],[22.291,47.728],[21.152,46.304],[20.242,46.109],[20.775,45.75],[20.774,45.484],[21.492,45.122],[21.384,44.87],[22.705,44.238],[23.225,43.874],[25.497,43.671],[26.216,44.007],[27.087,44.167],[27.884,43.987],[28.05,43.822],[28.585,43.742],[28.645,44.296],[29.048,44.758],[29.558,44.843],[29.706,45.26],[29.224,45.403],[28.761,45.234],[28.213,45.45]]]},"properties":{"NAME":"Romania","NAME_JA":"ルーマニア","ISO_A3":"ROU","CONTINENT":"Europe","SUBREGION":"Eastern Europe","POP_EST":19356544}},
{"type":"Feature","geometry":{"type":"Polygon","coordinates":[[[51.268,24.607],[51.428,24.668],[51.602,25.148],[51.485,25.525],[51.543,25.902],[51.262,26.153],[51.003,25.981],[50.763,25.445],[50.804,24.789],[50.966,24.574],[51.268,24.607]]]},"properties":{"NAME":"Qatar","NAME_JA":"カタール","ISO_A3":"QAT","CONTINENT":"Asia","SUBREGION":"Western Asia","POP_EST":2832067}},
{"type":"Feature","geometry":{"type":"Polygon","coordinates":[[[-8.777,41.941],[-8.811,41.652],[-8.656,41.029],[-8.887,40.179],[-9.148,39.543],[-9.375,39.338],[-9.474,38.731],[-8.915,38.512],[-8.814,37.431],[-8.598,37.121],[-7.834,37.006],[-7.406,37.179],[-7.504,37.585],[-7.185,38.006],[-7.343,38.457],[-7.046,38.907],[-7.445,39.536],[-7.037,39.714],[-6.81,40.343],[-6.928,41.009],[-6.212,41.532],[-6.542,41.673],[-6.618,41.942],[-7.404,41.834],[-7.921,41.884],[-8.213,42.134],[-8.777,41.941]]]},"properties":{"NAME":"Portugal","NAME_JA":"ポルトガル","ISO_A3":"PRT","CONTINENT":"Europe","SUBREGION":"Southern Europe","POP_EST":10269417}},
{"type":"Feature","geometry":{"type":"Polygon","coordinates":[[[23.605,51.518],[23.652,52.04],[23.197,52.257],[23.48,52.552],[23.845,52.664],[23.887,53.028],[23.485,53.94],[23.454,54.143],[22.766,54.357],[20.208,54.421],[19.604,54.459],[18.976,54.349],[18.67,54.431],[18.323,54.838],[17.262,54.73],[16.56,54.554],[16.186,54.29],[14.211,53.95],[14.214,53.871],[14.259,53.73],[14.415,53.283],[14.129,52.878],[14.619,52.529],[14.753,52.082],[14.602,51.832],[15.017,51.253],[14.809,50.859],[15.354,50.812],[16.007,50.612],[16.679,50.097],[17.152,50.378],[17.875,49.972],[18.562,49.879],[18.832,49.511],[19.149,49.4],[19.442,49.598],[19.802,49.192],[20.616,49.392],[21.64,49.412],[22.539,49.073],[22.649,49.539],[23.712,50.377],[23.973,50.41],[24.106,50.845],[23.605,51.518]]]},"properties":{"NAME":"Poland","NAME_JA":"ポーランド","ISO_A3":"POL","CONTINENT":"Europe","SUBREGION":"Eastern Europe","POP_EST":37970874}},
{"type":"Feature","geometry":{"type":"MultiPolygon","coordinates":[[[[121.102,18.615],[120.6,18.508],[120.358,17.638],[120.409,16.956],[120.305,16.529],[120.389,16.222],[120.16,16.048],[119.831,16.327],[120.082,14.851],[120.888,14.716],[120.922,14.493],[120.617,14.188],[120.841,13.885],[121.204,13.64],[121.778,13.938],[122.407,13.493],[122.595,13.908],[123.163,13.442],[123.311,13.044],[123.627,12.912],[124.06,12.567],[124.143,13.036],[123.608,13.528],[123.726,13.884],[123.432,13.966],[123.231,13.747],[122.856,14.251],[122.491,14.322],[122.2,14.148],[121.8,14.114],[121.649,14.481],[121.695,14.737],[121.392,15.324],[121.607,15.67],[121.595,15.933],[122.135,16.185],[122.519,17.125],[122.237,17.435],[122.151,17.756],[122.3,18.403],[121.846,18.295],[121.102,18.615]]],[[[117.311,8.44],[117.99,8.877],[118.435,9.256],[118.774,9.767],[118.782,9.916],[119.192,10.061],[119.285,10.252],[119.684,10.552],[119.527,10.953],[119.261,10.845],[119.287,10.574],[119.024,10.354],[118.115,9.347],[117.885,9.241],[117.35,8.714],[117.311,8.44]]],[[[122.496,11.615],[122.104,11.643],[121.964,10.872],[122.198,10.623],[122.77,10.824],[123.017,11.117],[123.158,11.536],[122.496,11.615]]],[[[123.131,9.064],[123.308,9.357],[123.162,9.864],[123.568,10.781],[123.257,10.994],[122.983,10.887],[122.817,10.504],[122.856,10.087],[122.471,9.962],[122.411,9.694],[122.563,9.483],[123.131,9.064]]],[[[124.575,11.343],[124.446,10.924],[124.787,10.781],[124.781,10.168],[125.027,10.033],[125.253,10.264],[125.013,10.786],[124.93,11.373],[124.575,11.343]]],[[[125.24,12.528],[124.295,12.569],[124.385,12.244],[124.884,11.775],[125.034,11.341],[125.233,11.145],[125.628,11.132],[125.457,11.953],[125.536,12.191],[125.24,12.528]]],[[[120.704,13.479],[120.508,13.26],[120.764,12.97],[120.922,12.512],[121.237,12.219],[121.541,12.638],[121.523,13.131],[121.203,13.432],[120.704,13.479]]],[[[126.006,9.321],[125.521,9.759],[125.414,9.669],[125.533,9.141],[124.869,8.972],[124.731,8.563],[124.451,8.606],[124.226,8.271],[123.877,8.189],[123.849,8.433],[123.435,8.703],[123.018,8.398],[122.911,8.156],[122.337,8.028],[122.132,7.81],[122.047,7.364],[122.176,7.004],[122.498,7.673],[123.391,7.408],[123.493,7.808],[123.968,7.665],[124.207,7.396],[123.985,6.994],[124.078,6.404],[124.636,5.998],[125.456,5.664],[125.668,5.979],[125.588,6.466],[125.401,6.796],[125.824,7.333],[126.08,6.733],[126.439,7.012],[126.582,7.248],[126.57,7.677],[126.435,7.833],[126.32,8.845],[126.193,9.277],[126.006,9.321]]],[[[123.37,9.45],[123.643,10.02],[123.952,10.317],[123.711,10.474],[123.386,9.967],[123.37,9.45]]],[[[124.594,9.787],[124.577,10.027],[124.173,10.135],[123.817,9.817],[123.936,9.624],[124.36,9.63],[124.594,9.787]]],[[[123.717,12.287],[123.419,12.194],[123.983,11.819],[124.04,11.967],[123.717,12.287]]],[[[124.354,13.632],[124.417,13.871],[124.225,14.078],[124.039,13.663],[124.354,13.632]]]]},"properties":{"NAME":"Philippines","NAME_JA":"フィリピン","ISO_A3":"PHL","CONTINENT":"Asia","SUBREGION":"South-Eastern Asia","POP_EST":108116615}},
{"type":"Feature","geometry":{"type":"Polygon","coordinates":[[[-69.966,-4.236],[-70.34,-3.814],[-70.735,-3.782],[-70.074,-2.75],[-70.096,-2.658],[-70.915,-2.219],[-71.397,-2.334],[-71.753,-2.153],[-71.984,-2.327],[-72.396,-2.429],[-72.887,-2.408],[-73.154,-2.278],[-73.197,-1.83],[-73.496,-1.693],[-73.664,-1.249],[-74.246,-0.971],[-74.418,-0.581],[-74.802,-0.2],[-75.284,-0.107],[-75.476,-0.157],[-75.263,-0.555],[-75.571,-1.531],[-76.09,-2.133],[-76.679,-2.563],[-77.861,-2.982],[-78.347,-3.431],[-78.42,-3.777],[-78.862,-4.665],[-79.076,-4.991],[-79.331,-4.928],[-79.639,-4.455],[-80.14,-4.296],[-80.488,-4.394],[-80.51,-4.07],[-80.179,-3.878],[-80.325,-3.388],[-80.799,-3.731],[-81.283,-4.322],[-81.337,-4.67],[-81.108,-5.028],[-80.883,-5.759],[-81.181,-5.942],[-80.812,-6.282],[-80.11,-6.65],[-79.762,-7.067],[-79.377,-7.836],[-79.012,-8.21],[-78.762,-8.617],[-78.186,-10.089],[-77.736,-10.837],[-77.633,-11.288],[-77.22,-11.663],[-77.153,-12.06],[-76.832,-12.349],[-76.184,-13.515],[-76.289,-14.133],[-75.934,-14.634],[-75.534,-14.899],[-75.104,-15.412],[-74.147,-15.912],[-73.825,-16.153],[-72.794,-16.615],[-72.468,-16.708],[-72.111,-17.003],[-71.532,-17.294],[-71.337,-17.683],[-70.418,-18.346],[-69.926,-18.206],[-69.852,-17.704],[-69.511,-17.506],[-69.625,-17.2],[-69.021,-16.642],[-68.913,-16.262],[-69.218,-16.149],[-69.419,-15.603],[-69.172,-15.237],[-69.375,-14.963],[-69.235,-14.597],[-68.88,-14.199],[-69.074,-13.683],[-68.983,-13.496],[-68.979,-12.88],[-68.685,-12.502],[-69.579,-10.952],[-69.96,-10.93],[-70.22,-11.048],[-70.642,-11.01],[-70.637,-9.478],[-71.238,-9.966],[-72.182,-10.004],[-72.379,-9.51],[-73.209,-9.411],[-72.974,-8.993],[-73.549,-8.346],[-74.002,-7.556],[-73.749,-7.335],[-73.758,-6.906],[-73.137,-6.466],[-73.236,-6.098],[-72.98,-5.635],[-72.887,-5.123],[-72.699,-5.067],[-71.845,-4.504],[-70.974,-4.35],[-70.8,-4.173],[-70.405,-4.15],[-69.966,-4.236]]]},"properties":{"NAME":"Peru","NAME_JA":"ペルー","ISO_A3":"PER","CONTINENT":"South America","SUBREGION":"South America","POP_EST":32510453}},
{"type":"Feature","geometry":{"type":"Polygon","coordinates":[[[-58.16,-20.165],[-58.18,-19.818],[-59.091,-19.286],[-60.007,-19.298],[-61.757,-19.645],[-61.917,-20.055],[-62.276,-20.562],[-62.277,-21.066],[-62.651,-22.234],[-62.373,-22.439],[-61.799,-23.182],[-60.84,-23.858],[-59.892,-24.094],[-59.373,-24.454],[-58.365,-24.959],[-57.822,-25.136],[-57.587,-25.405],[-57.891,-26.007],[-58.203,-26.381],[-58.191,-26.63],[-58.642,-27.196],[-57.112,-27.47],[-56.437,-27.554],[-56.164,-27.321],[-55.79,-27.416],[-55.427,-27.009],[-55.136,-26.931],[-54.825,-26.652],[-54.678,-26.309],[-54.616,-25.576],[-54.473,-25.22],[-54.242,-24.047],[-54.625,-23.812],[-54.983,-23.975],[-55.366,-23.991],[-55.654,-22.81],[-55.849,-22.308],[-56.19,-22.281],[-56.524,-22.103],[-56.937,-22.271],[-57.82,-22.142],[-57.986,-22.046],[-57.83,-20.998],[-58.16,-20.165]]]},"properties":{"NAME":"Paraguay","NAME_JA":"パラグアイ","ISO_A3":"PRY","CONTINENT":"South America","SUBREGION":"South America","POP_EST":7044636}},
{"type":"Feature","geometry":{"type":"MultiPolygon","coordinates":[[[[152.966,-4.756],[153.124,-4.252],[153.017,-4.106],[152.598,-3.995],[152.681,-4.498],[152.966,-4.756]]],[[[151.916,-4.297],[151.552,-4.346],[151.671,-4.883],[151.327,-4.96],[150.953,-5.424],[150.299,-5.536],[149.245,-5.573],[148.999,-5.485],[148.345,-5.545],[148.401,-5.765],[149.127,-6.128],[149.382,-6.078],[149.653,-6.29],[150.428,-6.276],[151.229,-5.92],[151.515,-5.552],[151.865,-5.565],[152.143,-5.357],[152.013,-5.004],[152.4,-4.731],[152.406,-4.341],[152.117,-4.212],[151.916,-4.297]]],[[[140.976,-9.119],[141.133,-9.221],[142.23,-9.17],[142.647,-9.328],[143.366,-8.961],[143.392,-8.802],[143.095,-8.311],[143.614,-8.2],[144.51,-7.567],[144.974,-7.802],[145.729,-7.952],[146.033,-8.076],[146.697,-9.025],[146.913,-9.092],[147.017,-9.388],[147.408,-9.675],[147.769,-10.07],[148.383,-10.185],[149.754,-10.353],[150.017,-10.577],[150.482,-10.637],[150.667,-10.257],[149.874,-10.013],[149.761,-9.806],[149.203,-9.407],[149.248,-9.071],[148.583,-9.052],[148.451,-8.695],[148.247,-8.554],[148.127,-8.104],[147.724,-7.876],[147.19,-7.378],[146.961,-6.929],[147.119,-6.722],[147.846,-6.662],[147.802,-6.315],[147.377,-5.951],[147.034,-5.919],[146.403,-5.617],[145.853,-5.471],[145.767,-4.823],[145.335,-4.385],[145.088,-4.349],[144.478,-3.825],[144.016,-3.784],[143.509,-3.431],[142.905,-3.321],[142.212,-3.083],[141.186,-2.628],[140.973,-2.61],[140.974,-4.226],[140.975,-6.346],[140.862,-6.74],[140.975,-6.905],[140.976,-9.119]]],[[[155.958,-6.687],[155.823,-6.38],[155.467,-6.145],[154.997,-5.54],[154.741,-5.545],[154.782,-5.971],[155.202,-6.308],[155.344,-6.722],[155.719,-6.863],[155.958,-6.687]]]]},"properties":{"NAME":"Papua New Guinea","NAME_JA":"パプアニューギニア","ISO_A3":"PNG","CONTINENT":"Oceania","SUBREGION":"Melanesia","POP_EST":8776109}},
{"type":"Feature","geometry":{"type":"Polygon","coordinates":[[[-77.374,8.658],[-78.083,9.236],[-78.504,9.406],[-79.577,9.598],[-80.127,9.21],[-80.547,9.082],[-80.839,8.887],[-81.355,8.781],[-81.78,8.957],[-82.244,9.031],[-82.371,9.429],[-82.564,9.577],[-82.94,9.449],[-82.917,8.74],[-82.998,8.368],[-82.879,8.071],[-82.68,8.322],[-81.728,8.138],[-81.504,7.721],[-81.035,7.711],[-80.846,7.22],[-80.439,7.275],[-80.075,7.667],[-80.458,8.077],[-80.369,8.289],[-79.75,8.596],[-79.687,8.851],[-79.442,9.006],[-79.086,8.997],[-78.514,8.628],[-78.469,8.447],[-78.114,8.38],[-78.422,8.061],[-78.17,7.544],[-77.901,7.229],[-77.744,7.537],[-77.351,7.706],[-77.212,8.034],[-77.407,8.427],[-77.374,8.658]]]},"properties":{"NAME":"Panama","NAME_JA":"パナマ","ISO_A3":"PAN","CONTINENT":"North America","SUBREGION":"Central America","POP_EST":4246439}},
{"type":"Feature","geometry":{"type":"Polygon","coordinates":[[[134.595,7.382],[134.66,7.663],[134.556,7.594],[134.506,7.437],[134.595,7.382]]]},"properties":{"NAME":"Palau","NAME_JA":"パラオ","ISO_A3":"PLW","CONTINENT":"Oceania","SUBREGION":"Micronesia","POP_EST":18008}},
{"type":"Feature","geometry":{"type":"Polygon","coordinates":[[[76.767,35.662],[76.252,35.811],[75.945,36.018],[75.974,36.382],[75.84,36.65],[75.424,36.738],[75.347,36.913],[74.541,37.022],[74.002,36.823],[73.769,36.888],[72.623,36.83],[71.621,36.436],[71.185,36.042],[71.428,35.834],[71.621,35.183],[70.966,34.53],[71.052,34.05],[70.416,33.95],[69.995,34.052],[69.868,33.898],[70.284,33.369],[69.92,33.113],[69.502,33.02],[69.241,32.434],[69.279,31.937],[68.869,31.634],[68.598,31.803],[68.214,31.807],[67.578,31.506],[67.287,31.218],[66.924,31.306],[66.397,30.912],[66.177,29.836],[65.096,29.559],[64.521,29.565],[64.099,29.392],[63.568,29.498],[62.477,29.408],[60.843,29.859],[61.318,29.373],[61.623,28.792],[61.89,28.547],[62.353,28.415],[62.74,28.002],[62.763,27.25],[63.167,27.252],[63.168,26.666],[62.439,26.561],[62.239,26.357],[61.87,26.242],[61.669,25.769],[61.588,25.202],[62.315,25.135],[62.572,25.255],[63.491,25.211],[63.721,25.386],[64.659,25.184],[64.777,25.307],[65.68,25.355],[66.429,25.575],[66.699,25.226],[66.703,24.861],[67.171,24.756],[67.309,24.175],[67.668,23.811],[68.165,23.857],[68.724,23.965],[68.728,24.266],[69.559,24.273],[69.716,24.173],[70.547,24.418],[70.716,24.238],[71.044,24.4],[71.048,24.688],[70.652,25.423],[70.648,25.667],[70.265,25.707],[70.078,26.072],[70.157,26.471],[69.47,26.804],[69.568,27.175],[69.896,27.474],[70.145,27.849],[70.404,28.025],[70.737,27.729],[71.87,27.963],[72.342,28.752],[72.903,29.029],[73.382,29.934],[73.809,30.093],[73.899,30.435],[74.216,30.769],[74.633,31.035],[74.51,31.713],[74.739,31.949],[75.254,32.14],[75.333,32.279],[74.658,32.519],[74.355,32.769],[74.304,32.992],[73.994,33.242],[74.15,33.507],[74.001,33.788],[73.979,34.191],[73.81,34.325],[73.961,34.653],[74.3,34.765],[75.709,34.503],[76.041,34.67],[76.594,34.736],[77.049,35.11],[76.767,35.662]]]},"properties":{"NAME":"Pakistan","NAME_JA":"パキスタン","ISO_A3":"PAK","CONTINENT":"Asia","SUBREGION":"Southern Asia","POP_EST":216565318}},
{"type":"Feature","geometry":{"type":"MultiPolygon","coordinates":[[[[53.086,16.648],[53.61,16.76],[54.068,17.006],[55.064,17.039],[55.296,17.382],[55.255,17.586],[55.479,17.843],[56.27,17.951],[56.551,18.166],[56.655,18.587],[57.177,18.903],[57.812,19.017],[57.715,19.607],[57.862,20.244],[58.209,20.424],[58.474,20.407],[58.896,21.113],[59.371,21.499],[59.8,22.22],[59.823,22.509],[59.535,22.579],[58.578,23.643],[57.611,23.804],[57.22,23.923],[56.641,24.47],[56.388,24.979],[56.064,24.739],[55.796,24.868],[55.761,24.243],[55.2,23.035],[55.186,22.704],[55.641,22.002],[54.977,19.996],[53.667,19.559],[51.978,18.996],[52.729,17.3],[53.086,16.648]]],[[[56.298,25.651],[56.43,26.327],[56.08,26.063],[56.298,25.651]]]]},"properties":{"NAME":"Oman","NAME_JA":"オマーン","ISO_A3":"OMN","CONTINENT":"Asia","SUBREGION":"Western Asia","POP_EST":4974986}},
{"type":"Feature","geometry":{"type":"MultiPolygon","coordinates":[[[[20.622,69.037],[21.622,69.271],[22.411,68.72],[23.324,68.649],[23.854,68.806],[24.941,68.593],[25.748,68.99],[26.012,69.653],[26.525,69.915],[27.89,70.062],[29.142,69.671],[29.333,69.473],[28.966,69.022],[30.87,69.783],[29.792,69.728],[29.601,69.977],[30.944,70.274],[29.102,70.861],[27.597,71.091],[25.768,70.853],[24.658,71.001],[24.42,70.702],[23.046,70.102],[22.685,70.375],[21.4,70.174],[21.163,69.89],[20.069,69.883],[19.197,69.748],[18.991,69.561],[18.293,69.475],[18.101,69.156],[17.391,68.799],[16.652,68.626],[16.065,68.2],[15.316,68.069],[14.799,67.809],[14.755,67.499],[13.105,66.539],[12.976,66.019],[12.273,65.568],[12.16,65.179],[11.35,64.906],[11.225,64.679],[10.566,64.418],[9.708,63.865],[9.697,63.625],[8.842,63.646],[8.398,63.535],[8.101,63.091],[7.008,62.958],[7.284,62.602],[6.353,62.611],[5.533,62.311],[4.928,61.711],[5.049,60.708],[5.244,60.57],[5.119,59.834],[5.305,59.643],[5.132,59.226],[5.845,59.353],[5.854,58.959],[5.517,58.727],[5.707,58.524],[7.005,58.024],[8.166,58.145],[9.618,58.946],[10.834,59.184],[11.388,59.037],[11.798,59.29],[11.681,59.592],[12.486,60.107],[12.589,60.451],[12.294,61.003],[12.881,61.352],[12.155,61.721],[12.304,62.286],[12.115,62.592],[12.218,63.001],[12,63.292],[12.663,63.94],[13.3,64.075],[13.961,64.014],[14.078,64.464],[13.65,64.582],[14.48,65.301],[14.543,66.129],[15.484,66.306],[15.423,66.49],[16.404,67.055],[16.127,67.426],[17.325,68.104],[17.917,67.965],[18.379,68.562],[19.97,68.356],[20.622,69.037]]],[[[19.255,70.066],[18.349,69.768],[18.785,69.579],[19.592,69.97],[19.255,70.066]]],[[[17.503,69.596],[16.972,69.138],[17.951,69.198],[17.503,69.596]]],[[[21.608,78.596],[20.228,78.478],[21.608,77.916],[22.057,77.501],[22.802,77.276],[23.841,77.498],[24.238,77.899],[23.117,77.992],[21.608,78.596]]],[[[20.898,80.25],[18.344,80.06],[18.725,79.761],[20.861,79.398],[23.948,79.194],[25.641,79.403],[27.199,79.907],[26.861,80.16],[22.451,80.402],[20.898,80.25]]],[[[16.787,79.907],[15.816,79.682],[13.384,79.481],[12.754,79.776],[10.866,79.797],[11.208,79.13],[11.774,78.716],[13.15,78.238],[14.638,78.415],[14.995,78.151],[13.681,78.028],[14.921,77.689],[14.004,77.445],[14.366,77.234],[16.7,76.579],[17.623,77.399],[18.228,77.523],[18.439,78.025],[19.769,78.623],[21.389,78.74],[20.458,79.129],[19.089,79.157],[18.581,79.572],[16.787,79.907]]]]},"properties":{"NAME":"Norway","NAME_JA":"ノルウェー","ISO_A3":"-99","CONTINENT":"Europe","SUBREGION":"Northern Europe","POP_EST":5347896}},
{"type":"Feature","geometry":{"type":"Polygon","coordinates":[[[128.375,38.623],[127.786,39.084],[127.395,39.208],[127.568,39.782],[128.304,40.036],[129.709,40.857],[129.756,41.712],[130.458,42.302],[130.687,42.303],[130.527,42.535],[130.24,42.892],[129.898,42.998],[129.72,42.475],[129.314,42.414],[128.923,42.038],[128.045,41.988],[128.291,41.563],[128.111,41.389],[127.18,41.531],[126.904,41.781],[126.601,41.641],[126.49,41.358],[125.989,40.905],[124.889,40.46],[124.362,40.004],[124.557,39.791],[125.361,39.527],[125.41,39.288],[125.067,38.557],[124.691,38.129],[125.193,38.038],[125.449,37.73],[125.942,37.874],[126.634,37.782],[127.17,38.305],[128.039,38.309],[128.375,38.623]]]},"properties":{"NAME":"North Korea","NAME_JA":"朝鮮民主主義人民共和国","ISO_A3":"PRK","CONTINENT":"Asia","SUBREGION":"Eastern Asia","POP_EST":25666161}},
{"type":"Feature","geometry":{"type":"Polygon","coordinates":[[[13.606,13.705],[13.324,13.671],[12.655,13.327],[12.463,13.094],[11.412,13.354],[10.959,13.372],[10.185,13.27],[9.616,12.811],[8.751,12.908],[8.095,13.291],[7.789,13.338],[7.057,13],[6.804,13.108],[6.386,13.604],[5.492,13.873],[5.242,13.757],[4.823,13.76],[4.421,13.648],[4.148,13.458],[3.948,12.775],[3.647,12.53],[3.595,11.696],[3.488,11.395],[3.716,11.08],[3.834,10.607],[3.577,10.268],[3.557,9.907],[3.325,9.778],[3.045,9.084],[2.775,9.049],[2.686,7.874],[2.775,6.712],[2.706,6.369],[4.126,6.411],[4.431,6.349],[4.861,6.026],[5.232,5.484],[5.588,4.647],[6.077,4.291],[6.757,4.344],[7.155,4.514],[8.293,4.558],[8.556,4.755],[8.801,5.197],[9.06,6.009],[9.66,6.532],[9.78,6.76],[10.144,6.996],[10.482,6.891],[10.606,7.063],[11.033,6.698],[11.153,6.438],[11.552,6.697],[11.767,7.272],[12.016,7.59],[12.233,8.282],[12.404,8.596],[12.807,8.887],[12.929,9.426],[13.175,9.54],[13.27,10.036],[13.415,10.171],[13.535,10.605],[13.892,11.14],[14.56,11.492],[14.627,12.109],[14.519,12.298],[14.197,12.384],[14.064,13.079],[13.606,13.705]]]},"properties":{"NAME":"Nigeria","NAME_JA":"ナイジェリア","ISO_A3":"NGA","CONTINENT":"Africa","SUBREGION":"Western Africa","POP_EST":200963599}},
{"type":"Feature","geometry":{"type":"Polygon","coordinates":[[[13.606,13.705],[13.448,14.381],[13.807,14.966],[14.368,15.75],[15.474,16.908],[15.638,18.811],[15.735,19.904],[15.949,20.303],[15.587,20.733],[15.607,20.954],[15.182,21.523],[15.172,21.922],[14.979,22.996],[14.231,22.618],[13.481,23.18],[11.968,23.518],[10.932,22.907],[9.379,21.991],[7.482,20.873],[5.837,19.479],[4.228,19.143],[4.235,16.996],[4.121,16.358],[3.877,15.755],[3.504,15.356],[1.3,15.272],[0.96,14.987],[0.217,14.911],[0.164,14.497],[0.383,14.246],[0.618,13.703],[0.978,13.552],[0.987,13.042],[1.565,12.635],[2.074,12.714],[2.212,12.538],[2.091,12.278],[2.389,11.897],[2.366,12.222],[2.878,12.368],[3.595,11.696],[3.647,12.53],[3.948,12.775],[4.148,13.458],[4.421,13.648],[4.823,13.76],[5.242,13.757],[5.492,13.873],[6.386,13.604],[6.804,13.108],[7.057,13],[7.789,13.338],[8.095,13.291],[8.751,12.908],[9.616,12.811],[10.185,13.27],[10.959,13.372],[11.412,13.354],[12.463,13.094],[12.655,13.327],[13.324,13.671],[13.606,13.705]]]},"properties":{"NAME":"Niger","NAME_JA":"ニジェール","ISO_A3":"NER","CONTINENT":"Africa","SUBREGION":"Western Africa","POP_EST":23310715}},
{"type":"Feature","geometry":{"type":"Polygon","coordinates":[[[-83.158,14.993],[-83.415,15.008],[-83.867,14.794],[-84.646,14.661],[-84.985,14.752],[-85.179,14.343],[-85.787,13.844],[-86.151,13.995],[-86.332,13.77],[-86.734,13.763],[-86.711,13.313],[-87.059,12.991],[-87.337,12.979],[-87.668,12.904],[-86.756,12.157],[-86.469,11.738],[-85.961,11.331],[-85.744,11.062],[-85.621,11.184],[-84.909,10.945],[-84.701,11.052],[-84.348,10.98],[-84.168,10.78],[-83.811,10.743],[-83.642,10.917],[-83.868,11.3],[-83.652,11.642],[-83.769,11.932],[-83.511,12.412],[-83.567,13.32],[-83.412,13.996],[-83.188,14.34],[-83.299,14.749],[-83.158,14.993]]]},"properties":{"NAME":"Nicaragua","NAME_JA":"ニカラグア","ISO_A3":"NIC","CONTINENT":"North America","SUBREGION":"Central America","POP_EST":6545502}},
{"type":"Feature","geometry":{"type":"MultiPolygon","coordinates":[[[[173.115,-41.279],[172.989,-40.848],[172.641,-40.518],[172.139,-40.947],[172.011,-41.445],[171.486,-41.795],[171.257,-42.465],[170.742,-42.927],[170.303,-43.108],[169.662,-43.591],[168.806,-43.992],[168.367,-44.082],[167.787,-44.595],[167.195,-44.963],[166.734,-45.544],[166.836,-45.775],[166.732,-46.198],[167.682,-46.193],[168.189,-46.362],[168.382,-46.605],[169.099,-46.631],[169.687,-46.552],[170.701,-45.684],[171.113,-45.039],[171.231,-44.521],[171.443,-44.136],[172.385,-43.83],[172.921,-43.891],[172.719,-43.259],[173.221,-42.977],[173.545,-42.518],[174.283,-41.741],[174.092,-41.505],[174.303,-41.02],[173.738,-40.989],[173.115,-41.279]]],[[[173.269,-34.935],[173.117,-35.205],[173.945,-36.176],[174.447,-36.451],[174.476,-36.942],[174.782,-36.944],[174.729,-37.449],[174.928,-37.804],[174.715,-38.226],[174.597,-38.785],[174.398,-38.963],[173.844,-39.139],[173.934,-39.509],[175.009,-39.952],[175.254,-40.289],[175.163,-40.622],[174.635,-41.289],[175.166,-41.417],[175.31,-41.611],[175.983,-41.213],[176.842,-40.158],[177.11,-39.673],[176.954,-39.368],[177.408,-39.081],[177.966,-39.142],[177.976,-38.722],[178.268,-38.551],[178.536,-37.692],[178.009,-37.555],[177.336,-37.991],[176.77,-37.89],[176.108,-37.645],[175.876,-36.958],[175.461,-36.476],[175.3,-36.993],[174.722,-36.841],[174.802,-36.309],[174.391,-35.774],[174.543,-35.582],[174.32,-35.247],[173.844,-35.026],[173.269,-34.935]]]]},"properties":{"NAME":"New Zealand","NAME_JA":"ニュージーランド","ISO_A3":"NZL","CONTINENT":"Oceania","SUBREGION":"Australia and New Zealand","POP_EST":4917000}},
{"type":"Feature","geometry":{"type":"Polygon","coordinates":[[[-169.803,-19.083],[-169.834,-18.966],[-169.948,-19.073],[-169.904,-19.138],[-169.803,-19.083]]]},"properties":{"NAME":"Niue","NAME_JA":"ニウエ","ISO_A3":"NIU","CONTINENT":"Oceania","SUBREGION":"Polynesia","POP_EST":1620}},
{"type":"Feature","geometry":{"type":"Polygon","coordinates":[[[-159.741,-21.249],[-159.768,-21.188],[-159.832,-21.2],[-159.84,-21.238],[-159.741,-21.249]]]},"properties":{"NAME":"Cook Is.","NAME_JA":"クック諸島","ISO_A3":"COK","CONTINENT":"Oceania","SUBREGION":"Polynesia","POP_EST":17459}},
{"type":"Feature","geometry":{"type":"MultiPolygon","coordinates":[[[[5.994,50.75],[5.895,50.984],[6.193,51.489],[5.949,51.762],[6.742,51.911],[7.035,52.38],[7.197,53.282],[6.816,53.441],[6.062,53.407],[4.678,52.81],[4.483,52.309],[3.587,51.454],[4.226,51.386],[4.503,51.475],[5.509,51.275],[5.827,51.126],[5.994,50.75]]],[[[4.226,51.386],[3.35,51.378],[3.902,51.208],[4.226,51.386]]]]},"properties":{"NAME":"Netherlands","NAME_JA":"オランダ","ISO_A3":"NLD","CONTINENT":"Europe","SUBREGION":"Western Europe","POP_EST":17332850}},
{"type":"Feature","geometry":{"type":"Polygon","coordinates":[[[-69.899,12.452],[-69.973,12.568],[-70.066,12.547],[-69.942,12.439],[-69.899,12.452]]]},"properties":{"NAME":"Aruba","NAME_JA":"アルバ","ISO_A3":"ABW","CONTINENT":"North America","SUBREGION":"Caribbean","POP_EST":106314}},
{"type":"Feature","geometry":{"type":"Polygon","coordinates":[[[-68.751,12.06],[-68.827,12.159],[-69.013,12.231],[-69.077,12.342],[-69.154,12.298],[-68.995,12.142],[-68.803,12.045],[-68.751,12.06]]]},"properties":{"NAME":"Curaçao","NAME_JA":"キュラソー","ISO_A3":"CUW","CONTINENT":"North America","SUBREGION":"Caribbean","POP_EST":157538}},
{"type":"Feature","geometry":{"type":"Polygon","coordinates":[[[88.11,27.871],[87.141,27.838],[86.554,28.085],[86.409,27.929],[85.678,28.277],[85.122,28.316],[85.159,28.592],[84.714,28.596],[84.229,28.912],[84.101,29.22],[83.583,29.184],[83.155,29.613],[82.854,29.683],[82.159,30.115],[82.043,30.327],[81.417,30.338],[81.01,30.165],[80.402,29.73],[80.071,28.83],[80.587,28.65],[81.169,28.335],[81.853,27.867],[81.988,27.914],[82.733,27.519],[83.29,27.371],[83.829,27.378],[84.091,27.491],[84.61,27.299],[84.685,27.041],[85.293,26.741],[85.568,26.84],[85.737,26.64],[86.366,26.574],[86.701,26.435],[87.016,26.555],[87.287,26.36],[88.055,26.43],[88.162,26.725],[87.984,27.134],[88.11,27.871]]]},"properties":{"NAME":"Nepal","NAME_JA":"ネパール","ISO_A3":"NPL","CONTINENT":"Asia","SUBREGION":"Southern Asia","POP_EST":28608710}},
{"type":"Feature","geometry":{"type":"Polygon","coordinates":[[[166.958,-0.517],[166.914,-0.499],[166.916,-0.546],[166.958,-0.517]]]},"properties":{"NAME":"Nauru","NAME_JA":"ナウル","ISO_A3":"NRU","CONTINENT":"Oceania","SUBREGION":"Micronesia","POP_EST":12581}},
{"type":"Feature","geometry":{"type":"Polygon","coordinates":[[[23.381,-17.641],[21.417,-18.001],[20.625,-17.997],[20.393,-17.887],[19.076,-17.818],[18.718,-17.703],[18.396,-17.399],[16.531,-17.391],[13.938,-17.389],[13.404,-17.008],[13.101,-16.968],[12.548,-17.213],[12.014,-17.169],[11.743,-17.249],[11.776,-18.002],[12.096,-18.541],[12.458,-18.927],[13.042,-20.028],[13.168,-20.185],[13.451,-20.917],[13.973,-21.768],[14.322,-22.19],[14.526,-22.703],[14.403,-22.968],[14.474,-23.281],[14.502,-24.202],[14.837,-25.033],[14.845,-25.726],[14.968,-26.318],[15.342,-27.387],[15.719,-27.966],[16.448,-28.618],[16.756,-28.452],[17.056,-28.031],[17.386,-28.353],[17.448,-28.698],[18.311,-28.886],[19.026,-28.928],[19.671,-28.504],[19.98,-28.451],[19.98,-26.531],[19.98,-24.777],[19.979,-23.103],[19.977,-22],[20.971,-22],[20.976,-19.744],[20.974,-18.319],[22.011,-18.199],[23.1,-18.01],[23.299,-18.027],[23.581,-18.453],[24.359,-17.978],[24.531,-18.053],[24.909,-17.821],[25.259,-17.794],[24.932,-17.543],[24.275,-17.481],[23.381,-17.641]]]},"properties":{"NAME":"Namibia","NAME_JA":"ナミビア","ISO_A3":"NAM","CONTINENT":"Africa","SUBREGION":"Southern Africa","POP_EST":2494530}},
{"type":"Feature","geometry":{"type":"Polygon","coordinates":[[[31.288,-22.402],[31.546,-23.482],[31.8,-23.892],[31.986,-24.461],[31.948,-25.958],[32.113,-26.839],[32.886,-26.849],[32.934,-26.252],[32.59,-26.004],[32.792,-25.644],[33.347,-25.261],[34.607,-24.821],[35.156,-24.541],[35.438,-24.171],[35.37,-23.798],[35.575,-22.963],[35.316,-22.397],[35.268,-21.651],[34.982,-20.806],[34.698,-20.404],[34.756,-19.822],[34.948,-19.813],[35.365,-19.494],[35.651,-19.164],[36.125,-18.842],[36.404,-18.77],[36.54,-18.518],[37.245,-17.74],[38.145,-17.243],[39.084,-16.973],[39.242,-16.793],[39.845,-16.436],[40.109,-15.979],[40.559,-15.473],[40.618,-15.116],[40.835,-14.792],[40.64,-14.39],[40.545,-13.463],[40.581,-12.636],[40.403,-11.332],[40.545,-11.066],[40.464,-10.464],[39.989,-10.821],[39.322,-11.123],[38.795,-11.229],[38.492,-11.413],[37.92,-11.295],[37.542,-11.675],[36.979,-11.567],[36.519,-11.716],[36.191,-11.671],[35.785,-11.453],[35.631,-11.582],[34.959,-11.578],[34.66,-11.589],[34.361,-12.211],[34.483,-12.667],[34.564,-13.36],[34.85,-13.516],[35.247,-13.897],[35.847,-14.671],[35.83,-15.419],[35.755,-16.058],[35.358,-16.161],[35.167,-16.56],[35.29,-17.097],[34.396,-16.199],[34.248,-15.887],[34.541,-15.297],[34.505,-14.598],[34.333,-14.409],[33.636,-14.568],[33.202,-14.013],[31.729,-14.496],[30.232,-14.99],[30.396,-15.643],[30.438,-15.995],[31.236,-16.024],[31.688,-16.214],[31.94,-16.429],[32.243,-16.449],[32.948,-16.712],[32.993,-18.36],[32.717,-19.002],[32.778,-19.389],[33.007,-19.874],[32.673,-20.516],[32.478,-20.713],[32.371,-21.335],[31.288,-22.402]]]},"properties":{"NAME":"Mozambique","NAME_JA":"モザンビーク","ISO_A3":"MOZ","CONTINENT":"Africa","SUBREGION":"Eastern Africa","POP_EST":30366036}},
{"type":"Feature","geometry":{"type":"Polygon","coordinates":[[[-2.22,35.104],[-2.84,35.128],[-3.693,35.28],[-4.33,35.161],[-4.837,35.281],[-5.105,35.468],[-5.397,35.93],[-5.925,35.786],[-6.353,34.776],[-6.901,33.969],[-7.562,33.64],[-8.301,33.374],[-8.596,33.187],[-9.246,32.572],[-9.347,32.086],[-9.809,31.425],[-9.875,30.718],[-9.653,30.448],[-9.667,30.109],[-9.853,29.809],[-10.486,29.065],[-11.081,28.714],[-11.43,28.382],[-11.986,28.129],[-12.949,27.914],[-13.176,27.656],[-13.576,26.735],[-14.414,26.254],[-14.795,25.404],[-14.856,24.872],[-15.039,24.549],[-15.586,24.073],[-16.21,23.098],[-16.514,22.333],[-16.931,21.9],[-17.003,21.421],[-15.751,21.491],[-14.841,21.451],[-14.631,21.861],[-14.221,22.31],[-14.021,23.411],[-13.771,23.791],[-13.311,23.981],[-13.061,24.401],[-12.431,24.831],[-12.031,26.031],[-11.718,26.104],[-11.338,26.633],[-11.393,26.883],[-10.923,27.01],[-10.251,26.861],[-9.735,26.861],[-9.413,27.088],[-8.754,27.191],[-8.683,27.656],[-8.66,28.719],[-7.685,29.35],[-7.095,29.625],[-6.635,29.569],[-6.501,29.809],[-5.449,29.957],[-4.968,30.465],[-4.323,30.699],[-3.985,30.914],[-3.833,31.198],[-3.827,31.662],[-3.017,31.834],[-2.931,32.043],[-2.448,32.13],[-1.275,32.089],[-1.066,32.468],[-1.51,32.878],[-1.679,33.319],[-1.707,34.176],[-1.796,34.752],[-2.22,35.104]]]},"properties":{"NAME":"Morocco","NAME_JA":"モロッコ","ISO_A3":"MAR","CONTINENT":"Africa","SUBREGION":"Northern Africa","POP_EST":36471769}},
{"type":"Feature","geometry":{"type":"Polygon","coordinates":[[[-8.683,27.656],[-8.754,27.191],[-9.413,27.088],[-9.735,26.861],[-10.251,26.861],[-10.923,27.01],[-11.393,26.883],[-11.338,26.633],[-11.718,26.104],[-12.031,26.031],[-12.431,24.831],[-13.061,24.401],[-13.311,23.981],[-13.771,23.791],[-14.021,23.411],[-14.221,22.31],[-14.631,21.861],[-14.841,21.451],[-15.751,21.491],[-17.003,21.421],[-17.048,20.806],[-16.965,21.329],[-15.231,21.331],[-13.016,21.334],[-13.094,22.496],[-13.167,22.753],[-13.031,23],[-12.62,23.271],[-12.023,23.468],[-12.016,25.995],[-10.376,25.995],[-8.682,25.996],[-8.683,27.286],[-8.683,27.656]]]},"properties":{"NAME":"W. Sahara","NAME_JA":"西サハラ","ISO_A3":"ESH","CONTINENT":"Africa","SUBREGION":"Northern Africa","POP_EST":603253}},
{"type":"Feature","geometry":{"type":"Polygon","coordinates":[[[19.194,43.533],[18.94,43.497],[18.444,42.968],[18.436,42.56],[18.517,42.433],[18.894,42.249],[19.342,41.869],[19.281,42.173],[19.654,42.629],[20.064,42.547],[20.344,42.828],[19.552,43.212],[19.194,43.533]]]},"properties":{"NAME":"Montenegro","NAME_JA":"モンテネグロ","ISO_A3":"MNE","CONTINENT":"Europe","SUBREGION":"Southern Europe","POP_EST":622137}},
{"type":"Feature","geometry":{"type":"Polygon","coordinates":[[[87.814,49.162],[87.743,48.882],[87.98,48.555],[88.517,48.384],[89.048,48.003],[89.561,48.004],[90.313,47.676],[90.496,47.285],[90.87,46.954],[91.034,46.529],[91.002,46.036],[90.662,45.525],[90.877,45.196],[91.584,45.077],[92.788,45.036],[93.656,44.901],[94.712,44.351],[95.35,44.278],[95.913,43.206],[96.385,42.72],[97.206,42.79],[99.468,42.568],[99.984,42.677],[101.714,42.466],[101.973,42.216],[103.073,42.006],[103.711,41.751],[104.498,41.877],[104.498,41.659],[105.051,41.616],[105.197,41.738],[106.77,42.289],[108.171,42.447],[109.443,42.456],[110.4,42.774],[111.007,43.341],[111.933,43.711],[111.402,44.367],[111.621,44.827],[111.898,45.064],[112.411,45.058],[112.597,44.918],[113.587,44.746],[114.03,44.943],[114.517,45.365],[115.681,45.458],[116.241,45.796],[116.563,46.29],[117.333,46.362],[118.309,46.717],[119.707,46.606],[119.898,46.858],[119.711,47.15],[118.498,47.984],[117.768,47.988],[117.351,47.652],[116.761,47.87],[116.231,47.858],[115.898,47.687],[115.558,47.945],[115.954,48.689],[116.683,49.824],[116.135,50.011],[115.718,49.881],[115.275,49.949],[114.743,50.234],[114.297,50.274],[113.164,49.797],[113.056,49.616],[112.08,49.424],[111.337,49.356],[110.828,49.166],[110.2,49.17],[109.237,49.335],[108.614,49.323],[108.034,49.594],[107.948,49.925],[107.233,49.989],[106.711,50.313],[106.218,50.305],[105.384,50.474],[103.633,50.139],[102.683,50.387],[102.288,50.585],[102.112,51.353],[101.381,51.453],[100.536,51.713],[99.922,51.756],[98.849,52.07],[97.947,51.348],[97.825,50.985],[98.279,50.533],[98.103,50.078],[97.209,49.731],[96.986,49.883],[96.315,49.901],[95.852,50.013],[95.523,49.911],[94.615,50.024],[94.251,50.556],[91.804,50.694],[89.644,49.903],[89.654,49.717],[88.832,49.448],[88.193,49.452],[87.814,49.162]]]},"properties":{"NAME":"Mongolia","NAME_JA":"モンゴル国","ISO_A3":"MNG","CONTINENT":"Asia","SUBREGION":"Eastern Asia","POP_EST":3225167}},
{"type":"Feature","geometry":{"type":"Polygon","coordinates":[[[26.619,48.26],[26.981,48.155],[27.337,47.64],[28.072,46.978],[28.244,46.451],[28.1,45.973],[28.213,45.45],[28.948,46.05],[28.927,46.424],[29.146,46.527],[29.838,46.351],[29.878,46.829],[29.572,46.964],[29.549,47.247],[29.16,47.456],[29.195,47.882],[28.774,48.12],[28.327,48.161],[27.549,48.478],[26.847,48.387],[26.619,48.26]]]},"properties":{"NAME":"Moldova","NAME_JA":"モルドバ","ISO_A3":"MDA","CONTINENT":"Europe","SUBREGION":"Eastern Europe","POP_EST":2657637}},
{"type":"Feature","geometry":{"type":"Polygon","coordinates":[[[7.439,43.75],[7.414,43.771],[7.378,43.732],[7.439,43.75]]]},"properties":{"NAME":"Monaco","NAME_JA":"モナコ","ISO_A3":"MCO","CONTINENT":"Europe","SUBREGION":"Western Europe","POP_EST":38964}},
{"type":"Feature","geometry":{"type":"Polygon","coordinates":[[[-117.128,32.533],[-116.848,31.997],[-116.621,31.851],[-116.662,31.565],[-116.062,30.804],[-115.996,30.414],[-115.816,30.304],[-115.674,29.756],[-114.994,29.384],[-114.146,28.605],[-114.048,28.426],[-114.301,27.873],[-114.994,27.736],[-114.54,27.431],[-114.445,27.218],[-113.841,26.967],[-113.599,26.721],[-113.206,26.857],[-113.021,26.583],[-112.377,26.214],[-112.174,25.913],[-112.056,25.488],[-112.073,24.84],[-111.419,24.329],[-110.363,23.605],[-110.086,23.005],[-109.923,22.886],[-109.458,23.215],[-109.421,23.48],[-110.023,24.175],[-110.547,24.214],[-110.735,24.59],[-110.677,24.789],[-111.034,25.527],[-111.292,25.79],[-111.332,26.125],[-111.57,26.708],[-112.009,26.967],[-112.329,27.523],[-112.734,27.826],[-112.871,28.424],[-113.206,28.799],[-113.5,28.927],[-113.755,29.367],[-114.373,29.83],[-114.65,30.238],[-114.633,30.507],[-114.882,31.156],[-114.84,31.799],[-114.149,31.507],[-113.948,31.629],[-113.623,31.346],[-113.047,31.179],[-113.11,30.793],[-112.738,29.985],[-112.223,29.269],[-112.162,29.019],[-111.68,28.471],[-111.472,28.384],[-111.121,27.967],[-110.53,27.864],[-110.615,27.654],[-110.478,27.323],[-109.944,27.079],[-109.755,26.703],[-109.483,26.71],[-109.2,26.305],[-109.426,26.033],[-109.385,25.727],[-109.029,25.48],[-108.374,25.194],[-107.951,24.615],[-107.527,24.36],[-106.935,23.881],[-106.402,23.196],[-105.792,22.627],[-105.646,22.327],[-105.649,21.988],[-105.431,21.618],[-105.209,21.491],[-105.237,21.119],[-105.492,20.777],[-105.26,20.579],[-105.669,20.386],[-105.482,19.976],[-104.938,19.309],[-103.912,18.828],[-103.442,18.325],[-102.7,18.063],[-101.847,17.922],[-101.6,17.652],[-100.848,17.2],[-100.025,16.921],[-99.691,16.72],[-98.762,16.535],[-98.52,16.305],[-98.139,16.206],[-97.755,15.967],[-97.185,15.909],[-96.511,15.652],[-96.214,15.693],[-95.464,15.975],[-94.9,16.417],[-94.662,16.202],[-94.374,16.285],[-93.916,16.054],[-92.809,15.139],[-92.235,14.545],[-92.075,15.074],[-92.187,15.321],[-91.737,16.07],[-90.447,16.073],[-90.417,16.391],[-90.711,16.708],[-91.41,17.256],[-90.993,17.252],[-90.989,17.816],[-89.161,17.815],[-88.806,17.966],[-88.523,18.446],[-88.296,18.472],[-88.197,18.72],[-87.762,18.446],[-87.425,19.583],[-87.467,20.102],[-87.221,20.507],[-86.865,20.885],[-86.824,21.422],[-87.035,21.592],[-87.251,21.447],[-88.132,21.616],[-88.879,21.414],[-89.82,21.275],[-90.353,21.009],[-90.484,20.556],[-90.507,19.912],[-90.693,19.73],[-90.739,19.352],[-91.343,18.901],[-91.275,18.624],[-91.803,18.471],[-91.974,18.716],[-92.71,18.612],[-92.885,18.469],[-93.552,18.43],[-94.189,18.195],[-94.546,18.175],[-94.798,18.515],[-95.182,18.701],[-95.821,18.755],[-96.29,19.344],[-96.456,19.87],[-97.121,20.615],[-97.638,21.604],[-97.858,22.625],[-97.745,22.942],[-97.766,23.306],[-97.668,24.39],[-97.507,25.015],[-97.225,25.585],[-97.146,25.961],[-97.358,25.871],[-98.083,26.064],[-99.108,26.447],[-99.444,27.037],[-99.505,27.548],[-99.754,27.73],[-100.296,28.328],[-100.659,29.069],[-101.44,29.777],[-102.269,29.871],[-102.734,29.644],[-102.892,29.216],[-103.258,29.001],[-103.99,29.323],[-104.401,29.574],[-104.979,30.646],[-105.276,30.807],[-106.256,31.545],[-106.453,31.77],[-108.212,31.779],[-108.214,31.329],[-111.042,31.324],[-112.939,31.916],[-114.836,32.508],[-114.725,32.715],[-117.128,32.533]]]},"properties":{"NAME":"Mexico","NAME_JA":"メキシコ","ISO_A3":"MEX","CONTINENT":"North America","SUBREGION":"Central America","POP_EST":127575529}},
{"type":"Feature","geometry":{"type":"Polygon","coordinates":[[[57.651,-20.485],[57.792,-20.213],[57.576,-19.997],[57.386,-20.229],[57.651,-20.485]]]},"properties":{"NAME":"Mauritius","NAME_JA":"モーリシャス","ISO_A3":"MUS","CONTINENT":"Seven seas (open ocean)","SUBREGION":"Eastern Africa","POP_EST":1265711}},
{"type":"Feature","geometry":{"type":"Polygon","coordinates":[[[-12.281,14.809],[-11.873,14.995],[-11.76,15.426],[-11.503,15.637],[-10.896,15.15],[-10.697,15.423],[-9.941,15.374],[-9.177,15.496],[-7.559,15.496],[-5.512,15.496],[-5.36,16.283],[-5.629,16.569],[-5.884,18.799],[-6.083,20.54],[-6.368,23.026],[-6.594,24.995],[-4.823,24.996],[-6.239,25.848],[-7.367,26.512],[-8.683,27.286],[-8.682,25.996],[-10.376,25.995],[-12.016,25.995],[-12.023,23.468],[-12.62,23.271],[-13.031,23],[-13.167,22.753],[-13.094,22.496],[-13.016,21.334],[-15.231,21.331],[-16.965,21.329],[-17.048,20.806],[-16.876,21.086],[-16.623,20.634],[-16.43,20.652],[-16.21,20.228],[-16.283,19.787],[-16.514,19.362],[-16.213,19.003],[-16.085,18.521],[-16.03,17.888],[-16.079,17.546],[-16.347,16.926],[-16.536,16.287],[-16.535,15.838],[-16.441,16.205],[-16.168,16.547],[-15.621,16.507],[-15.113,16.645],[-14.534,16.656],[-14.3,16.58],[-13.868,16.148],[-13.41,16.059],[-13.258,15.7],[-12.858,15.243],[-12.281,14.809]]]},"properties":{"NAME":"Mauritania","NAME_JA":"モーリタニア","ISO_A3":"MRT","CONTINENT":"Africa","SUBREGION":"Western Africa","POP_EST":4525696}},
{"type":"Feature","geometry":{"type":"Polygon","coordinates":[[[14.566,35.853],[14.448,35.957],[14.352,35.872],[14.436,35.822],[14.566,35.853]]]},"properties":{"NAME":"Malta","NAME_JA":"マルタ","ISO_A3":"MLT","CONTINENT":"Europe","SUBREGION":"Southern Europe","POP_EST":502653}},
{"type":"Feature","geometry":{"type":"Polygon","coordinates":[[[-11.389,12.404],[-11.305,12.015],[-10.933,12.205],[-10.677,11.899],[-10.275,12.213],[-9.821,12.042],[-9.043,12.402],[-8.818,11.923],[-8.822,11.673],[-8.407,11.386],[-8.664,11.036],[-8.337,10.991],[-8.231,10.438],[-7.991,10.163],[-7.661,10.427],[-7.105,10.204],[-6.693,10.349],[-6.565,10.586],[-6.261,10.724],[-6.035,10.195],[-5.844,10.39],[-5.524,10.426],[-5.49,11.042],[-5.3,11.206],[-5.288,11.828],[-4.798,12.032],[-4.429,12.338],[-4.481,12.672],[-4.227,12.794],[-4.329,13.119],[-4.051,13.382],[-3.576,13.194],[-3.302,13.281],[-3.198,13.673],[-2.917,13.679],[-2.874,13.951],[-2.457,14.274],[-2.113,14.168],[-1.973,14.457],[-1.768,14.486],[-1.05,14.82],[-0.76,15.048],[-0.236,15.059],[0.217,14.911],[0.96,14.987],[1.3,15.272],[3.504,15.356],[3.877,15.755],[4.121,16.358],[4.235,16.996],[4.228,19.143],[3.401,18.988],[3.106,19.15],[3.256,19.411],[3.204,19.79],[2.406,20.064],[2.219,20.248],[1.685,20.378],[1.611,20.556],[1.166,20.817],[1.146,21.102],[-0.311,22.054],[-1.293,22.697],[-3.258,23.981],[-4.823,24.996],[-6.594,24.995],[-6.368,23.026],[-6.083,20.54],[-5.884,18.799],[-5.629,16.569],[-5.36,16.283],[-5.512,15.496],[-7.559,15.496],[-9.177,15.496],[-9.941,15.374],[-10.697,15.423],[-10.896,15.15],[-11.503,15.637],[-11.76,15.426],[-11.873,14.995],[-12.281,14.809],[-12.228,14.459],[-12.019,14.206],[-12.054,13.633],[-11.635,13.37],[-11.39,12.942],[-11.389,12.404]]]},"properties":{"NAME":"Mali","NAME_JA":"マリ共和国","ISO_A3":"MLI","CONTINENT":"Africa","SUBREGION":"Western Africa","POP_EST":19658031}},
{"type":"Feature","geometry":{"type":"Polygon","coordinates":[[[73.512,4.165],[73.528,4.243],[73.504,4.235],[73.473,4.171],[73.512,4.165]]]},"properties":{"NAME":"Maldives","NAME_JA":"モルディブ","ISO_A3":"MDV","CONTINENT":"Seven seas (open ocean)","SUBREGION":"Southern Asia","POP_EST":530953}},
{"type":"Feature","geometry":{"type":"MultiPolygon","coordinates":[[[[100.119,6.442],[100.343,5.984],[100.353,5.588],[100.615,4.652],[100.715,3.966],[101.3,3.253],[101.296,2.885],[101.781,2.574],[102.146,2.248],[102.727,1.856],[103.357,1.546],[103.695,1.45],[104.288,1.481],[103.812,2.58],[103.439,2.933],[103.454,3.521],[103.362,3.769],[103.469,4.393],[103.416,4.85],[102.982,5.525],[102.534,5.863],[102.34,6.172],[102.101,6.242],[101.874,5.825],[101.556,5.908],[101.257,5.789],[101.076,5.956],[101.054,6.243],[100.794,6.426],[100.345,6.55],[100.119,6.442]]],[[[117.574,4.171],[117.741,4.338],[118.008,4.25],[118.498,4.362],[118.563,4.502],[118.185,4.829],[118.382,5.019],[118.672,4.964],[119.132,5.1],[119.223,5.413],[118.595,5.592],[118.116,5.863],[118.004,6.053],[117.617,5.941],[117.646,6.474],[117.294,6.677],[117.129,6.969],[116.913,6.66],[116.75,6.977],[116.495,6.522],[116.138,6.13],[115.797,5.536],[115.419,5.413],[115.52,5.049],[115.14,4.9],[115.027,4.9],[114.747,4.718],[114.84,4.393],[114.608,4.024],[114.064,4.593],[113.924,4.243],[113.446,3.741],[113.045,3.205],[112.737,3.07],[111.728,2.854],[111.242,2.436],[111.268,2.14],[111.154,1.739],[110.94,1.517],[110.349,1.72],[109.985,1.718],[109.629,2.028],[109.654,1.615],[110.506,0.862],[110.938,1.017],[111.77,0.999],[112.079,1.143],[112.186,1.439],[112.476,1.559],[112.943,1.567],[113.007,1.434],[113.622,1.236],[113.902,1.434],[114.546,1.467],[114.831,1.98],[114.786,2.25],[115.179,2.523],[115.086,2.841],[115.454,3.034],[115.566,3.446],[115.568,3.939],[115.896,4.349],[117.101,4.337],[117.574,4.171]]]]},"properties":{"NAME":"Malaysia","NAME_JA":"マレーシア","ISO_A3":"MYS","CONTINENT":"Asia","SUBREGION":"South-Eastern Asia","POP_EST":31949777}},
{"type":"Feature","geometry":{"type":"Polygon","coordinates":[[[33.202,-14.013],[33.636,-14.568],[34.333,-14.409],[34.505,-14.598],[34.541,-15.297],[34.248,-15.887],[34.396,-16.199],[35.29,-17.097],[35.167,-16.56],[35.358,-16.161],[35.755,-16.058],[35.83,-15.419],[35.847,-14.671],[35.247,-13.897],[34.85,-13.516],[34.564,-13.36],[34.483,-12.667],[34.361,-12.211],[34.66,-11.589],[34.959,-11.578],[34.598,-11.037],[34.662,-10.71],[34.524,-10.03],[34.321,-9.732],[32.92,-9.407],[33.351,-9.862],[33.659,-10.591],[33.261,-10.893],[33.38,-11.158],[33.226,-11.535],[33.252,-12.113],[33.398,-12.49],[33.022,-12.63],[32.968,-13.225],[32.672,-13.61],[32.992,-14.022],[33.202,-14.013]]]},"properties":{"NAME":"Malawi","NAME_JA":"マラウイ","ISO_A3":"MWI","CONTINENT":"Africa","SUBREGION":"Eastern Africa","POP_EST":18628747}},
{"type":"Feature","geometry":{"type":"Polygon","coordinates":[[[49.538,-12.432],[49.207,-12.08],[48.9,-12.458],[48.91,-12.936],[48.796,-13.267],[47.996,-13.96],[47.773,-14.37],[47.812,-14.545],[46.475,-15.513],[46.331,-15.714],[45.7,-15.814],[45.598,-15.993],[45.167,-15.983],[44.909,-16.175],[44.476,-16.217],[44.421,-16.703],[43.979,-17.392],[44.04,-18.288],[44.233,-18.741],[44.239,-19.075],[44.449,-19.429],[44.405,-19.922],[44.24,-20.38],[43.911,-20.866],[43.8,-21.179],[43.502,-21.356],[43.267,-22.049],[43.398,-22.886],[43.722,-23.53],[43.646,-23.742],[43.688,-24.358],[44.035,-24.996],[44.346,-25.226],[44.813,-25.334],[45.115,-25.543],[45.508,-25.563],[46.159,-25.23],[46.729,-25.15],[47.177,-24.787],[47.558,-23.875],[47.908,-22.466],[48.351,-21.349],[48.607,-20.458],[49.06,-19.12],[49.478,-17.899],[49.437,-17.347],[49.54,-17.033],[49.767,-16.815],[49.831,-16.256],[49.713,-16.077],[49.65,-15.567],[49.893,-15.458],[50.209,-15.96],[50.483,-15.386],[50.235,-14.732],[50.174,-14.04],[49.938,-13.072],[49.538,-12.432]]]},"properties":{"NAME":"Madagascar","NAME_JA":"マダガスカル","ISO_A3":"MDG","CONTINENT":"Africa","SUBREGION":"Eastern Africa","POP_EST":26969307}},
{"type":"Feature","geometry":{"type":"Polygon","coordinates":[[[21.563,42.248],[21.06,42.171],[20.566,41.874],[20.489,41.273],[20.741,40.905],[20.964,40.85],[21.576,40.869],[21.929,41.107],[22.494,41.119],[22.916,41.336],[23.006,41.717],[22.837,41.994],[22.344,42.314],[21.563,42.248]]]},"properties":{"NAME":"North Macedonia","NAME_JA":"北マケドニア","ISO_A3":"MKD","CONTINENT":"Europe","SUBREGION":"Southern Europe","POP_EST":2083459}},
{"type":"Feature","geometry":{"type":"Polygon","coordinates":[[[6.117,50.121],[5.744,49.92],[5.79,49.538],[6.344,49.453],[6.487,49.798],[6.117,50.121]]]},"properties":{"NAME":"Luxembourg","NAME_JA":"ルクセンブルク","ISO_A3":"LUX","CONTINENT":"Europe","SUBREGION":"Western Europe","POP_EST":619896}},
{"type":"Feature","geometry":{"type":"Polygon","coordinates":[[[22.766,54.357],[23.454,54.143],[23.485,53.94],[24.768,53.975],[25.547,54.332],[25.859,54.919],[26.175,55.003],[26.594,55.668],[25.586,56.13],[25.07,56.2],[24.903,56.398],[24.121,56.264],[23.813,56.329],[22.085,56.407],[21.046,56.07],[21.236,55.264],[22.072,55.064],[22.567,55.059],[22.831,54.838],[22.766,54.357]]]},"properties":{"NAME":"Lithuania","NAME_JA":"リトアニア","ISO_A3":"LTU","CONTINENT":"Europe","SUBREGION":"Northern Europe","POP_EST":2786844}},
{"type":"Feature","geometry":{"type":"Polygon","coordinates":[[[9.58,47.057],[9.528,47.271],[9.488,47.062],[9.58,47.057]]]},"properties":{"NAME":"Liechtenstein","NAME_JA":"リヒテンシュタイン","ISO_A3":"LIE","CONTINENT":"Europe","SUBREGION":"Western Europe","POP_EST":38019}},
{"type":"Feature","geometry":{"type":"Polygon","coordinates":[[[9.519,30.229],[9.31,30.115],[9.673,29.567],[9.843,28.967],[9.816,28.56],[9.916,27.786],[9.748,27.331],[9.894,26.848],[9.859,26.552],[9.491,26.334],[9.448,26.067],[10.001,25.332],[10.028,25.051],[10.256,24.591],[10.686,24.551],[11.537,24.291],[11.968,23.518],[13.481,23.18],[14.231,22.618],[14.979,22.996],[15.984,23.445],[18.231,22.336],[19.669,21.626],[21.585,20.679],[23.98,19.497],[23.98,19.996],[24.979,20.003],[24.98,21.996],[24.98,24.017],[24.98,25.589],[24.98,27.161],[24.98,29.182],[24.726,30.251],[24.974,30.777],[24.853,31.335],[25.15,31.655],[25.025,31.883],[24.684,32.016],[24.13,32.009],[23.798,32.159],[23.286,32.214],[23.091,32.619],[22.187,32.918],[21.636,32.937],[20.621,32.58],[20.121,32.219],[19.926,31.818],[20.151,31.079],[19.713,30.488],[19.292,30.288],[18.936,30.29],[18.19,30.777],[17.349,31.081],[16.782,31.215],[16.123,31.264],[15.706,31.426],[15.496,31.657],[15.359,32.16],[15.177,32.391],[14.513,32.511],[14.237,32.681],[13.283,32.915],[12.754,32.801],[12.28,32.859],[11.505,33.182],[11.505,32.414],[10.826,32.081],[10.115,31.464],[10.216,30.783],[9.895,30.387],[9.519,30.229]]]},"properties":{"NAME":"Libya","NAME_JA":"リビア","ISO_A3":"LBY","CONTINENT":"Africa","SUBREGION":"Northern Africa","POP_EST":6777452}},
{"type":"Feature","geometry":{"type":"Polygon","coordinates":[[[-11.508,6.907],[-11.292,6.688],[-10.849,6.465],[-10.786,6.31],[-10.276,6.078],[-9.132,5.055],[-8.259,4.59],[-7.545,4.351],[-7.569,5.081],[-7.43,5.325],[-7.454,5.841],[-7.797,5.975],[-7.889,6.235],[-8.204,6.291],[-8.604,6.508],[-8.333,6.802],[-8.297,7.074],[-8.486,7.558],[-8.708,7.659],[-8.89,7.263],[-9.118,7.216],[-9.46,7.443],[-9.369,7.64],[-9.518,8.346],[-9.768,8.535],[-10.283,8.485],[-10.647,7.759],[-11.268,7.233],[-11.508,6.907]]]},"properties":{"NAME":"Liberia","NAME_JA":"リベリア","ISO_A3":"LBR","CONTINENT":"Africa","SUBREGION":"Western Africa","POP_EST":4937374}},
{"type":"Feature","geometry":{"type":"Polygon","coordinates":[[[28.737,-30.102],[29.098,-29.919],[29.391,-29.27],[29.301,-29.09],[28.626,-28.582],[27.736,-28.94],[27.295,-29.519],[27.052,-29.664],[27.388,-30.316],[27.753,-30.6],[28.018,-30.642],[28.392,-30.148],[28.737,-30.102]]]},"properties":{"NAME":"Lesotho","NAME_JA":"レソト","ISO_A3":"LSO","CONTINENT":"Africa","SUBREGION":"Southern Africa","POP_EST":2125268}},
{"type":"Feature","geometry":{"type":"Polygon","coordinates":[[[35.976,34.629],[35.648,34.248],[35.612,34.032],[35.109,33.084],[35.411,33.076],[35.841,33.416],[35.869,33.432],[35.942,33.668],[36.585,34.221],[36.433,34.613],[35.976,34.629]]]},"properties":{"NAME":"Lebanon","NAME_JA":"レバノン","ISO_A3":"LBN","CONTINENT":"Asia","SUBREGION":"Western Asia","POP_EST":6855713}},
{"type":"Feature","geometry":{"type":"Polygon","coordinates":[[[26.594,55.668],[27.053,55.831],[27.577,55.799],[28.148,56.143],[28.103,56.546],[27.806,56.867],[27.797,57.317],[27.352,57.528],[26.533,57.531],[25.991,57.838],[25.111,58.063],[24.323,57.871],[24.403,57.325],[23.648,56.971],[22.555,57.724],[21.729,57.571],[21.351,57.018],[21.071,56.824],[21.046,56.07],[22.085,56.407],[23.813,56.329],[24.121,56.264],[24.903,56.398],[25.07,56.2],[25.586,56.13],[26.594,55.668]]]},"properties":{"NAME":"Latvia","NAME_JA":"ラトビア","ISO_A3":"LVA","CONTINENT":"Europe","SUBREGION":"Northern Europe","POP_EST":1912789}},
{"type":"Feature","geometry":{"type":"Polygon","coordinates":[[[102.127,22.379],[101.671,22.462],[101.525,22.254],[101.737,21.827],[101.705,21.15],[101.224,21.224],[101.139,21.567],[100.757,21.313],[100.249,20.73],[100.122,20.317],[100.318,20.386],[100.543,20.089],[100.398,19.756],[100.625,19.5],[101.155,19.579],[101.286,18.977],[101.051,18.407],[101.113,18.034],[100.908,17.584],[101.105,17.48],[102.101,18.211],[102.718,17.892],[103.051,18.029],[103.367,18.423],[103.95,18.319],[104.428,17.699],[104.816,17.3],[104.751,16.648],[105.047,16.16],[105.406,15.987],[105.622,15.7],[105.513,15.361],[105.476,14.53],[105.183,14.346],[105.904,13.925],[106.125,14.049],[105.979,14.343],[106.501,14.578],[106.82,14.315],[107.519,14.705],[107.48,14.98],[107.653,15.255],[107.19,15.747],[107.396,16.043],[106.696,16.459],[106.502,16.954],[105.691,17.738],[105.458,18.154],[105.086,18.45],[105.115,18.679],[104.717,18.803],[103.896,19.34],[104.032,19.675],[104.546,19.611],[104.928,20.018],[104.619,20.375],[104.583,20.647],[104.052,20.941],[103.635,20.697],[103.104,20.892],[102.851,21.266],[102.949,21.57],[102.127,22.379]]]},"properties":{"NAME":"Laos","NAME_JA":"ラオス","ISO_A3":"LAO","CONTINENT":"Asia","SUBREGION":"South-Eastern Asia","POP_EST":7169455}},
{"type":"Feature","geometry":{"type":"Polygon","coordinates":[[[70.958,40.239],[70.451,40.049],[69.967,40.202],[69.53,40.097],[69.229,39.761],[69.599,39.574],[70.608,39.564],[70.733,39.413],[71.404,39.598],[72.043,39.352],[73.235,39.375],[73.632,39.449],[73.915,39.606],[73.992,40.043],[74.412,40.137],[75.004,40.45],[75.583,40.605],[75.872,40.303],[76.48,40.45],[76.824,40.982],[77.582,40.993],[78.123,41.076],[78.362,41.372],[79.294,41.783],[80.216,42.032],[80.209,42.19],[79.921,42.413],[79.49,42.458],[79.165,42.759],[78.524,42.865],[75.79,42.933],[75.636,42.815],[75.048,42.904],[74.209,43.24],[73.556,43.003],[73.283,42.504],[71.817,42.822],[71.257,42.734],[70.947,42.249],[70.842,42.02],[70.181,41.571],[70.782,41.263],[71.408,41.136],[71.792,41.413],[72.62,40.884],[73.113,40.786],[72.358,40.402],[72.131,40.439],[71.692,40.152],[71.305,40.287],[70.958,40.239]]]},"properties":{"NAME":"Kyrgyzstan","NAME_JA":"キルギス","ISO_A3":"KGZ","CONTINENT":"Asia","SUBREGION":"Central Asia","POP_EST":6456900}},
{"type":"Feature","geometry":{"type":"Polygon","coordinates":[[[48.442,28.543],[48.184,28.979],[47.97,29.617],[47.979,29.983],[47.673,30.096],[47.114,29.961],[46.906,29.538],[46.531,29.096],[47.433,28.99],[47.671,28.533],[48.442,28.543]]]},"properties":{"NAME":"Kuwait","NAME_JA":"クウェート","ISO_A3":"KWT","CONTINENT":"Asia","SUBREGION":"Western Asia","POP_EST":4207083}},
{"type":"Feature","geometry":{"type":"Polygon","coordinates":[[[20.344,42.828],[20.064,42.547],[20.485,42.223],[20.566,41.874],[21.06,42.171],[21.563,42.248],[21.753,42.67],[21.391,42.751],[21.057,43.092],[20.624,43.034],[20.344,42.828]]]},"properties":{"NAME":"Kosovo","NAME_JA":"コソボ共和国","ISO_A3":"-99","CONTINENT":"Europe","SUBREGION":"Southern Europe","POP_EST":1794248}},
{"type":"Feature","geometry":{"type":"Polygon","coordinates":[[[-157.342,1.856],[-157.42,1.788],[-157.246,1.732],[-157.342,1.856]]]},"properties":{"NAME":"Kiribati","NAME_JA":"キリバス","ISO_A3":"KIR","CONTINENT":"Oceania","SUBREGION":"Micronesia","POP_EST":117606}},
{"type":"Feature","geometry":{"type":"Polygon","coordinates":[[[33.903,-1.002],[33.979,-1.002],[35.837,-2.037],[37.644,-3.045],[37.609,-3.46],[37.797,-3.674],[39.222,-4.692],[39.491,-4.478],[40.115,-3.251],[40.222,-2.688],[40.644,-2.539],[40.898,-2.27],[40.996,-1.951],[41.387,-1.867],[41.533,-1.695],[41.522,-1.572],[40.979,-0.87],[40.97,1.378],[40.964,2.815],[41.342,3.202],[41.884,3.978],[41.221,3.944],[40.765,4.273],[39.842,3.851],[39.494,3.456],[38.086,3.649],[36.906,4.411],[36.082,4.45],[35.763,4.808],[35.745,5.344],[35.268,5.492],[33.976,4.22],[34.165,3.813],[34.393,3.692],[34.448,3.163],[34.742,2.818],[34.964,2.062],[34.965,1.643],[34.788,1.231],[34.482,1.042],[34.161,0.605],[33.943,0.174],[33.903,-1.002]]]},"properties":{"NAME":"Kenya","NAME_JA":"ケニア","ISO_A3":"KEN","CONTINENT":"Africa","SUBREGION":"Eastern Africa","POP_EST":52573973}},
{"type":"Feature","geometry":{"type":"Polygon","coordinates":[[[70.947,42.249],[71.257,42.734],[71.817,42.822],[73.283,42.504],[73.556,43.003],[74.209,43.24],[75.048,42.904],[75.636,42.815],[75.79,42.933],[78.524,42.865],[79.165,42.759],[79.49,42.458],[79.921,42.413],[80.209,42.19],[80.165,42.666],[80.786,43.162],[80.355,44.097],[80.455,44.746],[80.059,45.006],[81.602,45.311],[82.479,45.124],[82.327,45.52],[82.555,46.159],[83.004,47.033],[83.193,47.187],[84.016,46.971],[84.667,46.972],[84.786,46.831],[85.657,47.255],[85.526,47.916],[85.749,48.385],[86.549,48.529],[86.753,49.009],[87.323,49.086],[86.614,49.61],[86.181,49.499],[85.21,49.665],[84.989,50.061],[84.258,50.288],[83.945,50.775],[83.357,50.995],[82.494,50.728],[81.466,50.74],[81.388,50.956],[80.877,51.281],[80.448,51.183],[80.424,50.946],[79.986,50.775],[79.469,51.493],[78.475,52.638],[77.704,53.379],[76.576,53.943],[76.789,54.322],[76.267,54.312],[75.052,53.827],[74.452,53.647],[73.286,53.598],[73.399,53.811],[72.914,54.107],[72.004,54.206],[71.093,54.212],[71.186,54.599],[70.738,55.305],[70.182,55.162],[68.977,55.39],[68.206,55.161],[68.074,54.96],[66.223,54.667],[65.477,54.623],[65.158,54.364],[64.461,54.384],[63.074,54.105],[61.929,53.946],[61.334,54.049],[60.979,53.622],[61.199,53.287],[62.015,53.108],[61.974,52.944],[61.047,52.972],[60.802,52.745],[60.938,52.281],[60.066,51.976],[60.465,51.651],[61.363,51.442],[61.585,51.23],[61.389,50.861],[60.638,50.664],[59.955,50.799],[59.812,50.582],[58.884,50.694],[58.359,51.064],[57.839,51.092],[57.442,50.889],[57.012,51.065],[56.491,51.02],[55.798,50.602],[55.542,50.602],[54.727,50.998],[54.421,50.78],[54.042,51.115],[53.338,51.482],[52.571,51.482],[52.331,51.681],[51.609,51.484],[50.794,51.729],[50.247,51.29],[49.498,51.084],[49.323,50.852],[48.808,50.601],[48.7,50.354],[48.843,50.013],[48.434,49.829],[47.706,50.378],[47.326,50.274],[46.992,49.853],[46.802,49.367],[47.014,49.098],[46.703,48.806],[46.661,48.412],[47.004,48.284],[47.093,47.948],[47.482,47.804],[48.11,47.745],[48.553,47.321],[48.959,46.775],[48.61,46.566],[49.232,46.337],[49.347,46.519],[50,46.634],[50.419,46.879],[51.178,47.11],[52.189,46.84],[52.483,46.991],[52.916,46.954],[53.17,46.669],[53.135,46.192],[52.774,45.573],[52.531,45.399],[51.416,45.358],[51.04,44.98],[50.86,44.629],[50.409,44.624],[50.331,44.325],[50.831,44.193],[51.302,43.482],[51.295,43.174],[51.616,43.158],[51.844,42.91],[52.597,42.76],[52.462,42.101],[52.494,41.78],[53.25,42.206],[54.121,42.335],[54.904,41.919],[55.25,41.458],[55.545,41.263],[55.977,41.322],[55.976,43.618],[55.976,44.995],[58.555,45.555],[61.008,44.394],[61.161,44.169],[61.99,43.492],[63.207,43.628],[64.443,43.551],[64.905,43.715],[65.496,43.311],[65.803,42.877],[66.1,42.991],[66.01,42.005],[66.499,41.995],[66.669,41.271],[66.814,41.142],[67.936,41.197],[68.048,40.809],[68.292,40.656],[68.987,41.205],[69.065,41.367],[70.096,41.821],[70.416,42.079],[70.947,42.249]]]},"properties":{"NAME":"Kazakhstan","NAME_JA":"カザフスタン","ISO_A3":"KAZ","CONTINENT":"Asia","SUBREGION":"Central Asia","POP_EST":18513930}},
{"type":"Feature","geometry":{"type":"Polygon","coordinates":[[[35.787,32.735],[35.551,32.396],[35.559,31.766],[35.451,31.479],[35.439,31.132],[35.174,30.524],[34.973,29.555],[34.951,29.354],[36.015,29.19],[36.476,29.495],[36.755,29.866],[37.469,29.995],[37.634,30.313],[37.98,30.5],[36.959,31.492],[38.962,31.995],[39.145,32.125],[38.774,33.372],[36.818,32.317],[36.372,32.387],[35.787,32.735]]]},"properties":{"NAME":"Jordan","NAME_JA":"ヨルダン","ISO_A3":"JOR","CONTINENT":"Asia","SUBREGION":"Western Asia","POP_EST":10101694}},
{"type":"Feature","geometry":{"type":"MultiPolygon","coordinates":[[[[143.824,44.117],[143.289,44.397],[142.704,44.819],[141.938,45.51],[141.583,45.156],[141.782,44.716],[141.645,44.019],[141.398,43.643],[141.296,43.2],[140.781,43.215],[140.224,42.796],[139.891,42.649],[139.821,42.388],[140.108,41.913],[139.995,41.576],[140.385,41.519],[140.66,41.816],[141.151,41.805],[140.315,42.334],[140.71,42.556],[140.986,42.342],[141.407,42.547],[141.851,42.579],[142.508,42.258],[143.237,42],[143.429,42.419],[143.969,42.881],[144.631,42.947],[145.347,43.177],[145.101,43.765],[144.799,43.94],[143.824,44.117]]],[[[131.175,33.603],[130.953,33.872],[130.484,33.835],[130.365,33.634],[129.66,33.365],[129.58,33.236],[130.175,32.851],[130.382,33.093],[130.641,32.619],[130.194,32.091],[130.322,31.601],[130.201,31.292],[130.589,31.179],[131.098,31.256],[131.337,31.405],[131.732,32.593],[131.977,32.844],[131.897,33.255],[131.583,33.652],[131.175,33.603]]],[[[134.357,34.256],[134.076,34.358],[133.706,34.237],[133.582,34.017],[133.134,33.927],[132.784,33.992],[132.643,33.69],[132.366,33.512],[132.511,33.293],[132.495,32.917],[132.977,32.842],[133.286,33.36],[133.632,33.511],[134.182,33.247],[134.377,33.608],[134.739,33.821],[134.638,34.227],[134.357,34.256]]],[[[141.229,41.373],[141.119,40.882],[140.281,40.846],[139.923,40.598],[139.908,40.022],[140.048,39.464],[139.802,38.882],[139.401,38.143],[138.885,37.844],[138.32,37.218],[137.514,36.952],[137.343,36.77],[136.698,36.742],[136.006,35.991],[136.095,35.768],[135.68,35.503],[135.327,35.526],[135.174,35.747],[134.214,35.539],[133.376,35.459],[132.923,35.511],[131.856,34.726],[131.354,34.413],[131.004,34.393],[130.919,33.976],[131.741,34.052],[132.09,33.855],[132.238,34.227],[133.142,34.302],[133.968,34.527],[134.208,34.698],[134.74,34.765],[135.385,34.5],[135.1,34.288],[135.175,33.898],[135.453,33.553],[135.916,33.562],[136.33,34.177],[136.854,34.324],[136.533,34.678],[136.885,34.806],[138.189,34.596],[138.577,35.086],[138.983,34.698],[139.249,35.278],[139.65,35.409],[139.799,34.957],[140.417,35.267],[140.457,35.51],[140.874,35.725],[140.622,36.059],[140.627,36.503],[140.968,37.002],[141.036,37.467],[140.928,37.95],[141.108,38.338],[141.467,38.404],[141.659,38.975],[141.901,39.111],[141.978,39.844],[141.797,40.291],[141.463,40.611],[141.4,41.096],[141.229,41.373]]]]},"properties":{"NAME":"Japan","NAME_JA":"日本","ISO_A3":"JPN","CONTINENT":"Asia","SUBREGION":"Eastern Asia","POP_EST":126264931}},
{"type":"Feature","geometry":{"type":"Polygon","coordinates":[[[-77.261,18.457],[-77.873,18.522],[-78.217,18.448],[-77.768,17.877],[-77.361,17.834],[-76.853,17.974],[-76.525,17.866],[-76.35,18.152],[-76.908,18.39],[-77.261,18.457]]]},"properties":{"NAME":"Jamaica","NAME_JA":"ジャマイカ","ISO_A3":"JAM","CONTINENT":"North America","SUBREGION":"Caribbean","POP_EST":2948279}},
{"type":"Feature","geometry":{"type":"MultiPolygon","coordinates":[[[[7.021,45.926],[6.804,45.815],[7.153,45.401],[6.628,45.118],[7.031,44.717],[6.967,44.28],[7.651,44.034],[7.493,43.767],[8.082,43.919],[8.766,44.422],[9.289,44.319],[10.048,44.02],[10.708,42.936],[11.168,42.535],[11.637,42.288],[12.631,41.47],[13.089,41.244],[13.733,41.236],[14.102,40.827],[14.459,40.633],[14.766,40.668],[14.951,40.239],[15.693,39.99],[16.024,39.354],[16.197,38.759],[15.972,38.713],[15.725,37.939],[16.057,37.942],[16.546,38.409],[16.559,38.715],[17.175,38.998],[17.115,39.381],[16.598,39.639],[16.53,39.86],[16.928,40.458],[17.865,40.28],[18.078,39.937],[18.486,40.105],[17.955,40.655],[17.103,41.062],[16.013,41.435],[15.964,41.939],[15.169,41.934],[14.866,42.053],[14.01,42.69],[13.564,43.571],[12.691,43.995],[12.396,44.224],[12.248,44.723],[12.523,44.968],[12.226,45.242],[12.274,45.446],[13.03,45.638],[13.206,45.771],[13.72,45.588],[13.4,46.318],[13.7,46.52],[12.388,46.703],[12.154,46.935],[11.244,46.976],[11.025,46.797],[10.453,46.865],[9.939,46.362],[9.251,46.287],[8.954,45.83],[8.458,46.246],[8.082,46.256],[7.993,46.016],[7.021,45.926]],[[12.439,41.898],[12.431,41.898],[12.431,41.905],[12.438,41.906],[12.439,41.898]],[[12.485,43.901],[12.397,43.935],[12.441,43.982],[12.515,43.953],[12.485,43.901]]],[[[15.577,38.22],[14.846,38.172],[14.506,38.046],[13.682,38.001],[13.352,38.181],[12.436,37.82],[13.905,37.101],[14.143,37.104],[14.502,36.799],[15.113,36.688],[15.295,37.013],[15.1,37.459],[15.577,38.22]]],[[[9.632,40.882],[9.283,41.202],[8.19,40.652],[8.471,40.293],[8.418,39.206],[8.881,38.913],[9.056,39.239],[9.563,39.166],[9.805,40.5],[9.632,40.882]]]]},"properties":{"NAME":"Italy","NAME_JA":"イタリア","ISO_A3":"ITA","CONTINENT":"Europe","SUBREGION":"Southern Europe","POP_EST":60297396}},
{"type":"Feature","geometry":{"type":"Polygon","coordinates":[[[35.841,33.416],[35.411,33.076],[35.109,33.084],[34.678,31.896],[34.477,31.585],[34.245,31.208],[34.904,29.477],[34.973,29.555],[35.174,30.524],[35.439,31.132],[35.451,31.479],[35.101,31.366],[34.951,31.602],[34.956,32.161],[35.193,32.534],[35.551,32.396],[35.787,32.735],[35.888,32.944],[35.816,33.362],[35.841,33.416]]]},"properties":{"NAME":"Israel","NAME_JA":"イスラエル","ISO_A3":"ISR","CONTINENT":"Asia","SUBREGION":"Western Asia","POP_EST":9053300}},
{"type":"Feature","geometry":{"type":"MultiPolygon","coordinates":[[[[34.477,31.585],[34.198,31.323],[34.245,31.208],[34.477,31.585]]],[[[35.551,32.396],[35.193,32.534],[34.956,32.161],[34.951,31.602],[35.101,31.366],[35.451,31.479],[35.559,31.766],[35.551,32.396]]]]},"properties":{"NAME":"Palestine","NAME_JA":"パレスチナ","ISO_A3":"PSE","CONTINENT":"Asia","SUBREGION":"Western Asia","POP_EST":4685306}},
{"type":"Feature","geometry":{"type":"Polygon","coordinates":[[[-7.219,55.092],[-7.247,55.353],[-8.275,55.146],[-8.764,54.681],[-8.623,54.347],[-9.996,54.276],[-9.795,53.395],[-9.299,53.098],[-9.586,52.559],[-9.956,52.137],[-10.379,51.869],[-9.58,51.689],[-9.296,51.498],[-8.813,51.585],[-7.665,51.98],[-7.527,52.099],[-6.561,52.189],[-6.027,52.927],[-6.218,54.089],[-6.65,54.059],[-6.936,54.374],[-7.355,54.121],[-8.118,54.414],[-7.219,55.092]]]},"properties":{"NAME":"Ireland","NAME_JA":"アイルランド","ISO_A3":"IRL","CONTINENT":"Europe","SUBREGION":"Northern Europe","POP_EST":4941444}},
{"type":"Feature","geometry":{"type":"Polygon","coordinates":[[[42.359,37.109],[41.789,36.597],[41.417,36.515],[41.246,36.073],[41.354,35.64],[41.216,35.288],[41.195,34.769],[40.987,34.429],[40.689,34.332],[38.774,33.372],[39.145,32.125],[40.369,31.939],[42.074,31.08],[42.858,30.495],[44.691,29.202],[46.356,29.064],[46.531,29.096],[46.906,29.538],[47.114,29.961],[47.673,30.096],[47.979,29.983],[48.546,29.962],[48.331,30.285],[48.015,30.466],[48.011,30.99],[47.679,31.002],[47.679,31.401],[47.83,31.794],[47.371,32.424],[47.121,32.467],[46.377,32.929],[45.397,33.971],[45.438,34.415],[45.678,34.798],[46.134,35.128],[45.971,35.524],[46.167,35.821],[45.723,35.837],[45.362,36.015],[45.031,36.526],[44.765,37.142],[44.282,36.978],[44.208,37.203],[43.516,37.245],[42.775,37.372],[42.359,37.109]]]},"properties":{"NAME":"Iraq","NAME_JA":"イラク","ISO_A3":"IRQ","CONTINENT":"Asia","SUBREGION":"Western Asia","POP_EST":39309783}},
{"type":"Feature","geometry":{"type":"Polygon","coordinates":[[[53.914,37.344],[54.017,36.952],[53.374,36.869],[52.19,36.622],[51.762,36.615],[51.119,36.743],[50.533,37.014],[50.13,37.407],[49.47,37.497],[49.081,37.668],[48.869,38.435],[48.593,38.411],[48.023,38.819],[48.242,38.979],[47.996,39.684],[47.773,39.649],[46.491,38.907],[46.114,38.878],[45.48,39.006],[44.817,39.65],[44.389,39.422],[44.023,39.377],[44.431,38.357],[44.211,37.908],[44.561,37.745],[44.765,37.142],[45.031,36.526],[45.362,36.015],[45.723,35.837],[46.167,35.821],[45.971,35.524],[46.134,35.128],[45.678,34.798],[45.438,34.415],[45.397,33.971],[46.377,32.929],[47.121,32.467],[47.371,32.424],[47.83,31.794],[47.679,31.401],[47.679,31.002],[48.011,30.99],[48.015,30.466],[48.331,30.285],[48.546,29.962],[48.919,30.121],[48.917,30.397],[49.555,30.029],[49.983,30.209],[50.65,29.42],[50.675,29.147],[51.062,28.726],[51.279,28.131],[51.666,27.845],[52.031,27.824],[52.476,27.617],[52.692,27.323],[53.455,26.943],[53.706,26.726],[54.247,26.697],[54.645,26.509],[54.896,26.557],[55.65,26.978],[56.356,27.2],[56.813,27.09],[56.982,26.905],[57.104,26.371],[57.335,25.792],[57.796,25.653],[58.798,25.555],[59.046,25.417],[59.456,25.481],[60.664,25.282],[61.412,25.102],[61.588,25.202],[61.669,25.769],[61.87,26.242],[62.239,26.357],[62.439,26.561],[63.168,26.666],[63.167,27.252],[62.763,27.25],[62.74,28.002],[62.353,28.415],[61.89,28.547],[61.623,28.792],[61.318,29.373],[60.843,29.859],[61.784,30.832],[61.66,31.382],[60.854,31.483],[60.829,32.249],[60.561,33.138],[60.917,33.505],[60.511,33.639],[60.486,34.095],[60.726,34.518],[61.08,34.856],[61.262,35.62],[61.12,36.643],[60.341,36.638],[60.063,36.963],[59.562,37.179],[59.241,37.521],[58.815,37.683],[58.436,37.639],[57.424,37.948],[57.194,38.216],[56.441,38.249],[56.229,38.073],[55.578,38.1],[55.076,37.902],[54.745,37.502],[53.914,37.344]]]},"properties":{"NAME":"Iran","NAME_JA":"イラン","ISO_A3":"IRN","CONTINENT":"Asia","SUBREGION":"Southern Asia","POP_EST":82913906}},
{"type":"Feature","geometry":{"type":"MultiPolygon","coordinates":[[[[97.482,1.465],[97.244,1.424],[97.405,0.947],[97.876,0.628],[97.932,0.974],[97.482,1.465]]],[[[99.164,-1.778],[99.267,-1.628],[98.869,-0.916],[98.602,-1.198],[98.874,-1.664],[99.164,-1.778]]],[[[116.641,-8.614],[116.734,-8.387],[116.402,-8.204],[116.061,-8.437],[116.076,-8.745],[116.377,-8.929],[116.641,-8.614]]],[[[115.448,-8.155],[114.475,-8.119],[114.613,-8.378],[114.842,-8.429],[115.236,-8.798],[115.334,-8.616],[115.704,-8.407],[115.448,-8.155]]],[[[106.046,-1.669],[105.91,-1.505],[105.585,-1.527],[105.133,-2.043],[105.786,-2.181],[105.999,-2.825],[106.547,-3.056],[106.679,-2.704],[106.366,-2.465],[106.046,-1.669]]],[[[123.18,-4.551],[122.853,-4.618],[122.767,-5.21],[122.585,-5.545],[122.812,-5.671],[122.986,-5.394],[123.055,-4.748],[123.18,-4.551]]],[[[122.645,-5.269],[122.76,-4.934],[122.702,-4.619],[122.369,-4.767],[122.396,-5.07],[122.645,-5.269]]],[[[108.316,3.69],[108.393,3.986],[108.202,4.2],[108.004,4.043],[108.316,3.69]]],[[[108.207,-2.998],[108.074,-2.597],[107.666,-2.566],[107.614,-3.209],[108.207,-2.998]]],[[[135.383,-0.651],[135.839,-1.119],[136.11,-1.217],[136.283,-1.065],[135.894,-0.726],[135.383,-0.651]]],[[[135.474,-1.592],[136.193,-1.859],[136.202,-1.655],[135.474,-1.592]]],[[[130.813,-0.004],[130.689,-0.297],[131.098,-0.33],[131.277,-0.15],[130.813,-0.004]]],[[[128.454,2.052],[128.623,2.224],[128.602,2.598],[128.218,2.297],[128.454,2.052]]],[[[128.153,-1.661],[127.743,-1.36],[127.457,-1.454],[127.562,-1.729],[128.153,-1.661]]],[[[124.97,-1.705],[124.381,-1.687],[124.418,-2.005],[124.834,-1.894],[124.97,-1.705]]],[[[131.326,-8],[131.691,-7.439],[131.561,-7.136],[131.26,-7.471],[131.087,-7.865],[131.326,-8]]],[[[126.801,-7.668],[126.61,-7.572],[125.843,-7.817],[126.472,-7.95],[126.801,-7.668]]],[[[124.576,-8.141],[124.444,-8.445],[125.097,-8.353],[125.125,-8.205],[124.576,-8.141]]],[[[131.002,-1.316],[131.074,-0.968],[130.673,-0.96],[130.782,-1.255],[131.002,-1.316]]],[[[96.493,5.229],[96.133,5.294],[95.841,5.515],[95.396,5.629],[95.207,5.284],[95.495,4.761],[96.445,3.816],[96.969,3.575],[97.391,2.975],[97.591,2.847],[97.701,2.359],[98.564,1.902],[98.796,1.495],[99.159,0.352],[99.598,0.102],[99.86,-0.314],[100.308,-0.827],[100.487,-1.299],[100.855,-1.934],[100.848,-2.144],[101.119,-2.588],[101.579,-3.167],[102.128,-3.599],[102.538,-4.152],[102.919,-4.471],[103.831,-5.08],[104.602,-5.905],[104.64,-5.52],[105.081,-5.746],[105.349,-5.55],[105.619,-5.8],[105.816,-5.677],[105.887,-5.01],[105.831,-4.163],[105.928,-3.881],[105.844,-3.614],[106.044,-3.106],[105.582,-2.492],[105.397,-2.38],[104.668,-2.386],[104.845,-2.093],[104.569,-1.922],[104.361,-1.038],[103.721,-0.887],[103.431,-0.534],[103.429,-0.192],[103.787,0.047],[103.479,0.48],[103.067,0.492],[102.849,0.715],[102.469,0.779],[102.157,1.259],[101.785,1.621],[101.477,1.693],[101.046,2.257],[100.685,2.12],[100.457,2.257],[99.732,3.183],[98.307,4.093],[98.248,4.415],[97.908,4.88],[97.547,5.206],[96.843,5.274],[96.493,5.229]]],[[[122.783,-8.612],[122.604,-8.402],[122.263,-8.625],[121.967,-8.455],[121.445,-8.578],[120.61,-8.24],[119.918,-8.445],[119.808,-8.698],[120.55,-8.802],[121.035,-8.935],[121.651,-8.899],[122.094,-8.745],[122.783,-8.612]]],[[[120.013,-9.375],[119.186,-9.384],[119.085,-9.707],[119.601,-9.774],[120.145,-10.2],[120.439,-10.294],[120.833,-10.037],[120.504,-9.674],[120.291,-9.648],[120.013,-9.375]]],[[[118.242,-8.318],[118.117,-8.122],[117.815,-8.342],[118.235,-8.592],[117.806,-8.711],[117.567,-8.426],[117.165,-8.367],[116.835,-8.532],[116.788,-9.006],[117.061,-9.099],[118.19,-8.841],[119.006,-8.75],[118.988,-8.338],[118.242,-8.318]]],[[[124.889,0.995],[125.234,1.502],[124.989,1.701],[124.274,1.022],[123.847,0.838],[123.278,0.928],[122.892,0.85],[122.437,1.018],[121.592,1.068],[121.44,1.214],[120.912,1.289],[120.517,0.818],[120.27,0.971],[119.809,0.239],[119.722,-0.088],[119.772,-0.484],[119.508,-0.907],[119.309,-1.408],[119.322,-1.93],[119.092,-2.483],[118.784,-2.765],[118.813,-3.157],[118.995,-3.538],[119.42,-3.475],[119.624,-4.034],[119.612,-4.424],[119.376,-5.425],[119.717,-5.693],[120.312,-5.542],[120.279,-5.146],[120.42,-4.617],[120.363,-4.086],[120.437,-3.707],[120.254,-3.053],[120.654,-2.668],[121.052,-2.752],[121.054,-3.167],[120.914,-3.556],[121.618,-4.093],[121.487,-4.581],[121.589,-4.76],[121.917,-4.848],[122.207,-4.496],[122.897,-4.349],[122.877,-4.109],[122.253,-3.62],[122.399,-3.201],[121.848,-2.332],[121.349,-1.946],[121.719,-1.863],[122.507,-1.348],[122.807,-0.966],[123.049,-0.872],[123.378,-1.004],[123.38,-0.649],[123.171,-0.571],[122.889,-0.755],[122.28,-0.757],[121.97,-0.933],[121.519,-0.856],[121.034,-1.407],[120.667,-1.37],[120.518,-1.039],[120.097,-0.65],[120.013,-0.196],[120.127,0.167],[120.349,0.449],[120.7,0.515],[121.013,0.442],[121.426,0.495],[121.842,0.437],[123.083,0.486],[123.265,0.327],[123.754,0.306],[124.428,0.471],[124.889,0.995]]],[[[107.374,-6.008],[107.046,-5.904],[106.825,-6.098],[106.075,-5.914],[105.868,-6.116],[105.484,-6.782],[105.944,-6.859],[106.52,-7.054],[106.631,-7.416],[107.285,-7.472],[107.917,-7.724],[108.452,-7.797],[108.741,-7.667],[109.282,-7.705],[110.039,-7.891],[110.607,-8.149],[111.51,-8.305],[112.679,-8.409],[113.253,-8.287],[114.584,-8.77],[114.387,-8.405],[114.444,-7.896],[114.071,-7.633],[113.248,-7.718],[112.795,-7.552],[112.539,-6.926],[112.087,-6.893],[111.54,-6.648],[111.154,-6.669],[110.972,-6.436],[110.737,-6.472],[110.426,-6.947],[108.678,-6.791],[108.295,-6.265],[107.667,-6.216],[107.374,-6.008]]],[[[109.629,2.028],[109.379,1.923],[109.076,1.496],[108.906,0.794],[108.945,0.356],[109.258,0.031],[109.161,-0.495],[109.454,-0.869],[109.787,-1.011],[110.019,-1.399],[109.96,-1.863],[110.075,-1.946],[110.233,-2.925],[110.574,-2.891],[111.044,-3.056],[111.368,-2.934],[111.823,-3.057],[111.822,-3.533],[112.285,-3.321],[112.6,-3.4],[112.971,-3.187],[113.526,-3.184],[113.796,-3.456],[114.082,-3.279],[114.536,-3.494],[114.694,-4.17],[115.956,-3.595],[116.331,-2.902],[116.375,-2.578],[116.565,-2.3],[116.424,-2.053],[116.554,-1.474],[117.003,-1.188],[117.241,-0.926],[117.563,-0.771],[117.463,-0.324],[117.522,0.236],[117.745,0.73],[118.196,0.874],[118.535,0.814],[118.985,0.982],[118.639,1.319],[118.08,1.702],[117.865,1.968],[118.067,2.318],[117.611,3.064],[117.166,3.592],[117.63,3.636],[117.728,3.797],[117.574,4.171],[117.101,4.337],[115.896,4.349],[115.568,3.939],[115.566,3.446],[115.454,3.034],[115.086,2.841],[115.179,2.523],[114.786,2.25],[114.831,1.98],[114.546,1.467],[113.902,1.434],[113.622,1.236],[113.007,1.434],[112.943,1.567],[112.476,1.559],[112.186,1.439],[112.079,1.143],[111.77,0.999],[110.938,1.017],[110.506,0.862],[109.654,1.615],[109.629,2.028]]],[[[127.733,0.848],[127.653,1.014],[128.012,1.332],[128.011,1.701],[127.632,1.844],[127.42,1.252],[127.555,0.49],[127.709,0.288],[127.692,-0.242],[128.046,-0.706],[127.887,0.298],[127.983,0.472],[128.692,0.36],[128.299,0.877],[128.703,1.106],[128.688,1.573],[128.424,1.518],[128.161,1.158],[127.733,0.848]]],[[[129.755,-2.866],[129.427,-2.791],[128.199,-2.866],[128.082,-3.184],[128.419,-3.416],[128.967,-3.326],[129.468,-3.453],[129.844,-3.327],[130.02,-3.475],[130.805,-3.858],[130.86,-3.57],[130.379,-2.989],[129.755,-2.866]]],[[[126.861,-3.088],[126.555,-3.065],[126.026,-3.171],[126.215,-3.605],[126.686,-3.824],[127.23,-3.633],[127.227,-3.391],[126.861,-3.088]]],[[[124.922,-8.942],[124.444,-9.19],[124.282,-9.428],[124.036,-9.342],[123.709,-9.615],[123.589,-9.967],[123.858,-10.344],[124.428,-10.149],[125.068,-9.512],[124.922,-8.942]]],[[[134.747,-5.707],[134.617,-5.439],[134.341,-5.713],[134.302,-6.01],[134.441,-6.335],[134.756,-6.171],[134.747,-5.707]]],[[[134.537,-6.442],[134.168,-6.176],[134.059,-6.769],[134.356,-6.815],[134.537,-6.442]]],[[[138.535,-8.274],[138.786,-8.059],[138.989,-7.696],[138.77,-7.39],[138.296,-7.438],[138.008,-7.642],[137.685,-8.262],[138.296,-8.405],[138.535,-8.274]]],[[[140.973,-2.61],[140.623,-2.446],[139.79,-2.348],[138.65,-1.791],[137.806,-1.483],[137.123,-1.841],[137.171,-2.025],[136.843,-2.198],[136.39,-2.273],[136.243,-2.583],[135.487,-3.345],[135.037,-3.333],[134.156,-2.195],[134.106,-1.721],[134.26,-1.363],[133.975,-0.744],[133.473,-0.726],[132.625,-0.359],[132.128,-0.454],[131.804,-0.704],[131.257,-0.855],[131.294,-1.393],[131.93,-1.56],[132.023,-1.99],[132.308,-2.242],[132.963,-2.273],[133.488,-2.226],[133.922,-2.102],[133.905,-2.391],[133.609,-2.547],[133.191,-2.438],[132.725,-2.789],[132.231,-2.68],[132.348,-2.975],[132.751,-3.295],[132.754,-3.704],[132.969,-4.095],[133.249,-4.062],[133.653,-3.364],[133.974,-3.818],[134.147,-3.797],[134.68,-4.079],[135.196,-4.451],[135.98,-4.531],[136.619,-4.819],[137.089,-4.924],[137.759,-5.256],[138.252,-5.688],[138.439,-6.343],[138.865,-6.858],[138.601,-6.937],[138.748,-7.251],[139.088,-7.587],[138.856,-8.145],[139.386,-8.189],[139.935,-8.101],[140.976,-9.119],[140.975,-6.905],[140.862,-6.74],[140.975,-6.346],[140.974,-4.226],[140.973,-2.61]]],[[[103.028,0.747],[102.549,1.13],[102.542,0.832],[103.028,0.747]]],[[[104.585,1.216],[104.252,1.015],[104.575,0.832],[104.585,1.216]]],[[[113.845,-7.105],[113.975,-6.873],[112.868,-6.9],[112.764,-7.14],[113.471,-7.218],[113.845,-7.105]]],[[[130.353,-1.691],[129.994,-1.759],[130.248,-2.048],[130.353,-1.691]]],[[[96.464,2.36],[96.417,2.515],[95.806,2.916],[95.809,2.656],[96.464,2.36]]],[[[123.925,-8.272],[123.776,-8.19],[123.325,-8.439],[123.411,-8.587],[123.925,-8.272]]]]},"properties":{"NAME":"Indonesia","NAME_JA":"インドネシア","ISO_A3":"IDN","CONTINENT":"Asia","SUBREGION":"South-Eastern Asia","POP_EST":270625568}},
{"type":"Feature","geometry":{"type":"MultiPolygon","coordinates":[[[[68.165,23.857],[68.641,23.19],[69.236,22.849],[69.665,22.759],[70.251,22.971],[70.177,22.573],[69.009,22.197],[70.127,21.095],[70.719,20.74],[71.025,20.739],[72.015,21.156],[72.254,21.531],[72.037,21.823],[72.333,22.27],[72.59,22.278],[72.543,21.697],[72.692,21.178],[72.814,21.117],[72.881,20.563],[72.668,19.831],[72.812,19.299],[72.871,18.683],[73.156,17.622],[73.338,16.46],[73.476,16.054],[73.932,15.397],[73.949,15.075],[74.382,14.495],[74.671,13.668],[74.771,13.077],[75.197,12.058],[75.724,11.362],[75.923,10.784],[76.346,9.922],[76.325,9.452],[76.553,8.903],[76.967,8.407],[77.518,8.078],[78.06,8.385],[78.192,8.891],[78.421,9.105],[78.98,9.269],[78.996,9.683],[79.391,10.306],[79.838,10.323],[79.849,11.197],[79.754,11.575],[79.858,11.989],[80.229,12.69],[80.342,13.361],[80.062,13.606],[80.244,13.773],[80.112,14.212],[80.165,14.578],[80.053,15.074],[80.293,15.711],[80.647,15.895],[80.979,15.758],[81.239,16.264],[81.762,16.329],[82.259,16.56],[82.36,17.096],[83.198,17.609],[83.654,18.07],[84.104,18.293],[84.771,19.125],[85.226,19.508],[85.575,19.693],[86.279,19.919],[86.75,20.313],[86.975,20.7],[86.86,21.237],[87.101,21.501],[87.678,21.654],[87.948,21.825],[88.254,21.622],[89.052,21.654],[89.051,22.093],[88.741,23.437],[88.567,23.674],[88.734,24.231],[88.146,24.486],[88.456,25.188],[88.89,25.194],[88.769,25.49],[88.452,25.574],[88.085,25.888],[88.44,26.369],[89.108,26.202],[89.289,26.038],[89.823,25.941],[89.814,25.305],[90.439,25.158],[92.05,25.169],[92.251,24.895],[92.064,24.374],[91.877,24.195],[91.367,24.094],[91.16,23.661],[91.315,23.104],[91.62,22.98],[91.938,23.505],[92.246,23.684],[92.362,22.929],[92.491,22.685],[92.575,21.978],[92.965,22.004],[93.162,22.36],[93.079,22.718],[93.366,23.133],[93.415,23.682],[93.307,24.022],[94.128,23.876],[94.293,24.322],[94.708,25.049],[94.623,25.41],[94.992,25.77],[95.132,26.041],[95.129,26.597],[95.905,27.047],[96.061,27.217],[96.666,27.339],[96.9,27.644],[97.335,27.938],[97.322,28.218],[96.603,28.46],[96.436,29.051],[96.035,29.447],[95.516,29.206],[95.42,29.054],[94.769,29.176],[94.623,29.312],[93.902,28.803],[93.207,28.591],[93.119,28.402],[92.702,28.147],[92.664,27.949],[91.978,27.73],[91.632,27.76],[91.595,27.558],[92.083,27.291],[91.998,26.855],[90.74,26.772],[90.346,26.89],[89.764,26.702],[88.858,26.961],[88.891,27.316],[88.749,27.522],[88.849,27.869],[88.621,28.092],[88.11,27.871],[87.984,27.134],[88.162,26.725],[88.055,26.43],[87.287,26.36],[87.016,26.555],[86.701,26.435],[86.366,26.574],[85.737,26.64],[85.568,26.84],[85.293,26.741],[84.685,27.041],[84.61,27.299],[84.091,27.491],[83.829,27.378],[83.29,27.371],[82.733,27.519],[81.988,27.914],[81.853,27.867],[81.169,28.335],[80.587,28.65],[80.071,28.83],[80.402,29.73],[81.01,30.165],[80.682,30.415],[80.191,30.568],[80.194,30.759],[79.795,30.968],[79.565,30.949],[79.107,31.403],[78.792,31.294],[78.735,31.958],[78.39,32.52],[78.701,32.597],[78.919,32.358],[79.219,32.501],[79.113,33.226],[78.802,33.5],[78.753,34.088],[78.936,34.352],[78.282,34.654],[78.012,35.251],[77.799,35.496],[77.049,35.11],[76.594,34.736],[76.041,34.67],[75.709,34.503],[74.3,34.765],[73.961,34.653],[73.81,34.325],[73.979,34.191],[74.001,33.788],[74.15,33.507],[73.994,33.242],[74.304,32.992],[74.355,32.769],[74.658,32.519],[75.333,32.279],[75.254,32.14],[74.739,31.949],[74.51,31.713],[74.633,31.035],[74.216,30.769],[73.899,30.435],[73.809,30.093],[73.382,29.934],[72.903,29.029],[72.342,28.752],[71.87,27.963],[70.737,27.729],[70.404,28.025],[70.145,27.849],[69.896,27.474],[69.568,27.175],[69.47,26.804],[70.157,26.471],[70.078,26.072],[70.265,25.707],[70.648,25.667],[70.652,25.423],[71.048,24.688],[71.044,24.4],[70.716,24.238],[70.547,24.418],[69.716,24.173],[69.559,24.273],[68.728,24.266],[68.724,23.965],[68.165,23.857]]],[[[92.723,11.536],[92.748,11.993],[92.99,12.539],[92.886,12.942],[93.074,13.252],[92.857,13.358],[92.695,12.215],[92.534,11.873],[92.723,11.536]]]]},"properties":{"NAME":"India","NAME_JA":"インド","ISO_A3":"IND","CONTINENT":"Asia","SUBREGION":"Southern Asia","POP_EST":1366417754}},
{"type":"Feature","geometry":{"type":"Polygon","coordinates":[[[-15.543,66.229],[-15.985,66.515],[-16.541,66.447],[-16.748,66.132],[-18.778,66.169],[-20.357,66.033],[-20.357,65.719],[-21.23,65.421],[-21.303,65.876],[-22.426,66.43],[-23.528,66.164],[-24.224,65.487],[-23.9,65.408],[-22.902,65.58],[-22.006,65.493],[-22.684,65.026],[-21.95,64.515],[-21.833,64.205],[-22.607,63.837],[-21.246,63.935],[-20.198,63.556],[-18.654,63.407],[-17.816,63.713],[-16.64,63.865],[-16.06,64.111],[-14.547,64.446],[-13.57,65.068],[-13.616,65.487],[-14.758,65.756],[-14.74,66.051],[-15.543,66.229]]]},"properties":{"NAME":"Iceland","NAME_JA":"アイスランド","ISO_A3":"ISL","CONTINENT":"Europe","SUBREGION":"Northern Europe","POP_EST":361313}},
{"type":"Feature","geometry":{"type":"Polygon","coordinates":[[[22.132,48.405],[21.767,48.338],[21.451,48.552],[20.49,48.527],[20.334,48.296],[19.899,48.131],[18.914,48.051],[18.724,47.787],[17.762,47.77],[17.147,48.006],[17.067,47.708],[16.748,47.686],[16.434,47.367],[16.453,47.007],[16.093,46.863],[16.516,46.5],[17.311,45.996],[17.964,45.77],[18.437,45.767],[18.905,45.932],[19.531,46.155],[20.242,46.109],[21.152,46.304],[22.291,47.728],[22.877,47.947],[22.132,48.405]]]},"properties":{"NAME":"Hungary","NAME_JA":"ハンガリー","ISO_A3":"HUN","CONTINENT":"Europe","SUBREGION":"Eastern Europe","POP_EST":9769949}},
{"type":"Feature","geometry":{"type":"Polygon","coordinates":[[[-83.158,14.993],[-83.369,15.24],[-83.76,15.22],[-84.261,15.823],[-84.974,15.99],[-85.484,15.9],[-85.784,16.003],[-86.357,15.783],[-86.907,15.762],[-87.618,15.91],[-88.228,15.729],[-88.976,15.143],[-89.222,14.866],[-89.172,14.607],[-89.363,14.416],[-89.057,14.329],[-88.513,13.979],[-88.151,13.987],[-87.715,13.813],[-87.814,13.399],[-87.489,13.353],[-87.337,12.979],[-87.059,12.991],[-86.711,13.313],[-86.734,13.763],[-86.332,13.77],[-86.151,13.995],[-85.787,13.844],[-85.179,14.343],[-84.985,14.752],[-84.646,14.661],[-83.867,14.794],[-83.415,15.008],[-83.158,14.993]]]},"properties":{"NAME":"Honduras","NAME_JA":"ホンジュラス","ISO_A3":"HND","CONTINENT":"North America","SUBREGION":"Central America","POP_EST":9746117}},
{"type":"Feature","geometry":{"type":"Polygon","coordinates":[[[-71.779,19.718],[-72.22,19.745],[-72.637,19.901],[-73.118,19.904],[-73.053,19.611],[-72.703,19.441],[-72.811,19.072],[-72.348,18.675],[-72.789,18.435],[-73.592,18.522],[-74.228,18.663],[-74.419,18.346],[-73.885,18.042],[-73.385,18.251],[-72.877,18.152],[-72.06,18.229],[-71.768,18.039],[-71.762,18.341],[-72,18.598],[-71.743,18.733],[-71.657,19.131],[-71.779,19.718]]]},"properties":{"NAME":"Haiti","NAME_JA":"ハイチ","ISO_A3":"HTI","CONTINENT":"North America","SUBREGION":"Caribbean","POP_EST":11263077}},
{"type":"Feature","geometry":{"type":"Polygon","coordinates":[[[-60.742,5.202],[-60.142,5.239],[-59.991,5.083],[-60.111,4.511],[-59.833,4.476],[-59.551,3.934],[-59.854,3.588],[-59.831,3.349],[-59.994,2.69],[-59.755,2.274],[-59.756,1.901],[-59.231,1.376],[-58.862,1.204],[-58.512,1.285],[-58.341,1.588],[-57.594,1.704],[-57.119,2.014],[-56.837,1.881],[-56.483,1.942],[-56.704,2.036],[-57.21,2.883],[-57.304,3.377],[-57.55,3.353],[-57.833,3.676],[-58.054,4.172],[-57.711,4.991],[-57.331,5.02],[-57.195,5.548],[-57.19,6.097],[-57.983,6.786],[-58.481,7.038],[-58.627,7.546],[-59.2,8.075],[-60.018,8.549],[-59.832,8.306],[-60.032,8.054],[-60.514,7.813],[-60.719,7.499],[-60.395,6.945],[-60.718,6.768],[-61.146,6.695],[-61.129,6.214],[-61.377,5.907],[-60.742,5.202]]]},"properties":{"NAME":"Guyana","NAME_JA":"ガイアナ","ISO_A3":"GUY","CONTINENT":"South America","SUBREGION":"South America","POP_EST":782766}},
{"type":"Feature","geometry":{"type":"Polygon","coordinates":[[[-16.712,12.355],[-16.138,11.917],[-15.502,11.724],[-15.393,11.217],[-15.043,10.94],[-14.683,11.508],[-14.266,11.66],[-13.733,11.736],[-13.729,12.674],[-15.196,12.68],[-15.575,12.49],[-16.712,12.355]]]},"properties":{"NAME":"Guinea-Bissau","NAME_JA":"ギニアビサウ","ISO_A3":"GNB","CONTINENT":"Africa","SUBREGION":"Western Africa","POP_EST":1920922}},
{"type":"Feature","geometry":{"type":"Polygon","coordinates":[[[-10.283,8.485],[-9.768,8.535],[-9.518,8.346],[-9.369,7.64],[-9.46,7.443],[-9.118,7.216],[-8.89,7.263],[-8.708,7.659],[-8.486,7.558],[-8.232,7.557],[-8.017,8.145],[-8.237,8.456],[-7.824,8.468],[-7.951,8.787],[-7.896,9.416],[-8.137,9.496],[-8.137,10.022],[-7.991,10.163],[-8.231,10.438],[-8.337,10.991],[-8.664,11.036],[-8.407,11.386],[-8.822,11.673],[-8.818,11.923],[-9.043,12.402],[-9.821,12.042],[-10.275,12.213],[-10.677,11.899],[-10.933,12.205],[-11.305,12.015],[-11.389,12.404],[-12.291,12.328],[-12.797,12.452],[-13.083,12.634],[-13.729,12.674],[-13.733,11.736],[-14.266,11.66],[-14.683,11.508],[-15.043,10.94],[-14.776,10.932],[-14.427,10.248],[-13.7,9.851],[-13.293,9.049],[-13.028,9.104],[-12.756,9.374],[-12.501,9.862],[-11.911,9.993],[-11.206,9.978],[-10.691,9.314],[-10.501,8.688],[-10.283,8.485]]]},"properties":{"NAME":"Guinea","NAME_JA":"ギニア","ISO_A3":"GIN","CONTINENT":"Africa","SUBREGION":"Western Africa","POP_EST":12771246}},
{"type":"Feature","geometry":{"type":"Polygon","coordinates":[[[-92.235,14.545],[-91.819,14.228],[-91.146,13.926],[-90.607,13.929],[-90.095,13.737],[-89.873,14.046],[-89.363,14.416],[-89.172,14.607],[-89.222,14.866],[-88.976,15.143],[-88.228,15.729],[-88.894,15.891],[-89.237,15.894],[-89.161,17.815],[-90.989,17.816],[-90.993,17.252],[-91.41,17.256],[-90.711,16.708],[-90.417,16.391],[-90.447,16.073],[-91.737,16.07],[-92.187,15.321],[-92.075,15.074],[-92.235,14.545]]]},"properties":{"NAME":"Guatemala","NAME_JA":"グアテマラ","ISO_A3":"GTM","CONTINENT":"North America","SUBREGION":"Central America","POP_EST":16604026}},
{"type":"Feature","geometry":{"type":"Polygon","coordinates":[[[-61.716,12.013],[-61.627,12.054],[-61.607,12.223],[-61.715,12.185],[-61.716,12.013]]]},"properties":{"NAME":"Grenada","NAME_JA":"グレナダ","ISO_A3":"GRD","CONTINENT":"North America","SUBREGION":"Caribbean","POP_EST":112003}},
{"type":"Feature","geometry":{"type":"MultiPolygon","coordinates":[[[[23.415,38.959],[23.252,38.801],[23.759,38.401],[24.099,38.671],[23.415,38.959]]],[[[26.41,39.329],[25.906,39.139],[26.469,38.973],[26.41,39.329]]],[[[23.852,35.535],[23.562,35.295],[24.464,35.16],[24.8,34.934],[25.745,35.143],[25.476,35.306],[24.721,35.425],[24.313,35.364],[24.166,35.595],[23.852,35.535]]],[[[26.321,41.717],[26.155,41.435],[25.251,41.244],[24.056,41.527],[23.635,41.387],[22.916,41.336],[22.494,41.119],[21.929,41.107],[21.576,40.869],[20.964,40.85],[21.031,40.659],[20.657,40.117],[20.001,39.709],[20.301,39.327],[20.78,39.009],[20.777,38.808],[21.113,38.385],[21.473,38.321],[22.422,38.439],[23.122,38.073],[22.8,37.981],[21.825,38.328],[21.404,38.197],[21.145,37.919],[21.571,37.541],[21.583,37.081],[21.892,36.737],[22.08,37.029],[22.489,36.568],[22.608,36.78],[23.074,36.775],[22.765,37.393],[23.162,37.334],[23.194,37.959],[23.58,38.011],[24.055,37.71],[23.967,38.275],[23.253,38.661],[22.774,38.8],[22.966,39.031],[22.919,39.629],[22.592,40.037],[22.629,40.496],[23.312,40.216],[23.665,40.224],[23.879,40.544],[24.384,40.913],[24.793,40.858],[25.104,40.995],[25.856,40.844],[26.039,40.727],[26.331,40.954],[26.331,41.239],[26.625,41.402],[26.321,41.717]]]]},"properties":{"NAME":"Greece","NAME_JA":"ギリシャ","ISO_A3":"GRC","CONTINENT":"Europe","SUBREGION":"Southern Europe","POP_EST":10716322}},
{"type":"Feature","geometry":{"type":"Polygon","coordinates":[[[-0.069,11.116],[-0.299,11.167],[-0.701,10.989],[-2.83,10.998],[-2.915,10.592],[-2.787,10.402],[-2.766,9.658],[-2.696,9.481],[-2.747,9.11],[-2.6,8.8],[-2.506,8.209],[-2.79,7.932],[-2.986,7.205],[-3.236,6.807],[-3.201,6.348],[-2.962,5.643],[-2.794,5.6],[-2.795,5.185],[-3.019,5.131],[-3.087,5.128],[-3.114,5.089],[-2.399,4.929],[-2.002,4.762],[-1.638,4.981],[-0.798,5.227],[-0.349,5.501],[0.26,5.757],[0.95,5.81],[1.187,6.089],[0.737,6.453],[0.526,6.851],[0.635,7.354],[0.584,8.146],[0.688,8.304],[0.415,8.653],[0.529,9.358],[0.262,9.496],[0.363,10.236],[-0.058,10.631],[-0.069,11.116]]]},"properties":{"NAME":"Ghana","NAME_JA":"ガーナ","ISO_A3":"GHA","CONTINENT":"Africa","SUBREGION":"Western Africa","POP_EST":30417856}},
{"type":"Feature","geometry":{"type":"Polygon","coordinates":[[[9.524,47.524],[9.749,47.576],[10.313,47.313],[10.43,47.541],[11.298,47.425],[11.717,47.583],[12.686,47.669],[12.954,47.891],[12.814,48.161],[13.409,48.394],[13.815,48.767],[12.632,49.461],[12.391,49.74],[12.277,50.181],[12.453,50.35],[14.369,50.899],[14.809,50.859],[15.017,51.253],[14.602,51.832],[14.753,52.082],[14.619,52.529],[14.129,52.878],[14.415,53.283],[14.259,53.73],[13.866,53.853],[13.029,54.411],[12.575,54.467],[12.111,54.168],[11.4,53.945],[10.36,54.438],[9.74,54.826],[8.67,54.903],[8.957,54.538],[8.898,53.836],[8.538,53.557],[8.009,53.691],[7.285,53.681],[7.197,53.282],[7.035,52.38],[6.742,51.911],[5.949,51.762],[6.193,51.489],[5.895,50.984],[5.994,50.75],[6.364,50.316],[6.117,50.121],[6.487,49.798],[6.344,49.453],[6.735,49.161],[7.451,49.152],[8.135,48.974],[7.838,48.636],[7.584,48.064],[7.616,47.593],[8.198,47.607],[8.618,47.766],[9.524,47.524]]]},"properties":{"NAME":"Germany","NAME_JA":"ドイツ","ISO_A3":"DEU","CONTINENT":"Europe","SUBREGION":"Western Europe","POP_EST":83132799}},
{"type":"Feature","geometry":{"type":"Polygon","coordinates":[[[43.439,41.107],[45.001,41.291],[45.281,41.45],[46.458,41.07],[46.619,41.344],[46.182,41.657],[46.43,41.891],[45.639,42.205],[45.728,42.475],[45.344,42.53],[44.871,42.756],[44.506,42.749],[43.957,42.567],[43.783,42.747],[42.419,43.224],[41.581,43.219],[40.648,43.534],[40.15,43.57],[39.978,43.42],[40.524,43.121],[40.837,43.063],[41.489,42.659],[41.763,41.97],[41.51,41.517],[42.466,41.44],[42.788,41.564],[43.439,41.107]]]},"properties":{"NAME":"Georgia","NAME_JA":"ジョージア","ISO_A3":"GEO","CONTINENT":"Asia","SUBREGION":"Western Asia","POP_EST":3720382}},
{"type":"Feature","geometry":{"type":"Polygon","coordinates":[[[-16.562,13.587],[-16.825,13.341],[-16.763,13.064],[-16.649,13.154],[-15.834,13.156],[-15.814,13.325],[-15.286,13.396],[-15.151,13.556],[-14.247,13.236],[-13.848,13.335],[-13.977,13.543],[-14.405,13.504],[-14.936,13.785],[-15.427,13.727],[-15.51,13.586],[-16.562,13.587]]]},"properties":{"NAME":"Gambia","NAME_JA":"ガンビア","ISO_A3":"GMB","CONTINENT":"Africa","SUBREGION":"Western Africa","POP_EST":2347706}},
{"type":"Feature","geometry":{"type":"Polygon","coordinates":[[[13.294,2.162],[13.22,2.256],[11.348,2.3],[11.329,2.167],[11.335,1],[9.591,1.032],[9.297,-0.351],[9.137,-0.573],[8.821,-0.708],[9.065,-1.298],[9.331,-1.535],[9.266,-1.825],[9.759,-2.519],[10.348,-3.013],[11.13,-3.916],[11.504,-3.52],[11.686,-3.682],[11.934,-3.319],[11.76,-2.983],[11.538,-2.837],[11.575,-2.397],[12.064,-2.413],[12.446,-2.33],[12.432,-1.929],[12.794,-1.932],[12.992,-2.313],[13.465,-2.395],[13.784,-2.164],[13.887,-2.465],[14.087,-2.467],[14.384,-1.89],[14.456,-1.413],[14.411,-0.972],[14.481,-0.618],[14.069,-0.27],[13.86,-0.203],[13.885,0.191],[14.088,0.537],[14.434,0.811],[14.181,1.37],[13.851,1.419],[13.274,1.241],[13.163,1.648],[13.294,2.162]]]},"properties":{"NAME":"Gabon","NAME_JA":"ガボン","ISO_A3":"GAB","CONTINENT":"Africa","SUBREGION":"Middle Africa","POP_EST":2172579}},
{"type":"Feature","geometry":{"type":"MultiPolygon","coordinates":[[[[9.48,42.805],[8.713,42.55],[8.808,41.588],[9.186,41.385],[9.551,42.13],[9.48,42.805]]],[[[7.616,47.593],[7.584,48.064],[7.838,48.636],[8.135,48.974],[7.451,49.152],[6.735,49.161],[6.344,49.453],[5.79,49.538],[5.507,49.511],[4.868,49.788],[4.656,50.002],[4.176,49.96],[4.175,50.246],[2.84,50.712],[2.525,51.097],[1.913,50.991],[1.579,50.739],[1.552,50.294],[1.246,49.998],[0.187,49.703],[0.278,49.463],[-0.163,49.297],[-1.139,49.388],[-1.259,49.68],[-1.856,49.684],[-1.583,49.202],[-1.438,48.641],[-2.446,48.648],[-2.692,48.537],[-3.231,48.841],[-4.721,48.54],[-4.393,48.368],[-4.629,48.086],[-4.312,47.823],[-3.901,47.838],[-3.159,47.695],[-2.019,47.038],[-2.059,46.81],[-1.787,46.515],[-1.146,46.311],[-1.066,45.806],[-1.246,44.56],[-1.485,43.564],[-1.794,43.407],[-1.285,43.06],[-0.299,42.825],[-0.041,42.689],[0.632,42.69],[0.697,42.845],[1.428,42.596],[1.706,42.503],[2.033,42.354],[3.211,42.431],[3.052,42.915],[3.259,43.193],[4.053,43.593],[4.629,43.387],[5.06,43.445],[5.407,43.229],[6.116,43.072],[6.494,43.169],[7.378,43.732],[7.414,43.771],[7.439,43.75],[7.493,43.767],[7.651,44.034],[6.967,44.28],[7.031,44.717],[6.628,45.118],[7.153,45.401],[6.804,45.815],[7.021,45.926],[6.758,46.416],[6.06,46.428],[7.001,47.323],[7.616,47.593]]],[[[55.797,-21.339],[55.662,-20.906],[55.311,-20.904],[55.363,-21.274],[55.797,-21.339]]],[[[-54.616,2.327],[-54.13,2.121],[-53.768,2.355],[-52.965,2.184],[-52.701,2.364],[-51.991,3.702],[-51.653,4.061],[-51.92,4.524],[-52.291,4.942],[-52.899,5.425],[-53.454,5.563],[-53.847,5.782],[-54.156,5.359],[-54.452,5.013],[-54.45,4.485],[-54.351,4.054],[-53.99,3.59],[-54.203,3.138],[-54.196,2.818],[-54.402,2.462],[-54.616,2.327]]]]},"properties":{"NAME":"France","NAME_JA":"フランス","ISO_A3":"-99","CONTINENT":"Europe","SUBREGION":"Western Europe","POP_EST":67059887}},
{"type":"Feature","geometry":{"type":"Polygon","coordinates":[[[-56.267,46.838],[-56.315,46.954],[-56.287,47.071],[-56.387,47.068],[-56.267,46.838]]]},"properties":{"NAME":"St. Pierre and Miquelon","NAME_JA":"サンピエール島・ミクロン島","ISO_A3":"SPM","CONTINENT":"North America","SUBREGION":"Northern America","POP_EST":5997}},
{"type":"Feature","geometry":{"type":"Polygon","coordinates":[[[-178.047,-14.318],[-178.142,-14.243],[-178.159,-14.312],[-178.047,-14.318]]]},"properties":{"NAME":"Wallis and Futuna Is.","NAME_JA":"ウォリス・フツナ","ISO_A3":"WLF","CONTINENT":"Oceania","SUBREGION":"Polynesia","POP_EST":11558}},
{"type":"Feature","geometry":{"type":"Polygon","coordinates":[[[-63.011,18.069],[-63.063,18.115],[-63.123,18.069],[-63.011,18.069]]]},"properties":{"NAME":"St-Martin","NAME_JA":"サン・マルタン","ISO_A3":"MAF","CONTINENT":"North America","SUBREGION":"Caribbean","POP_EST":38002}},
{"type":"Feature","geometry":{"type":"Polygon","coordinates":[[[-62.832,17.876],[-62.8,17.909],[-62.865,17.918],[-62.832,17.876]]]},"properties":{"NAME":"St-Barthélemy","NAME_JA":"サン・バルテルミー島","ISO_A3":"BLM","CONTINENT":"North America","SUBREGION":"Caribbean","POP_EST":9961}},
{"type":"Feature","geometry":{"type":"Polygon","coordinates":[[[-149.322,-17.69],[-149.379,-17.522],[-149.611,-17.532],[-149.579,-17.735],[-149.322,-17.69]]]},"properties":{"NAME":"Fr. Polynesia","NAME_JA":"フランス領ポリネシア","ISO_A3":"PYF","CONTINENT":"Oceania","SUBREGION":"Polynesia","POP_EST":279287}},
{"type":"Feature","geometry":{"type":"Polygon","coordinates":[[[164.202,-20.246],[164.17,-20.48],[164.455,-20.829],[165.242,-21.525],[166.096,-21.957],[166.177,-22.089],[166.774,-22.376],[166.942,-22.09],[166.303,-21.637],[165.663,-21.267],[165.192,-20.769],[164.436,-20.282],[164.202,-20.246]]]},"properties":{"NAME":"New Caledonia","NAME_JA":"ニューカレドニア","ISO_A3":"NCL","CONTINENT":"Oceania","SUBREGION":"Melanesia","POP_EST":287800}},
{"type":"Feature","geometry":{"type":"Polygon","coordinates":[[[69.185,-49.11],[68.77,-49.066],[68.872,-49.444],[69.613,-49.651],[69.916,-49.349],[70.298,-49.425],[70.32,-49.059],[69.542,-49.256],[69.185,-49.11]]]},"properties":{"NAME":"Fr. S. Antarctic Lands","NAME_JA":"フランス領南方・南極地域","ISO_A3":"ATF","CONTINENT":"Seven seas (open ocean)","SUBREGION":"Seven seas (open ocean)","POP_EST":140}},
{"type":"Feature","geometry":{"type":"Polygon","coordinates":[[[19.99,60.351],[19.687,60.268],[19.746,60.099],[20.259,60.261],[19.99,60.351]]]},"properties":{"NAME":"Åland","NAME_JA":"オーランド諸島","ISO_A3":"ALA","CONTINENT":"Europe","SUBREGION":"Northern Europe","POP_EST":29884}},
{"type":"Feature","geometry":{"type":"Polygon","coordinates":[[[24.155,65.805],[25.348,65.479],[25.373,65.009],[24.558,64.801],[24.278,64.515],[23.249,63.896],[22.243,63.438],[21.104,62.623],[21.354,62.224],[21.256,61.99],[21.606,61.592],[21.361,60.967],[21.436,60.596],[22.576,60.359],[22.793,60.077],[23.722,59.966],[25.156,60.194],[25.656,60.333],[27.242,60.539],[27.798,60.536],[29.69,61.546],[31.286,62.568],[31.534,62.885],[31.181,63.208],[30.055,63.689],[30.504,64.021],[30.108,64.366],[30.073,64.765],[29.604,64.968],[29.716,65.625],[30.095,65.682],[29.903,66.091],[29.087,66.971],[29.941,67.547],[29.344,68.062],[28.685,68.19],[28.471,68.488],[28.966,69.022],[29.333,69.473],[29.142,69.671],[27.89,70.062],[26.525,69.915],[26.012,69.653],[25.748,68.99],[24.941,68.593],[23.854,68.806],[23.324,68.649],[22.411,68.72],[21.622,69.271],[20.622,69.037],[21.997,68.521],[22.782,68.391],[23.639,67.954],[23.468,67.45],[23.989,66.811],[23.701,66.481],[24.155,65.805]]]},"properties":{"NAME":"Finland","NAME_JA":"フィンランド","ISO_A3":"FIN","CONTINENT":"Europe","SUBREGION":"Northern Europe","POP_EST":5520314}},
{"type":"Feature","geometry":{"type":"MultiPolygon","coordinates":[[[[179.999,-16.169],[180,-16.153],[179.552,-16.25],[178.805,-16.631],[179.007,-16.9],[179.928,-16.744],[179.748,-16.446],[179.999,-16.169]]],[[[178.28,-17.372],[177.618,-17.461],[177.264,-17.863],[177.321,-18.078],[177.847,-18.255],[178.16,-18.25],[178.668,-18.081],[178.592,-17.651],[178.28,-17.372]]]]},"properties":{"NAME":"Fiji","NAME_JA":"フィジー","ISO_A3":"FJI","CONTINENT":"Oceania","SUBREGION":"Melanesia","POP_EST":889953}},
{"type":"Feature","geometry":{"type":"Polygon","coordinates":[[[35.268,5.492],[35.745,5.344],[35.763,4.808],[36.082,4.45],[36.906,4.411],[38.086,3.649],[39.494,3.456],[39.842,3.851],[40.765,4.273],[41.221,3.944],[41.884,3.978],[42.024,4.138],[42.792,4.292],[43.016,4.563],[43.538,4.84],[44.028,4.951],[44.941,4.912],[45.935,5.997],[46.971,7.026],[47.978,7.997],[46.978,7.997],[44.894,8.7],[44.023,8.986],[43.483,9.379],[43.182,9.88],[42.842,10.203],[42.66,10.621],[42.923,10.999],[42.558,11.081],[41.957,10.941],[41.798,10.98],[41.767,11.589],[42.379,12.466],[41.952,12.882],[41.765,13.184],[41.363,13.5],[40.77,14.144],[40.221,14.431],[39.532,14.537],[39.198,14.479],[39.074,14.628],[38.504,14.424],[37.884,14.852],[37.571,14.149],[37.257,14.454],[37.025,14.272],[36.524,14.257],[36.391,13.626],[36.212,13.271],[36.108,12.726],[35.596,12.537],[35.112,11.817],[34.961,11.277],[34.931,10.865],[34.572,10.88],[34.276,10.528],[34.292,10.125],[34.078,9.462],[34.095,8.582],[33.953,8.444],[33.234,8.396],[33.013,7.952],[33.226,7.761],[33.666,7.671],[34.064,7.226],[34.711,6.66],[35.082,5.673],[35.268,5.492]]]},"properties":{"NAME":"Ethiopia","NAME_JA":"エチオピア","ISO_A3":"ETH","CONTINENT":"Africa","SUBREGION":"Eastern Africa","POP_EST":112078730}},
{"type":"Feature","geometry":{"type":"MultiPolygon","coordinates":[[[[27.352,57.528],[27.753,57.841],[27.488,58.27],[27.464,58.841],[28.013,59.484],[26.975,59.451],[25.509,59.639],[25.444,59.521],[24.38,59.473],[23.494,59.196],[23.509,58.659],[23.768,58.361],[24.529,58.354],[24.323,57.871],[25.111,58.063],[25.991,57.838],[26.533,57.531],[27.352,57.528]]],[[[22.617,58.621],[22.081,58.478],[22.153,58.115],[23.293,58.483],[22.617,58.621]]]]},"properties":{"NAME":"Estonia","NAME_JA":"エストニア","ISO_A3":"EST","CONTINENT":"Europe","SUBREGION":"Northern Europe","POP_EST":1326590}},
{"type":"Feature","geometry":{"type":"Polygon","coordinates":[[[36.524,14.257],[37.025,14.272],[37.257,14.454],[37.571,14.149],[37.884,14.852],[38.504,14.424],[39.074,14.628],[39.198,14.479],[39.532,14.537],[40.221,14.431],[40.77,14.144],[41.363,13.5],[41.765,13.184],[41.952,12.882],[42.379,12.466],[42.67,12.377],[43.117,12.709],[42.796,12.864],[42.245,13.588],[41.658,13.983],[41.176,14.62],[40.204,15.014],[39.864,15.47],[39.507,15.532],[39.299,15.921],[39.143,16.729],[38.912,17.427],[38.609,18.005],[38.254,17.585],[37.782,17.458],[37.411,17.062],[37.009,17.059],[36.888,16.625],[36.914,16.296],[36.522,15.25],[36.427,15.132],[36.524,14.257]]]},"properties":{"NAME":"Eritrea","NAME_JA":"エリトリア","ISO_A3":"ERI","CONTINENT":"Africa","SUBREGION":"Eastern Africa","POP_EST":6081196}},
{"type":"Feature","geometry":{"type":"MultiPolygon","coordinates":[[[[8.736,3.758],[8.475,3.265],[8.704,3.224],[8.946,3.628],[8.736,3.758]]],[[[11.329,2.167],[9.98,2.168],[9.801,2.304],[9.807,1.927],[9.386,1.139],[9.591,1.032],[11.335,1],[11.329,2.167]]]]},"properties":{"NAME":"Eq. Guinea","NAME_JA":"赤道ギニア","ISO_A3":"GNQ","CONTINENT":"Africa","SUBREGION":"Middle Africa","POP_EST":1355986}},
{"type":"Feature","geometry":{"type":"Polygon","coordinates":[[[-89.363,14.416],[-89.873,14.046],[-90.095,13.737],[-89.804,13.56],[-89.278,13.478],[-88.512,13.184],[-87.931,13.181],[-87.814,13.399],[-87.715,13.813],[-88.151,13.987],[-88.513,13.979],[-89.057,14.329],[-89.363,14.416]]]},"properties":{"NAME":"El Salvador","NAME_JA":"エルサルバドル","ISO_A3":"SLV","CONTINENT":"North America","SUBREGION":"Central America","POP_EST":6453553}},
{"type":"Feature","geometry":{"type":"Polygon","coordinates":[[[36.871,21.997],[36.23,22.629],[35.698,22.946],[35.523,23.443],[35.625,24.066],[35.194,24.475],[34.565,25.691],[33.959,26.649],[33.893,27.049],[33.55,27.607],[33.547,27.898],[32.898,28.565],[32.632,28.992],[32.565,29.386],[32.721,29.522],[33.076,29.073],[33.248,28.568],[33.76,28.048],[34.22,27.764],[34.4,28.016],[34.736,29.271],[34.904,29.477],[34.245,31.208],[34.198,31.323],[33.667,31.13],[33.13,31.168],[32.603,31.069],[32.324,31.256],[32.102,31.093],[31.194,31.588],[30.7,31.404],[30.395,31.458],[29.592,31.012],[29.072,30.83],[28.515,31.05],[27.968,31.097],[27.248,31.378],[25.893,31.621],[25.382,31.513],[25.15,31.655],[24.853,31.335],[24.974,30.777],[24.726,30.251],[24.98,29.182],[24.98,27.161],[24.98,25.589],[24.98,24.017],[24.98,21.996],[26.126,21.996],[28.036,21.995],[29.565,21.995],[31.434,21.996],[32.606,21.996],[34.575,21.996],[36.871,21.997]]]},"properties":{"NAME":"Egypt","NAME_JA":"エジプト","ISO_A3":"EGY","CONTINENT":"Africa","SUBREGION":"Northern Africa","POP_EST":100388073}},
{"type":"Feature","geometry":{"type":"MultiPolygon","coordinates":[[[[-75.284,-0.107],[-75.88,0.151],[-76.311,0.448],[-76.495,0.235],[-76.92,0.269],[-77.423,0.425],[-77.468,0.637],[-78.312,1.046],[-78.86,1.455],[-78.9,1.206],[-79.741,0.98],[-80.088,0.785],[-80.025,0.41],[-80.133,-0.006],[-80.482,-0.368],[-80.554,-0.848],[-80.902,-1.079],[-80.801,-1.383],[-80.77,-2.077],[-80.963,-2.189],[-80.45,-2.626],[-80.127,-2.528],[-79.73,-2.579],[-79.922,-3.09],[-80.325,-3.388],[-80.179,-3.878],[-80.51,-4.07],[-80.488,-4.394],[-80.14,-4.296],[-79.639,-4.455],[-79.331,-4.928],[-79.076,-4.991],[-78.862,-4.665],[-78.42,-3.777],[-78.347,-3.431],[-77.861,-2.982],[-76.679,-2.563],[-76.09,-2.133],[-75.571,-1.531],[-75.263,-0.555],[-75.476,-0.157],[-75.284,-0.107]]],[[[-91.272,0.025],[-91.369,-0.287],[-91.145,-0.623],[-91.458,-0.8],[-91.372,-1.017],[-90.906,-0.941],[-90.8,-0.752],[-91.272,0.025]]]]},"properties":{"NAME":"Ecuador","NAME_JA":"エクアドル","ISO_A3":"ECU","CONTINENT":"South America","SUBREGION":"South America","POP_EST":17373662}},
{"type":"Feature","geometry":{"type":"Polygon","coordinates":[[[-71.768,18.039],[-71.396,17.646],[-71.028,18.273],[-70.645,18.336],[-70.183,18.252],[-69.771,18.444],[-68.935,18.408],[-68.659,18.222],[-68.359,18.538],[-68.685,18.905],[-69.323,19.201],[-69.739,19.299],[-69.957,19.672],[-70.129,19.636],[-70.954,19.914],[-71.558,19.895],[-71.779,19.718],[-71.657,19.131],[-71.743,18.733],[-72,18.598],[-71.762,18.341],[-71.768,18.039]]]},"properties":{"NAME":"Dominican Rep.","NAME_JA":"ドミニカ共和国","ISO_A3":"DOM","CONTINENT":"North America","SUBREGION":"Caribbean","POP_EST":10738958}},
{"type":"Feature","geometry":{"type":"Polygon","coordinates":[[[-61.282,15.249],[-61.32,15.585],[-61.481,15.525],[-61.282,15.249]]]},"properties":{"NAME":"Dominica","NAME_JA":"ドミニカ国","ISO_A3":"DMA","CONTINENT":"North America","SUBREGION":"Caribbean","POP_EST":71808}},
{"type":"Feature","geometry":{"type":"Polygon","coordinates":[[[43.246,11.5],[42.799,11.739],[43.272,11.97],[43.41,12.19],[43.117,12.709],[42.67,12.377],[42.379,12.466],[41.767,11.589],[41.798,10.98],[41.957,10.941],[42.558,11.081],[42.923,10.999],[43.246,11.5]]]},"properties":{"NAME":"Djibouti","NAME_JA":"ジブチ","ISO_A3":"DJI","CONTINENT":"Africa","SUBREGION":"Eastern Africa","POP_EST":973560}},
{"type":"Feature","geometry":{"type":"MultiPolygon","coordinates":[[[[-29.953,83.565],[-32.984,83.6],[-43.195,83.255],[-46.478,82.952],[-44.239,82.368],[-45.291,81.829],[-48.861,82.405],[-50.99,82.46],[-49.694,81.972],[-50.894,81.895],[-52.776,82.322],[-54.726,82.351],[-58.717,82.093],[-61.203,81.747],[-61.436,81.134],[-62.993,81.207],[-64.516,81],[-66.996,80.413],[-66.844,80.076],[-64.792,80.001],[-65.42,79.34],[-65.968,79.132],[-67.482,79.117],[-68.993,78.857],[-72.396,78.504],[-72.818,78.194],[-71.65,77.9],[-69.351,77.467],[-66.691,77.681],[-66.453,77.393],[-68.136,77.38],[-68.978,77.195],[-70.863,77.175],[-70.793,76.869],[-69.252,76.686],[-69.373,76.332],[-68.149,76.067],[-66.826,75.969],[-63.439,76.339],[-61.188,76.158],[-58.516,75.689],[-58.603,75.385],[-56.801,74.672],[-56.706,74.219],[-55.929,73.895],[-56.104,73.558],[-55.297,73.262],[-55.669,73.008],[-54.738,72.873],[-54.79,72.642],[-55.602,72.453],[-55.316,72.111],[-55.594,71.554],[-54.689,71.367],[-53.476,71.64],[-53.117,71.313],[-51.13,70.972],[-51.524,70.439],[-52.405,70.687],[-54.166,70.82],[-54.014,70.422],[-53.023,70.302],[-52.255,70.059],[-50.5,69.936],[-51.077,69.209],[-51.249,68.74],[-53.039,68.611],[-53.152,68.208],[-53.578,67.837],[-53.419,67.575],[-53.884,67.136],[-53.038,66.827],[-53.635,66.414],[-53.615,66.154],[-53.106,65.977],[-52.259,65.155],[-52.093,64.416],[-51.451,63.905],[-51.469,63.642],[-50.338,62.829],[-50.319,62.473],[-49.553,62.233],[-49.289,61.59],[-48.922,61.277],[-47.796,60.829],[-46.874,60.816],[-46.012,61.097],[-46.047,60.616],[-45.59,60.519],[-45.379,60.203],[-44.065,59.925],[-43.32,59.928],[-43.156,60.333],[-42.717,60.767],[-42.419,61.537],[-42.11,61.857],[-42.321,62.153],[-42.153,62.568],[-41.108,63.274],[-41.049,63.514],[-40.55,63.725],[-40.782,64.222],[-40.182,64.48],[-40.655,64.915],[-39.578,65.341],[-39.961,65.556],[-37.754,65.593],[-36.379,65.831],[-34.633,66.435],[-34.102,66.726],[-33.157,67.627],[-32.275,67.923],[-32.137,68.385],[-30.979,68.061],[-29.869,68.312],[-29.25,68.299],[-26.341,68.702],[-25.544,69.046],[-23.709,69.627],[-23.088,69.883],[-23.173,70.115],[-25.53,70.353],[-26.156,70.246],[-26.747,70.476],[-28.015,70.402],[-28.541,70.477],[-27.689,70.993],[-26.718,70.95],[-25.742,71.184],[-25.656,71.53],[-24.377,71.146],[-23.792,70.555],[-23.328,70.451],[-21.523,70.526],[-21.752,71.478],[-22.013,71.689],[-24.667,72.437],[-24.069,72.499],[-22.293,72.12],[-22.036,72.918],[-22.185,73.27],[-20.51,73.493],[-20.367,73.848],[-21.129,74.111],[-19.369,74.284],[-19.225,74.479],[-20.485,75.314],[-19.426,75.23],[-19.509,75.758],[-20.104,76.219],[-21.569,76.294],[-21.877,76.573],[-20.942,76.887],[-18.51,76.778],[-18.339,77.215],[-20.232,77.368],[-20.863,77.912],[-20.956,78.555],[-19.075,79.152],[-19.284,79.683],[-20.138,79.803],[-19.429,80.258],[-16.868,80.198],[-16.761,80.573],[-14.504,80.763],[-11.529,81.424],[-12.193,81.649],[-15.556,81.834],[-17.226,81.43],[-21.147,81.695],[-21.338,82.069],[-25.149,82.001],[-21.521,82.595],[-24.47,82.877],[-25.947,83.29],[-29.953,83.565]]],[[[-52.731,69.945],[-53.375,70.221],[-54.372,70.317],[-54.83,70.161],[-54.804,69.631],[-53.783,69.506],[-53.578,69.257],[-52.113,69.489],[-52.045,69.807],[-52.731,69.945]]],[[[-25.432,70.921],[-25.819,71.044],[-26.976,70.863],[-27.709,70.897],[-27.898,70.454],[-25.402,70.653],[-25.432,70.921]]],[[[-18.001,75.407],[-18.856,75.319],[-18.671,75.002],[-17.586,74.993],[-18.001,75.407]]]]},"properties":{"NAME":"Greenland","NAME_JA":"グリーンランド","ISO_A3":"GRL","CONTINENT":"North America","SUBREGION":"Northern America","POP_EST":56225}},
{"type":"Feature","geometry":{"type":"Polygon","coordinates":[[[-6.631,62.228],[-7.172,62.286],[-7.014,62.094],[-6.631,62.228]]]},"properties":{"NAME":"Faeroe Is.","NAME_JA":"フェロー諸島","ISO_A3":"FRO","CONTINENT":"Europe","SUBREGION":"Northern Europe","POP_EST":48678}},
{"type":"Feature","geometry":{"type":"MultiPolygon","coordinates":[[[[12.569,55.785],[12.219,56.119],[10.979,55.722],[11.286,55.204],[11.654,55.187],[12.05,54.815],[12.215,55.467],[12.569,55.785]]],[[[9.74,54.826],[9.591,55.493],[10.183,55.865],[10.319,56.213],[10.856,56.296],[10.846,56.522],[10.283,56.621],[10.296,56.999],[10.537,57.449],[9.962,57.581],[9.554,57.232],[8.619,57.111],[8.164,56.607],[8.132,55.6],[8.616,55.418],[8.67,54.903],[9.74,54.826]]],[[[10.645,55.61],[9.861,55.515],[9.989,55.163],[10.785,55.133],[10.645,55.61]]]]},"properties":{"NAME":"Denmark","NAME_JA":"デンマーク","ISO_A3":"DNK","CONTINENT":"Europe","SUBREGION":"Northern Europe","POP_EST":5818553}},
{"type":"Feature","geometry":{"type":"Polygon","coordinates":[[[18.832,49.511],[18.562,49.879],[17.875,49.972],[17.152,50.378],[16.679,50.097],[16.007,50.612],[15.354,50.812],[14.809,50.859],[14.369,50.899],[12.453,50.35],[12.277,50.181],[12.391,49.74],[12.632,49.461],[13.815,48.767],[14.049,48.602],[14.691,48.599],[14.972,48.984],[16.057,48.755],[16.478,48.8],[16.953,48.599],[17.188,48.861],[17.758,48.888],[18.161,49.257],[18.832,49.511]]]},"properties":{"NAME":"Czechia","NAME_JA":"チェコ","ISO_A3":"CZE","CONTINENT":"Europe","SUBREGION":"Eastern Europe","POP_EST":10669709}},
{"type":"Feature","geometry":{"type":"Polygon","coordinates":[[[34.004,35.065],[33.942,35.292],[32.942,35.39],[32.713,35.171],[33.384,35.163],[33.526,35.039],[34.004,35.065]]]},"properties":{"NAME":"N. Cyprus","NAME_JA":"北キプロス・トルコ共和国","ISO_A3":"-99","CONTINENT":"Asia","SUBREGION":"Western Asia","POP_EST":326000}},
{"type":"Feature","geometry":{"type":"Polygon","coordinates":[[[32.713,35.171],[32.317,34.953],[32.449,34.729],[32.942,34.576],[34.004,35.065],[33.526,35.039],[33.384,35.163],[32.713,35.171]]]},"properties":{"NAME":"Cyprus","NAME_JA":"キプロス","ISO_A3":"CYP","CONTINENT":"Asia","SUBREGION":"Western Asia","POP_EST":1198575}},
{"type":"Feature","geometry":{"type":"MultiPolygon","coordinates":[[[[-81.837,23.163],[-82.101,23.19],[-83.258,22.968],[-84.045,22.666],[-84.361,22.379],[-84.326,22.074],[-84.031,21.943],[-83.901,22.17],[-83.38,22.223],[-82.738,22.689],[-81.903,22.679],[-81.816,22.2],[-80.962,22.053],[-80.499,22.064],[-80.231,21.872],[-79.274,21.563],[-78.823,21.619],[-78.636,21.516],[-78.491,21.054],[-77.997,20.715],[-77.23,20.644],[-77.213,20.3],[-77.715,19.855],[-76.158,19.99],[-75.552,19.891],[-75.116,19.901],[-74.635,20.058],[-74.253,20.08],[-74.883,20.651],[-75.643,20.733],[-75.723,21.111],[-76.647,21.285],[-77.497,21.872],[-77.865,21.901],[-78.686,22.367],[-79.276,22.408],[-79.677,22.743],[-80.075,22.942],[-80.65,23.103],[-81.179,23.06],[-81.837,23.163]]],[[[-82.562,21.572],[-82.715,21.89],[-83.083,21.791],[-82.853,21.444],[-82.562,21.572]]]]},"properties":{"NAME":"Cuba","NAME_JA":"キューバ","ISO_A3":"CUB","CONTINENT":"North America","SUBREGION":"Caribbean","POP_EST":11333483}},
{"type":"Feature","geometry":{"type":"MultiPolygon","coordinates":[[[[13.578,45.517],[13.629,45.108],[13.966,44.836],[14.386,45.342],[14.855,45.081],[14.895,44.707],[15.27,44.383],[15.123,44.257],[15.499,43.909],[15.942,43.657],[16.903,43.392],[17.585,42.938],[17.625,43.043],[16.214,44.215],[16.13,44.474],[15.737,44.766],[15.788,45.179],[16.293,45.009],[16.531,45.217],[17.813,45.078],[18.663,45.077],[19.007,44.869],[19.055,45.527],[18.905,45.932],[18.437,45.767],[17.964,45.77],[17.311,45.996],[16.516,46.5],[15.636,46.201],[15.625,45.834],[15.277,45.733],[15.339,45.467],[14.734,45.508],[13.879,45.428],[13.578,45.517]]],[[[18.436,42.56],[17.668,42.897],[18.517,42.433],[18.436,42.56]]]]},"properties":{"NAME":"Croatia","NAME_JA":"クロアチア","ISO_A3":"HRV","CONTINENT":"Europe","SUBREGION":"Southern Europe","POP_EST":4067500}},
{"type":"Feature","geometry":{"type":"Polygon","coordinates":[[[-7.991,10.163],[-8.137,10.022],[-8.137,9.496],[-7.896,9.416],[-7.951,8.787],[-7.824,8.468],[-8.237,8.456],[-8.017,8.145],[-8.232,7.557],[-8.486,7.558],[-8.297,7.074],[-8.333,6.802],[-8.604,6.508],[-8.204,6.291],[-7.889,6.235],[-7.797,5.975],[-7.454,5.841],[-7.43,5.325],[-7.569,5.081],[-7.545,4.351],[-6.845,4.671],[-5.914,5.011],[-5.565,5.089],[-4.037,5.23],[-3.019,5.131],[-2.795,5.185],[-2.794,5.6],[-2.962,5.643],[-3.201,6.348],[-3.236,6.807],[-2.986,7.205],[-2.79,7.932],[-2.506,8.209],[-2.6,8.8],[-2.747,9.11],[-2.696,9.481],[-2.817,9.426],[-3.224,9.895],[-3.878,9.895],[-4.626,9.714],[-4.97,9.93],[-5.1,10.242],[-5.524,10.426],[-5.844,10.39],[-6.035,10.195],[-6.261,10.724],[-6.565,10.586],[-6.693,10.349],[-7.105,10.204],[-7.661,10.427],[-7.991,10.163]]]},"properties":{"NAME":"Côte d'Ivoire","NAME_JA":"コートジボワール","ISO_A3":"CIV","CONTINENT":"Africa","SUBREGION":"Western Africa","POP_EST":25716544}},
{"type":"Feature","geometry":{"type":"Polygon","coordinates":[[[-82.564,9.577],[-82.778,9.67],[-83.448,10.466],[-83.642,10.917],[-83.811,10.743],[-84.168,10.78],[-84.348,10.98],[-84.701,11.052],[-84.909,10.945],[-85.621,11.184],[-85.744,11.062],[-85.667,10.745],[-85.831,10.398],[-85.625,9.902],[-85.315,9.811],[-85.115,9.582],[-84.715,9.899],[-84.659,9.647],[-83.896,9.276],[-83.637,9.035],[-83.734,8.614],[-83.162,8.588],[-83.123,8.353],[-82.879,8.071],[-82.998,8.368],[-82.917,8.74],[-82.94,9.449],[-82.564,9.577]]]},"properties":{"NAME":"Costa Rica","NAME_JA":"コスタリカ","ISO_A3":"CRI","CONTINENT":"North America","SUBREGION":"Central America","POP_EST":5047561}},
{"type":"Feature","geometry":{"type":"Polygon","coordinates":[[[30.751,-8.194],[30.313,-7.204],[30.106,-6.915],[29.71,-6.617],[29.48,-6.025],[29.594,-5.651],[29.343,-4.983],[29.403,-4.449],[29.223,-3.911],[29.224,-3.054],[29.014,-2.72],[28.876,-2.4],[29.106,-2.233],[29.129,-1.86],[29.352,-1.518],[29.577,-1.388],[29.562,-0.977],[29.718,0.098],[29.934,0.499],[29.943,0.819],[30.183,0.973],[30.943,1.683],[31.253,2.045],[31.176,2.27],[30.729,2.455],[30.847,2.847],[30.754,3.042],[30.839,3.491],[30.508,3.836],[30.195,3.982],[29.677,4.587],[29.47,4.612],[29.151,4.388],[28.727,4.505],[28.428,4.324],[28.192,4.35],[27.788,4.645],[27.403,5.109],[27.115,5.198],[26.822,5.062],[25.525,5.312],[25.249,5.025],[24.766,4.93],[24.32,4.994],[23.417,4.663],[23.116,4.737],[22.756,4.647],[22.422,4.135],[21.908,4.254],[21.538,4.245],[20.558,4.463],[20.226,4.83],[19.807,5.089],[19.501,5.127],[19.069,4.891],[18.567,4.258],[18.61,3.478],[18.491,2.924],[18.072,2.013],[18.058,1.535],[17.902,1.118],[17.888,0.234],[17.724,-0.278],[17.753,-0.549],[17.279,-1],[16.88,-1.226],[16.541,-1.84],[16.215,-2.178],[16.217,-3.03],[16.147,-3.464],[15.872,-3.934],[15.6,-4.031],[14.708,-4.882],[14.411,-4.831],[14.358,-4.299],[13.941,-4.485],[13.415,-4.837],[13.073,-4.635],[12.83,-4.737],[12.522,-5.149],[12.504,-5.696],[12.214,-5.759],[12.412,-5.986],[13.068,-5.865],[14.399,-5.893],[16.315,-5.866],[16.718,-6.241],[16.743,-6.618],[16.985,-7.257],[17.536,-8.076],[17.913,-8.068],[18.653,-7.936],[19.341,-7.967],[19.528,-7.144],[19.875,-6.986],[20.482,-6.916],[20.608,-7.278],[21.751,-7.305],[21.78,-7.865],[21.905,-8.693],[21.813,-9.469],[22.198,-10.041],[22.302,-10.397],[22.279,-11.194],[22.561,-11.056],[23.157,-11.075],[23.4,-10.976],[23.834,-11.014],[23.967,-10.872],[24.32,-11.072],[24.519,-11.438],[25.185,-11.243],[25.349,-11.623],[26.026,-11.89],[26.596,-11.972],[26.95,-11.899],[27.046,-11.616],[27.424,-11.945],[27.533,-12.195],[28.358,-12.482],[29.014,-13.369],[29.554,-13.249],[29.795,-13.393],[29.795,-12.155],[29.428,-12.431],[29.064,-12.349],[28.483,-11.812],[28.357,-11.483],[28.639,-10.669],[28.63,-9.831],[28.401,-9.225],[28.918,-8.701],[28.972,-8.465],[30.751,-8.194]]]},"properties":{"NAME":"Dem. Rep. Congo","NAME_JA":"コンゴ民主共和国","ISO_A3":"COD","CONTINENT":"Africa","SUBREGION":"Middle Africa","POP_EST":86790567}},
{"type":"Feature","geometry":{"type":"Polygon","coordinates":[[[11.13,-3.916],[11.778,-4.566],[12.018,-5.004],[12.385,-4.619],[12.881,-4.445],[13.073,-4.635],[13.415,-4.837],[13.941,-4.485],[14.358,-4.299],[14.411,-4.831],[14.708,-4.882],[15.6,-4.031],[15.872,-3.934],[16.147,-3.464],[16.217,-3.03],[16.215,-2.178],[16.541,-1.84],[16.88,-1.226],[17.279,-1],[17.753,-0.549],[17.724,-0.278],[17.888,0.234],[17.902,1.118],[18.058,1.535],[18.072,2.013],[18.491,2.924],[18.61,3.478],[18.474,3.623],[18.161,3.5],[17.438,3.685],[16.673,3.535],[16.496,3.209],[16.469,2.832],[16.183,2.27],[16.059,1.676],[15.742,1.915],[14.902,2.012],[14.484,2.155],[13.294,2.162],[13.163,1.648],[13.274,1.241],[13.851,1.419],[14.181,1.37],[14.434,0.811],[14.088,0.537],[13.885,0.191],[13.86,-0.203],[14.069,-0.27],[14.481,-0.618],[14.411,-0.972],[14.456,-1.413],[14.384,-1.89],[14.087,-2.467],[13.887,-2.465],[13.784,-2.164],[13.465,-2.395],[12.992,-2.313],[12.794,-1.932],[12.432,-1.929],[12.446,-2.33],[12.064,-2.413],[11.575,-2.397],[11.538,-2.837],[11.76,-2.983],[11.934,-3.319],[11.686,-3.682],[11.504,-3.52],[11.13,-3.916]]]},"properties":{"NAME":"Congo","NAME_JA":"コンゴ共和国","ISO_A3":"COG","CONTINENT":"Africa","SUBREGION":"Middle Africa","POP_EST":5380508}},
{"type":"Feature","geometry":{"type":"Polygon","coordinates":[[[43.466,-11.901],[43.379,-11.614],[43.227,-11.752],[43.466,-11.901]]]},"properties":{"NAME":"Comoros","NAME_JA":"コモロ","ISO_A3":"COM","CONTINENT":"Africa","SUBREGION":"Eastern Africa","POP_EST":850886}},
{"type":"Feature","geometry":{"type":"Polygon","coordinates":[[[-71.32,11.862],[-71.137,12.046],[-71.262,12.335],[-71.715,12.42],[-72.136,12.189],[-72.275,11.889],[-72.722,11.712],[-73.313,11.296],[-74.059,11.341],[-74.454,10.989],[-74.845,11.11],[-75.446,10.611],[-75.671,10.196],[-75.593,9.993],[-75.639,9.45],[-76.135,9.266],[-76.277,8.989],[-76.888,8.62],[-76.772,8.311],[-76.852,8.09],[-77.374,8.658],[-77.407,8.427],[-77.212,8.034],[-77.351,7.706],[-77.744,7.537],[-77.901,7.229],[-77.36,6.504],[-77.469,6.177],[-77.249,5.78],[-77.402,5.416],[-77.286,4.722],[-77.427,4.06],[-77.167,3.862],[-77.243,3.585],[-77.67,2.879],[-78.12,2.488],[-78.617,2.307],[-78.577,1.774],[-78.793,1.849],[-79.025,1.624],[-78.86,1.455],[-78.312,1.046],[-77.468,0.637],[-77.423,0.425],[-76.92,0.269],[-76.495,0.235],[-76.311,0.448],[-75.88,0.151],[-75.284,-0.107],[-74.802,-0.2],[-74.418,-0.581],[-74.246,-0.971],[-73.664,-1.249],[-73.496,-1.693],[-73.197,-1.83],[-73.154,-2.278],[-72.887,-2.408],[-72.396,-2.429],[-71.984,-2.327],[-71.753,-2.153],[-71.397,-2.334],[-70.915,-2.219],[-70.096,-2.658],[-70.074,-2.75],[-70.735,-3.782],[-70.34,-3.814],[-69.966,-4.236],[-69.669,-2.668],[-69.4,-1.195],[-69.667,-0.482],[-70.071,-0.139],[-70.054,0.579],[-69.163,0.864],[-69.361,1.064],[-69.852,1.06],[-69.849,1.709],[-68.177,1.72],[-67.815,1.79],[-67.5,2.108],[-67.352,2.086],[-67.09,1.616],[-67.094,1.21],[-66.876,1.223],[-67.211,2.39],[-67.835,2.893],[-67.311,3.416],[-67.662,3.864],[-67.855,4.507],[-67.825,5.27],[-67.439,6.026],[-67.568,6.242],[-67.859,6.29],[-68.472,6.157],[-69.439,6.135],[-70.095,6.938],[-70.655,7.083],[-71.013,6.994],[-72.084,7.097],[-72.208,7.37],[-72.443,7.455],[-72.417,8.382],[-72.665,8.628],[-72.796,9.109],[-73.058,9.26],[-73.356,9.227],[-73.007,9.789],[-72.869,10.491],[-72.69,10.836],[-72.248,11.196],[-71.958,11.666],[-71.32,11.862]]]},"properties":{"NAME":"Colombia","NAME_JA":"コロンビア","ISO_A3":"COL","CONTINENT":"South America","SUBREGION":"South America","POP_EST":50339443}},
{"type":"Feature","geometry":{"type":"MultiPolygon","coordinates":[[[[107.973,21.508],[108.325,21.694],[109.031,21.627],[109.149,21.426],[109.544,21.538],[109.931,21.481],[109.663,20.917],[110.123,20.264],[110.512,20.518],[110.18,20.859],[110.194,21.038],[110.771,21.387],[111.603,21.559],[111.944,21.85],[112.586,21.777],[113.008,22.119],[113.479,22.196],[113.494,22.242],[113.527,22.246],[113.62,22.861],[114.015,22.512],[114.266,22.541],[114.854,22.617],[115.196,22.817],[115.498,22.719],[116.471,22.946],[116.538,23.18],[117.466,23.841],[117.628,23.837],[118.056,24.246],[118.087,24.627],[118.56,24.58],[118.909,24.929],[119.025,25.223],[119.539,25.591],[119.648,25.919],[119.463,26.055],[119.881,26.334],[120.279,27.097],[120.54,27.318],[120.588,27.581],[121.098,28.291],[121.602,28.367],[121.717,29.256],[121.918,29.135],[121.944,29.894],[121.433,30.227],[121.159,30.302],[120.998,30.558],[121.528,30.841],[121.878,30.917],[121.661,31.32],[121.055,31.719],[121.352,31.859],[121.681,31.712],[121.832,31.9],[121.404,32.206],[121.401,32.372],[120.853,32.661],[120.871,33.017],[120.505,33.638],[120.201,34.326],[119.583,34.582],[119.216,35.012],[119.43,35.301],[120.055,35.861],[120.393,36.054],[120.99,36.598],[121.933,36.959],[122.341,36.832],[122.52,36.947],[122.602,37.426],[121.64,37.46],[120.75,37.834],[120.37,37.701],[119.45,37.125],[118.953,37.331],[119.089,37.701],[118.94,38.043],[118.015,38.183],[117.558,38.625],[117.785,39.134],[118.298,39.067],[118.912,39.166],[119.225,39.408],[119.591,39.903],[120.479,40.231],[121.175,40.901],[121.859,40.842],[122.275,40.542],[121.518,39.639],[121.785,39.401],[121.65,38.865],[122.335,39.366],[123.348,39.763],[124.106,39.841],[124.362,40.004],[124.889,40.46],[125.989,40.905],[126.49,41.358],[126.601,41.641],[126.904,41.781],[127.18,41.531],[128.111,41.389],[128.291,41.563],[128.045,41.988],[128.923,42.038],[129.314,42.414],[129.72,42.475],[129.898,42.998],[130.24,42.892],[130.527,42.535],[130.577,42.812],[131.069,42.902],[131.262,43.433],[131.255,44.072],[131.061,44.66],[131.082,44.91],[131.978,45.244],[132.936,45.03],[133.186,45.495],[133.861,46.248],[133.867,46.499],[134.202,47.128],[134.168,47.302],[134.752,47.715],[134.564,48.322],[134.293,48.373],[133.468,48.097],[133.144,48.106],[132.562,47.769],[131.785,47.681],[131.003,47.691],[130.712,48.128],[130.804,48.342],[130.196,48.892],[129.498,49.389],[129.12,49.362],[128.704,49.6],[128,49.569],[127.502,49.873],[127.59,50.209],[127.307,50.708],[126.925,51.1],[126.805,51.506],[126.313,52.4],[125.649,53.042],[124.812,53.134],[123.608,53.547],[122.338,53.485],[120.704,53.172],[120.095,52.787],[120.656,52.567],[120.75,52.097],[120.067,51.601],[119.192,50.38],[119.26,50.066],[118.452,49.844],[117.873,49.513],[116.683,49.824],[115.954,48.689],[115.558,47.945],[115.898,47.687],[116.231,47.858],[116.761,47.87],[117.351,47.652],[117.768,47.988],[118.498,47.984],[119.711,47.15],[119.898,46.858],[119.707,46.606],[118.309,46.717],[117.333,46.362],[116.563,46.29],[116.241,45.796],[115.681,45.458],[114.517,45.365],[114.03,44.943],[113.587,44.746],[112.597,44.918],[112.411,45.058],[111.898,45.064],[111.621,44.827],[111.402,44.367],[111.933,43.711],[111.007,43.341],[110.4,42.774],[109.443,42.456],[108.171,42.447],[106.77,42.289],[105.197,41.738],[105.051,41.616],[104.498,41.659],[104.498,41.877],[103.711,41.751],[103.073,42.006],[101.973,42.216],[101.714,42.466],[99.984,42.677],[99.468,42.568],[97.206,42.79],[96.385,42.72],[95.913,43.206],[95.35,44.278],[94.712,44.351],[93.656,44.901],[92.788,45.036],[91.584,45.077],[90.877,45.196],[90.662,45.525],[91.002,46.036],[91.034,46.529],[90.87,46.954],[90.496,47.285],[90.313,47.676],[89.561,48.004],[89.048,48.003],[88.517,48.384],[87.98,48.555],[87.743,48.882],[87.814,49.162],[87.323,49.086],[86.753,49.009],[86.549,48.529],[85.749,48.385],[85.526,47.916],[85.657,47.255],[84.786,46.831],[84.667,46.972],[84.016,46.971],[83.193,47.187],[83.004,47.033],[82.555,46.159],[82.327,45.52],[82.479,45.124],[81.602,45.311],[80.059,45.006],[80.455,44.746],[80.355,44.097],[80.786,43.162],[80.165,42.666],[80.209,42.19],[80.216,42.032],[79.294,41.783],[78.362,41.372],[78.123,41.076],[77.582,40.993],[76.824,40.982],[76.48,40.45],[75.872,40.303],[75.583,40.605],[75.004,40.45],[74.412,40.137],[73.992,40.043],[73.915,39.606],[73.632,39.449],[73.796,39.002],[73.802,38.607],[74.277,38.66],[74.745,38.51],[74.894,37.601],[74.891,37.232],[74.541,37.022],[75.347,36.913],[75.424,36.738],[75.84,36.65],[75.974,36.382],[75.945,36.018],[76.252,35.811],[76.767,35.662],[77.446,35.476],[77.799,35.496],[78.012,35.251],[78.282,34.654],[78.936,34.352],[78.753,34.088],[78.802,33.5],[79.113,33.226],[79.219,32.501],[78.919,32.358],[78.701,32.597],[78.39,32.52],[78.735,31.958],[78.792,31.294],[79.107,31.403],[79.565,30.949],[79.795,30.968],[80.194,30.759],[80.191,30.568],[80.682,30.415],[81.01,30.165],[81.417,30.338],[82.043,30.327],[82.159,30.115],[82.854,29.683],[83.155,29.613],[83.583,29.184],[84.101,29.22],[84.229,28.912],[84.714,28.596],[85.159,28.592],[85.122,28.316],[85.678,28.277],[86.409,27.929],[86.554,28.085],[87.141,27.838],[88.11,27.871],[88.621,28.092],[88.849,27.869],[88.749,27.522],[88.891,27.316],[88.948,27.464],[89.537,28.107],[89.981,28.311],[90.353,28.08],[91.606,27.952],[91.632,27.76],[91.978,27.73],[92.664,27.949],[92.702,28.147],[93.119,28.402],[93.207,28.591],[93.902,28.803],[94.623,29.312],[94.769,29.176],[95.42,29.054],[95.516,29.206],[96.035,29.447],[96.436,29.051],[96.603,28.46],[97.322,28.218],[97.538,28.51],[98.099,28.142],[98.299,27.55],[98.651,27.572],[98.732,26.583],[98.655,25.918],[98.011,25.293],[97.82,25.252],[97.531,24.492],[97.667,24.38],[97.686,23.898],[98.213,24.111],[98.764,24.116],[98.681,23.842],[98.832,23.624],[98.864,23.191],[99.341,23.096],[99.338,22.498],[99.193,22.126],[99.918,22.028],[99.926,21.821],[100.215,21.463],[100.531,21.458],[100.835,21.655],[101.139,21.567],[101.224,21.224],[101.705,21.15],[101.737,21.827],[101.525,22.254],[101.671,22.462],[102.127,22.379],[102.517,22.741],[103.005,22.453],[103.356,22.755],[103.62,22.782],[103.915,22.538],[104.054,22.752],[104.372,22.704],[104.796,22.911],[104.865,23.136],[105.275,23.345],[105.843,22.923],[106.148,22.97],[106.78,22.779],[106.536,22.395],[106.729,22],[107.351,21.609],[107.802,21.645],[107.973,21.508]]],[[[110.889,19.992],[110.172,20.054],[109.219,19.843],[109.179,19.674],[108.694,19.338],[108.636,18.908],[108.702,18.535],[109.519,18.218],[110.451,18.748],[110.572,19.172],[110.822,19.558],[111.014,19.655],[110.889,19.992]]]]},"properties":{"NAME":"China","NAME_JA":"中華人民共和国","ISO_A3":"CHN","CONTINENT":"Asia","SUBREGION":"Eastern Asia","POP_EST":1397715000}},
{"type":"Feature","geometry":{"type":"Polygon","coordinates":[[[113.479,22.196],[113.527,22.246],[113.494,22.242],[113.479,22.196]]]},"properties":{"NAME":"Macao","NAME_JA":"マカオ","ISO_A3":"MAC","CONTINENT":"Asia","SUBREGION":"Eastern Asia","POP_EST":640445}},
{"type":"Feature","geometry":{"type":"Polygon","coordinates":[[[114.015,22.512],[114.268,22.296],[114.266,22.541],[114.015,22.512]]]},"properties":{"NAME":"Hong Kong","NAME_JA":"香港","ISO_A3":"HKG","CONTINENT":"Asia","SUBREGION":"Eastern Asia","POP_EST":7507400}},
{"type":"Feature","geometry":{"type":"MultiPolygon","coordinates":[[[[-70.418,-18.346],[-70.148,-19.805],[-70.197,-20.725],[-70.088,-21.493],[-70.332,-22.849],[-70.563,-23.057],[-70.588,-23.368],[-70.392,-23.566],[-70.488,-23.782],[-70.574,-24.644],[-70.445,-25.173],[-70.714,-25.784],[-70.647,-26.329],[-71.053,-27.727],[-71.186,-28.378],[-71.519,-28.926],[-71.316,-29.65],[-71.4,-30.143],[-71.669,-30.33],[-71.662,-31.17],[-71.526,-31.806],[-71.452,-32.66],[-71.743,-33.095],[-71.664,-33.653],[-72.003,-34.165],[-72.224,-35.096],[-72.624,-35.586],[-72.875,-36.39],[-73.118,-36.688],[-73.216,-37.167],[-73.602,-37.188],[-73.662,-37.699],[-73.465,-38.04],[-73.533,-38.367],[-73.226,-39.224],[-73.41,-39.789],[-73.669,-40.082],[-73.966,-41.118],[-73.811,-41.517],[-73.521,-41.797],[-73.015,-41.544],[-72.67,-41.659],[-72.499,-41.981],[-72.785,-42.301],[-72.878,-43.048],[-73.101,-43.455],[-72.997,-43.632],[-73.265,-44.169],[-72.664,-44.436],[-72.739,-44.734],[-73.362,-44.978],[-73.55,-45.484],[-74.038,-45.418],[-74.158,-45.767],[-75.067,-45.875],[-74.924,-46.16],[-75.657,-46.61],[-74.152,-46.974],[-74.158,-47.183],[-74.655,-47.702],[-74.577,-48.274],[-74.341,-48.596],[-74.334,-49.975],[-75.095,-50.681],[-74.815,-51.063],[-73.896,-51.331],[-73.973,-51.784],[-73.518,-52.041],[-73.834,-52.234],[-74.014,-52.639],[-73.053,-53.243],[-72.458,-53.254],[-71.388,-52.764],[-71.4,-53.107],[-71.853,-53.286],[-72.306,-53.254],[-72.174,-53.632],[-71.298,-53.883],[-70.996,-53.779],[-70.795,-52.769],[-69.561,-52.422],[-69.241,-52.205],[-68.443,-52.357],[-69.206,-52.136],[-69.96,-52.008],[-71.919,-51.99],[-72.408,-51.541],[-72.276,-50.91],[-72.51,-50.608],[-73.153,-50.738],[-73.501,-50.125],[-73.576,-49.583],[-73.135,-49.301],[-72.982,-48.977],[-72.614,-48.793],[-72.355,-48.366],[-72.518,-47.876],[-72.346,-47.493],[-71.905,-47.202],[-71.94,-46.831],[-71.695,-46.578],[-71.876,-46.161],[-71.632,-45.954],[-71.773,-45.724],[-71.354,-45.23],[-71.596,-44.979],[-71.261,-44.763],[-71.213,-44.441],[-71.82,-44.383],[-71.68,-43.93],[-71.905,-43.44],[-71.781,-43.167],[-72.146,-42.99],[-72.125,-42.298],[-71.761,-42.101],[-71.911,-41.65],[-71.932,-40.692],[-71.695,-40.335],[-71.72,-39.635],[-71.539,-39.602],[-71.426,-38.986],[-70.952,-38.738],[-71.028,-38.041],[-71.168,-37.762],[-71.118,-37.114],[-71.192,-36.844],[-71.056,-36.524],[-70.405,-36.062],[-70.47,-35.326],[-70.29,-34.733],[-70.052,-34.301],[-69.852,-34.224],[-69.894,-33.731],[-69.798,-33.399],[-70.02,-33.271],[-70.17,-32.472],[-70.585,-31.569],[-70.52,-31.148],[-70.161,-30.44],[-69.956,-30.358],[-69.928,-29.769],[-70.027,-29.324],[-69.828,-29.103],[-69.657,-28.414],[-69.174,-27.925],[-68.846,-27.154],[-68.346,-27.028],[-68.581,-26.518],[-68.415,-26.154],[-68.6,-25.486],[-68.384,-25.092],[-68.562,-24.838],[-68.25,-24.392],[-67.356,-24.034],[-67.009,-23.001],[-67.195,-22.822],[-67.879,-22.823],[-67.988,-22.057],[-68.186,-21.619],[-68.197,-21.3],[-68.745,-20.459],[-68.698,-19.721],[-68.463,-19.433],[-68.968,-18.968],[-69.094,-18.05],[-69.313,-17.943],[-69.511,-17.506],[-69.852,-17.704],[-69.926,-18.206],[-70.418,-18.346]]],[[[-68.63,-52.653],[-69.764,-52.731],[-70.391,-53.026],[-70.09,-53.418],[-69.637,-53.334],[-69.352,-53.48],[-70.149,-53.761],[-70.531,-53.627],[-70.868,-53.884],[-70.898,-54.338],[-71.441,-54.62],[-70.497,-54.81],[-69.723,-54.712],[-69.486,-54.859],[-68.653,-54.854],[-68.63,-52.653]]],[[[-67.08,-55.154],[-67.245,-54.978],[-68.107,-54.929],[-68.07,-55.221],[-67.08,-55.154]]],[[[-73.773,-43.346],[-73.436,-42.937],[-73.789,-42.586],[-73.471,-42.466],[-73.528,-41.896],[-74.037,-41.796],[-74.16,-42.216],[-74.209,-42.879],[-74.355,-43.264],[-73.773,-43.346]]],[[[-74.476,-49.148],[-74.567,-48.755],[-74.793,-48.705],[-75.184,-49.084],[-75.3,-49.847],[-74.595,-50.007],[-74.476,-49.148]]],[[[-75.51,-48.763],[-75.158,-48.623],[-75.391,-48.02],[-75.651,-48.586],[-75.51,-48.763]]],[[[-74.567,-48.592],[-74.729,-48.126],[-75.213,-48.142],[-74.923,-48.626],[-74.567,-48.592]]],[[[-72.923,-53.482],[-73.687,-53.427],[-73.305,-53.944],[-72.205,-53.807],[-72.923,-53.482]]],[[[-74.823,-51.63],[-75.105,-51.789],[-74.852,-52.271],[-74.532,-51.992],[-74.823,-51.63]]],[[[-69.703,-54.919],[-69.98,-55.147],[-69.412,-55.444],[-68.293,-55.521],[-68.283,-55.255],[-68.901,-55.018],[-69.703,-54.919]]],[[[-71.39,-54.033],[-71.996,-53.885],[-71.972,-54.207],[-71.39,-54.033]]],[[[-73.735,-44.395],[-74.502,-44.474],[-74.618,-44.648],[-74.099,-45.325],[-73.727,-45.119],[-73.983,-44.495],[-73.735,-44.395]]],[[[-72.986,-44.78],[-72.764,-44.549],[-73.208,-44.335],[-73.445,-44.641],[-72.986,-44.78]]]]},"properties":{"NAME":"Chile","NAME_JA":"チリ","ISO_A3":"CHL","CONTINENT":"South America","SUBREGION":"South America","POP_EST":18952038}},
{"type":"Feature","geometry":{"type":"Polygon","coordinates":[[[23.98,19.497],[21.585,20.679],[19.669,21.626],[18.231,22.336],[15.984,23.445],[14.979,22.996],[15.172,21.922],[15.182,21.523],[15.607,20.954],[15.587,20.733],[15.949,20.303],[15.735,19.904],[15.638,18.811],[15.474,16.908],[14.368,15.75],[13.807,14.966],[13.448,14.381],[13.606,13.705],[14.064,13.079],[14.516,12.98],[14.761,12.656],[15.081,11.846],[15.122,11.541],[15.03,11.114],[15.276,10.357],[15.541,9.96],[14.243,9.98],[13.977,9.692],[14.332,9.204],[15.116,8.557],[15.443,7.852],[15.48,7.524],[15.845,7.475],[16.379,7.684],[16.523,7.86],[16.785,7.551],[17.649,7.984],[18.455,8.032],[19.109,8.656],[19.146,9.016],[19.668,9.021],[20.342,9.127],[20.773,9.406],[21.264,9.975],[21.726,10.367],[21.707,10.575],[22.043,10.823],[22.494,10.996],[22.86,10.92],[22.923,11.345],[22.556,11.67],[22.352,12.66],[21.825,12.791],[22.228,13.33],[22.108,13.73],[22.51,14.127],[22.382,14.55],[22.671,14.722],[22.932,15.162],[22.934,15.533],[23.105,15.703],[23.983,15.78],[23.982,17.266],[23.98,19.497]]]},"properties":{"NAME":"Chad","NAME_JA":"チャド","ISO_A3":"TCD","CONTINENT":"Africa","SUBREGION":"Middle Africa","POP_EST":15946876}},
{"type":"Feature","geometry":{"type":"Polygon","coordinates":[[[24.147,8.666],[23.537,8.816],[23.468,9.115],[23.623,9.341],[23.646,9.823],[23.312,10.388],[22.86,10.92],[22.494,10.996],[22.043,10.823],[21.707,10.575],[21.726,10.367],[21.264,9.975],[20.773,9.406],[20.342,9.127],[19.668,9.021],[19.146,9.016],[19.109,8.656],[18.455,8.032],[17.649,7.984],[16.785,7.551],[16.523,7.86],[16.379,7.684],[15.845,7.475],[15.48,7.524],[15.246,7.264],[14.739,6.28],[14.431,6.039],[14.617,5.865],[14.709,4.666],[15.023,4.359],[15.129,3.827],[15.775,3.127],[16.063,2.909],[16.183,2.27],[16.469,2.832],[16.496,3.209],[16.673,3.535],[17.438,3.685],[18.161,3.5],[18.474,3.623],[18.61,3.478],[18.567,4.258],[19.069,4.891],[19.501,5.127],[19.807,5.089],[20.226,4.83],[20.558,4.463],[21.538,4.245],[21.908,4.254],[22.422,4.135],[22.756,4.647],[23.116,4.737],[23.417,4.663],[24.32,4.994],[24.766,4.93],[25.249,5.025],[25.525,5.312],[26.822,5.062],[27.115,5.198],[27.403,5.109],[27.083,5.777],[26.514,6.069],[26.309,6.455],[26.362,6.635],[25.889,7.065],[25.381,7.333],[25.247,7.725],[24.853,8.138],[24.291,8.291],[24.147,8.666]]]},"properties":{"NAME":"Central African Rep.","NAME_JA":"中央アフリカ共和国","ISO_A3":"CAF","CONTINENT":"Africa","SUBREGION":"Middle Africa","POP_EST":4745185}},
{"type":"Feature","geometry":{"type":"Polygon","coordinates":[[[-23.444,15.008],[-23.701,15.272],[-23.705,14.961],[-23.444,15.008]]]},"properties":{"NAME":"Cabo Verde","NAME_JA":"カーボベルデ","ISO_A3":"CPV","CONTINENT":"Africa","SUBREGION":"Western Africa","POP_EST":549935}},
{"type":"Feature","geometry":{"type":"MultiPolygon","coordinates":[[[[-132.656,54.127],[-133.064,54.144],[-133.052,53.778],[-132.748,53.31],[-132.011,53.265],[-131.703,53.986],[-132.656,54.127]]],[[[-131.754,53.196],[-132.345,53.136],[-132.165,52.783],[-131.727,52.756],[-131.754,53.196]]],[[[-127.197,50.64],[-127.918,50.861],[-128.267,50.609],[-127.906,50.445],[-127.864,50.128],[-127.467,50.163],[-127.114,49.88],[-126.683,49.876],[-126.549,49.419],[-125.835,49.277],[-125.829,49.092],[-124.689,48.597],[-123.595,48.334],[-123.497,48.582],[-123.996,49.224],[-124.643,49.429],[-125.482,50.317],[-127.197,50.64]]],[[[-130.025,55.888],[-130.093,55.632],[-129.89,55.165],[-130.43,54.421],[-130.043,54.134],[-130.335,53.724],[-129.564,53.251],[-129.284,53.393],[-128.652,53.244],[-128.452,52.877],[-128.109,52.858],[-128.358,52.159],[-128.102,51.788],[-127.645,51.478],[-127.708,51.151],[-127.058,50.868],[-126.397,50.807],[-126.404,50.53],[-125.057,50.419],[-124.782,50.02],[-124.142,49.793],[-123.859,49.483],[-123.336,49.459],[-123.049,48.993],[-122.789,48.993],[-120.981,48.993],[-117.996,48.993],[-115.438,48.993],[-112.027,48.993],[-109.469,48.993],[-107.763,48.993],[-105.631,48.993],[-103.499,48.993],[-101.367,48.993],[-99.235,48.993],[-96.677,48.993],[-95.162,48.992],[-94.854,49.305],[-94.621,48.743],[-93.708,48.525],[-92.996,48.612],[-91.518,48.058],[-90.84,48.201],[-89.456,47.996],[-88.378,48.303],[-86.429,47.54],[-84.876,46.9],[-84.562,46.457],[-84.192,46.55],[-83.978,46.085],[-83.593,45.817],[-82.551,45.347],[-82.138,43.571],[-82.545,42.625],[-83.073,42.3],[-83.142,41.976],[-82.69,41.675],[-82.439,41.675],[-81.278,42.209],[-80.248,42.366],[-79.037,42.802],[-79.172,43.467],[-78.72,43.625],[-76.82,43.629],[-76.465,44.058],[-75.179,44.899],[-74.709,45.004],[-73.974,45.345],[-74.038,45.502],[-73.477,45.738],[-72.981,46.21],[-71.88,46.687],[-71.268,46.796],[-70.706,47.14],[-69.906,47.832],[-69.775,48.098],[-68.929,48.829],[-68.282,49.197],[-67.372,49.348],[-66.941,49.994],[-66.496,50.212],[-65.269,50.32],[-64.868,50.275],[-62.715,50.302],[-61.29,50.202],[-60.08,50.255],[-59.165,50.78],[-58.51,51.295],[-57.77,51.426],[-56.976,51.458],[-55.695,52.138],[-55.834,52.31],[-55.798,53.212],[-56.11,53.588],[-56.465,53.765],[-57.149,53.848],[-57.416,54.163],[-58.151,54.35],[-57.404,54.57],[-58.195,54.866],[-58.78,54.838],[-58.997,55.149],[-59.93,55.259],[-60.832,55.958],[-61.089,55.866],[-61.515,56.39],[-61.334,57.011],[-61.851,57.381],[-61.899,57.861],[-62.306,57.972],[-62.594,58.474],[-63.185,58.858],[-63.54,59.333],[-64.499,60.268],[-64.931,60.252],[-65.433,59.777],[-65.606,59.111],[-66.608,58.549],[-67.57,58.213],[-68.326,58.595],[-68.698,58.905],[-69.173,58.897],[-69.682,59.342],[-69.63,59.822],[-69.756,60.389],[-69.64,60.69],[-70.279,61.069],[-71.423,61.159],[-72.081,61.728],[-73.63,62.454],[-74.69,62.183],[-75.817,62.316],[-77.372,62.573],[-78.068,62.355],[-78.137,62.107],[-77.736,61.437],[-77.872,60.786],[-77.312,60.042],[-77.726,59.676],[-77.761,59.38],[-78.431,58.902],[-78.515,58.682],[-77.157,58.019],[-76.573,57.181],[-76.52,56.707],[-76.65,56.107],[-77.325,55.556],[-77.891,55.236],[-78.909,54.881],[-79.666,54.697],[-79.242,54.099],[-78.724,52.628],[-78.492,52.252],[-78.978,51.734],[-79.498,51.57],[-79.836,51.173],[-80.368,51.33],[-80.658,51.758],[-81.661,52.294],[-81.599,52.433],[-82.26,52.961],[-82.141,53.818],[-82.418,54.356],[-82.219,54.813],[-82.577,55.149],[-83.911,55.315],[-85.061,55.286],[-85.677,55.601],[-87.561,56.056],[-88.075,56.467],[-88.948,56.851],[-89.791,56.981],[-90.592,57.224],[-91.111,57.241],[-92.249,57.009],[-93.278,58.756],[-94.287,58.716],[-94.713,58.903],[-94.786,59.953],[-94.647,60.416],[-94.068,61.139],[-94.061,61.318],[-93.421,61.706],[-92.361,62.819],[-91.449,62.804],[-90.871,62.946],[-90.747,63.352],[-91.33,63.507],[-90.013,63.804],[-90.142,63.982],[-88.653,64.009],[-88.106,64.183],[-87.281,64.826],[-87.028,65.198],[-88.974,65.348],[-90.117,65.882],[-89.749,65.936],[-87.97,65.349],[-87.291,65.355],[-86.043,66.023],[-86.633,66.531],[-85.442,66.537],[-84.478,66.179],[-82.642,66.588],[-81.468,67.07],[-81.27,67.46],[-81.976,67.862],[-82.553,68.446],[-81.282,68.657],[-81.329,69.12],[-82.642,69.458],[-82.618,69.691],[-83.665,69.7],[-84.242,69.835],[-85.507,69.845],[-85.387,69.232],[-84.862,69.074],[-85.734,68.63],[-85.953,68.072],[-86.536,67.516],[-87.266,67.184],[-88.196,67.766],[-88.347,68.288],[-87.81,68.404],[-88.041,68.812],[-89.057,69.266],[-89.667,69.015],[-89.879,68.522],[-90.574,68.475],[-90.468,68.864],[-90.822,69.29],[-90.555,69.504],[-91.912,69.531],[-92.751,69.714],[-91.564,70.178],[-92.981,70.852],[-92.949,71.262],[-94.308,71.765],[-95.201,71.904],[-96.406,71.274],[-96.549,70.809],[-96.226,70.542],[-96.546,70.327],[-96.119,69.872],[-94.271,69.455],[-93.681,68.887],[-93.652,68.543],[-94.744,68.071],[-95.461,68.021],[-95.65,67.737],[-95.259,67.263],[-95.783,67.194],[-96.371,67.554],[-96.036,68.158],[-96.977,68.255],[-97.266,68.453],[-98.219,68.317],[-98.438,68.065],[-97.207,67.855],[-97.455,67.617],[-98.417,67.826],[-99.147,67.724],[-100.456,67.839],[-101.555,67.693],[-102.692,67.812],[-103.474,68.115],[-104.194,68.031],[-105.429,68.458],[-105.54,68.719],[-106.164,68.92],[-108.313,68.611],[-108.687,68.277],[-108.261,68.15],[-107.972,67.732],[-107.156,66.882],[-108.455,67.063],[-107.989,67.256],[-108.593,67.591],[-109.63,67.733],[-110.042,67.977],[-110.99,67.791],[-112.435,67.685],[-113.893,67.707],[-115.427,67.924],[-114.765,68.27],[-113.964,68.399],[-114.414,68.66],[-115.631,68.973],[-116.065,68.855],[-118.095,69.043],[-118.869,69.257],[-120.293,69.421],[-120.962,69.66],[-122.07,69.816],[-123.026,69.81],[-123.609,69.377],[-124.768,69.99],[-125.357,69.626],[-126.064,69.467],[-126.612,69.73],[-127.138,70.239],[-127.765,70.222],[-128.971,69.712],[-129.648,69.998],[-130.498,70.143],[-131.934,69.753],[-132.84,69.651],[-133.163,69.434],[-135.141,69.468],[-135.691,69.311],[-135.876,68.917],[-136.717,68.889],[-138.128,69.152],[-139.182,69.516],[-141.002,69.651],[-141.002,68.19],[-141.002,66.729],[-141.002,64.976],[-141.002,62.346],[-141.002,60.3],[-139.185,60.084],[-137.593,59.226],[-137.439,58.903],[-136.579,59.152],[-136.322,59.605],[-135.476,59.793],[-135.051,59.579],[-134.944,59.288],[-133.821,58.705],[-131.866,56.793],[-131.575,56.599],[-130.742,56.341],[-130.025,55.888]]],[[[-109.816,78.65],[-110.408,78.757],[-113.15,78.408],[-109.391,78.337],[-109.816,78.65]]],[[[-110.458,78.103],[-113.215,77.904],[-113.164,77.53],[-111.952,77.344],[-110.198,77.525],[-109.772,77.957],[-110.458,78.103]]],[[[-115.551,77.363],[-116.363,77.543],[-117.419,77.317],[-119.09,77.305],[-121.614,76.441],[-122.774,76.228],[-121.908,76.035],[-119.913,75.859],[-119.368,76.222],[-116.22,76.611],[-115.551,77.363]]],[[[-108.292,76.057],[-108.628,76.587],[-109.339,76.76],[-110.27,76.417],[-109.487,76.145],[-109.796,75.863],[-109.086,75.506],[-111.053,75.549],[-112.698,76.202],[-113.823,76.207],[-114.194,76.451],[-115.581,76.438],[-116.61,76.074],[-117.6,75.272],[-115.729,74.968],[-114.452,75.088],[-113.514,74.43],[-112.519,74.417],[-110.941,74.639],[-108.831,75.065],[-107.153,74.927],[-105.863,75.192],[-105.481,75.746],[-106.397,76.06],[-107.136,75.879],[-108.292,76.057]]],[[[-114.522,72.593],[-114.052,73.071],[-114.638,73.373],[-116.573,73.055],[-118.375,72.534],[-118.213,72.263],[-118.945,71.986],[-118.868,71.687],[-117.814,71.158],[-118.264,70.888],[-117.587,70.63],[-115.991,70.586],[-113.757,70.691],[-112.114,70.447],[-112.638,70.225],[-114.592,70.312],[-117.135,70.1],[-117.104,69.804],[-116.513,69.425],[-115.159,69.265],[-113.694,69.195],[-113.617,68.838],[-113.128,68.494],[-111.311,68.542],[-108.946,68.76],[-107.44,69.002],[-106.659,69.44],[-106.141,69.162],[-105.02,69.081],[-103.468,68.809],[-101.857,69.024],[-101.976,69.407],[-102.621,69.552],[-102.182,69.846],[-100.935,69.715],[-101.149,70.148],[-103.105,70.51],[-103.953,70.763],[-104.57,71.104],[-104.35,71.434],[-105.234,72.415],[-105.415,72.788],[-106.482,73.196],[-107.72,73.329],[-108.238,73.106],[-107.696,72.149],[-107.306,71.895],[-108.21,71.751],[-108.698,72.499],[-110.008,72.984],[-110.205,72.661],[-111.27,72.714],[-112.754,72.986],[-113.5,72.694],[-114.522,72.593]]],[[[-119.736,74.113],[-121.315,74.53],[-124.696,74.348],[-123.797,73.768],[-124.836,73.076],[-124.987,72.588],[-125.763,72.138],[-124.008,71.677],[-123.211,71.123],[-120.619,71.506],[-120.18,72.213],[-119.408,72.36],[-118.962,72.684],[-115.447,73.439],[-115.511,73.619],[-117.199,74.171],[-117.966,74.266],[-119.736,74.113]]],[[[-69.489,83.017],[-69.97,83.116],[-75.745,83.047],[-77.48,82.883],[-79.886,82.939],[-82.123,82.602],[-82.537,82.247],[-84.897,82.449],[-86.581,82.187],[-90.49,81.877],[-91.648,81.684],[-88.978,81.542],[-89.947,81.173],[-88.921,80.806],[-85.307,80.526],[-83.401,80.714],[-80.051,80.529],[-83.724,80.229],[-86.307,80.319],[-86.421,79.845],[-85.09,79.612],[-84.197,79.225],[-84.316,78.975],[-86.808,78.774],[-87.552,78.177],[-87.018,77.892],[-88.095,77.719],[-86.874,77.2],[-88.398,77.104],[-89.5,76.827],[-89.57,76.492],[-85.141,76.305],[-83.886,76.453],[-81.171,76.513],[-80.69,76.176],[-78.284,76.571],[-78.289,76.978],[-79.341,77.158],[-78.076,77.519],[-78.013,77.946],[-75.866,78.01],[-74.433,78.724],[-76.256,79.007],[-75.094,79.204],[-75.259,79.421],[-71.388,79.762],[-70.144,80.398],[-65.484,81.285],[-64.574,81.734],[-62.177,82.043],[-61.392,82.442],[-63.085,82.565],[-64.777,82.876],[-69.489,83.017]]],[[[-95.484,77.792],[-95.987,77.484],[-93.52,77.474],[-93.301,77.74],[-95.484,77.792]]],[[[-93.543,75.028],[-94.427,75.593],[-95.671,75.529],[-96.566,75.099],[-96.27,74.92],[-94.697,74.642],[-93.547,74.691],[-93.543,75.028]]],[[[-100.002,73.946],[-100.915,73.805],[-101.451,73.431],[-100.283,73.12],[-100.485,72.773],[-101.351,72.746],[-101.922,73.057],[-102.714,72.783],[-101.724,72.315],[-100.594,72.152],[-99.167,71.367],[-98.663,71.302],[-96.613,71.834],[-97.052,72.637],[-97.796,73.285],[-97.002,73.667],[-97.582,73.888],[-99.158,73.732],[-100.002,73.946]]],[[[-84.92,65.261],[-85.241,65.796],[-85.962,65.704],[-86.374,64.566],[-86.252,64.137],[-87.189,63.672],[-85.714,63.658],[-85.496,63.139],[-84.633,63.309],[-83.728,63.813],[-83.494,64.099],[-82.467,63.927],[-82.378,63.707],[-81.046,63.462],[-80.302,63.762],[-80.829,64.09],[-81.716,64.022],[-82.05,64.644],[-82.668,64.78],[-83.407,65.104],[-84.92,65.261]]],[[[-97.701,76.467],[-99.024,76.615],[-100.388,76.614],[-102.138,76.285],[-101.431,75.992],[-102.541,75.514],[-100.712,75.406],[-100.234,75.008],[-98.569,75.009],[-97.799,75.117],[-97.41,75.552],[-97.701,76.467]]],[[[-103.426,79.316],[-105.388,79.324],[-105.536,79.033],[-103.518,78.769],[-104.324,78.269],[-102.731,78.371],[-101.074,78.194],[-100.586,77.892],[-99.166,77.857],[-99.751,78.303],[-99.609,78.583],[-103.426,79.316]]],[[[-91.886,81.133],[-95.27,81.001],[-96.133,80.691],[-95.614,80.396],[-96.773,80.136],[-96.463,79.848],[-95.297,79.653],[-95.103,79.29],[-92.678,78.389],[-90.614,78.15],[-88.791,78.192],[-87.016,78.899],[-85.29,79.208],[-85.501,79.53],[-87.144,79.663],[-87.675,80.372],[-90.643,80.594],[-91.886,81.133]]],[[[-94.295,76.912],[-95.638,77.064],[-96.758,76.972],[-96.64,76.703],[-95.274,76.264],[-93.092,76.354],[-92.185,75.847],[-92.427,75.346],[-91.962,74.793],[-89.844,74.549],[-88.423,74.494],[-84.426,74.508],[-83.532,74.586],[-81.809,74.477],[-80.278,74.582],[-79.508,74.88],[-79.66,75.45],[-80.322,75.629],[-82.154,75.831],[-83.932,75.819],[-86.069,75.502],[-87.257,75.618],[-88.201,75.512],[-90.251,76.053],[-89.285,76.302],[-90.855,76.437],[-91.305,76.681],[-92.716,76.603],[-94.295,76.912]]],[[[-96.204,78.531],[-98.212,78.805],[-98.255,78.429],[-96.99,77.806],[-95.087,77.993],[-94.887,78.345],[-96.204,78.531]]],[[[-93.171,74.161],[-95.04,74.024],[-95.633,73.695],[-95.548,72.782],[-95.193,72.027],[-94.038,72.029],[-93.341,72.802],[-92.118,72.754],[-90.355,73.869],[-91.088,74.009],[-92.223,73.972],[-93.171,74.161]]],[[[-97.439,69.643],[-97.791,69.862],[-98.548,69.545],[-98.456,69.335],[-99.564,69.034],[-99.254,68.863],[-97.472,68.544],[-96.402,68.471],[-95.686,68.736],[-96.3,69.344],[-97.439,69.643]]],[[[-61.105,45.945],[-60.577,46.172],[-60.332,46.768],[-60.87,46.797],[-61.495,45.941],[-61.284,45.574],[-60.386,45.655],[-60.016,45.88],[-59.865,46.16],[-60.505,46.204],[-60.472,45.947],[-60.806,45.738],[-61.105,45.945]]],[[[-67.125,45.169],[-66.872,45.067],[-65.884,45.223],[-64.898,45.626],[-64.449,45.256],[-65.657,44.76],[-66.1,44.367],[-66.126,43.814],[-65.738,43.561],[-64.862,43.868],[-64.378,44.304],[-64.286,44.55],[-63.761,44.486],[-62.514,44.844],[-61.284,45.235],[-61.492,45.687],[-61.956,45.868],[-62.483,45.622],[-62.701,45.741],[-63.293,45.752],[-64.542,46.24],[-64.906,46.888],[-65.319,47.101],[-64.912,47.369],[-64.703,47.725],[-65.228,47.811],[-65.666,47.696],[-65.927,48.189],[-65.259,48.021],[-64.254,48.55],[-64.262,48.922],[-64.836,49.192],[-65.523,49.266],[-66.178,49.213],[-67.561,48.856],[-68.987,48.275],[-70.519,47.033],[-71.261,46.756],[-71.901,46.632],[-73.16,46.01],[-73.558,45.425],[-74.709,45.004],[-71.518,45.008],[-71.327,45.29],[-70.898,45.262],[-70.296,45.906],[-70.008,46.709],[-69.243,47.463],[-68.829,47.203],[-68.311,47.354],[-67.807,47.083],[-67.785,45.702],[-67.433,45.603],[-67.473,45.276],[-67.125,45.169]]],[[[-55.459,51.537],[-56.026,51.568],[-56.75,51.275],[-57.298,50.699],[-58.016,49.542],[-58.213,49.387],[-58.716,48.598],[-58.711,48.325],[-59.362,47.866],[-59.117,47.571],[-58.333,47.677],[-56.952,47.574],[-56.221,47.671],[-55.862,47.53],[-55.191,47.449],[-55.789,46.867],[-55.316,46.906],[-54.857,47.385],[-54.434,47.462],[-53.989,47.756],[-53.869,47.387],[-54.174,46.88],[-53.581,46.957],[-53.616,46.68],[-53.07,46.681],[-52.654,47.549],[-53.176,47.653],[-52.955,48.029],[-53.695,47.921],[-53.531,48.232],[-53.021,48.572],[-53.795,48.526],[-53.853,48.811],[-53.573,49.141],[-53.958,49.442],[-54.579,49.491],[-55.026,49.305],[-55.892,49.58],[-55.765,49.96],[-56.247,50.09],[-56.694,50.06],[-55.871,50.907],[-55.815,51.191],[-55.459,51.537]]],[[[-86.589,71.011],[-85.023,71.353],[-86.036,71.771],[-86.629,72.871],[-86.086,73.26],[-84.975,73.695],[-86.769,73.834],[-87.72,73.723],[-89.263,73.069],[-89.862,72.412],[-90.025,71.949],[-89.846,71.492],[-89.079,71.288],[-87.872,71.209],[-87.845,70.944],[-89.366,71.067],[-88.848,70.523],[-87.901,70.252],[-86.624,70.401],[-86.322,70.145],[-83.859,69.963],[-83.091,70.004],[-82.139,69.841],[-81.098,70.091],[-79.616,69.895],[-78.81,70.179],[-79.397,70.437],[-79.066,70.604],[-77.129,69.653],[-75.787,69.319],[-76.403,68.692],[-74.917,68.983],[-74.648,68.708],[-73.328,68.267],[-72.22,67.254],[-73.281,66.675],[-74.434,66.139],[-73.561,65.543],[-75.828,65.227],[-77.327,65.453],[-77.447,65.162],[-78.096,64.939],[-78.175,64.618],[-77.791,64.367],[-76.724,64.242],[-75.067,64.457],[-74.512,64.67],[-73.444,64.423],[-72.223,63.709],[-71.973,63.43],[-71.254,63.043],[-70.236,62.763],[-69.545,62.745],[-69.082,62.405],[-68.379,62.235],[-67.44,62.151],[-66.257,61.868],[-66.281,62.303],[-67.676,63.094],[-68.141,63.172],[-68.911,63.703],[-68.494,63.725],[-67.838,63.449],[-66.636,63.08],[-65.979,63.001],[-65.266,62.715],[-65.069,63.263],[-64.514,63.264],[-64.678,64.028],[-65.011,64.009],[-65.275,64.632],[-66.861,65.092],[-67.303,65.483],[-68.257,65.939],[-67.183,66.034],[-67.311,66.304],[-66.477,66.28],[-65.305,66.008],[-65.402,65.764],[-64.665,65.169],[-63.402,65.118],[-63.364,65.543],[-62.659,65.64],[-61.992,66.035],[-61.863,66.313],[-61.3,66.649],[-61.969,67.019],[-62.38,66.905],[-63.258,67.025],[-63.04,67.235],[-64.008,67.347],[-64.528,67.813],[-66.225,67.959],[-67.033,68.326],[-68.038,68.551],[-67.752,69.039],[-66.771,69.337],[-68.513,69.577],[-68.114,69.754],[-67.259,69.721],[-67.364,70.034],[-69.169,70.764],[-70.561,70.738],[-70.792,71.103],[-71.46,71.464],[-74.316,71.843],[-75.186,72.434],[-76.894,72.721],[-78.001,72.688],[-79,72.272],[-80.941,72.21],[-80.275,72.746],[-81.406,73.635],[-82.66,73.73],[-85.018,73.335],[-85.645,72.774],[-85.341,72.422],[-85.912,71.987],[-84.66,71.586],[-84.79,71.093],[-85.644,71.152],[-86.589,71.011]]],[[[-61.801,49.094],[-61.817,49.284],[-62.859,49.705],[-64.131,49.942],[-63.566,49.399],[-63.042,49.225],[-62.22,49.079],[-61.801,49.094]]],[[[-63.811,46.469],[-63.641,46.23],[-62.878,46.001],[-62.164,46.487],[-63.129,46.422],[-63.811,46.469]]],[[[-82,62.954],[-83.376,62.905],[-83.899,62.476],[-83.699,62.16],[-83.016,62.21],[-82.114,62.652],[-82,62.954]]],[[[-79.545,62.412],[-80.235,62.153],[-80.276,61.859],[-79.714,61.613],[-79.324,62.026],[-79.545,62.412]]],[[[-75.676,68.323],[-76.74,68.231],[-77.306,67.706],[-77.005,67.267],[-75.78,67.284],[-75.127,67.537],[-75.154,68.234],[-75.676,68.323]]],[[[-79.537,73.654],[-80.849,73.721],[-80.824,73.381],[-80.183,73.225],[-79.501,72.756],[-77.836,72.897],[-76.401,72.821],[-76.29,73.081],[-77.207,73.5],[-78.287,73.666],[-79.537,73.654]]],[[[-80.732,52.747],[-81.136,53.206],[-81.847,53.186],[-81.839,52.958],[-80.732,52.747]]],[[[-78.936,56.266],[-79.596,56.244],[-80.001,55.932],[-79.175,55.885],[-78.936,56.266]]],[[[-105.289,72.92],[-104.583,73.354],[-104.649,73.614],[-105.512,73.766],[-106.614,73.696],[-106.922,73.48],[-105.289,72.92]]],[[[-102.227,76.015],[-102.584,76.282],[-104.351,76.182],[-103.315,75.764],[-102.227,76.015]]],[[[-73.622,67.784],[-73.435,67.97],[-74.379,68.093],[-74.573,67.829],[-73.622,67.784]]]]},"properties":{"NAME":"Canada","NAME_JA":"カナダ","ISO_A3":"CAN","CONTINENT":"North America","SUBREGION":"Northern America","POP_EST":37589262}},
{"type":"Feature","geometry":{"type":"Polygon","coordinates":[[[8.556,4.755],[8.903,4.435],[9,4.092],[9.425,3.922],[9.876,3.31],[9.801,2.304],[9.98,2.168],[11.329,2.167],[11.348,2.3],[13.22,2.256],[13.294,2.162],[14.484,2.155],[14.902,2.012],[15.742,1.915],[16.059,1.676],[16.183,2.27],[16.063,2.909],[15.775,3.127],[15.129,3.827],[15.023,4.359],[14.709,4.666],[14.617,5.865],[14.431,6.039],[14.739,6.28],[15.246,7.264],[15.48,7.524],[15.443,7.852],[15.116,8.557],[14.332,9.204],[13.977,9.692],[14.243,9.98],[15.541,9.96],[15.276,10.357],[15.03,11.114],[15.122,11.541],[15.081,11.846],[14.761,12.656],[14.516,12.98],[14.064,13.079],[14.197,12.384],[14.519,12.298],[14.627,12.109],[14.56,11.492],[13.892,11.14],[13.535,10.605],[13.415,10.171],[13.27,10.036],[13.175,9.54],[12.929,9.426],[12.807,8.887],[12.404,8.596],[12.233,8.282],[12.016,7.59],[11.767,7.272],[11.552,6.697],[11.153,6.438],[11.033,6.698],[10.606,7.063],[10.482,6.891],[10.144,6.996],[9.78,6.76],[9.66,6.532],[9.06,6.009],[8.801,5.197],[8.556,4.755]]]},"properties":{"NAME":"Cameroon","NAME_JA":"カメルーン","ISO_A3":"CMR","CONTINENT":"Africa","SUBREGION":"Middle Africa","POP_EST":25876380}},
{"type":"Feature","geometry":{"type":"Polygon","coordinates":[[[107.519,14.705],[106.82,14.315],[106.501,14.578],[105.979,14.343],[106.125,14.049],[105.904,13.925],[105.183,14.346],[104.779,14.428],[103.199,14.333],[102.909,14.137],[102.729,13.842],[102.32,13.54],[102.5,12.67],[102.756,12.426],[102.737,12.09],[102.934,11.707],[103.125,11.461],[103.153,10.914],[103.532,11.147],[103.722,10.89],[103.532,10.605],[104.262,10.541],[104.426,10.411],[104.851,10.534],[105.387,10.94],[105.755,10.99],[106.099,10.797],[106.168,11.012],[105.856,11.294],[105.851,11.635],[106.006,11.758],[106.34,11.682],[106.414,11.948],[106.931,12.077],[107.159,12.277],[107.506,12.365],[107.475,13.03],[107.605,13.438],[107.331,14.127],[107.519,14.705]]]},"properties":{"NAME":"Cambodia","NAME_JA":"カンボジア","ISO_A3":"KHM","CONTINENT":"Asia","SUBREGION":"South-Eastern Asia","POP_EST":16486542}},
{"type":"Feature","geometry":{"type":"Polygon","coordinates":[[[100.122,20.317],[100.249,20.73],[100.757,21.313],[101.139,21.567],[100.835,21.655],[100.531,21.458],[100.215,21.463],[99.926,21.821],[99.918,22.028],[99.193,22.126],[99.338,22.498],[99.341,23.096],[98.864,23.191],[98.832,23.624],[98.681,23.842],[98.764,24.116],[98.213,24.111],[97.686,23.898],[97.667,24.38],[97.531,24.492],[97.82,25.252],[98.011,25.293],[98.655,25.918],[98.732,26.583],[98.651,27.572],[98.299,27.55],[98.099,28.142],[97.538,28.51],[97.322,28.218],[97.335,27.938],[96.9,27.644],[96.666,27.339],[96.061,27.217],[95.905,27.047],[95.129,26.597],[95.132,26.041],[94.992,25.77],[94.623,25.41],[94.708,25.049],[94.293,24.322],[94.128,23.876],[93.307,24.022],[93.415,23.682],[93.366,23.133],[93.079,22.718],[93.162,22.36],[92.965,22.004],[92.575,21.978],[92.593,21.467],[92.18,21.293],[92.324,20.792],[92.736,20.563],[93.002,20.075],[93.362,20.058],[93.998,19.441],[93.705,19.027],[94.07,18.893],[94.431,18.202],[94.589,17.569],[94.214,16.127],[94.588,16.289],[94.943,15.818],[95.39,15.723],[95.763,16.169],[96.622,16.564],[96.811,16.778],[96.97,17.317],[97.178,17.062],[97.376,16.523],[97.62,16.537],[97.584,16.02],[97.71,15.876],[97.812,14.859],[98.245,13.733],[98.576,13.162],[98.696,12.225],[98.636,11.738],[98.741,11.592],[98.676,10.987],[98.465,10.676],[98.523,10.353],[98.703,10.19],[98.757,10.661],[99.19,11.105],[99.615,11.781],[99.405,12.548],[99.22,12.74],[99.137,13.717],[98.934,14.05],[98.57,14.36],[98.246,14.815],[98.191,15.204],[98.565,15.404],[98.592,16.051],[98.689,16.305],[98.439,16.976],[97.793,17.681],[97.72,18.037],[97.485,18.494],[97.754,18.621],[97.706,18.932],[97.817,19.46],[98.239,19.691],[98.917,19.773],[99.021,20.042],[99.338,20.079],[99.89,20.424],[100.122,20.317]]]},"properties":{"NAME":"Myanmar","NAME_JA":"ミャンマー","ISO_A3":"MMR","CONTINENT":"Asia","SUBREGION":"South-Eastern Asia","POP_EST":54045420}},
{"type":"Feature","geometry":{"type":"Polygon","coordinates":[[[30.554,-2.4],[29.93,-2.34],[29.868,-2.716],[29.39,-2.809],[29.014,-2.72],[29.224,-3.054],[29.223,-3.911],[29.403,-4.449],[29.718,-4.456],[30.147,-4.085],[30.425,-3.589],[30.79,-3.275],[30.78,-2.985],[30.515,-2.918],[30.424,-2.642],[30.554,-2.4]]]},"properties":{"NAME":"Burundi","NAME_JA":"ブルンジ","ISO_A3":"BDI","CONTINENT":"Africa","SUBREGION":"Eastern Africa","POP_EST":11530580}},
{"type":"Feature","geometry":{"type":"Polygon","coordinates":[[[0.9,10.993],[1.427,11.447],[1.98,11.418],[2.389,11.897],[2.091,12.278],[2.212,12.538],[2.074,12.714],[1.565,12.635],[0.987,13.042],[0.978,13.552],[0.618,13.703],[0.383,14.246],[0.164,14.497],[0.217,14.911],[-0.236,15.059],[-0.76,15.048],[-1.05,14.82],[-1.768,14.486],[-1.973,14.457],[-2.113,14.168],[-2.457,14.274],[-2.874,13.951],[-2.917,13.679],[-3.198,13.673],[-3.302,13.281],[-3.576,13.194],[-4.051,13.382],[-4.329,13.119],[-4.227,12.794],[-4.481,12.672],[-4.429,12.338],[-4.798,12.032],[-5.288,11.828],[-5.3,11.206],[-5.49,11.042],[-5.524,10.426],[-5.1,10.242],[-4.97,9.93],[-4.626,9.714],[-3.878,9.895],[-3.224,9.895],[-2.817,9.426],[-2.696,9.481],[-2.766,9.658],[-2.787,10.402],[-2.915,10.592],[-2.83,10.998],[-0.701,10.989],[-0.299,11.167],[-0.069,11.116],[0.484,10.992],[0.9,10.993]]]},"properties":{"NAME":"Burkina Faso","NAME_JA":"ブルキナファソ","ISO_A3":"BFA","CONTINENT":"Africa","SUBREGION":"Western Africa","POP_EST":20321378}},
{"type":"Feature","geometry":{"type":"Polygon","coordinates":[[[28.014,41.969],[27.485,42.468],[27.889,42.75],[27.929,43.186],[28.465,43.389],[28.585,43.742],[28.05,43.822],[27.884,43.987],[27.087,44.167],[26.216,44.007],[25.497,43.671],[23.225,43.874],[22.705,44.238],[22.421,44.007],[22.555,43.454],[22.977,43.188],[22.467,42.842],[22.524,42.441],[22.344,42.314],[22.837,41.994],[23.006,41.717],[22.916,41.336],[23.635,41.387],[24.056,41.527],[25.251,41.244],[26.155,41.435],[26.321,41.717],[26.615,41.965],[27.295,42.08],[27.535,41.921],[28.014,41.969]]]},"properties":{"NAME":"Bulgaria","NAME_JA":"ブルガリア","ISO_A3":"BGR","CONTINENT":"Europe","SUBREGION":"Eastern Europe","POP_EST":6975761}},
{"type":"Feature","geometry":{"type":"Polygon","coordinates":[[[115.027,4.9],[114.995,5.022],[114.299,4.607],[114.064,4.593],[114.608,4.024],[114.84,4.393],[114.747,4.718],[115.027,4.9]]]},"properties":{"NAME":"Brunei","NAME_JA":"ブルネイ","ISO_A3":"BRN","CONTINENT":"Asia","SUBREGION":"South-Eastern Asia","POP_EST":433285}},
{"type":"Feature","geometry":{"type":"MultiPolygon","coordinates":[[[[-66.876,1.223],[-67.094,1.21],[-67.09,1.616],[-67.352,2.086],[-67.5,2.108],[-67.815,1.79],[-68.177,1.72],[-69.849,1.709],[-69.852,1.06],[-69.361,1.064],[-69.163,0.864],[-70.054,0.579],[-70.071,-0.139],[-69.667,-0.482],[-69.4,-1.195],[-69.669,-2.668],[-69.966,-4.236],[-70.405,-4.15],[-70.8,-4.173],[-70.974,-4.35],[-71.845,-4.504],[-72.699,-5.067],[-72.887,-5.123],[-72.98,-5.635],[-73.236,-6.098],[-73.137,-6.466],[-73.758,-6.906],[-73.749,-7.335],[-74.002,-7.556],[-73.549,-8.346],[-72.974,-8.993],[-73.209,-9.411],[-72.379,-9.51],[-72.182,-10.004],[-71.238,-9.966],[-70.637,-9.478],[-70.642,-11.01],[-70.22,-11.048],[-69.96,-10.93],[-69.579,-10.952],[-68.398,-11.019],[-68.072,-10.703],[-67.722,-10.683],[-67.582,-10.506],[-67.112,-10.269],[-66.73,-9.975],[-66.264,-9.826],[-65.396,-9.712],[-65.313,-10.253],[-65.437,-10.449],[-65.334,-10.893],[-65.39,-11.246],[-64.993,-11.975],[-64.513,-12.251],[-64.421,-12.44],[-63.586,-12.519],[-63.067,-12.669],[-62.765,-12.997],[-62.176,-13.134],[-61.79,-13.526],[-61.077,-13.49],[-60.507,-13.79],[-60.475,-14.185],[-60.299,-14.619],[-60.176,-16.269],[-58.538,-16.328],[-58.396,-17.234],[-57.832,-17.512],[-57.574,-18.279],[-57.8,-19.081],[-58.131,-19.745],[-57.861,-19.98],[-58.16,-20.165],[-57.83,-20.998],[-57.986,-22.046],[-57.82,-22.142],[-56.937,-22.271],[-56.524,-22.103],[-56.19,-22.281],[-55.849,-22.308],[-55.654,-22.81],[-55.366,-23.991],[-54.983,-23.975],[-54.625,-23.812],[-54.242,-24.047],[-54.473,-25.22],[-54.616,-25.576],[-54.155,-25.523],[-53.891,-25.669],[-53.671,-26.225],[-53.838,-27.121],[-54.327,-27.424],[-54.829,-27.551],[-55.102,-27.867],[-55.725,-28.204],[-56.322,-28.852],[-56.939,-29.595],[-57.609,-30.188],[-57.214,-30.283],[-56.833,-30.107],[-56.176,-30.628],[-55.874,-31.07],[-55.557,-30.876],[-55.255,-31.226],[-54.588,-31.485],[-54.221,-31.855],[-53.762,-32.057],[-53.602,-32.403],[-53.126,-32.737],[-53.531,-33.171],[-53.538,-33.623],[-53.371,-33.742],[-52.652,-33.138],[-52.342,-32.44],[-52.127,-32.168],[-52.194,-31.886],[-51.972,-31.384],[-51.464,-31.053],[-51.157,-30.364],[-50.716,-30.426],[-50.689,-30.704],[-51.161,-31.119],[-51.152,-31.48],[-50.62,-30.898],[-50.3,-30.426],[-50.033,-29.801],[-49.746,-29.363],[-49.271,-28.871],[-48.8,-28.575],[-48.621,-28.076],[-48.643,-27.558],[-48.554,-27.196],[-48.678,-26.703],[-48.545,-25.816],[-47.877,-24.997],[-47.137,-24.493],[-46.867,-24.236],[-45.972,-23.796],[-45.423,-23.685],[-44.952,-23.381],[-44.667,-23.335],[-44.637,-23.055],[-43.866,-22.911],[-43.533,-23.046],[-42.958,-22.967],[-42.042,-22.947],[-41.98,-22.581],[-41.706,-22.31],[-41.123,-22.084],[-40.988,-21.92],[-41.047,-21.506],[-40.789,-20.906],[-40.396,-20.569],[-40.001,-19.742],[-39.7,-19.278],[-39.74,-18.64],[-39.487,-17.99],[-39.154,-17.704],[-39.215,-17.316],[-39.125,-16.764],[-38.881,-15.864],[-39.06,-14.655],[-38.942,-14.031],[-39.089,-13.588],[-38.835,-13.147],[-38.788,-12.783],[-38.24,-12.844],[-37.689,-12.1],[-37.412,-11.497],[-36.938,-10.82],[-36.398,-10.484],[-35.341,-9.231],[-35.158,-8.931],[-34.835,-7.971],[-34.805,-7.288],[-34.988,-6.394],[-35.235,-5.567],[-35.549,-5.129],[-35.98,-5.054],[-36.591,-5.098],[-37.175,-4.912],[-37.301,-4.713],[-37.626,-4.592],[-38.049,-4.216],[-38.476,-3.717],[-39.965,-2.862],[-40.475,-2.796],[-41.318,-2.936],[-41.876,-2.747],[-42.25,-2.792],[-42.937,-2.465],[-43.38,-2.376],[-43.455,-2.502],[-43.933,-2.583],[-44.308,-2.535],[-44.438,-2.944],[-44.721,-3.142],[-44.52,-2.405],[-44.382,-2.366],[-44.651,-1.746],[-45.076,-1.466],[-45.282,-1.697],[-45.459,-1.356],[-45.645,-1.348],[-46.219,-1.031],[-46.617,-0.971],[-46.811,-0.78],[-47.398,-0.627],[-48.115,-0.737],[-48.45,-1.146],[-48.446,-1.52],[-48.71,-1.488],[-48.991,-1.83],[-49.314,-1.732],[-49.72,-1.926],[-49.999,-1.832],[-50.403,-2.016],[-50.69,-1.762],[-50.918,-1.115],[-51.297,-1.224],[-51.948,-1.587],[-51.721,-1.018],[-51.703,-0.762],[-51.404,-0.393],[-51.283,-0.085],[-50.816,0.173],[-50.294,0.836],[-49.899,1.163],[-49.957,1.66],[-50.459,1.83],[-50.659,2.131],[-51.052,3.282],[-51.076,3.672],[-51.22,4.094],[-51.462,4.314],[-51.653,4.061],[-51.991,3.702],[-52.701,2.364],[-52.965,2.184],[-53.768,2.355],[-54.13,2.121],[-54.616,2.327],[-55.006,2.593],[-55.731,2.406],[-55.936,2.517],[-56.129,2.3],[-55.915,2.04],[-56.02,1.842],[-56.483,1.942],[-56.837,1.881],[-57.119,2.014],[-57.594,1.704],[-58.341,1.588],[-58.512,1.285],[-58.862,1.204],[-59.231,1.376],[-59.756,1.901],[-59.755,2.274],[-59.994,2.69],[-59.831,3.349],[-59.854,3.588],[-59.551,3.934],[-59.833,4.476],[-60.111,4.511],[-59.991,5.083],[-60.142,5.239],[-60.742,5.202],[-60.604,4.995],[-61.003,4.535],[-61.28,4.517],[-61.554,4.288],[-62.153,4.098],[-62.411,4.157],[-62.712,4.018],[-62.765,3.673],[-62.969,3.594],[-63.295,3.922],[-64.021,3.929],[-64.256,4.14],[-64.576,4.14],[-64.568,3.9],[-64.221,3.587],[-64.219,3.205],[-63.924,2.452],[-63.389,2.412],[-63.394,2.223],[-64.035,1.904],[-64.115,1.619],[-64.732,1.253],[-65.104,1.108],[-65.361,0.869],[-65.681,0.983],[-66.06,0.785],[-66.429,0.822],[-66.876,1.223]]],[[[-49.629,-0.229],[-50.248,-0.116],[-50.646,-0.273],[-50.771,-0.645],[-50.76,-1.24],[-50.508,-1.788],[-49.588,-1.712],[-48.929,-1.482],[-48.54,-0.801],[-48.38,-0.353],[-48.588,-0.232],[-49.117,-0.164],[-49.629,-0.229]]],[[[-49.738,0.268],[-50.273,0.232],[-50.339,0.043],[-49.839,0.007],[-49.738,0.268]]],[[[-51.833,-1.434],[-51.276,-1.022],[-51.161,-0.667],[-51.546,-0.65],[-51.833,-1.434]]]]},"properties":{"NAME":"Brazil","NAME_JA":"ブラジル","ISO_A3":"BRA","CONTINENT":"South America","SUBREGION":"South America","POP_EST":211049527}},
{"type":"Feature","geometry":{"type":"Polygon","coordinates":[[[25.259,-17.794],[24.909,-17.821],[24.531,-18.053],[24.359,-17.978],[23.581,-18.453],[23.299,-18.027],[23.1,-18.01],[22.011,-18.199],[20.974,-18.319],[20.976,-19.744],[20.971,-22],[19.977,-22],[19.979,-23.103],[19.98,-24.777],[20.345,-25.03],[20.793,-25.916],[20.815,-26.165],[20.627,-26.444],[20.74,-26.849],[21.646,-26.854],[22.091,-26.58],[22.64,-26.071],[22.879,-25.458],[23.266,-25.267],[23.894,-25.601],[24.748,-25.817],[25.444,-25.714],[25.584,-25.606],[25.912,-24.747],[26.397,-24.614],[26.835,-24.241],[26.987,-23.705],[27.146,-23.524],[27.891,-23.074],[28.21,-22.694],[28.84,-22.481],[29.13,-22.213],[29.365,-22.194],[29.107,-22.066],[29.037,-21.811],[28.046,-21.573],[27.669,-21.064],[27.7,-20.531],[27.281,-20.479],[27.221,-20.146],[26.678,-19.893],[26.168,-19.538],[25.761,-18.649],[25.224,-17.915],[25.259,-17.794]]]},"properties":{"NAME":"Botswana","NAME_JA":"ボツワナ","ISO_A3":"BWA","CONTINENT":"Africa","SUBREGION":"Southern Africa","POP_EST":2303697}},
{"type":"Feature","geometry":{"type":"Polygon","coordinates":[[[19.194,43.533],[19.488,43.704],[19.584,44.043],[19.152,44.303],[19.357,44.859],[19.007,44.869],[18.663,45.077],[17.813,45.078],[16.531,45.217],[16.293,45.009],[15.788,45.179],[15.737,44.766],[16.13,44.474],[16.214,44.215],[17.625,43.043],[17.585,42.938],[17.668,42.897],[18.436,42.56],[18.444,42.968],[18.94,43.497],[19.194,43.533]]]},"properties":{"NAME":"Bosnia and Herz.","NAME_JA":"ボスニア・ヘルツェゴビナ","ISO_A3":"BIH","CONTINENT":"Europe","SUBREGION":"Southern Europe","POP_EST":3301000}},
{"type":"Feature","geometry":{"type":"Polygon","coordinates":[[[-69.511,-17.506],[-69.313,-17.943],[-69.094,-18.05],[-68.968,-18.968],[-68.463,-19.433],[-68.698,-19.721],[-68.745,-20.459],[-68.197,-21.3],[-68.186,-21.619],[-67.988,-22.057],[-67.879,-22.823],[-67.195,-22.822],[-66.712,-22.216],[-66.365,-22.114],[-66.099,-21.835],[-65.771,-22.1],[-65.058,-22.103],[-64.606,-22.229],[-64.374,-22.761],[-63.976,-22.073],[-63.819,-22.005],[-62.843,-21.997],[-62.651,-22.234],[-62.277,-21.066],[-62.276,-20.562],[-61.917,-20.055],[-61.757,-19.645],[-60.007,-19.298],[-59.091,-19.286],[-58.18,-19.818],[-58.16,-20.165],[-57.861,-19.98],[-58.131,-19.745],[-57.8,-19.081],[-57.574,-18.279],[-57.832,-17.512],[-58.396,-17.234],[-58.538,-16.328],[-60.176,-16.269],[-60.299,-14.619],[-60.475,-14.185],[-60.507,-13.79],[-61.077,-13.49],[-61.79,-13.526],[-62.176,-13.134],[-62.765,-12.997],[-63.067,-12.669],[-63.586,-12.519],[-64.421,-12.44],[-64.513,-12.251],[-64.993,-11.975],[-65.39,-11.246],[-65.334,-10.893],[-65.437,-10.449],[-65.313,-10.253],[-65.396,-9.712],[-66.264,-9.826],[-66.73,-9.975],[-67.112,-10.269],[-67.582,-10.506],[-67.722,-10.683],[-68.072,-10.703],[-68.398,-11.019],[-69.579,-10.952],[-68.685,-12.502],[-68.979,-12.88],[-68.983,-13.496],[-69.074,-13.683],[-68.88,-14.199],[-69.235,-14.597],[-69.375,-14.963],[-69.172,-15.237],[-69.419,-15.603],[-69.218,-16.149],[-68.913,-16.262],[-69.021,-16.642],[-69.625,-17.2],[-69.511,-17.506]]]},"properties":{"NAME":"Bolivia","NAME_JA":"ボリビア","ISO_A3":"BOL","CONTINENT":"South America","SUBREGION":"South America","POP_EST":11513100}},
{"type":"Feature","geometry":{"type":"Polygon","coordinates":[[[91.632,27.76],[91.606,27.952],[90.353,28.08],[89.981,28.311],[89.537,28.107],[88.948,27.464],[88.891,27.316],[88.858,26.961],[89.764,26.702],[90.346,26.89],[90.74,26.772],[91.998,26.855],[92.083,27.291],[91.595,27.558],[91.632,27.76]]]},"properties":{"NAME":"Bhutan","NAME_JA":"ブータン","ISO_A3":"BTN","CONTINENT":"Asia","SUBREGION":"Southern Asia","POP_EST":763092}},
{"type":"Feature","geometry":{"type":"Polygon","coordinates":[[[1.623,6.217],[2.706,6.369],[2.775,6.712],[2.686,7.874],[2.775,9.049],[3.045,9.084],[3.325,9.778],[3.557,9.907],[3.577,10.268],[3.834,10.607],[3.716,11.08],[3.488,11.395],[3.595,11.696],[2.878,12.368],[2.366,12.222],[2.389,11.897],[1.98,11.418],[1.427,11.447],[0.9,10.993],[0.78,10.36],[1.33,9.997],[1.424,9.285],[1.6,9.05],[1.625,6.997],[1.578,6.687],[1.778,6.295],[1.623,6.217]]]},"properties":{"NAME":"Benin","NAME_JA":"ベナン","ISO_A3":"BEN","CONTINENT":"Africa","SUBREGION":"Western Africa","POP_EST":11801151}},
{"type":"Feature","geometry":{"type":"Polygon","coordinates":[[[-89.161,17.815],[-89.237,15.894],[-88.894,15.891],[-88.695,16.248],[-88.313,16.633],[-88.272,17.61],[-88.097,18.122],[-88.296,18.472],[-88.523,18.446],[-88.806,17.966],[-89.161,17.815]]]},"properties":{"NAME":"Belize","NAME_JA":"ベリーズ","ISO_A3":"BLZ","CONTINENT":"North America","SUBREGION":"Central America","POP_EST":390353}},
{"type":"Feature","geometry":{"type":"Polygon","coordinates":[[[4.226,51.386],[3.902,51.208],[3.35,51.378],[2.525,51.097],[2.84,50.712],[4.175,50.246],[4.176,49.96],[4.656,50.002],[4.868,49.788],[5.507,49.511],[5.79,49.538],[5.744,49.92],[6.117,50.121],[6.364,50.316],[5.994,50.75],[5.827,51.126],[5.509,51.275],[4.503,51.475],[4.226,51.386]]]},"properties":{"NAME":"Belgium","NAME_JA":"ベルギー","ISO_A3":"BEL","CONTINENT":"Europe","SUBREGION":"Western Europe","POP_EST":11484055}},
{"type":"Feature","geometry":{"type":"Polygon","coordinates":[[[31.763,52.101],[31.577,52.312],[31.418,53.196],[32.142,53.091],[32.704,53.336],[31.792,54.056],[31.404,54.196],[31.121,54.648],[30.799,54.783],[30.978,55.05],[30.907,55.57],[30.234,55.845],[29.482,55.685],[29.375,55.939],[28.795,55.943],[28.148,56.143],[27.577,55.799],[27.053,55.831],[26.594,55.668],[26.175,55.003],[25.859,54.919],[25.547,54.332],[24.768,53.975],[23.485,53.94],[23.887,53.028],[23.845,52.664],[23.48,52.552],[23.197,52.257],[23.652,52.04],[23.605,51.518],[24.362,51.868],[25.925,51.914],[27.142,51.752],[27.27,51.614],[28.599,51.543],[29.136,51.617],[29.346,51.383],[30.533,51.596],[30.981,52.046],[31.763,52.101]]]},"properties":{"NAME":"Belarus","NAME_JA":"ベラルーシ","ISO_A3":"BLR","CONTINENT":"Europe","SUBREGION":"Eastern Europe","POP_EST":9466856}},
{"type":"Feature","geometry":{"type":"Polygon","coordinates":[[[-59.493,13.082],[-59.428,13.153],[-59.592,13.318],[-59.611,13.102],[-59.493,13.082]]]},"properties":{"NAME":"Barbados","NAME_JA":"バルバドス","ISO_A3":"BRB","CONTINENT":"North America","SUBREGION":"Caribbean","POP_EST":287025}},
{"type":"Feature","geometry":{"type":"Polygon","coordinates":[[[89.051,22.093],[89.234,21.722],[89.569,21.767],[89.812,21.983],[90.159,21.817],[90.589,22.258],[90.435,22.752],[90.634,23.094],[90.946,22.597],[91.482,22.797],[91.693,22.505],[92.008,21.685],[92.056,21.175],[92.324,20.792],[92.18,21.293],[92.593,21.467],[92.575,21.978],[92.491,22.685],[92.362,22.929],[92.246,23.684],[91.938,23.505],[91.62,22.98],[91.315,23.104],[91.16,23.661],[91.367,24.094],[91.877,24.195],[92.064,24.374],[92.251,24.895],[92.05,25.169],[90.439,25.158],[89.814,25.305],[89.823,25.941],[89.289,26.038],[89.108,26.202],[88.44,26.369],[88.085,25.888],[88.452,25.574],[88.769,25.49],[88.89,25.194],[88.456,25.188],[88.146,24.486],[88.734,24.231],[88.567,23.674],[88.741,23.437],[89.051,22.093]]]},"properties":{"NAME":"Bangladesh","NAME_JA":"バングラデシュ","ISO_A3":"BGD","CONTINENT":"Asia","SUBREGION":"Southern Asia","POP_EST":163046161}},
{"type":"Feature","geometry":{"type":"Polygon","coordinates":[[[50.607,25.883],[50.61,26.124],[50.452,26.191],[50.466,25.966],[50.607,25.883]]]},"properties":{"NAME":"Bahrain","NAME_JA":"バーレーン","ISO_A3":"BHR","CONTINENT":"Asia","SUBREGION":"Western Asia","POP_EST":1641172}},
{"type":"Feature","geometry":{"type":"MultiPolygon","coordinates":[[[[-77.226,25.904],[-77.167,26.24],[-77.038,26.333],[-77.206,26.489],[-77.226,25.904]]],[[[-77.744,24.707],[-78.033,25.143],[-78.299,24.754],[-78.045,24.287],[-77.745,24.463],[-77.744,24.707]]]]},"properties":{"NAME":"Bahamas","NAME_JA":"バハマ","ISO_A3":"BHS","CONTINENT":"North America","SUBREGION":"Caribbean","POP_EST":389482}},
{"type":"Feature","geometry":{"type":"MultiPolygon","coordinates":[[[[44.817,39.65],[45.48,39.006],[46.114,38.878],[45.766,39.378],[45.032,39.765],[44.768,39.704],[44.817,39.65]]],[[[48.869,38.435],[48.851,38.815],[49.013,39.134],[49.363,39.35],[49.324,39.608],[49.551,40.194],[50.307,40.412],[49.776,40.584],[49.226,41.026],[49.107,41.302],[48.573,41.844],[48.391,41.602],[47.861,41.213],[47.261,41.315],[46.749,41.813],[46.43,41.891],[46.182,41.657],[46.619,41.344],[46.458,41.07],[45.281,41.45],[45.001,41.291],[45.588,40.847],[45.376,40.638],[45.965,40.234],[45.79,39.881],[46.202,39.594],[46.55,39.201],[46.491,38.907],[47.773,39.649],[47.996,39.684],[48.242,38.979],[48.023,38.819],[48.593,38.411],[48.869,38.435]]]]},"properties":{"NAME":"Azerbaijan","NAME_JA":"アゼルバイジャン","ISO_A3":"AZE","CONTINENT":"Asia","SUBREGION":"Western Asia","POP_EST":10023318}},
{"type":"Feature","geometry":{"type":"Polygon","coordinates":[[[9.528,47.271],[9.58,47.057],[9.997,46.885],[10.453,46.865],[11.025,46.797],[11.244,46.976],[12.154,46.935],[12.388,46.703],[13.7,46.52],[14.504,46.417],[15.001,46.626],[15.958,46.678],[16.093,46.863],[16.453,47.007],[16.434,47.367],[16.748,47.686],[17.067,47.708],[17.147,48.006],[16.865,48.387],[16.953,48.599],[16.478,48.8],[16.057,48.755],[14.972,48.984],[14.691,48.599],[14.049,48.602],[13.815,48.767],[13.409,48.394],[12.814,48.161],[12.954,47.891],[12.686,47.669],[11.717,47.583],[11.298,47.425],[10.43,47.541],[10.313,47.313],[9.749,47.576],[9.524,47.524],[9.528,47.271]]]},"properties":{"NAME":"Austria","NAME_JA":"オーストリア","ISO_A3":"AUT","CONTINENT":"Europe","SUBREGION":"Western Europe","POP_EST":8877067}},
{"type":"Feature","geometry":{"type":"MultiPolygon","coordinates":[[[[143.179,-11.954],[142.873,-11.821],[142.837,-11.307],[142.723,-11.01],[142.456,-10.707],[142.168,-10.947],[141.952,-11.896],[141.678,-12.491],[141.852,-12.579],[141.614,-12.943],[141.645,-13.259],[141.473,-13.798],[141.594,-14.153],[141.523,-14.47],[141.625,-15.057],[141.452,-15.605],[141.412,-16.07],[141.219,-16.646],[140.966,-17.015],[140.83,-17.414],[140.511,-17.625],[140.036,-17.703],[139.248,-17.329],[139.01,-16.899],[138.245,-16.718],[137.704,-16.233],[137.002,-15.878],[136.785,-15.894],[136.291,-15.57],[136.205,-15.403],[135.531,-15],[135.405,-14.758],[135.883,-14.153],[135.99,-13.81],[135.927,-13.304],[136.594,-13.004],[136.537,-12.784],[136.947,-12.35],[136.54,-11.958],[136.27,-12.132],[136.082,-12.422],[135.788,-11.907],[135.218,-12.222],[134.73,-11.984],[134.237,-12.008],[133.904,-11.832],[133.185,-11.706],[133.025,-11.453],[132.683,-11.506],[132.584,-12.11],[132.372,-12.239],[131.438,-12.277],[130.672,-12.407],[130.168,-12.957],[130.26,-13.302],[129.839,-13.573],[129.71,-13.98],[129.379,-14.392],[129.754,-14.79],[129.459,-14.933],[128.199,-14.752],[127.673,-14.195],[126.903,-13.744],[126.57,-14.161],[126.403,-14.019],[126.111,-14.114],[126.021,-14.495],[125.681,-14.388],[125.179,-14.715],[125.243,-14.945],[124.839,-15.161],[124.382,-15.758],[124.577,-16.114],[123.49,-16.491],[123.778,-16.868],[123.525,-17.486],[123.142,-16.863],[122.971,-16.437],[122.72,-16.788],[122.432,-16.97],[122.16,-17.314],[122.237,-17.969],[121.834,-18.477],[121.494,-19.106],[121.18,-19.478],[120.878,-19.665],[120.196,-19.909],[119.586,-20.038],[119.104,-19.995],[118.751,-20.262],[118.199,-20.375],[117.406,-20.721],[116.707,-20.654],[116.011,-21.03],[115.456,-21.492],[114.859,-21.736],[114.603,-21.942],[114.378,-22.342],[114.164,-22.323],[113.958,-21.939],[113.683,-22.638],[113.795,-23.024],[113.757,-23.418],[113.553,-23.733],[113.418,-24.436],[113.671,-24.977],[114.214,-25.852],[114.216,-26.289],[113.539,-25.625],[113.395,-25.713],[113.589,-26.099],[113.853,-26.332],[113.582,-26.558],[114.028,-27.347],[114.165,-28.081],[114.537,-28.543],[114.628,-28.872],[114.959,-29.434],[114.995,-30.216],[115.177,-30.808],[115.698,-31.695],[115.683,-33.193],[115.515,-33.531],[115.182,-33.643],[115.009,-34.256],[115.726,-34.526],[115.987,-34.795],[116.517,-34.988],[117.582,-35.098],[118.136,-34.987],[118.895,-34.48],[119.451,-34.368],[119.854,-33.975],[120.418,-33.963],[121.405,-33.827],[122.061,-33.874],[122.151,-33.992],[122.778,-33.891],[123.208,-33.988],[123.65,-33.836],[124.126,-33.129],[124.759,-32.883],[125.917,-32.297],[127.32,-32.264],[128.068,-32.067],[128.946,-31.703],[130.13,-31.579],[130.783,-31.604],[131.144,-31.496],[131.721,-31.696],[132.215,-32.007],[132.757,-31.956],[133.212,-32.184],[133.551,-32.183],[134.234,-32.549],[134.1,-32.749],[134.301,-33.165],[134.791,-33.328],[134.889,-33.626],[135.185,-33.907],[135.648,-34.94],[136.431,-34.03],[137.237,-33.629],[137.442,-33.194],[137.852,-33.201],[137.932,-33.579],[137.494,-34.161],[137.391,-34.913],[137.014,-34.916],[136.884,-35.24],[137.692,-35.143],[137.919,-34.456],[138.089,-34.17],[138.49,-34.764],[138.511,-35.024],[138.184,-35.613],[139.038,-35.689],[139.549,-36.097],[139.857,-36.662],[139.784,-37.246],[140.627,-38.028],[141.011,-38.077],[141.424,-38.363],[141.725,-38.271],[142.612,-38.452],[143.539,-38.821],[144.102,-38.462],[144.665,-38.21],[145.791,-38.667],[145.935,-38.902],[146.857,-38.663],[147.396,-38.219],[147.877,-37.934],[148.263,-37.831],[149.298,-37.802],[149.933,-37.529],[149.96,-36.846],[150.195,-35.834],[150.567,-35.214],[150.69,-35.178],[150.96,-34.297],[151.232,-34.03],[151.484,-33.347],[151.813,-32.901],[152.164,-32.757],[152.47,-32.439],[152.559,-32.046],[152.944,-31.435],[153.031,-30.563],[153.272,-29.892],[153.348,-29.29],[153.605,-28.854],[153.576,-28.241],[153.117,-27.194],[153.084,-26.304],[153.165,-25.964],[152.921,-25.689],[152.913,-25.432],[152.654,-25.202],[152.456,-24.802],[152.13,-24.598],[151.903,-24.201],[151.501,-24.012],[150.843,-23.458],[150.764,-22.576],[150.541,-22.559],[150.076,-22.164],[149.704,-22.441],[149.205,-21.125],[148.684,-20.58],[148.759,-20.29],[147.916,-19.869],[147.419,-19.378],[147.139,-19.393],[146.481,-19.079],[146.297,-18.841],[146.333,-18.554],[146.032,-18.273],[146.126,-17.635],[145.902,-17.07],[145.426,-16.406],[145.458,-16.056],[145.272,-15.477],[145.288,-14.943],[144.648,-14.492],[144.473,-14.232],[143.962,-14.463],[143.756,-14.349],[143.548,-13.741],[143.587,-13.444],[143.402,-12.64],[143.11,-12.304],[143.179,-11.954]]],[[[153.077,-25.751],[153.35,-25.063],[153.038,-25.193],[153.077,-25.751]]],[[[136.715,-13.804],[136.425,-13.865],[136.363,-14.229],[136.894,-14.293],[136.715,-13.804]]],[[[130.619,-11.376],[130.645,-11.742],[130.951,-11.926],[131.539,-11.437],[131.268,-11.19],[131.023,-11.334],[130.619,-11.376]]],[[[137.596,-35.739],[137.334,-35.592],[136.639,-35.749],[136.755,-36.033],[137.448,-36.075],[137.596,-35.739]]],[[[145.043,-40.787],[144.646,-40.981],[144.778,-41.419],[145.238,-42.02],[145.268,-42.544],[145.488,-42.927],[146.043,-43.547],[146.549,-43.509],[146.874,-43.612],[147.408,-42.894],[147.786,-43.22],[147.981,-43.157],[147.924,-42.572],[148.023,-42.259],[148.301,-42.04],[148.293,-40.947],[147.969,-40.78],[147.455,-41.002],[146.99,-40.992],[146.317,-41.163],[145.283,-40.77],[145.043,-40.787]]]]},"properties":{"NAME":"Australia","NAME_JA":"オーストラリア","ISO_A3":"AUS","CONTINENT":"Oceania","SUBREGION":"Australia and New Zealand","POP_EST":25364307}},
{"type":"Feature","geometry":{"type":"Polygon","coordinates":[[[105.725,-10.493],[105.705,-10.431],[105.584,-10.512],[105.697,-10.564],[105.725,-10.493]]]},"properties":{"NAME":"Indian Ocean Ter.","NAME_JA":"オーストラリア領インド洋地域","ISO_A3":"-99","CONTINENT":"Asia","SUBREGION":"Seven seas (open ocean)","POP_EST":2387}},
{"type":"Feature","geometry":{"type":"Polygon","coordinates":[[[73.707,-53.137],[73.586,-53.027],[73.336,-53.03],[73.465,-53.184],[73.707,-53.137]]]},"properties":{"NAME":"Heard I. and McDonald Is.","NAME_JA":"ハード島とマクドナルド諸島","ISO_A3":"HMD","CONTINENT":"Seven seas (open ocean)","SUBREGION":"Seven seas (open ocean)","POP_EST":0}},
{"type":"Feature","geometry":{"type":"Polygon","coordinates":[[[167.939,-29.018],[167.92,-29.083],[167.979,-29.076],[167.939,-29.018]]]},"properties":{"NAME":"Norfolk Island","NAME_JA":"ノーフォーク島","ISO_A3":"NFK","CONTINENT":"Oceania","SUBREGION":"Australia and New Zealand","POP_EST":2169}},
{"type":"Feature","geometry":{"type":"Polygon","coordinates":[[[123.595,-12.426],[123.572,-12.424],[123.573,-12.434],[123.595,-12.436],[123.595,-12.426]]]},"properties":{"NAME":"Ashmore and Cartier Is.","NAME_JA":"アシュモア・カルティエ諸島","ISO_A3":"-99","CONTINENT":"Oceania","SUBREGION":"Australia and New Zealand","POP_EST":0}},
{"type":"Feature","geometry":{"type":"Polygon","coordinates":[[[44.768,39.704],[45.032,39.765],[45.766,39.378],[46.114,38.878],[46.491,38.907],[46.55,39.201],[46.202,39.594],[45.79,39.881],[45.965,40.234],[45.376,40.638],[45.588,40.847],[45.001,41.291],[43.439,41.107],[43.723,40.72],[43.569,40.482],[43.792,40.07],[44.289,40.04],[44.768,39.704]]]},"properties":{"NAME":"Armenia","NAME_JA":"アルメニア","ISO_A3":"ARM","CONTINENT":"Asia","SUBREGION":"Western Asia","POP_EST":2957731}},
{"type":"Feature","geometry":{"type":"MultiPolygon","coordinates":[[[[-57.609,-30.188],[-56.939,-29.595],[-56.322,-28.852],[-55.725,-28.204],[-55.102,-27.867],[-54.829,-27.551],[-54.327,-27.424],[-53.838,-27.121],[-53.671,-26.225],[-53.891,-25.669],[-54.155,-25.523],[-54.616,-25.576],[-54.678,-26.309],[-54.825,-26.652],[-55.136,-26.931],[-55.427,-27.009],[-55.79,-27.416],[-56.164,-27.321],[-56.437,-27.554],[-57.112,-27.47],[-58.642,-27.196],[-58.191,-26.63],[-58.203,-26.381],[-57.891,-26.007],[-57.587,-25.405],[-57.822,-25.136],[-58.365,-24.959],[-59.373,-24.454],[-59.892,-24.094],[-60.84,-23.858],[-61.799,-23.182],[-62.373,-22.439],[-62.651,-22.234],[-62.843,-21.997],[-63.819,-22.005],[-63.976,-22.073],[-64.374,-22.761],[-64.606,-22.229],[-65.058,-22.103],[-65.771,-22.1],[-66.099,-21.835],[-66.365,-22.114],[-66.712,-22.216],[-67.195,-22.822],[-67.009,-23.001],[-67.356,-24.034],[-68.25,-24.392],[-68.562,-24.838],[-68.384,-25.092],[-68.6,-25.486],[-68.415,-26.154],[-68.581,-26.518],[-68.346,-27.028],[-68.846,-27.154],[-69.174,-27.925],[-69.657,-28.414],[-69.828,-29.103],[-70.027,-29.324],[-69.928,-29.769],[-69.956,-30.358],[-70.161,-30.44],[-70.52,-31.148],[-70.585,-31.569],[-70.17,-32.472],[-70.02,-33.271],[-69.798,-33.399],[-69.894,-33.731],[-69.852,-34.224],[-70.052,-34.301],[-70.29,-34.733],[-70.47,-35.326],[-70.405,-36.062],[-71.056,-36.524],[-71.192,-36.844],[-71.118,-37.114],[-71.168,-37.762],[-71.028,-38.041],[-70.952,-38.738],[-71.426,-38.986],[-71.539,-39.602],[-71.72,-39.635],[-71.695,-40.335],[-71.932,-40.692],[-71.911,-41.65],[-71.761,-42.101],[-72.125,-42.298],[-72.146,-42.99],[-71.781,-43.167],[-71.905,-43.44],[-71.68,-43.93],[-71.82,-44.383],[-71.213,-44.441],[-71.261,-44.763],[-71.596,-44.979],[-71.354,-45.23],[-71.773,-45.724],[-71.632,-45.954],[-71.876,-46.161],[-71.695,-46.578],[-71.94,-46.831],[-71.905,-47.202],[-72.346,-47.493],[-72.518,-47.876],[-72.355,-48.366],[-72.614,-48.793],[-72.982,-48.977],[-73.135,-49.301],[-73.576,-49.583],[-73.501,-50.125],[-73.153,-50.738],[-72.51,-50.608],[-72.276,-50.91],[-72.408,-51.541],[-71.919,-51.99],[-69.96,-52.008],[-69.206,-52.136],[-68.443,-52.357],[-69.033,-51.636],[-69.235,-50.951],[-68.939,-50.382],[-68.146,-50.091],[-67.783,-49.859],[-67.685,-49.247],[-67.033,-48.628],[-66.393,-48.342],[-65.81,-47.941],[-65.934,-47.827],[-65.738,-47.345],[-65.999,-47.094],[-66.777,-47.006],[-67.563,-46.345],[-67.557,-45.97],[-66.941,-45.257],[-66.19,-44.965],[-65.639,-45.008],[-65.648,-44.661],[-65.361,-44.477],[-65.239,-44.049],[-65.284,-43.63],[-64.986,-43.294],[-64.432,-43.059],[-65.027,-42.759],[-64.65,-42.531],[-64.324,-42.572],[-64.131,-42.861],[-63.692,-42.805],[-63.596,-42.407],[-63.796,-42.114],[-64.101,-42.395],[-64.42,-42.434],[-65.059,-41.97],[-65.018,-41.567],[-65.133,-40.881],[-64.853,-40.814],[-63.773,-41.15],[-62.959,-41.11],[-62.395,-40.891],[-62.287,-39.895],[-62.054,-39.374],[-62.338,-39.151],[-62.067,-38.919],[-61.112,-38.993],[-59.828,-38.838],[-58.179,-38.436],[-57.547,-38.086],[-57.396,-37.745],[-57.088,-37.446],[-56.672,-36.851],[-56.698,-36.426],[-57.265,-36.144],[-57.354,-35.72],[-57.159,-35.506],[-57.304,-35.188],[-57.764,-34.895],[-58.283,-34.683],[-58.525,-34.296],[-58.392,-34.193],[-58.547,-33.663],[-58.424,-33.112],[-58.171,-32.959],[-58.201,-32.472],[-58.189,-31.924],[-57.811,-30.859],[-57.873,-30.591],[-57.609,-30.188]]],[[[-68.653,-54.854],[-68.22,-54.818],[-66.93,-54.925],[-66.511,-55.032],[-65.346,-54.878],[-67.294,-54.05],[-68.008,-53.564],[-68.278,-52.984],[-68.63,-52.653],[-68.653,-54.854]]]]},"properties":{"NAME":"Argentina","NAME_JA":"アルゼンチン","ISO_A3":"ARG","CONTINENT":"South America","SUBREGION":"South America","POP_EST":44938712}},
{"type":"Feature","geometry":{"type":"Polygon","coordinates":[[[-61.716,17.037],[-61.817,17.169],[-61.86,17.013],[-61.716,17.037]]]},"properties":{"NAME":"Antigua and Barb.","NAME_JA":"アンティグア・バーブーダ","ISO_A3":"ATG","CONTINENT":"North America","SUBREGION":"Caribbean","POP_EST":97118}},
{"type":"Feature","geometry":{"type":"MultiPolygon","coordinates":[[[[13.073,-4.635],[12.881,-4.445],[12.385,-4.619],[12.018,-5.004],[12.177,-5.325],[12.214,-5.759],[12.504,-5.696],[12.522,-5.149],[12.83,-4.737],[13.073,-4.635]]],[[[23.967,-10.872],[23.834,-11.014],[23.4,-10.976],[23.157,-11.075],[22.561,-11.056],[22.279,-11.194],[22.302,-10.397],[22.198,-10.041],[21.813,-9.469],[21.905,-8.693],[21.78,-7.865],[21.751,-7.305],[20.608,-7.278],[20.482,-6.916],[19.875,-6.986],[19.528,-7.144],[19.341,-7.967],[18.653,-7.936],[17.913,-8.068],[17.536,-8.076],[16.985,-7.257],[16.743,-6.618],[16.718,-6.241],[16.315,-5.866],[14.399,-5.893],[13.068,-5.865],[12.303,-6.093],[12.521,-6.59],[12.823,-6.955],[12.862,-7.232],[13.379,-8.37],[13.359,-8.687],[12.999,-9.048],[13.209,-9.703],[13.539,-10.421],[13.721,-10.634],[13.847,-11.054],[13.785,-11.813],[13.417,-12.52],[12.983,-12.776],[12.898,-13.028],[12.55,-13.438],[12.379,-14.039],[12.28,-14.637],[11.968,-15.634],[11.751,-15.832],[11.819,-16.704],[11.743,-17.249],[12.014,-17.169],[12.548,-17.213],[13.101,-16.968],[13.404,-17.008],[13.938,-17.389],[16.531,-17.391],[18.396,-17.399],[18.718,-17.703],[19.076,-17.818],[20.393,-17.887],[20.625,-17.997],[21.417,-18.001],[23.381,-17.641],[22.305,-16.69],[22.151,-16.597],[21.98,-15.956],[21.979,-14.761],[21.979,-13.001],[23.843,-13.001],[23.991,-12.422],[23.971,-11.636],[24.047,-11.405],[23.967,-10.872]]]]},"properties":{"NAME":"Angola","NAME_JA":"アンゴラ","ISO_A3":"AGO","CONTINENT":"Africa","SUBREGION":"Middle Africa","POP_EST":31825295}},
{"type":"Feature","geometry":{"type":"Polygon","coordinates":[[[1.706,42.503],[1.428,42.596],[1.486,42.434],[1.706,42.503]]]},"properties":{"NAME":"Andorra","NAME_JA":"アンドラ","ISO_A3":"AND","CONTINENT":"Europe","SUBREGION":"Southern Europe","POP_EST":77142}},
{"type":"Feature","geometry":{"type":"Polygon","coordinates":[[[8.577,36.937],[7.91,36.856],[7.608,37],[6.928,36.919],[6.487,37.086],[6.065,36.864],[5.196,36.677],[4.758,36.896],[3.779,36.896],[2.973,36.784],[2.593,36.601],[1.257,36.52],[0.515,36.262],[0.048,35.901],[-0.426,35.862],[-0.917,35.668],[-1.336,35.364],[-1.913,35.094],[-2.22,35.104],[-1.796,34.752],[-1.707,34.176],[-1.679,33.319],[-1.51,32.878],[-1.066,32.468],[-1.275,32.089],[-2.448,32.13],[-2.931,32.043],[-3.017,31.834],[-3.827,31.662],[-3.833,31.198],[-3.985,30.914],[-4.323,30.699],[-4.968,30.465],[-5.449,29.957],[-6.501,29.809],[-6.635,29.569],[-7.095,29.625],[-7.685,29.35],[-8.66,28.719],[-8.683,27.656],[-8.683,27.286],[-7.367,26.512],[-6.239,25.848],[-4.823,24.996],[-3.258,23.981],[-1.293,22.697],[-0.311,22.054],[1.146,21.102],[1.166,20.817],[1.611,20.556],[1.685,20.378],[2.219,20.248],[2.406,20.064],[3.204,19.79],[3.256,19.411],[3.106,19.15],[3.401,18.988],[4.228,19.143],[5.837,19.479],[7.482,20.873],[9.379,21.991],[10.932,22.907],[11.968,23.518],[11.537,24.291],[10.686,24.551],[10.256,24.591],[10.028,25.051],[10.001,25.332],[9.448,26.067],[9.491,26.334],[9.859,26.552],[9.894,26.848],[9.748,27.331],[9.916,27.786],[9.816,28.56],[9.843,28.967],[9.673,29.567],[9.31,30.115],[9.519,30.229],[9.044,32.072],[8.333,32.544],[8.211,32.927],[7.763,33.233],[7.5,33.832],[7.514,34.081],[8.246,34.734],[8.394,35.204],[8.246,35.871],[8.349,36.368],[8.231,36.545],[8.577,36.937]]]},"properties":{"NAME":"Algeria","NAME_JA":"アルジェリア","ISO_A3":"DZA","CONTINENT":"Africa","SUBREGION":"Northern Africa","POP_EST":43053054}},
{"type":"Feature","geometry":{"type":"Polygon","coordinates":[[[19.342,41.869],[19.578,41.788],[19.441,41.425],[19.398,40.285],[19.852,40.044],[20.001,39.709],[20.657,40.117],[21.031,40.659],[20.964,40.85],[20.741,40.905],[20.489,41.273],[20.566,41.874],[20.485,42.223],[20.064,42.547],[19.654,42.629],[19.281,42.173],[19.342,41.869]]]},"properties":{"NAME":"Albania","NAME_JA":"アルバニア","ISO_A3":"ALB","CONTINENT":"Europe","SUBREGION":"Southern Europe","POP_EST":2854191}},
{"type":"Feature","geometry":{"type":"Polygon","coordinates":[[[66.522,37.348],[65.765,37.569],[65.555,37.251],[64.816,37.132],[64.511,36.341],[63.863,36.012],[63.109,35.819],[63.057,35.446],[62.611,35.233],[62.253,35.25],[61.984,35.444],[61.543,35.458],[61.262,35.62],[61.08,34.856],[60.726,34.518],[60.486,34.095],[60.511,33.639],[60.917,33.505],[60.561,33.138],[60.829,32.249],[60.854,31.483],[61.66,31.382],[61.784,30.832],[60.843,29.859],[62.477,29.408],[63.568,29.498],[64.099,29.392],[64.521,29.565],[65.096,29.559],[66.177,29.836],[66.397,30.912],[66.924,31.306],[67.287,31.218],[67.578,31.506],[68.214,31.807],[68.598,31.803],[68.869,31.634],[69.279,31.937],[69.241,32.434],[69.502,33.02],[69.92,33.113],[70.284,33.369],[69.868,33.898],[69.995,34.052],[70.416,33.95],[71.052,34.05],[70.966,34.53],[71.621,35.183],[71.428,35.834],[71.185,36.042],[71.621,36.436],[72.623,36.83],[73.769,36.888],[74.002,36.823],[74.541,37.022],[74.891,37.232],[74.659,37.394],[74.26,37.415],[73.75,37.232],[73.481,37.472],[72.896,37.268],[72.657,37.029],[72.359,36.983],[71.802,36.694],[71.597,36.733],[71.433,37.128],[71.552,37.933],[71.279,37.918],[71.256,38.307],[70.879,38.456],[70.616,38.334],[70.215,37.924],[70.251,37.664],[69.492,37.553],[69.265,37.108],[68.96,37.325],[68.068,36.95],[67.759,37.172],[67.069,37.335],[66.522,37.348]]]},"properties":{"NAME":"Afghanistan","NAME_JA":"アフガニスタン","ISO_A3":"AFG","CONTINENT":"Asia","SUBREGION":"Southern Asia","POP_EST":38041754}},
{"type":"Feature","geometry":{"type":"Polygon","coordinates":[[[77.049,35.11],[77.799,35.496],[77.446,35.476],[76.767,35.662],[77.049,35.11]]]},"properties":{"NAME":"Siachen Glacier","NAME_JA":"シアチェン氷河","ISO_A3":"-99","CONTINENT":"Asia","SUBREGION":"Southern Asia","POP_EST":6000}},
{"type":"Feature","geometry":{"type":"MultiPolygon","coordinates":[[[[-57.021,-63.373],[-57.39,-63.226],[-58.872,-63.552],[-59.51,-63.821],[-60.864,-64.073],[-61.632,-64.605],[-62.576,-64.756],[-64.038,-65.179],[-64.066,-65.554],[-64.653,-65.867],[-65.617,-66.135],[-65.766,-66.625],[-66.371,-66.609],[-66.955,-66.985],[-67.493,-67.113],[-67.586,-67.435],[-66.705,-67.527],[-67.15,-68.025],[-66.793,-68.24],[-67.391,-68.861],[-66.975,-69.161],[-67.372,-69.412],[-68.708,-69.432],[-68.403,-70.02],[-67.888,-70.422],[-67.505,-71.058],[-67.46,-71.527],[-66.828,-72.09],[-67.667,-72.835],[-68.821,-73.105],[-72.929,-73.448],[-73.996,-73.7],[-75.293,-73.639],[-77.135,-73.818],[-76.85,-73.46],[-78.408,-73.556],[-79.522,-73.09],[-80.442,-72.945],[-81.262,-73.315],[-81.309,-73.738],[-82.183,-73.857],[-84.981,-73.502],[-85.981,-73.208],[-87.038,-73.354],[-88.419,-73.229],[-88.195,-72.859],[-90.295,-72.978],[-90.921,-73.319],[-92.241,-73.178],[-94.246,-73.313],[-95.237,-73.22],[-96.152,-73.309],[-98.012,-73.033],[-100.821,-72.981],[-102.409,-72.987],[-102.675,-73.321],[-100.021,-73.403],[-99.781,-73.72],[-100.985,-73.757],[-102.411,-73.616],[-102.766,-73.884],[-101.715,-74.024],[-101.252,-74.486],[-100.119,-74.515],[-100.265,-74.823],[-98.558,-75.19],[-101.039,-75.422],[-101.708,-75.127],[-104.902,-75.115],[-106.619,-75.344],[-109.272,-75.185],[-111.463,-75.133],[-110.3,-74.711],[-110.307,-74.367],[-111.806,-74.27],[-111.696,-74.792],[-113.932,-74.982],[-113.508,-74.089],[-114.791,-73.989],[-115.105,-74.455],[-117.068,-74.473],[-118.342,-74.382],[-119.677,-74.655],[-123.889,-74.773],[-125.353,-74.715],[-127.863,-74.719],[-129.791,-74.891],[-132.049,-74.766],[-133.475,-74.852],[-135.362,-74.69],[-136.228,-74.836],[-136.55,-75.139],[-137.618,-75.076],[-139.691,-75.213],[-141.506,-75.69],[-142.33,-75.491],[-143.574,-75.564],[-146.383,-76.1],[-145.886,-76.424],[-148.32,-76.104],[-149.654,-76.365],[-148.601,-76.493],[-147.34,-76.438],[-145.75,-76.749],[-145.967,-77.069],[-146.928,-77.26],[-148.744,-77.343],[-148.34,-77.551],[-149.718,-77.797],[-151.719,-77.426],[-153.461,-77.416],[-154.815,-77.127],[-156.668,-77.213],[-158.214,-77.157],[-158.5,-77.778],[-157.267,-78.2],[-155.342,-78.192],[-154.716,-78.398],[-156.469,-78.635],[-155.21,-78.965],[-152.091,-79.242],[-150.491,-79.546],[-148.177,-79.776],[-148.317,-80.071],[-150.221,-80.15],[-150.575,-80.354],[-148.123,-80.901],[-156.528,-81.162],[-157.033,-81.319],[-153.957,-81.7],[-154.717,-81.941],[-153.01,-82.45],[-155.459,-82.981],[-157.679,-83.129],[-157.428,-83.346],[-159.444,-83.543],[-162.197,-83.519],[-163.111,-83.329],[-166.217,-83.201],[-168.418,-83.229],[-171.821,-82.847],[-174.066,-82.9],[-169.168,-83.45],[-167.553,-83.811],[-164.951,-83.806],[-163.569,-84.529],[-156.986,-84.811],[-157.127,-85.186],[-162.933,-84.901],[-166.911,-84.819],[-171.704,-84.542],[-178.39,-84.337],[-180,-84.352],[-180,-85.058],[-180,-85.763],[-180,-86.469],[-180,-87.175],[-180,-87.881],[-180,-88.587],[-180,-89.293],[-180,-89.583],[-180,-89.999],[180,-89.999],[180,-84.352],[179.403,-84.206],[171.917,-83.644],[171.221,-83.475],[168.11,-83.362],[167.233,-82.952],[162.821,-81.866],[160.908,-81.39],[160.542,-80.425],[158.767,-80.293],[160.559,-80.011],[160.209,-79.554],[160.483,-79.201],[164.635,-78.603],[166.209,-78.452],[164.43,-78.042],[163.619,-77.582],[162.763,-76.746],[162.816,-75.846],[161.68,-75.218],[162.534,-75.167],[162.604,-74.823],[163.167,-74.602],[165.303,-74.594],[164.776,-74.029],[167.616,-73.337],[167.156,-73.147],[169.545,-73.05],[169.829,-72.729],[170.162,-71.63],[168.173,-71.183],[167.569,-70.81],[166.627,-70.664],[164.403,-70.51],[163.349,-70.621],[162.675,-70.305],[161.425,-70.827],[161.037,-70.317],[160.21,-69.975],[159.784,-69.522],[158.158,-69.209],[157.481,-69.309],[155.52,-69.024],[154.2,-68.418],[153.705,-68.729],[153.082,-68.857],[151.562,-68.694],[151.068,-68.385],[148.456,-68.467],[146.798,-68.274],[146.828,-67.965],[145.975,-67.624],[145.128,-67.626],[143.942,-67.794],[144.621,-67.141],[143.448,-66.877],[142.888,-67],[141.973,-66.807],[139.9,-66.715],[139.242,-66.574],[138.14,-66.544],[137.754,-66.406],[136.194,-66.292],[135.352,-66.127],[134.971,-66.33],[134.179,-66.277],[133.445,-66.081],[131.831,-66.236],[130.952,-66.191],[129.741,-66.469],[129.237,-67.042],[128.431,-67.119],[127.541,-67.051],[126.665,-66.498],[125.866,-66.364],[124.598,-66.708],[123.969,-66.608],[122.183,-66.859],[121.488,-67.091],[119.133,-67.371],[119.281,-67.199],[118.139,-67.082],[116.713,-67.047],[114.027,-67.441],[113.991,-67.212],[115.274,-67.028],[115.635,-66.771],[115.31,-66.561],[114.337,-66.36],[113.71,-65.93],[113.099,-65.8],[111.453,-65.961],[110.907,-66.077],[110.622,-66.524],[109.463,-66.909],[108.158,-66.639],[106.387,-66.411],[103.951,-65.988],[102.674,-65.865],[101.474,-65.951],[100.889,-66.358],[99.37,-66.648],[98.258,-66.467],[97.72,-66.607],[97.101,-66.499],[95.541,-66.631],[94.84,-66.501],[93.964,-66.69],[92.073,-66.508],[91.022,-66.603],[89.698,-66.823],[87.98,-66.788],[85.711,-67.161],[84.485,-67.114],[83.304,-67.603],[82.017,-67.69],[79.288,-68.119],[78.726,-68.278],[78.489,-68.626],[77.817,-69.069],[75.891,-69.576],[75.424,-69.893],[73.942,-69.743],[72.822,-70.096],[72.76,-70.396],[71.905,-70.707],[71.277,-71.624],[69.555,-72.375],[68.42,-72.515],[67.971,-72.751],[67.971,-73.086],[66.892,-72.949],[67.432,-72.003],[68.037,-71.391],[68.873,-71.035],[69.25,-70.431],[67.941,-70.423],[67.268,-70.273],[68.178,-69.837],[69.083,-69.867],[68.906,-69.373],[69.629,-69.232],[69.534,-68.737],[69.982,-68.464],[69.416,-67.743],[68.328,-67.89],[63.699,-67.508],[62.688,-67.648],[61.309,-67.54],[60.482,-67.385],[59.251,-67.485],[58.737,-67.23],[57.627,-67.014],[56.892,-67.056],[56.453,-66.78],[57.185,-66.613],[55.71,-66.08],[54.948,-65.916],[53.672,-65.859],[51.885,-66.02],[50.332,-66.445],[50.606,-67.15],[50.006,-67.175],[49.247,-66.942],[48.714,-67.217],[48.648,-67.794],[47.117,-67.573],[44.99,-67.769],[44.7,-67.904],[42.82,-68.123],[42.409,-68.352],[41.133,-68.575],[39.864,-68.967],[39.705,-69.426],[38.859,-70.006],[37.56,-69.718],[35.225,-69.637],[34.596,-69.095],[33.814,-69.099],[34.193,-68.702],[33.121,-68.689],[32.568,-69.074],[32.989,-69.624],[32.621,-70.001],[31.379,-70.226],[30.003,-70.3],[27.207,-70.911],[25.974,-71.037],[24.757,-70.892],[24.236,-70.449],[23.804,-70.405],[22.979,-70.81],[21.705,-70.258],[21.071,-70.843],[19.265,-70.902],[19.196,-70.293],[18.433,-70.29],[18.125,-70.54],[15.807,-70.324],[13.823,-70.343],[12.929,-70.213],[11.701,-70.767],[10.218,-70.508],[9.142,-70.184],[8.523,-70.474],[7.401,-70.494],[5.113,-70.656],[2.609,-70.9],[0.835,-71.202],[-0.543,-71.713],[-0.896,-71.349],[-2.015,-71.433],[-2.812,-71.321],[-5.95,-71.342],[-5.588,-70.857],[-5.936,-70.713],[-7.873,-70.94],[-7.714,-71.546],[-8.646,-71.673],[-9.231,-71.174],[-9.888,-71.027],[-10.825,-71.553],[-11.663,-71.331],[-12.148,-71.614],[-10.958,-71.902],[-11.497,-72.413],[-13.209,-72.785],[-14.298,-72.733],[-14.321,-73.123],[-15.596,-73.097],[-16.435,-73.426],[-16.519,-73.644],[-15.749,-73.946],[-14.574,-73.937],[-15.673,-74.407],[-17.299,-74.334],[-18.749,-75.242],[-19.493,-75.54],[-20.487,-75.492],[-21.434,-75.683],[-24.27,-75.767],[-26.059,-75.957],[-28.934,-76.37],[-32.063,-77.16],[-34.076,-77.425],[-35.088,-77.837],[-36.181,-78.468],[-36.239,-78.774],[-32.994,-79.229],[-30.316,-79.163],[-29.949,-79.599],[-25.259,-79.762],[-24.24,-80.062],[-29.329,-80.172],[-35.327,-80.651],[-37.209,-81.064],[-38.772,-80.882],[-41.434,-81.298],[-43.669,-82.27],[-46.046,-82.159],[-48.361,-81.892],[-53.986,-82.201],[-57.354,-82.84],[-59.516,-83.458],[-61.59,-83.341],[-62.736,-82.527],[-65.913,-82.183],[-65.916,-81.902],[-64.137,-81.869],[-64.75,-81.522],[-70.239,-80.857],[-71.018,-80.619],[-73.029,-80.917],[-75.237,-80.803],[-76.558,-79.904],[-76.032,-79.627],[-76.499,-79.326],[-80.151,-79.268],[-83.26,-78.774],[-83.246,-78.357],[-80.292,-78.823],[-77.869,-78.746],[-77.433,-78.435],[-81.441,-77.886],[-80.602,-77.752],[-77.742,-77.94],[-74.812,-78.178],[-73.252,-77.894],[-72.852,-77.59],[-75.387,-77.474],[-76.249,-77.275],[-77.19,-76.63],[-75.268,-76.581],[-71.799,-76.753],[-70.096,-76.654],[-69.304,-76.351],[-66.37,-76.013],[-63.363,-75.451],[-63.231,-75.154],[-63.925,-75.004],[-62.226,-74.506],[-61.011,-74.478],[-60.879,-73.612],[-61.405,-73.467],[-60.385,-73.007],[-60.719,-72.073],[-61.214,-71.564],[-61.017,-71.167],[-61.313,-70.868],[-61.961,-70.901],[-61.961,-70.12],[-62.451,-69.584],[-63.456,-69.042],[-63.344,-68.81],[-64.898,-68.673],[-64.996,-68.408],[-65.64,-68.131],[-65.443,-67.326],[-64.819,-67.307],[-64.686,-66.806],[-64.078,-66.654],[-63.753,-66.278],[-61.875,-66.296],[-60.903,-66.191],[-61.266,-65.98],[-61.839,-66.12],[-62.305,-65.84],[-61.991,-65.589],[-62.145,-65.332],[-61.736,-65.033],[-61.06,-64.981],[-59.963,-64.431],[-59.573,-64.531],[-58.895,-64.389],[-58.263,-63.763],[-57.021,-63.373]]],[[[-45.223,-78.811],[-43.947,-78.598],[-43.809,-78.287],[-45.53,-77.881],[-46.826,-77.785],[-49.081,-78.047],[-50.22,-78.605],[-50.733,-79.283],[-50.339,-79.479],[-52.297,-80.141],[-53.482,-80.189],[-54.347,-80.569],[-54.162,-80.87],[-49.773,-80.784],[-49.187,-80.643],[-43.528,-80.191],[-42.965,-79.477],[-43.722,-78.818],[-45.223,-78.811]]],[[[-59.734,-80.344],[-59.706,-79.875],[-61.343,-79.887],[-62.519,-80.373],[-65.98,-80.384],[-64.268,-80.749],[-60.583,-80.948],[-59.734,-80.344]]],[[[-70.051,-69.189],[-70.417,-68.789],[-71.869,-68.941],[-72.138,-69.115],[-71.743,-69.423],[-71.854,-69.969],[-70.328,-70.361],[-71.061,-70.537],[-71.194,-70.985],[-72.622,-71.388],[-74.187,-71.383],[-75.293,-71.615],[-75.353,-71.878],[-73.899,-72.152],[-72.412,-71.662],[-71.107,-72.047],[-71.898,-72.121],[-73.086,-72.408],[-72.367,-72.67],[-69.209,-72.534],[-68.241,-71.822],[-68.336,-70.856],[-69.417,-69.583],[-70.051,-69.189]]],[[[-98.091,-71.912],[-98.615,-71.764],[-99.833,-72.046],[-100.085,-71.837],[-102.128,-71.985],[-102.265,-72.135],[-100.195,-72.273],[-98.408,-72.548],[-96.052,-72.577],[-95.575,-72.41],[-95.609,-72.068],[-96.869,-71.851],[-98.091,-71.912]]],[[[-120.556,-73.756],[-123.112,-73.682],[-122.625,-73.966],[-122.859,-74.343],[-121.062,-74.337],[-120.272,-73.989],[-120.556,-73.756]]],[[[-126.33,-73.286],[-127.414,-73.516],[-124.873,-74.208],[-123.837,-74.226],[-124.129,-73.834],[-124.993,-73.83],[-125.736,-73.406],[-126.33,-73.286]]],[[[-159.053,-79.807],[-159.684,-79.402],[-161.643,-78.901],[-163.256,-78.722],[-164.126,-78.995],[-164.226,-79.321],[-161.866,-79.704],[-159.053,-79.807]]],[[[167.084,-77.322],[166.237,-77.547],[168.323,-77.683],[168.451,-77.386],[167.084,-77.322]]],[[[-70.334,-79.68],[-69.251,-79.21],[-66.728,-78.384],[-67.479,-78.362],[-70.544,-78.884],[-71.784,-79.444],[-70.334,-79.68]]],[[[-63.181,-64.47],[-64.171,-64.582],[-63.647,-64.803],[-63.181,-64.47]]],[[[-67.988,-67.474],[-67.688,-67.147],[-68.336,-66.802],[-69.082,-67.403],[-68.58,-67.733],[-67.988,-67.474]]],[[[-73.707,-70.635],[-75.007,-70.609],[-75.21,-70.773],[-76.5,-70.941],[-76.176,-71.132],[-74.205,-70.924],[-73.707,-70.635]]],[[[-74.987,-69.728],[-75.727,-70.096],[-74.849,-70.179],[-74.438,-69.95],[-74.987,-69.728]]],[[[-74.354,-73.098],[-75.377,-72.82],[-76.018,-73.085],[-75.901,-73.333],[-74.575,-73.611],[-74.354,-73.098]]],[[[-91.161,-73.182],[-90.807,-72.611],[-91.67,-72.624],[-91.161,-73.182]]]]},"properties":{"NAME":"Antarctica","NAME_JA":"南極大陸","ISO_A3":"ATA","CONTINENT":"Antarctica","SUBREGION":"Antarctica","POP_EST":4490}},
{"type":"Feature","geometry":{"type":"Polygon","coordinates":[[[-63.123,18.069],[-63.023,18.019],[-63.011,18.069],[-63.123,18.069]]]},"properties":{"NAME":"Sint Maarten","NAME_JA":"シント・マールテン","ISO_A3":"SXM","CONTINENT":"North America","SUBREGION":"Caribbean","POP_EST":40733}},
{"type":"Feature","geometry":{"type":"Polygon","coordinates":[[[179.214,-8.524],[179.212,-8.488],[179.198,-8.489],[179.201,-8.512],[179.214,-8.524]]]},"properties":{"NAME":"Tuvalu","NAME_JA":"ツバル","ISO_A3":"TUV","CONTINENT":"Oceania","SUBREGION":"Polynesia","POP_EST":11646}}
]}