{"type":"FeatureCollection","metadata":{"source":"Köppen-Geiger climate classification 1991-2020 (Beck et al. 2023), 0.1 degree","sourceUrl":"https://doi.org/10.6084/m9.figshare.21789074","license":"CC BY 4.0 (Beck, H.E. et al. 2023, Scientific Data 10, 724)","note":"Contiguous areas of Köppen class B, traced from the 0.1 degree grid and generalised. arid_climate = BW, semi_arid_climate = BS. 1991-2020 normals, not current drought."},"features":[{"type":"Feature","properties":{"why":"arid_climate","tier":1,"km2":14878417,"id":"arid-n22e021"},"geometry":{"type":"Polygon","coordinates":[[[38.76,36.0],[38.66,35.9],[38.32,35.89],[38.28,35.81],[38.12,35.79],[37.91,35.58],[37.9,35.34],[37.81,35.28],[37.8,35.14],[37.99,34.98],[37.99,34.82],[37.64,34.8],[37.58,34.71],[37.42,34.69],[37.01,34.28],[36.99,33.82],[36.88,33.71],[36.64,33.7],[36.51,33.58],[36.51,33.22],[36.89,32.88],[36.91,32.72],[37.0,32.66],[37.0,32.44],[36.86,32.3],[36.44,32.3],[36.34,32.4],[36.11,32.18],[36.11,32.02],[36.2,31.96],[36.2,31.74],[36.11,31.68],[36.1,31.44],[36.0,31.36],[35.99,31.02],[35.91,30.98],[35.89,30.82],[35.71,30.68],[35.66,30.5],[35.5,30.54],[35.46,31.3],[35.32,31.29],[35.06,31.0],[34.92,31.01],[34.78,31.19],[34.24,31.2],[34.16,31.3],[34.02,31.29],[33.96,31.2],[33.24,31.2],[33.18,31.29],[33.04,31.3],[32.98,31.21],[32.64,31.1],[32.48,31.29],[32.22,31.31],[31.96,31.6],[31.82,31.59],[31.76,31.5],[31.44,31.5],[31.36,31.6],[30.74,31.6],[30.68,31.51],[30.34,31.5],[30.28,31.41],[30.12,31.39],[30.08,31.31],[29.82,31.29],[29.68,31.11],[29.52,31.09],[29.38,30.91],[28.94,30.9],[28.88,30.99],[28.72,31.01],[28.66,31.1],[28.04,31.1],[27.86,31.3],[27.44,31.3],[27.38,31.39],[27.12,31.41],[27.06,31.5],[26.64,31.5],[26.58,31.59],[26.14,31.6],[26.06,31.7],[25.74,31.7],[25.66,31.6],[25.34,31.6],[24.98,31.99],[24.82,32.01],[24.76,32.1],[24.62,32.09],[24.56,32.0],[24.34,32.0],[24.28,32.09],[24.02,32.11],[23.96,32.2],[23.42,32.21],[23.38,32.29],[23.22,32.31],[23.16,32.4],[22.14,32.4],[22.08,32.31],[21.92,32.29],[21.88,32.21],[21.72,32.19],[21.58,32.01],[21.42,31.99],[21.36,31.9],[21.12,31.89],[21.06,31.8],[20.64,31.8],[20.56,31.7],[20.42,31.71],[20.36,31.8],[20.22,31.79],[19.9,31.46],[20.1,31.26],[20.1,31.04],[20.01,30.98],[19.99,30.82],[19.68,30.51],[19.52,30.49],[19.48,30.41],[19.32,30.39],[19.26,30.3],[19.04,30.3],[18.98,30.39],[18.72,30.41],[18.58,30.59],[18.42,30.61],[18.28,30.79],[18.12,30.81],[18.08,30.89],[17.92,30.91],[17.88,30.99],[17.64,31.0],[17.58,31.09],[17.34,31.1],[17.26,31.2],[16.84,31.2],[16.76,31.3],[16.04,31.3],[15.98,31.39],[15.82,31.41],[15.51,31.72],[15.39,32.08],[15.16,32.3],[14.64,32.3],[14.56,32.4],[14.04,32.4],[13.96,32.3],[13.62,32.29],[13.38,31.91],[13.14,31.9],[13.06,31.8],[12.84,31.8],[12.78,31.89],[12.52,31.91],[12.52,32.09],[12.78,32.11],[13.0,32.36],[12.88,32.49],[12.64,32.5],[12.51,32.62],[12.6,32.76],[12.48,32.89],[12.22,32.91],[12.18,32.99],[11.82,33.11],[11.78,33.19],[11.54,33.2],[11.48,33.29],[11.32,33.31],[11.11,33.52],[11.1,33.76],[10.98,33.89],[10.72,33.89],[10.58,33.71],[10.44,33.7],[10.11,34.02],[10.11,34.18],[10.22,34.29],[10.38,34.31],[10.52,34.49],[10.68,34.51],[10.99,34.82],[10.99,34.98],[10.88,35.09],[10.72,35.11],[10.68,35.19],[10.44,35.2],[10.38,35.11],[10.24,35.1],[10.18,35.19],[10.02,35.21],[9.94,35.3],[9.88,35.21],[9.72,35.19],[9.66,35.1],[9.34,35.2],[9.28,35.11],[9.12,35.09],[9.08,35.01],[8.92,34.99],[8.86,34.9],[8.34,34.9],[8.28,34.81],[8.12,34.79],[8.06,34.7],[7.64,34.7],[7.58,34.79],[7.34,34.8],[7.26,34.9],[6.22,34.91],[6.18,34.99],[6.02,35.01],[5.98,35.09],[5.82,35.11],[5.78,35.19],[5.62,35.21],[5.51,35.32],[5.48,35.49],[5.32,35.51],[5.28,35.59],[5.12,35.61],[5.06,35.7],[4.82,35.71],[4.76,35.8],[4.14,35.8],[4.01,35.68],[4.0,35.34],[3.91,35.22],[4.04,35.1],[4.38,35.09],[4.4,34.94],[4.11,34.68],[4.09,34.52],[3.88,34.31],[3.64,34.3],[3.58,34.39],[3.44,34.4],[3.36,34.3],[3.02,34.29],[2.86,34.1],[2.42,34.09],[2.08,33.71],[1.92,33.69],[1.88,33.61],[1.72,33.59],[1.68,33.51],[1.52,33.49],[1.46,33.4],[1.36,33.5],[1.26,33.4],[0.74,33.4],[0.58,33.59],[0.34,33.6],[0.28,33.69],[0.12,33.71],[0.1,33.96],[0.2,34.06],[0.06,34.2],[-0.08,34.19],[-0.14,34.1],[-0.38,34.09],[-0.42,34.01],[-0.58,33.99],[-0.64,33.9],[-1.06,33.9],[-1.14,33.8],[-1.76,33.8],[-1.92,33.99],[-2.06,34.0],[-2.12,33.91],[-2.28,33.89],[-2.79,33.38],[-2.79,33.22],[-2.7,33.16],[-2.72,32.91],[-2.88,32.89],[-2.94,32.8],[-3.26,32.8],[-3.34,32.7],[-3.56,32.7],[-3.6,32.76],[-3.51,32.82],[-3.5,33.06],[-3.41,33.12],[-3.4,33.26],[-3.62,33.49],[-3.78,33.49],[-4.02,33.21],[-4.28,33.19],[-4.42,33.01],[-4.79,32.88],[-4.79,32.72],[-4.7,32.66],[-4.71,32.42],[-4.79,32.38],[-4.81,32.22],[-4.99,32.08],[-5.01,31.92],[-5.22,31.71],[-5.58,31.59],[-5.72,31.41],[-6.08,31.39],[-6.24,31.2],[-6.76,31.2],[-6.84,31.1],[-7.18,31.09],[-7.39,30.88],[-7.4,30.64],[-7.49,30.58],[-7.51,30.32],[-7.72,30.11],[-8.06,30.1],[-8.12,30.01],[-8.28,29.99],[-8.42,29.81],[-8.58,29.79],[-8.82,29.51],[-8.96,29.5],[-9.02,29.59],[-9.18,29.61],[-9.21,29.78],[-9.29,29.82],[-9.31,29.98],[-9.42,30.09],[-9.68,30.09],[-10.09,29.68],[-10.11,29.52],[-10.62,29.01],[-10.78,28.99],[-10.82,28.91],[-10.98,28.89],[-11.12,28.71],[-11.28,28.69],[-11.62,28.31],[-11.88,28.29],[-11.92,28.21],[-12.08,28.19],[-12.14,28.1],[-12.56,28.1],[-12.64,28.0],[-12.98,27.99],[-13.19,27.78],[-13.21,27.62],[-13.29,27.58],[-13.41,27.22],[-13.49,27.18],[-13.51,26.92],[-13.82,26.61],[-14.18,26.49],[-14.49,26.18],[-14.51,26.02],[-14.59,25.98],[-14.61,25.82],[-14.69,25.78],[-14.71,25.62],[-14.79,25.58],[-14.81,25.42],[-14.9,25.36],[-14.91,24.72],[-15.02,24.61],[-15.18,24.59],[-15.72,24.01],[-15.88,23.99],[-15.99,23.88],[-16.01,23.42],[-16.19,23.28],[-16.21,23.12],[-16.29,23.08],[-16.31,22.92],[-16.39,22.88],[-16.4,22.64],[-16.49,22.58],[-16.51,22.42],[-16.89,22.18],[-16.9,21.94],[-17.0,21.86],[-17.0,21.54],[-17.1,21.46],[-17.09,20.92],[-16.82,20.89],[-16.79,20.72],[-16.31,20.28],[-16.31,20.02],[-16.5,19.86],[-16.5,19.24],[-16.31,19.08],[-16.29,18.92],[-16.2,18.86],[-16.2,18.54],[-16.1,18.46],[-16.1,17.54],[-16.19,17.48],[-16.21,17.22],[-16.29,17.18],[-16.31,17.02],[-16.39,16.98],[-16.41,16.82],[-16.5,16.76],[-16.5,16.44],[-16.6,16.36],[-16.6,15.74],[-16.69,15.68],[-16.71,15.52],[-16.79,15.48],[-16.79,15.22],[-16.52,15.31],[-16.46,15.4],[-15.14,15.4],[-15.06,15.3],[-14.84,15.3],[-14.76,15.4],[-13.74,15.4],[-13.68,15.31],[-13.54,15.3],[-13.48,15.39],[-13.24,15.4],[-13.18,15.31],[-12.84,15.2],[-12.78,15.29],[-12.62,15.31],[-12.58,15.39],[-12.24,15.4],[-12.16,15.5],[-11.24,15.5],[-11.18,15.59],[-11.04,15.6],[-10.96,15.5],[-10.44,15.5],[-10.36,15.4],[-8.54,15.4],[-8.48,15.31],[-8.24,15.3],[-8.18,15.21],[-7.94,15.2],[-7.86,15.1],[-7.62,15.09],[-7.58,15.01],[-7.42,14.99],[-7.36,14.9],[-7.14,14.9],[-7.06,15.0],[-6.54,15.0],[-6.46,14.9],[-5.84,14.9],[-5.78,14.81],[-5.62,14.79],[-5.56,14.7],[-4.44,14.7],[-4.28,14.89],[-4.02,14.91],[-3.98,14.99],[-3.82,15.01],[-3.76,15.1],[-2.74,15.1],[-2.69,14.92],[-2.52,14.89],[-2.46,14.8],[-1.84,14.8],[-1.78,14.71],[-1.54,14.7],[-1.46,14.6],[-0.54,14.6],[-0.38,14.41],[-0.22,14.39],[-0.16,14.3],[0.48,14.29],[0.52,14.21],[0.68,14.19],[0.82,14.01],[0.98,13.99],[1.02,13.91],[1.18,13.89],[1.24,13.8],[1.56,13.8],[1.64,13.7],[1.96,13.7],[2.06,13.8],[2.12,13.71],[2.46,13.7],[2.54,13.6],[2.86,13.6],[2.94,13.5],[3.08,13.51],[3.14,13.6],[3.58,13.61],[3.62,13.69],[3.78,13.71],[3.82,13.79],[3.98,13.81],[4.04,13.9],[4.56,13.9],[4.64,14.0],[5.38,14.01],[5.69,14.32],[5.71,14.48],[5.86,14.6],[5.91,14.12],[6.02,14.01],[6.18,13.99],[6.44,13.7],[6.54,13.8],[7.06,13.8],[7.12,13.71],[7.46,13.6],[7.62,13.79],[7.78,13.81],[7.84,13.9],[8.06,13.9],[8.52,13.41],[8.68,13.39],[8.72,13.31],[9.16,13.3],[9.24,13.2],[9.38,13.21],[9.42,13.29],[9.58,13.31],[9.64,13.4],[9.74,13.3],[10.16,13.3],[10.22,13.21],[10.38,13.19],[10.42,13.11],[10.58,13.09],[10.62,13.01],[10.78,12.99],[10.82,12.91],[10.98,12.89],[11.02,12.81],[11.36,12.8],[11.44,12.7],[12.76,12.7],[12.84,12.8],[13.76,12.8],[13.82,12.71],[14.26,12.7],[14.34,12.6],[14.76,12.6],[14.94,12.8],[16.06,12.8],[16.14,12.9],[18.56,12.9],[18.84,13.2],[19.26,13.2],[19.34,13.1],[19.66,13.1],[19.72,13.19],[19.88,13.21],[19.92,13.29],[20.08,13.31],[20.22,13.49],[20.38,13.51],[20.42,13.59],[20.58,13.61],[20.62,13.69],[20.78,13.71],[20.82,13.79],[21.18,13.91],[21.22,13.99],[21.48,14.01],[21.82,14.39],[22.16,14.4],[22.32,14.21],[22.56,14.2],[22.62,14.11],[22.88,14.09],[22.94,14.0],[24.16,14.0],[24.28,14.09],[24.49,13.88],[24.51,13.52],[24.69,13.38],[24.71,13.22],[24.79,13.18],[24.8,12.84],[24.9,12.76],[24.9,12.44],[25.1,12.26],[25.09,12.12],[25.0,12.04],[25.12,11.91],[25.36,11.9],[25.42,11.99],[25.66,12.0],[25.72,11.91],[25.96,11.9],[26.04,11.8],[27.16,11.8],[27.22,11.89],[27.46,11.9],[27.52,11.99],[27.68,12.01],[27.82,12.19],[28.08,12.21],[28.52,12.69],[28.86,12.7],[28.94,12.6],[29.28,12.61],[29.39,12.72],[29.41,12.98],[29.54,13.1],[29.96,13.1],[30.04,13.0],[30.26,13.0],[30.36,13.1],[30.42,13.01],[30.58,12.99],[30.62,12.91],[30.88,12.89],[31.04,12.7],[32.06,12.7],[32.12,12.61],[32.46,12.6],[32.54,12.5],[32.88,12.51],[32.91,12.68],[33.29,13.02],[33.31,13.38],[33.42,13.49],[33.58,13.51],[33.72,13.69],[33.88,13.71],[34.12,14.09],[34.28,14.11],[34.42,14.29],[34.58,14.31],[34.62,14.39],[34.78,14.41],[34.92,14.59],[35.16,14.6],[35.24,14.7],[35.66,14.7],[35.74,14.8],[36.46,14.8],[36.52,14.89],[36.68,14.91],[36.72,14.99],[36.88,15.01],[36.92,15.09],[37.08,15.11],[37.12,15.19],[37.28,15.21],[37.34,15.3],[37.44,15.2],[38.38,15.21],[38.49,15.32],[38.49,15.48],[38.41,15.52],[38.39,15.68],[38.11,15.92],[38.11,15.98],[38.24,16.1],[38.34,16.0],[38.86,16.0],[39.49,15.38],[39.51,15.22],[39.69,15.08],[39.71,14.92],[39.79,14.88],[39.81,14.72],[39.89,14.68],[39.9,14.34],[39.99,14.28],[40.0,14.04],[39.9,13.96],[39.9,13.44],[39.81,13.38],[39.8,13.24],[39.99,13.08],[40.01,12.92],[40.09,12.88],[40.1,12.54],[40.19,12.48],[40.21,12.32],[40.49,12.08],[40.5,11.84],[40.6,11.76],[40.59,11.62],[40.5,11.56],[40.5,11.34],[40.59,11.28],[40.61,11.12],[40.69,11.08],[40.71,10.92],[40.88,10.89],[41.09,10.68],[41.12,10.51],[41.28,10.59],[41.31,10.42],[41.49,10.28],[41.49,10.22],[41.31,10.08],[41.31,9.92],[42.16,9.9],[42.22,9.99],[42.48,10.01],[42.72,10.29],[42.88,10.31],[42.94,10.4],[43.16,10.4],[43.22,10.31],[43.38,10.29],[43.52,10.11],[43.78,10.09],[43.92,9.91],[44.09,9.88],[44.11,9.72],[44.3,9.56],[44.08,9.31],[43.92,9.29],[43.81,9.18],[43.81,9.12],[44.0,8.96],[43.9,8.86],[43.91,8.62],[44.08,8.59],[44.14,8.5],[44.24,8.6],[44.48,8.59],[44.49,8.52],[44.38,8.41],[44.21,8.38],[44.21,8.22],[44.39,8.08],[44.41,7.92],[44.52,7.81],[44.88,7.69],[45.1,7.46],[45.1,7.14],[45.01,7.08],[45.0,6.74],[44.91,6.68],[44.89,6.52],[44.72,6.49],[44.66,6.4],[44.42,6.39],[44.26,6.2],[44.02,6.21],[43.76,6.5],[43.04,6.5],[42.98,6.41],[42.84,6.4],[42.78,6.49],[42.62,6.51],[42.58,6.59],[42.22,6.61],[41.88,6.99],[41.82,6.99],[41.7,6.86],[41.7,6.64],[41.79,6.58],[41.81,6.42],[41.92,6.31],[42.08,6.29],[42.12,6.21],[42.38,6.19],[42.59,5.98],[42.61,5.72],[42.89,5.48],[42.9,5.34],[42.78,5.21],[42.54,5.2],[42.28,5.49],[42.04,5.5],[41.98,5.59],[41.84,5.6],[41.71,5.48],[41.69,5.22],[41.44,5.2],[41.39,5.38],[41.22,5.49],[41.21,5.12],[41.49,4.88],[41.5,4.74],[41.4,4.66],[41.39,4.32],[41.12,4.29],[41.01,4.18],[41.01,3.62],[41.18,3.59],[41.34,3.4],[41.56,3.4],[41.68,3.49],[41.72,3.41],[41.88,3.39],[42.02,3.21],[42.26,3.2],[42.32,3.11],[42.48,3.11],[42.79,3.42],[42.81,3.58],[42.99,3.72],[43.01,3.88],[43.39,4.22],[43.41,4.38],[43.72,4.69],[43.96,4.7],[44.02,4.61],[44.18,4.59],[44.22,4.51],[44.38,4.49],[44.49,4.38],[44.49,4.32],[44.41,4.28],[44.4,4.14],[44.52,4.01],[44.78,3.99],[44.82,3.91],[45.18,3.79],[45.32,3.61],[45.66,3.6],[45.72,3.69],[45.96,3.7],[46.06,3.8],[46.12,3.71],[46.46,3.6],[46.52,3.69],[46.68,3.71],[46.72,3.79],[46.88,3.81],[46.96,3.9],[46.99,3.72],[46.81,3.58],[46.8,3.44],[47.08,3.41],[47.79,4.12],[47.81,4.28],[48.09,4.52],[48.21,4.88],[48.49,5.12],[48.51,5.28],[48.69,5.42],[48.71,5.58],[48.89,5.72],[48.91,5.88],[48.99,5.92],[49.01,6.08],[49.1,6.14],[49.11,6.38],[49.2,6.44],[49.21,6.68],[49.29,6.72],[49.31,6.88],[49.49,7.02],[49.51,7.18],[49.69,7.32],[49.71,7.48],[49.79,7.52],[49.81,7.68],[49.9,7.74],[49.91,7.98],[50.29,8.32],[50.31,8.48],[50.39,8.52],[50.41,8.68],[50.49,8.72],[50.51,8.88],[50.69,9.02],[50.71,9.18],[50.89,9.32],[50.91,10.18],[51.04,10.3],[51.4,10.34],[51.39,10.48],[51.2,10.64],[51.2,11.56],[51.29,11.62],[51.29,11.78],[51.18,11.89],[51.02,11.91],[50.98,11.99],[50.64,12.0],[50.38,11.71],[50.22,11.69],[50.18,11.61],[49.94,11.6],[49.86,11.5],[49.54,11.5],[49.48,11.41],[49.22,11.39],[49.16,11.3],[48.84,11.3],[48.78,11.39],[48.54,11.4],[48.48,11.31],[48.22,11.29],[48.16,11.2],[47.24,11.2],[47.08,11.01],[46.92,10.99],[46.88,10.91],[46.72,10.89],[46.66,10.8],[46.04,10.8],[45.98,10.89],[45.74,10.9],[45.68,10.81],[45.52,10.79],[45.48,10.71],[45.22,10.69],[45.18,10.61],[45.02,10.59],[44.96,10.5],[44.64,10.5],[44.56,10.4],[44.42,10.41],[44.28,10.59],[44.12,10.61],[43.61,11.12],[43.49,11.48],[43.38,11.59],[43.11,11.62],[43.11,11.78],[43.22,11.89],[43.38,11.91],[43.5,12.04],[43.5,12.26],[43.41,12.32],[43.39,12.58],[42.88,13.09],[42.52,13.21],[42.41,13.32],[42.39,13.58],[42.18,13.79],[42.02,13.81],[41.18,14.69],[41.02,14.71],[40.88,14.89],[40.72,14.91],[40.58,15.09],[40.42,15.11],[40.28,15.29],[40.11,15.32],[40.14,15.5],[40.8,15.54],[40.78,15.79],[40.62,15.81],[40.56,15.9],[40.42,15.81],[40.21,16.02],[40.18,16.39],[39.81,16.38],[39.8,16.14],[39.7,16.06],[39.7,15.84],[39.79,15.78],[39.79,15.62],[39.62,15.61],[39.51,15.72],[39.6,15.84],[39.6,16.06],[39.54,16.1],[39.42,16.01],[39.39,16.18],[39.21,16.32],[39.2,16.76],[39.11,16.82],[39.1,17.16],[39.01,17.22],[39.0,17.46],[38.91,17.52],[38.89,17.68],[38.71,17.82],[38.69,17.98],[38.28,18.39],[38.12,18.41],[38.01,18.52],[37.98,18.69],[37.62,18.81],[37.41,19.02],[37.4,19.46],[37.3,19.54],[37.3,21.16],[37.21,21.22],[37.19,21.38],[37.01,21.52],[36.99,21.68],[36.91,21.72],[36.89,22.08],[36.28,22.69],[36.02,22.71],[35.71,23.02],[35.69,23.18],[35.6,23.24],[35.6,23.86],[35.69,23.92],[35.69,24.08],[35.21,24.52],[35.19,24.68],[35.11,24.72],[35.09,24.88],[35.01,24.92],[34.99,25.08],[34.91,25.12],[34.89,25.28],[34.71,25.42],[34.69,25.68],[34.51,25.82],[34.49,25.98],[34.31,26.12],[34.29,26.28],[34.21,26.32],[34.09,26.68],[34.01,26.72],[33.99,27.18],[33.91,27.22],[33.88,27.39],[33.7,27.44],[33.74,27.5],[33.98,27.51],[33.99,27.58],[33.82,27.61],[33.61,27.82],[33.59,27.98],[32.91,28.62],[32.89,28.78],[32.7,28.94],[32.71,29.28],[32.78,29.29],[33.09,28.98],[33.11,28.82],[33.2,28.76],[33.21,28.52],[34.02,27.71],[34.28,27.71],[34.44,27.9],[35.18,27.89],[35.49,27.58],[35.51,27.42],[35.69,27.28],[35.71,27.12],[35.99,26.88],[36.01,26.72],[36.29,26.48],[36.31,26.22],[36.6,25.96],[36.59,25.82],[36.5,25.76],[36.51,25.62],[36.68,25.59],[37.09,25.18],[37.11,24.72],[37.39,24.48],[37.41,24.32],[37.52,24.21],[37.76,24.2],[37.82,24.11],[37.98,24.09],[38.12,23.91],[38.28,23.89],[38.39,23.78],[38.41,23.62],[38.59,23.48],[38.61,23.22],[38.69,23.18],[38.81,22.82],[39.0,22.66],[39.0,22.14],[38.9,22.06],[38.9,21.74],[39.09,21.58],[39.1,21.14],[39.19,21.08],[39.21,20.92],[39.49,20.68],[39.51,20.52],[39.82,20.21],[40.08,20.19],[40.22,20.01],[40.38,19.99],[40.49,19.88],[40.51,19.72],[40.79,19.48],[40.81,19.32],[41.09,19.08],[41.1,18.64],[41.29,18.58],[41.31,18.42],[41.4,18.36],[41.41,18.12],[41.82,17.71],[41.98,17.69],[42.29,17.38],[42.3,17.04],[42.39,16.98],[42.41,16.82],[42.59,16.68],[42.58,16.41],[42.52,16.41],[42.48,16.49],[42.32,16.51],[42.29,16.68],[41.88,17.09],[41.72,17.09],[41.61,16.98],[41.6,16.74],[41.78,16.69],[41.81,16.52],[41.98,16.49],[42.32,16.11],[42.48,16.11],[42.54,16.3],[42.68,16.29],[42.79,16.18],[42.78,15.91],[42.42,15.89],[42.2,15.64],[42.39,15.48],[42.41,15.32],[42.79,14.98],[42.81,14.82],[42.89,14.78],[42.9,14.44],[42.99,14.38],[43.01,14.12],[43.09,14.08],[43.11,13.92],[43.2,13.86],[43.2,13.14],[43.29,13.08],[43.31,12.92],[43.39,12.88],[43.44,12.6],[44.46,12.6],[44.54,12.7],[44.96,12.7],[45.22,12.99],[45.38,13.01],[45.62,13.29],[45.86,13.3],[45.94,13.4],[46.86,13.4],[46.92,13.49],[47.16,13.5],[47.22,13.59],[47.48,13.61],[47.72,13.89],[47.88,13.91],[47.94,14.0],[48.08,13.99],[48.14,13.9],[48.46,13.9],[48.52,13.99],[48.78,14.01],[48.99,14.22],[49.01,14.38],[49.12,14.49],[49.28,14.51],[49.32,14.59],[49.48,14.61],[49.52,14.69],[49.76,14.7],[49.84,14.8],[50.26,14.8],[50.32,14.89],[50.48,14.91],[50.52,14.99],[50.86,15.0],[50.94,15.1],[51.26,15.1],[51.32,15.19],[51.48,15.21],[51.52,15.29],[51.68,15.31],[51.72,15.39],[51.88,15.41],[51.92,15.49],[52.18,15.51],[52.21,16.08],[52.52,16.39],[52.68,16.41],[52.72,16.49],[52.96,16.5],[53.02,16.59],[53.28,16.61],[53.34,16.7],[53.68,16.71],[53.72,16.79],[53.88,16.81],[53.92,16.89],[54.08,16.91],[54.14,17.0],[54.56,17.0],[54.64,16.9],[54.96,16.9],[55.02,16.99],[55.18,17.01],[55.3,17.14],[55.31,17.58],[55.52,17.79],[55.96,17.8],[56.04,17.9],[56.48,17.91],[56.59,18.02],[56.6,18.26],[56.69,18.32],[56.71,18.58],[56.92,18.79],[57.16,18.8],[57.24,18.9],[57.76,18.9],[57.89,19.02],[57.89,19.18],[57.8,19.24],[57.8,19.86],[57.89,19.92],[57.9,20.16],[57.99,20.22],[58.01,20.38],[58.26,20.4],[58.32,20.31],[58.56,20.3],[58.62,20.21],[58.76,20.2],[58.99,20.42],[58.99,20.58],[58.81,20.72],[58.81,20.88],[58.89,20.92],[58.91,21.08],[59.12,21.29],[59.28,21.31],[59.49,21.52],[59.51,21.68],[59.59,21.72],[59.71,22.08],[59.89,22.22],[59.9,22.46],[59.78,22.59],[59.52,22.61],[59.31,22.82],[59.29,22.98],[58.91,23.32],[58.89,23.48],[58.72,23.51],[58.58,23.69],[58.32,23.71],[58.28,23.79],[58.12,23.81],[58.06,23.9],[57.92,23.89],[57.86,23.8],[57.64,23.8],[57.58,23.89],[57.32,23.91],[57.28,23.99],[57.12,24.01],[56.81,24.32],[56.79,24.48],[56.51,24.72],[56.49,24.88],[56.4,24.94],[56.4,25.76],[56.5,25.84],[56.51,26.18],[56.6,26.24],[56.51,26.32],[56.46,26.5],[56.01,26.08],[55.99,25.92],[55.88,25.81],[55.72,25.79],[54.98,25.01],[54.82,24.99],[54.48,24.61],[54.32,24.59],[54.08,24.31],[53.54,24.3],[53.46,24.4],[53.14,24.4],[53.06,24.3],[52.74,24.3],[52.64,24.4],[52.28,24.01],[52.02,24.01],[51.99,24.18],[51.68,24.49],[51.5,24.54],[51.51,24.78],[51.7,24.94],[51.7,25.26],[51.6,25.34],[51.59,25.98],[51.48,26.09],[51.32,26.11],[51.28,26.19],[51.12,26.19],[50.71,25.78],[50.69,25.42],[50.52,25.41],[50.31,25.62],[50.2,25.96],[50.36,26.0],[50.52,25.81],[50.68,25.81],[50.69,26.18],[50.58,26.29],[50.31,26.32],[50.3,26.56],[50.21,26.62],[50.19,26.78],[50.08,26.89],[49.92,26.91],[49.71,27.12],[49.69,27.28],[49.58,27.39],[49.42,27.41],[49.28,27.59],[49.04,27.6],[48.91,27.72],[48.89,27.88],[48.81,27.92],[48.69,28.28],[48.61,28.32],[48.59,28.48],[48.41,28.62],[48.39,28.78],[48.31,28.82],[48.29,28.98],[48.21,29.02],[48.2,29.26],[48.11,29.38],[48.28,29.41],[48.39,29.52],[48.4,29.76],[48.52,29.89],[48.68,29.91],[48.74,30.0],[49.16,30.0],[49.24,30.1],[49.46,30.1],[49.52,30.01],[49.66,30.0],[49.8,30.14],[49.7,30.24],[49.69,30.48],[49.6,30.54],[49.59,30.78],[49.42,30.81],[49.11,31.12],[49.09,31.38],[48.78,31.69],[48.62,31.71],[48.56,31.8],[48.04,31.8],[47.98,31.89],[47.82,31.91],[47.78,31.99],[47.44,32.0],[47.38,32.09],[47.22,32.11],[47.11,32.22],[47.09,32.38],[47.01,32.42],[46.99,32.58],[46.68,32.89],[46.52,32.91],[46.38,33.09],[46.22,33.11],[46.08,33.29],[45.92,33.31],[45.88,33.39],[45.52,33.41],[45.11,33.82],[45.09,34.18],[44.88,34.39],[44.72,34.41],[44.28,34.89],[43.84,34.9],[43.78,34.99],[43.62,35.01],[43.58,35.09],[43.34,35.1],[43.28,35.19],[43.12,35.21],[43.06,35.3],[42.44,35.3],[42.28,35.49],[41.94,35.5],[41.86,35.6],[41.72,35.59],[41.64,35.5],[41.58,35.59],[41.42,35.61],[41.28,35.79],[41.04,35.8],[40.96,35.9],[40.74,35.9],[40.68,35.81],[40.54,35.8],[40.46,35.9],[39.84,35.9],[39.76,36.0],[38.76,36.0]]]}},{"type":"Feature","properties":{"why":"arid_climate","tier":1,"km2":3528295,"id":"arid-s26e130"},"geometry":{"type":"Polygon","coordinates":[[[121.16,-19.4],[121.1,-19.44],[121.1,-19.66],[121.3,-19.84],[121.16,-20.0],[120.54,-20.0],[120.48,-19.91],[120.32,-19.89],[120.26,-19.8],[120.16,-19.9],[119.74,-19.9],[119.66,-20.0],[119.52,-19.99],[119.46,-19.9],[119.04,-19.9],[118.78,-20.19],[118.62,-20.21],[118.56,-20.3],[118.12,-20.31],[118.08,-20.39],[117.92,-20.41],[117.88,-20.49],[117.72,-20.51],[117.68,-20.59],[117.52,-20.61],[117.46,-20.7],[117.32,-20.69],[117.18,-20.51],[117.02,-20.49],[116.96,-20.4],[116.52,-20.41],[116.41,-20.52],[116.39,-20.68],[116.28,-20.79],[116.12,-20.81],[115.78,-21.19],[115.42,-21.31],[115.28,-21.49],[115.04,-21.5],[114.98,-21.59],[114.72,-21.61],[114.58,-21.79],[114.42,-21.81],[114.41,-21.88],[114.5,-21.96],[114.41,-22.02],[114.38,-22.29],[114.21,-22.28],[114.19,-21.82],[114.02,-21.81],[113.81,-22.02],[113.79,-22.28],[113.71,-22.32],[113.69,-22.48],[113.6,-22.54],[113.61,-22.78],[113.79,-22.92],[113.8,-23.06],[113.7,-23.14],[113.69,-23.48],[113.51,-23.62],[113.49,-23.78],[113.4,-23.84],[113.4,-24.56],[113.49,-24.62],[113.51,-24.78],[113.59,-24.82],[113.61,-25.08],[113.79,-25.22],[113.81,-25.38],[113.89,-25.42],[113.91,-25.58],[113.99,-25.62],[114.01,-25.78],[114.09,-25.82],[114.11,-26.48],[114.49,-26.82],[114.61,-27.18],[114.82,-27.39],[114.98,-27.41],[115.09,-27.52],[115.11,-27.98],[115.22,-28.09],[115.46,-28.1],[115.52,-28.19],[115.78,-28.21],[115.84,-28.3],[116.18,-28.31],[116.52,-28.69],[116.68,-28.71],[116.74,-28.8],[116.98,-28.81],[117.29,-29.12],[117.31,-29.28],[117.48,-29.31],[117.59,-29.42],[117.62,-29.59],[117.78,-29.61],[117.82,-29.69],[117.98,-29.71],[118.02,-29.79],[118.18,-29.81],[118.32,-29.99],[118.48,-30.01],[118.52,-30.09],[118.78,-30.11],[118.89,-30.22],[118.8,-30.36],[118.92,-30.49],[119.08,-30.49],[119.14,-30.4],[119.28,-30.41],[119.34,-30.5],[119.48,-30.49],[119.59,-30.38],[119.6,-30.24],[119.41,-30.08],[119.44,-30.0],[119.59,-30.02],[119.62,-30.19],[120.06,-30.2],[120.14,-30.3],[120.36,-30.3],[120.44,-30.2],[120.76,-30.2],[120.82,-30.29],[120.98,-30.31],[121.02,-30.39],[121.18,-30.41],[121.22,-30.49],[121.38,-30.51],[121.42,-30.59],[121.76,-30.6],[121.89,-30.72],[121.91,-30.88],[122.0,-30.94],[121.9,-31.04],[121.94,-31.4],[122.04,-31.3],[122.48,-31.29],[122.6,-31.16],[122.51,-31.02],[122.68,-30.99],[122.71,-30.82],[122.82,-30.71],[123.16,-30.7],[123.3,-30.84],[123.3,-31.06],[123.21,-31.12],[123.21,-31.28],[123.32,-31.39],[123.48,-31.41],[123.82,-31.79],[123.98,-31.81],[124.12,-31.99],[124.38,-32.01],[124.42,-32.09],[124.58,-32.11],[124.64,-32.2],[125.26,-32.2],[125.32,-32.11],[125.66,-32.1],[125.72,-32.01],[125.96,-32.0],[126.04,-31.9],[126.66,-31.9],[126.74,-31.8],[127.36,-31.8],[127.42,-31.71],[127.68,-31.69],[127.72,-31.61],[127.88,-31.59],[127.94,-31.5],[128.38,-31.49],[128.54,-31.3],[129.26,-31.3],[129.32,-31.39],[129.48,-31.41],[129.64,-31.6],[130.36,-31.6],[130.42,-31.51],[130.58,-31.49],[130.62,-31.41],[131.06,-31.4],[131.14,-31.3],[131.48,-31.29],[131.54,-31.2],[131.68,-31.21],[131.74,-31.3],[132.16,-31.3],[132.24,-31.4],[132.56,-31.4],[132.62,-31.31],[132.86,-31.3],[132.92,-31.39],[133.18,-31.41],[133.32,-31.59],[133.56,-31.6],[133.64,-31.7],[134.16,-31.7],[134.24,-31.8],[134.56,-31.8],[134.62,-31.89],[134.86,-31.9],[134.94,-32.0],[135.18,-32.01],[135.32,-32.19],[135.58,-32.21],[135.62,-32.29],[135.78,-32.31],[135.94,-32.5],[136.08,-32.49],[136.14,-32.4],[136.46,-32.4],[136.54,-32.5],[136.88,-32.51],[137.09,-32.72],[137.14,-32.9],[137.48,-32.89],[137.59,-32.78],[137.61,-32.62],[137.79,-32.48],[137.91,-32.12],[138.18,-32.09],[138.29,-31.98],[138.31,-31.62],[138.5,-31.46],[138.51,-30.92],[138.76,-30.7],[138.9,-30.84],[138.9,-31.56],[139.0,-31.64],[139.0,-31.96],[138.9,-32.04],[138.9,-32.36],[139.02,-32.49],[139.38,-32.61],[139.41,-32.78],[139.69,-33.02],[139.69,-33.08],[139.4,-33.34],[139.49,-33.42],[139.51,-33.58],[139.59,-33.62],[139.61,-33.78],[139.78,-33.79],[140.09,-33.48],[140.12,-33.31],[140.28,-33.29],[140.32,-33.21],[140.48,-33.19],[140.54,-33.1],[140.76,-33.1],[141.02,-33.39],[141.29,-33.42],[141.29,-33.58],[141.2,-33.64],[141.2,-33.86],[141.3,-33.96],[141.2,-34.06],[141.34,-34.2],[141.48,-34.19],[141.59,-34.08],[141.6,-33.74],[141.72,-33.61],[141.88,-33.59],[142.12,-33.31],[142.29,-33.28],[142.31,-33.12],[142.39,-33.08],[142.41,-32.92],[142.52,-32.81],[142.96,-32.8],[143.12,-32.99],[143.28,-32.99],[143.4,-32.86],[143.41,-32.52],[143.92,-32.01],[144.08,-31.99],[144.24,-31.8],[144.58,-31.79],[144.79,-31.58],[144.8,-31.34],[144.71,-31.28],[144.7,-31.14],[144.99,-30.88],[145.0,-30.74],[144.81,-30.58],[144.79,-30.42],[144.41,-30.08],[144.39,-29.92],[144.31,-29.88],[144.29,-29.72],[144.2,-29.66],[144.2,-29.44],[144.48,-29.39],[144.54,-29.3],[144.78,-29.29],[144.99,-29.08],[145.01,-28.92],[145.1,-28.84],[144.88,-28.61],[144.42,-28.59],[144.36,-28.4],[144.22,-28.41],[144.16,-28.5],[144.01,-28.48],[144.0,-28.24],[143.9,-28.16],[143.91,-27.92],[144.02,-27.81],[144.18,-27.79],[144.22,-27.71],[144.38,-27.69],[144.4,-27.64],[144.31,-27.58],[144.28,-27.41],[144.12,-27.39],[143.7,-26.96],[143.7,-26.54],[143.92,-26.31],[143.98,-26.31],[144.02,-26.39],[144.18,-26.41],[144.24,-26.5],[144.38,-26.49],[144.5,-26.36],[144.49,-26.02],[144.21,-25.78],[144.19,-25.62],[144.11,-25.58],[144.1,-25.24],[144.0,-25.16],[144.1,-24.84],[144.01,-24.78],[143.99,-24.62],[143.9,-24.56],[143.91,-24.32],[144.09,-24.18],[144.11,-24.02],[144.29,-23.88],[144.3,-23.74],[144.21,-23.68],[144.19,-23.42],[143.91,-23.18],[143.88,-23.01],[143.72,-22.99],[143.68,-22.91],[143.62,-22.91],[143.56,-23.2],[143.46,-23.1],[143.11,-23.08],[143.09,-22.92],[143.01,-22.88],[142.99,-22.72],[142.9,-22.66],[142.89,-22.32],[142.78,-22.21],[142.62,-22.19],[142.58,-22.11],[142.52,-22.11],[142.24,-22.4],[141.98,-22.11],[141.74,-22.1],[141.68,-22.01],[141.52,-21.99],[141.5,-21.74],[141.6,-21.66],[141.58,-21.31],[141.22,-21.31],[140.86,-21.7],[140.72,-21.69],[140.66,-21.6],[140.34,-21.6],[140.26,-21.5],[139.74,-21.5],[139.64,-21.6],[139.08,-21.01],[138.92,-20.99],[138.68,-20.71],[138.42,-20.69],[138.18,-20.41],[137.92,-20.39],[137.48,-19.91],[137.14,-19.9],[137.06,-19.8],[136.74,-19.8],[136.68,-19.71],[136.42,-19.69],[136.26,-19.5],[136.12,-19.51],[135.84,-19.8],[135.71,-19.68],[135.8,-19.54],[135.68,-19.41],[135.34,-19.4],[135.21,-19.52],[135.19,-19.68],[135.1,-19.74],[135.09,-20.28],[134.8,-20.54],[135.1,-20.84],[135.09,-20.98],[134.98,-21.09],[134.92,-21.09],[134.61,-20.78],[134.59,-20.42],[134.22,-20.29],[134.18,-20.21],[134.06,-20.3],[133.42,-20.31],[133.36,-20.5],[132.94,-20.5],[132.86,-20.4],[132.52,-20.39],[132.36,-20.2],[131.62,-20.19],[131.6,-19.84],[131.54,-19.8],[131.11,-20.22],[131.08,-20.39],[130.92,-20.41],[130.68,-20.69],[130.52,-20.71],[130.21,-21.02],[130.08,-21.39],[129.71,-21.42],[129.58,-21.79],[129.24,-21.8],[129.18,-21.71],[129.02,-21.71],[128.99,-21.98],[128.76,-22.2],[128.61,-22.18],[128.7,-22.04],[128.61,-21.98],[128.59,-21.82],[128.54,-21.8],[128.28,-22.09],[128.14,-22.0],[128.08,-22.19],[127.94,-22.1],[127.84,-22.2],[127.8,-21.74],[127.9,-21.66],[127.9,-21.24],[127.81,-21.18],[127.78,-21.01],[127.61,-20.98],[127.6,-20.84],[127.68,-20.81],[127.76,-20.9],[127.82,-20.81],[127.98,-20.79],[128.09,-20.68],[128.1,-20.44],[128.0,-20.36],[127.99,-20.02],[127.82,-19.99],[127.78,-19.91],[127.62,-19.91],[127.28,-20.29],[127.12,-20.31],[127.01,-20.42],[127.01,-20.58],[127.39,-20.82],[127.39,-21.08],[127.24,-21.1],[126.71,-20.58],[126.7,-20.34],[126.8,-20.24],[126.71,-20.18],[126.69,-20.02],[126.28,-19.61],[126.04,-19.6],[125.96,-19.5],[125.14,-19.5],[125.08,-19.59],[124.92,-19.61],[124.8,-19.74],[124.79,-20.18],[124.66,-20.3],[124.32,-20.31],[124.06,-20.6],[123.62,-20.59],[123.56,-20.4],[123.04,-20.4],[122.86,-20.6],[122.64,-20.6],[122.56,-20.5],[122.42,-20.51],[122.36,-20.6],[122.04,-20.6],[121.9,-20.46],[121.89,-20.02],[121.52,-19.89],[121.41,-19.78],[121.39,-19.62],[121.16,-19.4]],[[117.74,-21.5],[117.84,-21.6],[118.28,-21.61],[118.32,-21.69],[118.48,-21.71],[118.79,-22.02],[118.8,-22.36],[118.89,-22.42],[118.9,-22.76],[118.99,-22.82],[118.98,-22.89],[118.74,-22.9],[118.68,-22.99],[118.54,-23.0],[118.49,-22.82],[118.38,-22.71],[118.32,-22.71],[118.28,-22.79],[118.12,-22.79],[118.08,-22.71],[117.72,-22.59],[117.69,-22.42],[117.52,-22.39],[117.48,-22.31],[117.24,-22.3],[117.16,-22.2],[117.02,-22.21],[116.96,-22.3],[116.54,-22.3],[116.41,-22.18],[116.41,-22.02],[116.52,-21.91],[116.68,-21.99],[116.72,-21.91],[116.88,-21.89],[117.04,-21.7],[117.14,-21.8],[117.28,-21.79],[117.36,-21.7],[117.46,-21.8],[117.74,-21.5]],[[130.74,-25.4],[130.88,-25.41],[130.99,-25.52],[131.0,-26.06],[131.19,-26.12],[131.18,-26.39],[131.02,-26.41],[130.98,-26.49],[130.62,-26.61],[130.48,-26.79],[130.32,-26.81],[130.18,-26.99],[130.02,-27.01],[129.96,-27.1],[129.64,-27.1],[129.56,-27.0],[129.24,-27.0],[129.18,-26.91],[129.02,-26.89],[128.91,-26.78],[128.91,-26.62],[129.2,-26.36],[129.19,-26.22],[129.11,-26.18],[129.11,-26.12],[129.62,-25.61],[130.66,-25.6],[130.74,-25.4]]]}},{"type":"Feature","properties":{"why":"semi_arid_climate","tier":1,"km2":2469361,"id":"semi-n37w107"},"geometry":{"type":"Polygon","coordinates":[[[-109.94,51.8],[-110.04,51.7],[-110.48,51.69],[-110.54,51.5],[-110.76,51.5],[-110.82,51.59],[-111.06,51.6],[-111.12,51.51],[-111.28,51.49],[-111.34,51.4],[-111.44,51.5],[-111.54,51.4],[-111.86,51.4],[-112.02,51.21],[-112.28,51.19],[-112.42,51.01],[-112.58,50.99],[-112.69,50.88],[-112.7,50.74],[-112.61,50.68],[-112.6,50.54],[-112.79,50.38],[-112.8,49.94],[-112.99,49.78],[-113.0,49.64],[-112.88,49.51],[-112.62,49.49],[-112.51,49.38],[-112.5,49.24],[-112.68,49.19],[-112.89,48.98],[-113.0,48.64],[-112.81,48.48],[-112.79,48.32],[-112.71,48.28],[-112.69,48.12],[-112.61,48.08],[-112.59,47.52],[-112.38,47.31],[-112.22,47.29],[-112.19,47.12],[-112.01,46.98],[-112.09,46.62],[-111.98,46.51],[-111.82,46.49],[-111.7,46.34],[-111.84,46.2],[-111.94,46.3],[-112.18,46.29],[-112.21,46.12],[-112.34,46.0],[-112.48,46.01],[-112.52,46.09],[-112.58,46.09],[-112.79,45.88],[-112.81,45.52],[-113.19,45.18],[-113.2,44.84],[-112.92,44.79],[-112.88,44.61],[-112.62,44.61],[-112.51,44.72],[-112.49,44.98],[-112.21,45.22],[-112.19,45.38],[-112.11,45.42],[-112.2,45.54],[-112.18,45.69],[-111.94,45.7],[-111.86,45.6],[-111.54,45.6],[-111.41,45.72],[-111.39,45.88],[-111.3,45.94],[-111.31,46.48],[-111.42,46.59],[-111.58,46.61],[-111.9,46.96],[-111.76,47.1],[-111.42,47.11],[-111.18,47.39],[-111.02,47.41],[-110.76,47.7],[-110.42,47.69],[-110.31,47.58],[-110.29,47.32],[-110.01,47.08],[-109.99,46.92],[-109.81,46.78],[-109.92,46.61],[-110.3,46.56],[-110.29,46.42],[-110.12,46.39],[-109.9,46.16],[-110.09,45.98],[-110.08,45.81],[-109.92,45.79],[-109.86,45.7],[-108.84,45.7],[-108.68,45.89],[-108.24,45.9],[-108.2,45.64],[-108.14,45.6],[-108.06,45.7],[-107.72,45.71],[-107.54,45.9],[-107.48,45.81],[-107.04,45.8],[-106.98,45.71],[-106.82,45.69],[-106.78,45.61],[-106.62,45.59],[-106.58,45.31],[-106.44,45.3],[-106.32,45.39],[-106.11,45.18],[-106.11,45.02],[-106.22,44.91],[-106.38,44.89],[-106.49,44.78],[-106.51,44.62],[-106.79,44.38],[-106.8,43.94],[-106.89,43.88],[-106.91,43.62],[-106.99,43.58],[-107.01,43.42],[-107.24,43.2],[-107.38,43.21],[-107.54,43.4],[-107.86,43.4],[-107.99,43.28],[-108.02,43.11],[-108.19,43.12],[-108.19,43.38],[-108.02,43.41],[-107.98,43.59],[-107.62,43.61],[-107.41,43.82],[-107.4,44.06],[-107.59,44.22],[-107.61,44.38],[-108.32,45.09],[-108.39,45.08],[-108.4,44.94],[-108.31,44.88],[-108.29,44.62],[-108.18,44.51],[-108.01,44.48],[-107.99,44.32],[-107.9,44.26],[-107.94,44.0],[-108.18,44.01],[-108.89,44.72],[-108.89,44.78],[-108.61,45.02],[-108.62,45.19],[-108.78,45.21],[-108.84,45.3],[-109.08,45.29],[-109.11,45.02],[-109.29,44.88],[-109.3,44.34],[-109.21,44.28],[-109.19,44.12],[-108.91,43.88],[-108.9,43.64],[-109.08,43.59],[-109.14,43.5],[-109.24,43.6],[-109.56,43.6],[-109.59,43.52],[-109.08,43.01],[-108.82,42.99],[-108.48,42.61],[-108.22,42.59],[-108.21,42.32],[-108.34,42.2],[-108.68,42.19],[-108.72,42.11],[-108.89,42.08],[-108.92,41.91],[-109.06,41.9],[-109.11,42.18],[-109.42,42.49],[-109.66,42.5],[-109.74,42.6],[-110.08,42.59],[-110.19,42.48],[-110.21,42.32],[-110.39,42.18],[-110.41,41.92],[-110.49,41.88],[-110.51,41.72],[-110.69,41.58],[-110.7,41.44],[-110.58,41.31],[-110.42,41.29],[-110.38,41.21],[-110.04,41.2],[-109.98,41.11],[-109.82,41.09],[-109.76,40.9],[-109.51,40.92],[-109.48,41.19],[-109.32,41.21],[-109.26,41.3],[-109.02,41.29],[-108.8,41.06],[-108.81,40.92],[-108.9,40.86],[-108.89,40.62],[-108.62,40.59],[-108.51,40.42],[-108.86,40.3],[-109.02,40.49],[-109.18,40.51],[-109.22,40.59],[-109.66,40.6],[-109.74,40.5],[-110.16,40.5],[-110.22,40.41],[-110.38,40.39],[-110.49,40.28],[-110.5,40.14],[-110.21,39.88],[-110.19,39.72],[-110.1,39.66],[-110.11,39.52],[-110.26,39.4],[-110.52,39.69],[-110.88,39.69],[-110.99,39.58],[-111.01,39.42],[-111.09,39.38],[-111.11,39.22],[-111.19,39.18],[-111.21,39.02],[-111.39,38.88],[-111.41,38.52],[-111.58,38.41],[-111.72,38.59],[-111.9,38.64],[-111.71,38.82],[-111.7,39.26],[-111.61,39.32],[-111.62,39.39],[-111.78,39.39],[-111.99,39.18],[-112.01,39.02],[-112.09,38.98],[-112.11,38.82],[-112.22,38.71],[-112.39,38.72],[-112.39,38.78],[-112.31,38.82],[-112.29,38.98],[-112.2,39.04],[-112.19,39.38],[-112.12,39.39],[-112.06,39.3],[-111.92,39.31],[-111.89,39.48],[-111.81,39.52],[-111.8,40.26],[-112.26,40.3],[-112.34,40.4],[-112.42,40.31],[-112.56,40.3],[-112.69,40.42],[-112.58,40.59],[-112.44,40.5],[-112.31,40.62],[-112.4,40.74],[-112.4,41.36],[-112.31,41.42],[-112.3,41.56],[-112.49,41.62],[-112.51,41.78],[-112.59,41.82],[-112.61,41.98],[-112.72,42.09],[-113.1,42.14],[-113.09,42.38],[-112.98,42.49],[-112.82,42.51],[-112.48,42.89],[-112.32,42.91],[-112.29,43.08],[-112.12,43.11],[-112.09,43.28],[-111.91,43.42],[-111.91,43.88],[-111.99,43.92],[-112.01,44.08],[-112.22,44.29],[-112.48,44.29],[-112.52,44.21],[-112.68,44.19],[-112.72,44.11],[-112.88,44.09],[-112.94,44.0],[-113.08,44.01],[-113.22,44.19],[-113.38,44.19],[-113.29,43.92],[-113.2,43.84],[-113.49,43.78],[-113.5,43.44],[-113.62,43.31],[-113.74,43.4],[-114.36,43.4],[-114.42,43.31],[-114.58,43.29],[-114.74,43.1],[-115.36,43.1],[-115.42,43.19],[-115.68,43.21],[-115.82,43.39],[-115.98,43.41],[-116.82,44.29],[-116.98,44.31],[-117.02,44.39],[-117.18,44.41],[-117.24,44.5],[-117.56,44.5],[-117.62,44.41],[-117.88,44.39],[-118.12,44.01],[-118.38,43.99],[-118.42,43.91],[-118.58,43.89],[-118.72,43.71],[-119.16,43.7],[-119.24,43.6],[-119.38,43.61],[-119.44,43.7],[-119.78,43.71],[-119.9,43.84],[-119.94,44.2],[-120.28,44.09],[-120.31,43.92],[-120.46,43.9],[-120.51,44.08],[-120.68,44.11],[-120.71,44.28],[-120.88,44.31],[-120.91,44.48],[-120.99,44.52],[-120.99,44.58],[-120.8,44.74],[-120.94,44.9],[-121.16,44.9],[-121.29,44.78],[-121.3,44.34],[-121.4,44.26],[-121.18,43.91],[-120.92,43.89],[-120.8,43.76],[-120.81,43.52],[-120.98,43.49],[-121.09,43.38],[-121.09,43.22],[-120.81,42.98],[-120.79,42.82],[-120.58,42.61],[-120.42,42.59],[-120.36,42.5],[-120.02,42.49],[-119.99,42.12],[-119.7,41.86],[-119.72,41.71],[-120.19,41.68],[-120.18,41.41],[-119.84,41.4],[-119.8,41.34],[-119.99,41.18],[-120.01,41.02],[-120.12,40.91],[-120.36,40.9],[-120.39,40.82],[-120.21,40.68],[-120.19,40.52],[-120.08,40.41],[-119.94,40.4],[-119.88,40.59],[-119.52,40.71],[-119.31,40.92],[-119.29,41.08],[-119.08,41.29],[-118.91,41.32],[-118.88,41.49],[-118.72,41.49],[-118.61,41.38],[-118.59,41.22],[-118.46,41.1],[-118.41,41.12],[-118.38,41.29],[-118.22,41.29],[-118.11,41.18],[-118.1,40.84],[-118.0,40.74],[-118.29,40.48],[-118.3,40.34],[-118.14,40.3],[-118.08,40.39],[-117.92,40.39],[-117.89,40.12],[-117.61,40.08],[-117.61,39.92],[-117.99,39.58],[-118.0,39.44],[-117.81,39.28],[-117.79,38.92],[-117.48,38.61],[-117.31,38.62],[-117.29,38.98],[-117.21,39.02],[-117.19,39.18],[-117.06,39.3],[-116.91,39.18],[-116.9,39.04],[-116.99,38.98],[-117.02,38.81],[-117.19,38.78],[-117.2,38.64],[-117.02,38.59],[-116.96,38.4],[-116.44,38.4],[-116.26,38.6],[-116.04,38.6],[-115.94,38.5],[-115.68,38.79],[-115.52,38.79],[-115.5,38.54],[-115.59,38.48],[-115.61,38.32],[-115.9,38.04],[-115.61,37.78],[-115.59,37.62],[-115.48,37.51],[-115.31,37.62],[-115.28,37.79],[-115.14,37.8],[-115.0,37.66],[-115.09,37.52],[-114.88,37.31],[-114.72,37.29],[-114.68,37.21],[-114.54,37.3],[-114.46,37.2],[-113.94,37.2],[-113.86,37.1],[-113.72,37.11],[-113.66,37.2],[-113.44,37.2],[-113.31,37.08],[-113.44,36.9],[-113.66,36.9],[-113.78,36.99],[-113.81,36.82],[-113.9,36.76],[-113.8,36.66],[-113.8,36.24],[-113.89,36.18],[-113.91,36.02],[-113.99,35.98],[-114.0,35.74],[-113.81,35.58],[-113.8,35.34],[-113.99,35.18],[-113.99,34.92],[-113.86,34.8],[-113.72,34.81],[-113.68,34.89],[-113.62,34.89],[-113.41,34.68],[-113.39,34.52],[-113.11,34.28],[-113.08,34.11],[-112.92,34.09],[-112.88,34.01],[-112.72,33.99],[-112.66,33.9],[-112.04,33.9],[-111.88,33.71],[-111.52,33.59],[-111.49,33.42],[-111.21,33.18],[-111.2,32.54],[-111.0,32.36],[-111.04,32.2],[-111.78,32.19],[-111.89,32.08],[-111.91,31.82],[-112.29,31.48],[-112.29,31.32],[-112.11,31.18],[-112.09,30.92],[-111.88,30.71],[-111.72,30.69],[-111.6,30.56],[-111.61,30.42],[-111.79,30.28],[-111.8,30.04],[-111.89,29.92],[-111.76,29.8],[-111.62,29.81],[-111.56,29.9],[-111.42,29.89],[-111.11,29.58],[-111.08,29.41],[-110.84,29.4],[-110.71,29.28],[-110.7,29.04],[-110.6,28.96],[-110.6,28.54],[-110.5,28.46],[-110.51,28.32],[-110.6,28.26],[-110.59,28.12],[-110.38,27.91],[-110.12,27.89],[-110.08,27.81],[-109.92,27.79],[-109.81,27.68],[-109.69,27.32],[-109.51,27.18],[-109.49,27.02],[-109.41,26.98],[-109.39,26.52],[-109.11,26.28],[-108.99,25.92],[-108.61,25.58],[-108.59,25.22],[-108.11,24.78],[-108.09,24.62],[-107.98,24.51],[-107.82,24.49],[-107.68,24.31],[-107.52,24.29],[-107.38,24.11],[-107.22,24.09],[-106.91,23.78],[-106.89,23.62],[-106.58,23.31],[-106.42,23.31],[-106.4,23.46],[-106.59,23.62],[-106.61,23.88],[-106.69,23.92],[-106.71,24.08],[-106.89,24.22],[-106.91,24.38],[-106.99,24.42],[-107.01,24.78],[-107.42,25.19],[-107.58,25.21],[-107.69,25.32],[-107.71,25.58],[-107.89,25.72],[-107.91,25.88],[-108.19,26.12],[-108.21,26.28],[-108.3,26.34],[-108.31,26.78],[-108.42,26.89],[-108.58,26.91],[-108.79,27.12],[-108.81,27.48],[-108.92,27.59],[-109.08,27.61],[-109.2,27.74],[-109.2,28.26],[-109.39,28.42],[-109.39,28.68],[-109.22,28.71],[-108.98,29.09],[-108.86,29.0],[-108.7,29.04],[-108.8,29.14],[-108.81,29.38],[-109.1,29.64],[-109.1,30.06],[-109.2,30.14],[-109.2,30.56],[-109.02,30.59],[-108.99,30.32],[-108.84,30.3],[-108.78,30.59],[-108.52,30.59],[-108.11,30.18],[-108.1,29.84],[-108.01,29.78],[-107.99,29.62],[-107.9,29.56],[-107.9,29.04],[-108.0,28.96],[-107.99,28.62],[-107.62,28.59],[-107.51,28.48],[-107.49,28.32],[-107.38,28.21],[-107.21,28.18],[-107.19,27.72],[-106.91,27.48],[-106.89,27.32],[-106.76,27.2],[-106.68,27.29],[-106.52,27.29],[-106.49,26.92],[-106.28,26.71],[-105.91,26.68],[-105.89,26.52],[-105.8,26.46],[-105.8,26.24],[-105.9,26.16],[-105.9,25.74],[-105.8,25.66],[-105.79,25.22],[-105.62,25.19],[-105.51,25.08],[-105.38,24.71],[-105.24,24.7],[-105.18,24.79],[-105.04,24.8],[-104.91,24.68],[-104.89,24.52],[-104.8,24.46],[-104.79,23.92],[-104.5,23.66],[-104.5,23.34],[-104.59,23.22],[-104.42,23.21],[-104.39,23.38],[-104.28,23.49],[-104.01,23.48],[-104.01,23.32],[-104.2,23.16],[-104.19,22.32],[-104.04,22.3],[-103.94,22.4],[-103.88,22.31],[-103.72,22.31],[-103.68,22.39],[-103.51,22.42],[-103.49,22.58],[-103.38,22.69],[-103.22,22.69],[-103.21,22.62],[-103.3,22.56],[-103.31,22.32],[-103.4,22.26],[-103.39,22.02],[-103.32,22.01],[-103.18,22.19],[-103.02,22.19],[-102.99,22.02],[-102.9,21.96],[-102.99,21.82],[-102.86,21.7],[-102.72,21.79],[-102.61,21.68],[-102.6,21.44],[-102.48,21.31],[-102.42,21.31],[-102.38,21.39],[-102.24,21.4],[-102.18,21.31],[-102.01,21.28],[-101.98,21.11],[-101.81,21.08],[-101.9,20.94],[-101.81,20.88],[-101.78,20.71],[-101.71,20.72],[-101.68,20.89],[-101.5,20.94],[-101.52,21.09],[-101.69,21.12],[-101.68,21.39],[-101.24,21.4],[-101.01,21.18],[-100.99,21.02],[-100.91,20.98],[-100.89,20.82],[-100.8,20.74],[-100.94,20.6],[-101.06,20.7],[-101.12,20.61],[-101.29,20.58],[-101.29,20.52],[-101.21,20.48],[-101.18,20.31],[-100.82,20.31],[-100.76,20.5],[-100.24,20.5],[-100.16,20.4],[-99.64,20.4],[-99.41,20.18],[-99.39,20.02],[-99.21,19.88],[-99.19,19.72],[-98.98,19.51],[-98.74,19.5],[-98.66,19.6],[-98.22,19.61],[-98.2,20.06],[-98.29,20.12],[-98.31,20.28],[-98.52,20.49],[-98.68,20.51],[-98.82,20.69],[-99.26,20.7],[-99.32,20.79],[-99.48,20.81],[-99.61,21.18],[-99.79,21.22],[-99.79,21.38],[-99.7,21.44],[-99.7,21.76],[-99.6,21.84],[-99.6,22.46],[-99.7,22.54],[-99.7,22.76],[-99.6,22.84],[-99.6,23.26],[-99.69,23.32],[-99.71,23.58],[-99.9,23.74],[-99.9,24.26],[-100.0,24.34],[-100.01,24.98],[-100.16,25.0],[-100.22,24.91],[-100.38,24.91],[-100.51,25.28],[-100.7,25.46],[-100.58,25.59],[-100.34,25.6],[-100.26,25.7],[-100.04,25.7],[-99.98,25.61],[-99.82,25.59],[-99.58,25.31],[-99.42,25.29],[-99.31,25.18],[-99.31,25.12],[-99.39,25.08],[-99.41,24.92],[-99.49,24.88],[-99.5,24.64],[-99.31,24.48],[-99.29,24.32],[-99.21,24.28],[-99.2,23.74],[-99.38,23.69],[-99.6,23.44],[-99.42,23.39],[-99.34,23.3],[-99.14,23.5],[-99.08,23.41],[-98.92,23.39],[-98.88,23.31],[-98.72,23.31],[-98.69,23.48],[-98.6,23.54],[-98.58,23.89],[-98.34,23.9],[-98.28,23.81],[-98.11,23.82],[-98.2,23.94],[-98.2,24.56],[-97.91,24.82],[-97.99,24.98],[-97.7,25.24],[-97.7,25.56],[-97.79,25.62],[-97.8,25.96],[-97.9,26.04],[-97.9,26.46],[-97.99,26.52],[-98.01,26.68],[-98.29,26.92],[-98.31,27.08],[-98.4,27.14],[-98.41,27.38],[-98.52,27.49],[-98.69,27.52],[-98.7,27.86],[-98.61,27.92],[-98.6,28.06],[-98.79,28.22],[-98.81,28.38],[-99.02,28.59],[-99.18,28.61],[-99.52,28.99],[-99.68,29.01],[-99.82,29.19],[-100.16,29.2],[-100.22,29.29],[-100.38,29.31],[-100.79,29.72],[-100.81,29.88],[-101.09,30.12],[-101.11,30.28],[-101.2,30.34],[-101.2,30.56],[-101.1,30.64],[-101.1,30.86],[-101.2,30.94],[-101.2,31.16],[-101.1,31.24],[-101.1,32.06],[-100.91,32.12],[-100.9,32.36],[-101.5,32.94],[-101.49,33.08],[-101.21,33.32],[-101.19,33.48],[-100.78,33.89],[-100.62,33.91],[-100.48,34.09],[-100.32,34.11],[-100.11,34.32],[-100.09,34.48],[-100.01,34.52],[-100.01,34.78],[-100.19,34.92],[-100.21,35.08],[-100.3,35.14],[-100.32,35.39],[-100.39,35.38],[-100.42,35.11],[-100.79,35.12],[-100.8,35.66],[-100.66,35.8],[-100.22,35.81],[-100.19,36.08],[-100.01,36.12],[-100.0,36.26],[-100.09,36.32],[-100.1,36.46],[-99.91,36.62],[-99.91,36.68],[-99.99,36.72],[-100.0,36.86],[-99.91,36.92],[-99.9,37.06],[-100.19,37.32],[-100.21,37.58],[-100.39,37.72],[-100.39,37.78],[-100.1,38.06],[-100.19,38.12],[-100.21,38.28],[-100.32,38.39],[-100.49,38.42],[-100.51,38.78],[-100.7,38.94],[-100.71,39.28],[-100.89,39.42],[-100.92,39.59],[-101.16,39.6],[-101.22,39.69],[-101.39,39.72],[-101.39,39.98],[-101.22,40.01],[-101.2,40.16],[-101.5,40.24],[-101.5,40.46],[-101.41,40.52],[-101.4,40.66],[-101.6,40.84],[-101.59,40.98],[-101.5,41.04],[-101.51,41.18],[-101.62,41.29],[-101.78,41.31],[-101.99,41.52],[-102.01,41.68],[-102.1,41.74],[-102.11,41.98],[-102.19,42.02],[-102.21,42.18],[-102.3,42.24],[-102.31,42.68],[-102.46,42.7],[-102.52,42.61],[-102.66,42.6],[-102.8,42.74],[-102.68,42.89],[-102.52,42.91],[-102.21,43.22],[-102.18,43.39],[-102.02,43.41],[-101.96,43.5],[-101.72,43.51],[-101.66,43.6],[-101.32,43.61],[-101.28,43.69],[-101.12,43.71],[-100.98,43.89],[-100.82,43.91],[-100.58,44.19],[-100.42,44.21],[-100.3,44.34],[-100.31,44.68],[-100.39,44.72],[-100.41,44.88],[-100.54,45.0],[-100.96,45.0],[-101.02,44.91],[-101.46,44.9],[-101.54,44.8],[-101.62,44.89],[-101.79,44.92],[-101.8,45.16],[-101.71,45.22],[-101.69,45.48],[-101.58,45.59],[-101.4,45.64],[-101.41,45.78],[-101.5,45.84],[-101.5,46.06],[-101.41,46.18],[-101.78,46.21],[-101.92,46.39],[-102.18,46.41],[-102.34,46.6],[-102.78,46.61],[-102.99,46.82],[-103.01,46.98],[-103.3,47.24],[-103.3,47.56],[-103.21,47.62],[-103.19,47.78],[-103.11,47.82],[-103.09,47.98],[-103.01,48.02],[-103.01,48.18],[-103.48,48.21],[-103.52,48.59],[-103.76,48.6],[-103.88,48.51],[-103.91,48.78],[-104.02,48.89],[-104.38,48.81],[-104.41,48.98],[-104.62,49.19],[-105.08,49.21],[-105.11,49.48],[-105.19,49.52],[-105.21,49.68],[-105.32,49.79],[-105.79,49.78],[-105.79,49.52],[-105.51,49.28],[-105.52,49.21],[-105.88,49.21],[-105.91,49.38],[-105.96,49.4],[-106.01,49.22],[-106.18,49.19],[-106.24,49.1],[-106.38,49.11],[-106.44,49.2],[-106.68,49.21],[-106.79,49.32],[-106.79,49.38],[-106.6,49.54],[-106.6,49.96],[-106.78,50.01],[-106.84,50.1],[-107.1,50.06],[-106.98,49.91],[-106.81,49.88],[-106.84,49.7],[-107.18,49.71],[-107.21,49.88],[-107.34,50.0],[-107.48,49.99],[-107.54,49.9],[-107.79,49.88],[-107.79,49.72],[-107.68,49.61],[-107.42,49.59],[-107.11,49.28],[-107.14,49.2],[-107.56,49.2],[-107.64,49.3],[-107.96,49.3],[-108.04,49.2],[-108.56,49.2],[-108.64,49.3],[-109.06,49.3],[-109.14,49.2],[-109.56,49.2],[-109.62,49.29],[-109.78,49.31],[-109.84,49.4],[-110.58,49.41],[-110.69,49.52],[-110.7,49.76],[-110.52,49.81],[-110.48,49.89],[-109.94,49.9],[-109.88,49.99],[-109.72,50.01],[-109.58,50.19],[-109.24,50.2],[-109.18,50.29],[-109.02,50.31],[-108.88,50.49],[-108.44,50.5],[-108.36,50.6],[-108.0,50.64],[-108.01,51.08],[-108.28,51.11],[-108.31,51.28],[-108.42,51.39],[-108.58,51.41],[-108.62,51.49],[-108.78,51.51],[-108.84,51.6],[-109.16,51.4],[-109.36,51.6],[-109.5,51.46],[-109.4,51.36],[-109.41,51.22],[-109.46,51.2],[-109.59,51.32],[-109.71,51.68],[-109.88,51.71],[-109.94,51.8]],[[-109.36,47.4],[-109.12,47.39],[-109.01,47.28],[-108.99,47.12],[-108.81,46.98],[-108.8,46.84],[-108.98,46.79],[-109.04,46.7],[-109.28,46.69],[-109.34,46.6],[-109.56,46.6],[-109.8,46.86],[-109.71,46.92],[-109.69,47.08],[-109.61,47.12],[-109.59,47.28],[-109.42,47.31],[-109.36,47.4]],[[-106.06,43.6],[-105.91,43.48],[-105.89,43.32],[-105.71,43.18],[-105.7,43.04],[-105.79,42.98],[-105.8,42.84],[-105.61,42.68],[-105.6,42.44],[-105.5,42.36],[-105.5,42.14],[-105.59,42.08],[-105.61,41.82],[-105.8,41.66],[-105.79,41.22],[-105.51,40.98],[-105.49,40.82],[-105.31,40.68],[-105.29,40.32],[-105.11,40.18],[-105.09,40.02],[-105.01,39.98],[-104.99,39.82],[-104.9,39.76],[-104.89,39.42],[-104.78,39.31],[-104.62,39.29],[-104.5,39.16],[-104.62,39.01],[-104.78,38.99],[-104.89,38.88],[-104.91,38.72],[-105.02,38.61],[-105.26,38.6],[-105.32,38.69],[-105.56,38.7],[-105.7,38.56],[-105.69,38.42],[-105.58,38.31],[-105.44,38.4],[-105.38,38.31],[-105.12,38.29],[-105.08,38.21],[-104.92,38.19],[-104.81,38.08],[-104.81,37.92],[-104.9,37.84],[-104.61,37.58],[-104.6,37.34],[-104.69,37.28],[-104.7,37.14],[-104.5,36.96],[-104.62,36.81],[-104.99,36.78],[-105.01,36.12],[-105.09,36.08],[-105.21,35.72],[-105.59,35.38],[-105.64,35.1],[-105.79,35.12],[-105.81,35.38],[-106.0,35.54],[-106.0,35.76],[-105.9,35.84],[-105.9,36.16],[-105.8,36.24],[-105.82,36.39],[-106.06,36.4],[-106.12,36.31],[-106.29,36.28],[-106.29,36.12],[-106.2,36.06],[-106.2,35.84],[-106.32,35.71],[-106.76,35.7],[-107.19,36.12],[-107.2,36.36],[-107.29,36.42],[-107.31,36.68],[-107.52,36.89],[-107.68,36.91],[-107.82,37.09],[-108.46,37.1],[-108.52,37.19],[-108.68,37.21],[-108.71,37.38],[-109.14,37.8],[-109.24,37.7],[-109.76,37.7],[-109.82,37.61],[-109.9,37.64],[-109.89,37.88],[-109.62,37.91],[-109.56,38.0],[-108.84,38.0],[-108.74,37.9],[-108.68,37.99],[-108.51,38.02],[-108.49,38.18],[-108.41,38.22],[-108.41,38.28],[-108.62,38.49],[-108.78,38.51],[-108.82,38.69],[-108.99,38.72],[-109.0,38.96],[-108.88,39.09],[-108.72,39.09],[-108.08,38.41],[-107.81,38.42],[-107.79,38.58],[-107.7,38.64],[-107.71,38.88],[-108.18,38.91],[-108.22,39.29],[-108.58,39.31],[-108.74,39.5],[-109.06,39.5],[-109.12,39.41],[-109.38,39.39],[-109.62,39.11],[-109.76,39.1],[-109.9,39.24],[-109.89,39.58],[-109.34,39.6],[-109.28,39.69],[-109.12,39.71],[-109.08,39.79],[-108.92,39.81],[-108.78,39.99],[-108.62,40.01],[-108.41,40.22],[-108.39,40.48],[-107.88,40.99],[-107.72,41.01],[-107.61,41.12],[-107.6,41.46],[-107.48,41.59],[-106.94,41.6],[-106.81,41.72],[-106.81,42.08],[-106.94,42.2],[-107.04,42.1],[-107.28,42.11],[-107.29,42.28],[-106.82,42.31],[-106.78,42.49],[-106.54,42.5],[-106.41,42.62],[-106.4,42.96],[-106.5,43.04],[-106.49,43.28],[-106.32,43.31],[-106.06,43.6]],[[-110.36,39.1],[-110.14,39.1],[-110.08,39.01],[-109.9,38.96],[-109.91,38.72],[-110.12,38.51],[-110.39,38.48],[-110.4,38.04],[-110.3,37.96],[-110.29,37.52],[-109.98,37.21],[-109.86,37.3],[-109.54,37.3],[-109.41,37.18],[-109.41,37.12],[-109.6,36.96],[-109.6,36.64],[-109.5,36.56],[-109.54,36.4],[-109.68,36.41],[-109.82,36.59],[-109.98,36.61],[-110.12,36.79],[-110.28,36.81],[-110.32,36.89],[-110.48,36.91],[-110.52,36.99],[-110.68,37.01],[-110.74,37.1],[-110.89,36.98],[-110.91,36.82],[-111.04,36.7],[-111.26,36.7],[-111.34,36.8],[-111.56,36.8],[-111.66,36.7],[-111.71,36.88],[-111.8,36.94],[-111.78,37.19],[-111.54,37.2],[-111.48,37.29],[-111.21,37.32],[-111.3,37.44],[-111.28,37.69],[-111.12,37.69],[-111.04,37.6],[-110.99,37.78],[-110.88,37.89],[-110.74,37.8],[-110.61,37.92],[-110.82,38.19],[-111.18,38.21],[-111.2,38.46],[-111.06,38.6],[-110.72,38.61],[-110.51,38.82],[-110.49,38.98],[-110.36,39.1]],[[-112.06,36.0],[-111.81,35.98],[-111.79,35.52],[-111.61,35.48],[-111.31,35.18],[-111.29,35.02],[-111.08,34.81],[-110.92,34.79],[-110.78,34.61],[-110.62,34.59],[-110.58,34.51],[-110.22,34.39],[-110.18,34.31],[-109.94,34.3],[-109.88,34.39],[-109.64,34.4],[-109.48,34.21],[-109.24,34.2],[-109.16,34.3],[-108.24,34.3],[-108.16,34.4],[-107.92,34.39],[-107.91,34.12],[-108.08,34.09],[-108.19,33.98],[-108.2,33.84],[-107.92,33.79],[-107.81,33.68],[-107.8,33.14],[-107.71,33.08],[-107.71,32.92],[-107.98,32.89],[-108.04,32.8],[-108.26,32.8],[-108.39,32.92],[-108.41,33.08],[-108.58,33.11],[-108.72,33.29],[-109.86,33.3],[-109.92,33.39],[-110.08,33.41],[-110.22,33.59],[-110.48,33.61],[-110.62,33.79],[-111.06,33.8],[-111.22,33.99],[-111.58,34.01],[-111.61,34.28],[-111.7,34.34],[-111.71,34.68],[-111.92,34.89],[-112.28,35.01],[-112.4,35.14],[-112.39,35.38],[-112.01,35.72],[-112.1,35.84],[-112.06,36.0]],[[-106.46,33.3],[-106.21,33.28],[-106.2,32.94],[-106.11,32.88],[-106.1,32.64],[-106.29,32.48],[-106.3,32.34],[-106.01,32.28],[-106.0,31.84],[-105.91,31.78],[-105.88,31.61],[-105.71,31.62],[-105.71,31.68],[-105.79,31.72],[-105.8,31.86],[-105.61,32.02],[-105.6,32.26],[-105.48,32.39],[-105.36,32.3],[-105.01,32.28],[-105.0,32.04],[-104.91,31.98],[-104.89,31.72],[-104.71,31.58],[-104.59,31.22],[-104.4,31.06],[-104.41,30.92],[-104.49,30.88],[-104.51,30.72],[-104.6,30.66],[-104.6,30.14],[-104.28,29.81],[-103.94,29.8],[-103.88,29.89],[-103.72,29.91],[-103.66,30.0],[-103.56,29.9],[-103.42,29.91],[-103.36,30.0],[-102.64,30.0],[-102.31,29.68],[-102.31,29.52],[-102.5,29.46],[-102.41,29.32],[-102.58,29.29],[-102.7,29.16],[-102.69,29.02],[-102.6,28.96],[-102.6,28.34],[-102.5,28.24],[-102.59,28.18],[-102.61,28.02],[-102.8,27.86],[-102.79,27.22],[-102.68,27.11],[-102.44,27.1],[-102.38,27.29],[-102.14,27.3],[-102.09,27.12],[-101.92,27.09],[-101.84,27.0],[-101.58,27.29],[-101.32,27.29],[-101.21,27.18],[-101.21,27.02],[-101.38,26.99],[-101.52,26.81],[-101.66,26.9],[-101.79,26.78],[-101.79,26.72],[-101.71,26.68],[-101.69,26.52],[-101.34,26.4],[-101.29,26.58],[-101.14,26.6],[-101.08,26.51],[-100.92,26.49],[-100.7,26.26],[-100.8,26.16],[-100.71,26.08],[-100.71,25.92],[-100.92,25.71],[-101.26,25.7],[-101.32,25.61],[-101.58,25.59],[-101.64,25.5],[-102.19,25.48],[-102.19,25.32],[-102.0,25.16],[-102.01,25.02],[-102.2,24.86],[-102.19,24.52],[-101.9,24.26],[-102.02,24.11],[-102.48,24.11],[-102.51,24.28],[-102.62,24.39],[-102.78,24.41],[-103.02,24.69],[-103.18,24.71],[-103.42,24.99],[-103.78,25.01],[-103.82,25.09],[-103.98,25.11],[-104.29,25.42],[-104.29,25.58],[-104.2,25.64],[-104.2,25.96],[-104.5,26.24],[-104.5,26.96],[-104.32,27.01],[-104.26,27.1],[-104.12,27.01],[-103.98,27.19],[-103.82,27.21],[-103.76,27.3],[-103.64,27.2],[-103.51,27.32],[-103.6,27.44],[-103.59,27.58],[-103.5,27.64],[-103.51,27.98],[-103.68,27.99],[-103.71,27.82],[-103.86,27.7],[-104.12,27.99],[-104.39,28.02],[-104.28,28.19],[-104.11,28.22],[-104.12,28.39],[-104.76,28.4],[-104.8,27.94],[-104.7,27.86],[-104.7,27.54],[-104.79,27.48],[-104.81,27.32],[-105.26,27.3],[-105.32,27.39],[-105.48,27.41],[-105.51,27.68],[-105.59,27.72],[-105.61,27.88],[-105.69,27.92],[-105.71,28.08],[-105.8,28.14],[-105.8,28.66],[-105.99,28.82],[-106.01,29.18],[-106.12,29.29],[-106.3,29.34],[-106.29,29.48],[-106.2,29.54],[-106.2,29.96],[-106.3,30.06],[-106.21,30.18],[-106.46,30.2],[-106.52,30.11],[-106.68,30.09],[-106.7,29.74],[-106.76,29.7],[-106.82,29.79],[-107.08,29.81],[-107.12,29.89],[-107.28,29.91],[-107.32,29.99],[-107.68,30.11],[-107.71,30.28],[-107.99,30.52],[-108.0,31.26],[-108.09,31.32],[-108.11,31.48],[-108.2,31.54],[-108.19,31.68],[-108.0,31.74],[-108.0,31.96],[-108.09,32.08],[-107.88,32.29],[-107.72,32.31],[-107.66,32.4],[-107.44,32.4],[-107.36,32.3],[-107.02,32.31],[-106.96,32.7],[-106.72,32.69],[-106.69,32.52],[-106.52,32.41],[-106.46,33.3]],[[-104.56,33.0],[-104.41,32.88],[-104.4,32.64],[-104.28,32.51],[-104.22,32.51],[-104.08,32.69],[-103.94,32.7],[-103.78,32.51],[-103.44,32.5],[-103.38,32.41],[-103.14,32.4],[-103.01,32.28],[-103.01,32.12],[-103.1,32.06],[-103.11,31.72],[-103.3,31.56],[-103.31,31.22],[-103.58,31.19],[-103.69,31.08],[-103.72,30.91],[-103.88,30.91],[-104.02,31.09],[-104.28,31.11],[-104.39,31.22],[-104.41,31.38],[-104.49,31.42],[-104.49,31.58],[-104.4,31.64],[-104.4,32.36],[-104.7,32.64],[-104.69,32.88],[-104.56,33.0]]]}},{"type":"Feature","properties":{"why":"arid_climate","tier":1,"km2":2281066,"id":"arid-n42e095"},"geometry":{"type":"MultiPolygon","coordinates":[[[[90.26,50.0],[90.0,49.76],[90.01,49.62],[90.19,49.48],[90.21,49.32],[90.3,49.26],[90.21,49.18],[90.21,49.02],[90.88,48.99],[91.19,48.68],[91.1,48.56],[91.11,48.32],[91.39,48.08],[91.41,47.92],[91.52,47.81],[91.79,47.78],[91.81,47.52],[91.89,47.48],[91.91,47.32],[92.02,47.21],[92.58,47.19],[92.7,47.06],[92.7,46.84],[92.61,46.72],[92.72,46.61],[92.96,46.6],[93.02,46.51],[93.18,46.49],[93.34,46.3],[93.5,46.44],[93.49,46.58],[93.41,46.62],[93.41,46.68],[93.52,46.79],[93.68,46.79],[93.8,46.66],[93.81,46.12],[93.92,46.01],[94.16,46.0],[94.24,45.9],[94.48,45.89],[94.59,45.78],[94.58,45.61],[94.34,45.6],[94.26,45.5],[94.02,45.51],[93.78,45.79],[93.54,45.8],[93.48,45.89],[93.22,45.91],[93.18,45.99],[93.02,46.01],[92.88,46.19],[92.72,46.21],[92.66,46.3],[92.44,46.3],[92.34,46.2],[92.28,46.29],[92.12,46.31],[92.08,46.39],[91.96,46.3],[91.74,46.3],[91.68,46.39],[91.52,46.41],[91.46,46.5],[91.32,46.49],[91.26,46.4],[90.84,46.4],[90.79,45.92],[90.61,45.88],[90.6,45.64],[90.5,45.54],[90.62,45.41],[90.86,45.4],[90.92,45.31],[91.08,45.29],[91.09,45.12],[90.74,45.1],[90.68,45.19],[90.44,45.2],[90.36,45.3],[90.14,45.3],[89.98,45.11],[89.62,45.09],[89.4,44.86],[89.41,44.62],[89.52,44.51],[89.68,44.49],[89.9,44.26],[89.89,44.02],[89.64,44.0],[89.58,43.91],[89.42,43.89],[89.41,43.72],[89.58,43.69],[89.64,43.6],[89.96,43.6],[90.04,43.7],[90.46,43.7],[90.52,43.61],[90.69,43.58],[90.68,43.41],[90.44,43.4],[90.36,43.3],[89.94,43.3],[89.86,43.2],[89.64,43.2],[89.56,43.3],[88.64,43.3],[88.46,43.5],[87.94,43.5],[87.89,43.12],[87.7,42.96],[87.71,42.82],[87.89,42.68],[87.88,42.51],[87.54,42.5],[87.46,42.4],[86.64,42.4],[86.56,42.5],[85.84,42.5],[85.78,42.41],[85.61,42.38],[85.61,42.22],[85.7,42.14],[85.56,42.0],[85.46,42.1],[85.12,42.11],[85.06,42.2],[84.44,42.2],[84.36,42.1],[84.04,42.2],[83.96,42.1],[83.44,42.1],[83.38,42.19],[83.14,42.2],[83.06,42.3],[82.44,42.3],[82.36,42.2],[82.02,42.19],[81.86,42.0],[81.72,42.01],[81.66,42.1],[81.52,42.09],[81.48,42.01],[81.32,41.99],[81.28,41.91],[81.12,41.89],[81.06,41.8],[80.34,41.8],[80.26,41.7],[79.94,41.7],[79.86,41.6],[79.44,41.6],[79.38,41.51],[79.12,41.49],[78.88,41.21],[78.72,41.19],[78.66,41.1],[78.41,41.08],[78.42,40.91],[78.79,40.88],[78.66,40.7],[78.24,40.7],[78.16,40.6],[77.44,40.6],[77.36,40.5],[77.04,40.5],[76.96,40.4],[76.62,40.39],[76.58,40.31],[76.42,40.29],[76.36,40.2],[76.04,40.2],[75.98,40.11],[75.72,40.09],[75.48,39.81],[75.24,39.8],[75.18,39.71],[74.92,39.69],[74.81,39.58],[74.8,39.34],[75.19,38.98],[75.21,38.82],[75.32,38.71],[75.48,38.69],[75.54,38.6],[75.78,38.59],[75.99,38.38],[75.99,38.22],[75.82,38.19],[75.79,38.02],[75.56,37.8],[75.38,37.99],[75.22,38.01],[75.18,38.09],[75.0,38.06],[75.01,37.92],[75.19,37.78],[75.22,37.61],[75.76,37.6],[75.84,37.7],[76.09,37.68],[76.09,37.42],[75.8,37.36],[75.81,37.22],[75.9,37.16],[75.94,36.8],[76.09,36.82],[76.11,37.18],[76.28,37.21],[76.31,37.38],[76.46,37.4],[76.59,37.28],[76.61,37.02],[76.84,36.8],[77.16,36.8],[77.24,36.9],[77.36,36.8],[77.42,36.89],[77.58,36.91],[77.64,37.0],[77.74,36.9],[77.96,36.9],[78.06,37.0],[78.12,36.91],[78.28,36.89],[78.32,36.81],[78.58,36.79],[78.82,36.51],[78.98,36.49],[79.12,36.31],[79.24,36.4],[79.46,36.4],[79.74,36.1],[80.06,36.1],[80.12,36.19],[80.26,36.2],[80.34,36.1],[80.76,36.1],[80.82,36.01],[80.96,36.0],[81.04,36.1],[81.56,36.1],[81.62,36.19],[81.88,36.21],[82.02,36.39],[82.18,36.41],[82.24,36.5],[82.86,36.5],[82.94,36.6],[83.36,36.6],[83.44,36.7],[83.78,36.71],[83.82,36.79],[83.98,36.81],[84.02,36.89],[84.18,36.91],[84.24,37.0],[84.38,36.99],[84.44,36.9],[84.66,36.9],[84.72,36.99],[84.96,37.0],[85.02,37.09],[85.18,37.11],[85.22,37.19],[85.56,37.2],[85.62,37.29],[85.88,37.31],[85.94,37.4],[86.28,37.41],[86.34,37.5],[86.56,37.5],[86.64,37.4],[86.86,37.4],[86.94,37.5],[87.36,37.5],[87.39,37.68],[87.26,37.8],[86.92,37.81],[86.92,37.99],[87.36,38.0],[87.44,38.1],[87.58,38.09],[87.66,38.0],[87.94,38.3],[88.26,38.2],[88.32,38.29],[88.56,38.3],[88.64,38.4],[88.96,38.4],[89.04,38.5],[89.36,38.5],[89.44,38.4],[89.78,38.39],[89.8,38.24],[89.32,38.19],[89.21,38.08],[89.22,37.91],[89.66,37.9],[89.72,37.81],[89.88,37.79],[89.94,37.7],[90.02,37.79],[90.18,37.81],[90.22,37.89],[90.46,37.9],[90.52,37.81],[90.76,37.8],[90.82,37.71],[90.98,37.69],[91.02,37.61],[91.18,37.59],[91.22,37.51],[91.48,37.49],[91.52,37.41],[91.69,37.38],[91.82,37.01],[91.98,36.99],[92.04,36.9],[92.29,36.88],[92.34,36.5],[92.86,36.5],[92.96,36.6],[93.02,36.51],[93.18,36.49],[93.22,36.41],[93.38,36.39],[93.44,36.3],[93.76,36.3],[93.84,36.2],[94.48,36.19],[94.64,36.0],[94.96,36.0],[95.02,36.09],[95.18,36.11],[95.24,36.2],[96.26,36.2],[96.34,36.1],[97.26,36.1],[97.32,36.01],[97.56,36.0],[97.79,36.22],[97.81,36.38],[97.89,36.42],[97.91,36.58],[98.0,36.64],[97.98,36.79],[97.71,36.82],[97.58,37.19],[97.32,37.21],[97.28,37.29],[97.12,37.31],[97.08,37.39],[96.92,37.41],[96.86,37.5],[96.62,37.49],[96.58,37.41],[96.42,37.39],[96.34,37.3],[96.28,37.39],[96.12,37.41],[95.98,37.59],[95.62,37.61],[95.11,38.12],[95.09,38.28],[94.91,38.42],[94.91,38.58],[95.18,38.61],[95.29,38.72],[95.3,38.86],[95.08,39.09],[94.84,39.1],[94.78,39.19],[94.62,39.21],[94.61,39.38],[94.86,39.4],[94.92,39.31],[95.08,39.31],[95.19,39.42],[95.21,39.68],[95.48,39.71],[95.54,39.8],[95.68,39.79],[95.84,39.6],[96.08,39.61],[96.24,39.8],[96.56,39.8],[96.64,39.7],[97.06,39.7],[97.14,39.8],[97.56,39.8],[97.62,39.71],[97.86,39.7],[97.94,39.6],[98.28,39.59],[98.32,39.51],[98.48,39.49],[98.54,39.4],[98.86,39.4],[98.94,39.3],[99.28,39.29],[99.34,39.2],[99.88,39.19],[100.22,38.81],[100.46,38.8],[100.54,38.7],[101.06,38.7],[101.14,38.8],[101.66,38.8],[101.72,38.71],[101.89,38.68],[102.01,38.32],[102.32,38.01],[102.48,37.99],[102.62,37.81],[102.78,37.79],[102.82,37.71],[102.98,37.69],[103.04,37.6],[103.46,37.6],[103.54,37.5],[103.88,37.49],[103.99,37.38],[104.01,37.22],[104.32,36.91],[104.46,36.9],[104.51,37.08],[104.62,37.19],[104.78,37.21],[104.82,37.29],[104.98,37.31],[105.02,37.39],[105.26,37.4],[105.34,37.3],[105.86,37.3],[106.02,37.49],[106.38,37.61],[106.41,37.78],[106.5,37.84],[106.51,38.08],[106.69,38.22],[106.71,38.48],[106.92,38.69],[107.08,38.71],[107.29,38.92],[107.31,39.08],[107.39,39.12],[107.39,39.28],[107.11,39.52],[107.11,39.68],[107.28,39.71],[107.34,39.8],[107.78,39.81],[108.32,40.39],[108.56,40.4],[108.69,40.52],[108.71,40.68],[108.9,40.84],[108.9,41.06],[108.81,41.12],[108.79,41.28],[108.58,41.49],[108.34,41.5],[108.26,41.6],[108.12,41.59],[108.06,41.5],[107.92,41.51],[107.81,41.62],[107.82,41.79],[108.26,41.8],[108.44,42.0],[109.16,42.0],[109.24,42.1],[109.96,42.1],[110.04,42.2],[110.76,42.2],[110.82,42.29],[110.98,42.31],[111.02,42.39],[111.36,42.4],[111.44,42.5],[111.76,42.5],[111.82,42.59],[112.06,42.6],[112.14,42.7],[112.28,42.69],[112.34,42.6],[112.48,42.61],[112.54,42.7],[112.96,42.7],[113.02,42.61],[113.16,42.6],[113.21,42.78],[113.3,42.84],[113.21,42.92],[113.2,43.06],[113.39,43.22],[113.4,43.36],[113.31,43.42],[113.2,43.76],[113.39,43.92],[113.39,44.08],[113.12,44.11],[113.06,44.2],[112.82,44.21],[112.76,44.3],[112.66,44.2],[112.41,44.22],[112.39,44.38],[112.3,44.44],[112.3,44.96],[112.49,45.02],[112.49,45.18],[112.32,45.21],[112.21,45.32],[112.18,45.49],[111.82,45.51],[111.68,45.69],[111.44,45.7],[111.36,45.8],[111.22,45.79],[111.16,45.7],[110.82,45.71],[110.58,46.09],[110.12,46.11],[109.98,46.29],[109.82,46.31],[109.76,46.4],[109.42,46.39],[109.26,46.2],[108.74,46.2],[108.68,46.29],[108.52,46.31],[108.48,46.39],[108.32,46.41],[108.28,46.49],[107.84,46.5],[107.76,46.4],[107.42,46.39],[107.36,46.1],[107.22,46.11],[107.06,46.3],[106.84,46.3],[106.76,46.2],[106.42,46.19],[106.36,46.0],[106.14,46.0],[106.06,46.1],[105.74,46.0],[105.66,46.2],[105.34,46.2],[105.28,46.11],[105.12,46.09],[105.06,46.0],[104.64,46.0],[104.58,46.09],[104.44,46.1],[104.36,46.0],[103.82,45.99],[103.68,45.81],[103.52,45.79],[103.38,45.61],[103.04,45.6],[102.96,45.5],[102.64,45.5],[102.58,45.41],[102.32,45.39],[102.26,45.3],[101.84,45.3],[101.76,45.4],[101.42,45.41],[101.38,45.49],[101.22,45.51],[101.16,45.6],[100.84,45.6],[100.78,45.69],[100.52,45.71],[100.48,45.79],[100.32,45.81],[100.28,45.89],[100.02,45.91],[99.88,46.09],[99.52,46.11],[99.36,46.3],[99.22,46.29],[99.16,46.2],[98.74,46.2],[98.68,46.29],[98.52,46.31],[98.38,46.49],[98.22,46.51],[98.06,46.7],[97.92,46.69],[97.78,46.51],[97.54,46.5],[97.36,46.7],[96.94,46.7],[96.86,46.8],[96.52,46.79],[96.51,46.62],[96.72,46.41],[96.98,46.39],[97.29,46.08],[97.29,46.02],[97.04,46.0],[96.96,46.1],[96.54,46.1],[96.48,46.01],[96.24,46.0],[96.01,46.22],[95.99,46.38],[95.88,46.49],[95.72,46.51],[95.58,46.69],[95.42,46.71],[95.31,46.82],[95.3,46.96],[95.56,47.0],[95.64,46.9],[96.06,46.9],[96.12,46.81],[96.28,46.81],[96.3,47.16],[96.21,47.22],[96.2,47.36],[96.29,47.48],[96.18,47.59],[95.92,47.61],[95.89,47.78],[95.78,47.89],[95.32,47.91],[95.2,48.06],[95.29,48.12],[95.31,48.28],[95.39,48.32],[95.39,48.38],[95.22,48.41],[95.16,48.5],[94.82,48.51],[94.71,48.62],[94.7,48.86],[94.58,48.99],[94.12,49.01],[94.08,49.09],[93.92,49.11],[93.76,49.3],[93.34,49.3],[93.26,49.4],[92.64,49.4],[92.56,49.5],[92.24,49.5],[92.1,49.36],[92.1,48.84],[92.19,48.78],[92.19,48.62],[91.74,48.6],[91.68,48.69],[91.52,48.71],[91.41,48.82],[91.39,48.98],[91.28,49.09],[91.12,49.11],[90.81,49.42],[90.79,49.68],[90.58,49.89],[90.26,50.0]]],[[[75.76,37.5],[75.71,37.48],[75.72,37.41],[75.79,37.42],[75.76,37.5]]]]}},{"type":"Feature","properties":{"why":"semi_arid_climate","tier":1,"km2":2160321,"id":"semi-n10e021"},"geometry":{"type":"Polygon","coordinates":[[[38.26,16.1],[38.1,15.94],[38.39,15.68],[38.41,15.52],[38.49,15.48],[38.49,15.32],[38.38,15.21],[37.44,15.2],[37.34,15.3],[37.28,15.21],[37.12,15.19],[37.08,15.11],[36.92,15.09],[36.88,15.01],[36.72,14.99],[36.68,14.91],[36.52,14.89],[36.46,14.8],[35.74,14.8],[35.66,14.7],[35.24,14.7],[35.18,14.61],[34.92,14.59],[34.78,14.41],[34.62,14.39],[34.58,14.31],[34.42,14.29],[34.28,14.11],[34.12,14.09],[33.88,13.71],[33.72,13.69],[33.58,13.51],[33.42,13.49],[33.31,13.38],[33.29,13.02],[32.91,12.68],[32.88,12.51],[32.54,12.5],[32.46,12.6],[32.12,12.61],[32.06,12.7],[31.04,12.7],[30.88,12.89],[30.62,12.91],[30.58,12.99],[30.42,13.01],[30.36,13.1],[30.26,13.0],[30.04,13.0],[29.96,13.1],[29.54,13.1],[29.41,12.98],[29.4,12.74],[29.28,12.61],[28.94,12.6],[28.86,12.7],[28.52,12.69],[28.08,12.21],[27.82,12.19],[27.68,12.01],[27.52,11.99],[27.46,11.9],[27.22,11.89],[27.16,11.8],[26.04,11.8],[25.98,11.89],[25.74,11.9],[25.66,12.0],[25.44,12.0],[25.36,11.9],[25.12,11.91],[25.0,12.04],[25.09,12.12],[25.1,12.26],[24.91,12.42],[24.9,12.76],[24.8,12.84],[24.79,13.18],[24.71,13.22],[24.69,13.38],[24.51,13.52],[24.49,13.88],[24.28,14.09],[24.16,14.0],[22.94,14.0],[22.88,14.09],[22.64,14.1],[22.56,14.2],[22.32,14.21],[22.16,14.4],[21.82,14.39],[21.48,14.01],[21.22,13.99],[21.18,13.91],[21.02,13.89],[20.98,13.81],[20.82,13.79],[20.78,13.71],[20.62,13.69],[20.58,13.61],[20.42,13.59],[20.38,13.51],[20.22,13.49],[20.08,13.31],[19.92,13.29],[19.88,13.21],[19.72,13.19],[19.66,13.1],[19.34,13.1],[19.26,13.2],[18.84,13.2],[18.56,12.9],[16.14,12.9],[16.06,12.8],[14.94,12.8],[14.78,12.61],[14.34,12.6],[14.28,12.69],[13.84,12.7],[13.76,12.8],[12.84,12.8],[12.76,12.7],[11.44,12.7],[11.36,12.8],[11.02,12.81],[10.98,12.89],[10.82,12.91],[10.78,12.99],[10.62,13.01],[10.58,13.09],[10.42,13.11],[10.38,13.19],[10.22,13.21],[10.16,13.3],[9.74,13.3],[9.64,13.4],[9.58,13.31],[9.24,13.2],[9.16,13.3],[8.72,13.31],[8.68,13.39],[8.52,13.41],[8.06,13.9],[7.82,13.89],[7.78,13.81],[7.62,13.79],[7.46,13.6],[7.32,13.61],[7.28,13.69],[7.12,13.71],[7.06,13.8],[6.54,13.8],[6.44,13.7],[6.18,13.99],[6.02,14.01],[5.91,14.12],[5.86,14.6],[5.71,14.48],[5.69,14.32],[5.38,14.01],[4.64,14.0],[4.56,13.9],[4.04,13.9],[3.98,13.81],[3.82,13.79],[3.78,13.71],[3.62,13.69],[3.58,13.61],[3.14,13.6],[3.08,13.51],[2.94,13.5],[2.88,13.59],[2.54,13.6],[2.46,13.7],[2.14,13.7],[2.06,13.8],[1.96,13.7],[1.64,13.7],[1.56,13.8],[1.24,13.8],[1.18,13.89],[1.02,13.91],[0.98,13.99],[0.82,14.01],[0.68,14.19],[0.52,14.21],[0.48,14.29],[-0.16,14.3],[-0.22,14.39],[-0.38,14.41],[-0.54,14.6],[-1.46,14.6],[-1.52,14.69],[-1.76,14.7],[-1.84,14.8],[-2.46,14.8],[-2.52,14.89],[-2.69,14.92],[-2.74,15.1],[-3.76,15.1],[-3.82,15.01],[-3.98,14.99],[-4.02,14.91],[-4.28,14.89],[-4.44,14.7],[-5.56,14.7],[-5.62,14.79],[-5.78,14.81],[-5.84,14.9],[-6.46,14.9],[-6.54,15.0],[-7.06,15.0],[-7.12,14.91],[-7.36,14.9],[-7.42,14.99],[-7.58,15.01],[-7.62,15.09],[-7.86,15.1],[-7.92,15.19],[-8.16,15.2],[-8.22,15.29],[-8.46,15.3],[-8.54,15.4],[-10.36,15.4],[-10.44,15.5],[-10.96,15.5],[-11.02,15.59],[-11.16,15.6],[-11.24,15.5],[-12.16,15.5],[-12.24,15.4],[-12.58,15.39],[-12.62,15.31],[-12.78,15.29],[-12.84,15.2],[-12.98,15.21],[-13.02,15.29],[-13.18,15.31],[-13.24,15.4],[-13.46,15.4],[-13.54,15.3],[-13.68,15.31],[-13.74,15.4],[-14.76,15.4],[-14.84,15.3],[-15.06,15.3],[-15.14,15.4],[-16.46,15.4],[-16.52,15.31],[-16.68,15.29],[-16.72,15.21],[-16.98,15.19],[-17.22,14.91],[-17.38,14.89],[-17.5,14.74],[-17.38,14.61],[-17.22,14.59],[-17.01,14.38],[-16.99,14.22],[-16.81,14.08],[-16.79,13.82],[-16.58,13.61],[-16.42,13.59],[-16.26,13.4],[-15.74,13.4],[-15.66,13.3],[-15.24,13.3],[-15.16,13.4],[-14.84,13.4],[-14.78,13.31],[-14.62,13.29],[-14.56,13.2],[-13.34,13.2],[-13.28,13.29],[-12.94,13.3],[-12.88,13.39],[-12.64,13.4],[-12.56,13.5],[-12.22,13.51],[-12.18,13.59],[-12.02,13.61],[-11.96,13.7],[-11.72,13.71],[-11.58,13.89],[-11.44,13.9],[-11.08,13.51],[-10.24,13.5],[-10.18,13.41],[-9.84,13.4],[-9.76,13.3],[-9.62,13.31],[-9.56,13.4],[-9.42,13.39],[-9.36,13.3],[-9.14,13.3],[-8.96,13.5],[-8.74,13.5],[-8.66,13.4],[-8.24,13.4],[-8.14,13.5],[-7.78,13.11],[-7.62,13.09],[-7.38,12.81],[-7.14,12.8],[-7.08,12.89],[-6.92,12.89],[-6.81,12.78],[-6.76,12.5],[-6.44,12.5],[-6.38,12.59],[-6.22,12.61],[-6.16,12.7],[-5.74,12.7],[-5.66,12.6],[-4.94,12.6],[-4.88,12.69],[-4.62,12.71],[-4.48,12.89],[-4.34,12.9],[-4.29,12.72],[-4.21,12.68],[-4.19,12.52],[-4.08,12.41],[-3.52,12.39],[-3.48,12.31],[-3.12,12.19],[-2.98,12.01],[-2.54,12.0],[-2.46,11.9],[-2.32,11.91],[-2.26,12.0],[-1.14,12.0],[-1.08,11.91],[-0.91,11.88],[-0.86,11.7],[-0.72,11.71],[-0.56,11.9],[-0.34,11.9],[-0.26,11.8],[0.26,11.8],[0.34,11.9],[0.48,11.89],[0.56,11.8],[0.62,11.89],[0.86,11.9],[1.02,11.71],[1.46,11.7],[1.62,11.89],[1.86,11.9],[1.94,12.0],[2.08,11.99],[2.14,11.9],[2.56,11.9],[2.64,11.8],[3.06,11.8],[3.12,11.89],[3.26,11.9],[3.32,11.81],[3.66,11.7],[3.82,11.89],[3.96,11.9],[4.08,11.81],[4.32,12.09],[4.56,12.1],[4.64,12.2],[4.82,12.01],[5.06,12.0],[5.12,12.09],[5.38,12.11],[5.54,12.3],[6.08,12.31],[6.12,12.39],[6.28,12.41],[6.42,12.59],[6.54,12.5],[6.96,12.5],[7.16,12.7],[7.22,12.61],[7.38,12.59],[7.44,12.5],[8.46,12.5],[8.52,12.41],[8.68,12.39],[8.72,12.31],[8.88,12.29],[9.02,12.11],[9.26,12.1],[9.32,12.01],[9.48,11.99],[9.52,11.91],[9.78,11.89],[9.92,11.71],[10.08,11.69],[10.12,11.61],[10.28,11.59],[10.42,11.41],[10.58,11.39],[10.82,11.11],[11.08,11.09],[11.29,10.88],[11.31,10.72],[11.44,10.6],[11.58,10.61],[11.69,10.72],[11.71,10.88],[11.94,11.1],[12.04,11.0],[12.26,11.0],[12.32,11.09],[12.48,11.11],[12.52,11.19],[12.68,11.21],[12.74,11.3],[13.78,11.29],[14.02,11.01],[14.19,10.98],[14.21,10.82],[14.3,10.76],[14.31,10.52],[14.82,10.01],[14.98,9.99],[15.04,9.9],[15.28,9.91],[15.32,9.99],[15.48,10.01],[15.52,10.09],[15.78,10.11],[15.82,10.19],[15.98,10.21],[16.04,10.3],[16.28,10.31],[16.34,10.4],[16.68,10.41],[16.92,10.79],[17.18,10.81],[17.44,11.1],[17.86,11.1],[17.92,11.01],[18.06,11.0],[18.11,11.18],[18.24,11.3],[18.46,11.3],[18.54,11.2],[18.96,11.2],[19.09,11.32],[19.14,11.5],[19.54,11.1],[19.68,11.11],[19.74,11.2],[20.46,11.2],[20.52,11.29],[20.76,11.3],[20.82,11.39],[20.96,11.4],[21.01,11.22],[21.1,11.16],[21.0,11.04],[21.09,10.98],[21.11,10.82],[21.38,10.79],[21.44,10.7],[21.78,10.69],[22.02,10.31],[22.26,10.3],[22.34,10.2],[22.56,10.2],[22.66,10.3],[22.94,10.0],[23.36,10.0],[23.42,10.09],[23.66,10.1],[23.71,9.92],[23.82,9.81],[23.94,9.9],[24.16,9.9],[24.32,9.71],[24.48,9.69],[24.54,9.6],[24.88,9.61],[25.02,9.79],[25.18,9.81],[25.24,9.9],[25.86,9.9],[25.92,9.81],[26.16,9.8],[26.22,9.89],[26.38,9.91],[26.44,10.0],[27.16,10.0],[27.24,9.9],[28.16,9.9],[28.32,10.09],[28.48,10.11],[28.62,10.29],[28.78,10.31],[28.92,10.49],[29.08,10.51],[29.12,10.59],[29.36,10.6],[29.42,10.69],[29.66,10.7],[29.74,10.8],[30.06,10.8],[30.12,10.89],[30.38,10.91],[30.44,11.2],[30.58,11.19],[30.64,11.0],[31.36,11.0],[31.44,11.1],[32.56,11.1],[32.62,11.19],[32.78,11.21],[32.84,11.3],[33.16,11.3],[33.24,11.4],[33.56,11.4],[33.64,11.5],[33.98,11.51],[34.22,11.79],[34.38,11.81],[35.09,12.52],[35.11,12.68],[35.22,12.79],[35.39,12.82],[35.4,13.16],[35.49,13.22],[35.51,13.38],[35.62,13.49],[35.96,13.5],[36.02,13.59],[36.28,13.61],[36.62,13.99],[36.78,14.01],[36.92,14.19],[37.18,14.21],[37.22,14.29],[37.38,14.31],[37.44,14.4],[37.78,14.41],[37.82,14.49],[37.98,14.51],[38.06,14.6],[38.22,14.41],[38.38,14.39],[38.42,14.31],[38.58,14.29],[38.62,14.21],[38.78,14.19],[38.89,14.08],[38.8,13.96],[38.82,13.71],[39.2,13.66],[39.18,13.51],[38.74,13.5],[38.61,13.38],[38.7,13.26],[38.69,13.12],[38.6,13.06],[38.62,12.91],[39.06,12.9],[39.12,12.99],[39.28,13.01],[39.3,13.16],[39.21,13.22],[39.21,13.38],[39.38,13.41],[39.44,13.5],[39.6,13.46],[39.48,13.31],[39.32,13.29],[39.3,13.24],[39.42,13.11],[39.58,13.09],[39.7,12.96],[39.6,12.86],[39.6,12.34],[39.79,12.18],[39.81,12.02],[39.9,11.96],[39.91,11.62],[39.99,11.58],[40.01,11.42],[40.1,11.36],[40.1,10.24],[40.0,10.16],[40.0,9.84],[39.9,9.76],[39.9,9.44],[39.81,9.38],[39.79,9.12],[39.61,8.98],[39.59,8.82],[39.5,8.76],[39.51,8.62],[39.86,8.6],[39.92,8.69],[40.08,8.71],[40.39,9.02],[40.41,9.18],[40.52,9.29],[40.76,9.3],[40.82,9.39],[41.06,9.4],[41.14,9.5],[41.86,9.5],[41.94,9.6],[42.66,9.6],[42.76,9.7],[42.79,9.42],[42.61,9.38],[42.59,9.22],[42.51,9.18],[42.38,8.81],[42.22,8.79],[42.08,8.61],[41.84,8.6],[41.78,8.51],[41.62,8.49],[41.58,8.31],[41.44,8.4],[41.38,8.31],[41.21,8.28],[41.22,8.21],[41.4,8.16],[41.4,7.84],[41.3,7.76],[41.29,7.22],[41.21,7.18],[41.19,7.02],[41.01,6.88],[40.99,6.72],[40.81,6.58],[40.79,6.42],[40.58,6.21],[40.21,6.18],[40.2,5.84],[40.29,5.78],[40.3,5.64],[40.12,5.59],[39.91,5.38],[39.89,5.12],[39.76,5.0],[39.44,5.0],[39.36,5.1],[39.02,5.09],[38.99,4.82],[38.88,4.71],[38.54,4.7],[38.41,4.58],[38.42,4.31],[38.86,4.3],[38.99,4.18],[39.01,3.72],[39.2,3.66],[39.08,3.51],[38.84,3.5],[38.78,3.59],[38.52,3.61],[37.81,4.32],[37.94,4.5],[38.08,4.41],[38.19,4.52],[38.2,4.66],[38.08,4.79],[37.92,4.81],[37.71,5.02],[37.66,5.3],[37.5,5.26],[37.51,5.12],[37.6,5.06],[37.59,4.72],[37.48,4.61],[37.32,4.59],[37.16,4.4],[37.01,4.42],[37.0,4.96],[36.86,5.1],[36.71,4.98],[36.68,4.81],[36.54,4.8],[36.18,5.19],[36.02,5.21],[35.86,5.4],[35.72,5.39],[35.68,5.31],[35.52,5.29],[35.46,5.2],[35.24,5.2],[35.16,5.3],[35.02,5.29],[34.96,5.2],[34.44,5.2],[34.34,5.3],[34.21,5.18],[34.19,4.92],[34.0,4.76],[34.0,4.24],[34.09,4.18],[34.11,3.92],[34.39,3.68],[34.4,3.34],[34.49,3.28],[34.51,3.12],[34.59,3.08],[34.61,2.92],[34.79,2.78],[34.81,2.62],[34.92,2.51],[35.08,2.49],[35.19,2.38],[35.21,2.22],[35.3,2.16],[35.31,1.92],[35.42,1.81],[35.76,1.8],[35.89,1.68],[36.12,1.01],[36.28,1.01],[36.31,1.18],[36.64,1.5],[36.86,1.5],[36.94,1.4],[37.36,1.4],[37.49,1.28],[37.5,0.84],[37.6,0.76],[37.51,0.62],[37.64,0.5],[37.78,0.51],[37.84,0.6],[38.06,0.6],[38.19,0.48],[38.21,0.32],[38.3,0.26],[38.3,-0.26],[38.4,-0.34],[38.39,-0.58],[38.31,-0.62],[38.29,-0.78],[38.2,-0.86],[38.29,-0.92],[38.31,-1.08],[38.4,-1.16],[38.31,-1.22],[38.29,-1.38],[38.21,-1.42],[38.19,-1.58],[38.08,-1.69],[37.92,-1.71],[37.58,-2.09],[37.42,-2.11],[37.31,-2.22],[37.3,-2.36],[37.79,-2.82],[37.82,-3.09],[38.1,-3.06],[38.09,-2.92],[37.98,-2.81],[37.81,-2.78],[37.92,-2.61],[37.98,-2.61],[38.02,-2.69],[38.26,-2.7],[38.32,-2.79],[38.48,-2.81],[38.5,-3.26],[38.59,-3.32],[38.61,-3.48],[38.82,-3.69],[38.96,-3.7],[39.09,-3.58],[39.21,-3.22],[39.29,-3.18],[39.31,-3.02],[39.39,-2.98],[39.41,-2.82],[39.49,-2.78],[39.51,-2.62],[39.59,-2.58],[39.61,-2.42],[39.82,-2.21],[39.98,-2.19],[40.42,-1.71],[40.58,-1.69],[41.02,-1.21],[41.18,-1.19],[41.29,-1.08],[41.32,-0.91],[41.52,-0.71],[41.69,-0.68],[41.72,-0.51],[42.16,-0.5],[42.2,-0.56],[42.11,-0.68],[42.28,-0.69],[42.69,-0.28],[42.71,-0.12],[42.89,0.02],[42.89,0.08],[42.71,0.22],[42.7,0.36],[42.79,0.42],[42.81,0.58],[43.02,0.79],[43.19,0.68],[43.19,0.62],[43.11,0.58],[43.12,0.51],[43.26,0.5],[43.32,0.59],[43.48,0.61],[43.62,0.79],[43.78,0.81],[43.92,0.99],[44.08,1.01],[44.92,1.89],[45.28,1.91],[45.32,1.99],[45.68,2.11],[45.82,2.29],[45.98,2.31],[46.79,3.12],[46.8,3.56],[46.99,3.72],[47.0,3.86],[46.92,3.89],[46.88,3.81],[46.72,3.79],[46.68,3.71],[46.52,3.69],[46.46,3.6],[46.32,3.61],[46.28,3.69],[46.12,3.71],[46.06,3.8],[45.96,3.7],[45.72,3.69],[45.66,3.6],[45.34,3.6],[45.18,3.79],[45.02,3.81],[44.98,3.89],[44.82,3.91],[44.78,3.99],[44.52,4.01],[44.4,4.14],[44.41,4.28],[44.5,4.36],[44.38,4.49],[44.22,4.51],[44.18,4.59],[44.02,4.61],[43.96,4.7],[43.74,4.7],[43.41,4.38],[43.39,4.22],[43.01,3.88],[42.99,3.72],[42.81,3.58],[42.79,3.42],[42.48,3.11],[42.32,3.11],[42.26,3.2],[42.02,3.21],[41.88,3.39],[41.72,3.41],[41.68,3.49],[41.56,3.4],[41.34,3.4],[41.18,3.59],[41.01,3.62],[41.01,4.18],[41.12,4.29],[41.39,4.32],[41.4,4.66],[41.5,4.74],[41.49,4.88],[41.21,5.12],[41.22,5.49],[41.39,5.38],[41.44,5.2],[41.68,5.21],[41.71,5.48],[41.84,5.6],[41.98,5.59],[42.04,5.5],[42.28,5.49],[42.54,5.2],[42.78,5.21],[42.9,5.34],[42.89,5.48],[42.61,5.72],[42.59,5.98],[42.38,6.19],[42.12,6.21],[42.08,6.29],[41.92,6.31],[41.81,6.42],[41.79,6.58],[41.7,6.64],[41.7,6.86],[41.82,6.99],[41.88,6.99],[42.22,6.61],[42.56,6.6],[42.62,6.51],[42.78,6.49],[42.84,6.4],[42.98,6.41],[43.04,6.5],[43.76,6.5],[44.02,6.21],[44.26,6.2],[44.42,6.39],[44.66,6.4],[44.72,6.49],[44.89,6.52],[44.91,6.68],[45.0,6.74],[45.0,7.06],[45.1,7.14],[45.1,7.46],[44.88,7.69],[44.52,7.81],[44.41,7.92],[44.39,8.08],[44.21,8.22],[44.21,8.38],[44.38,8.41],[44.49,8.52],[44.48,8.59],[44.24,8.6],[44.14,8.5],[44.08,8.59],[43.91,8.62],[43.9,8.86],[44.0,8.96],[43.81,9.12],[43.81,9.18],[43.92,9.29],[44.08,9.31],[44.3,9.56],[44.11,9.72],[44.09,9.88],[43.92,9.91],[43.78,10.09],[43.52,10.11],[43.38,10.29],[43.22,10.31],[43.16,10.4],[42.94,10.4],[42.88,10.31],[42.72,10.29],[42.48,10.01],[42.24,10.0],[42.16,9.9],[41.31,9.92],[41.31,10.08],[41.49,10.22],[41.49,10.28],[41.31,10.42],[41.28,10.59],[41.12,10.51],[41.09,10.68],[40.88,10.89],[40.71,10.92],[40.69,11.08],[40.61,11.12],[40.59,11.28],[40.5,11.34],[40.5,11.56],[40.59,11.62],[40.6,11.76],[40.51,11.82],[40.49,12.08],[40.21,12.32],[40.19,12.48],[40.1,12.54],[40.09,12.88],[40.01,12.92],[39.99,13.08],[39.8,13.24],[39.81,13.38],[39.9,13.44],[39.9,13.96],[40.0,14.04],[40.0,14.26],[39.9,14.34],[39.89,14.68],[39.81,14.72],[39.69,15.08],[39.51,15.22],[39.49,15.38],[38.88,15.99],[38.34,16.0],[38.26,16.1]],[[35.34,4.3],[35.49,4.18],[35.54,4.0],[35.68,4.01],[35.82,4.19],[35.98,4.21],[36.02,4.29],[36.26,4.3],[36.34,4.2],[36.68,4.19],[36.84,4.0],[37.48,3.99],[37.7,3.76],[37.7,3.54],[37.61,3.48],[37.61,3.32],[37.74,3.2],[38.08,3.19],[38.29,2.98],[38.29,2.82],[38.1,2.64],[38.29,2.48],[38.31,2.12],[38.46,2.1],[38.52,2.19],[38.68,2.21],[38.84,2.4],[38.98,2.39],[39.09,2.28],[39.09,2.12],[39.0,2.06],[38.99,1.62],[38.88,1.51],[38.72,1.49],[38.66,1.4],[38.24,1.4],[38.01,1.62],[37.98,1.79],[37.62,1.81],[37.58,1.89],[37.22,2.01],[37.08,2.19],[36.92,2.21],[36.86,2.3],[36.61,2.08],[36.59,1.92],[36.34,1.7],[36.3,1.76],[36.39,1.88],[35.88,2.39],[35.72,2.41],[35.66,2.5],[35.56,2.4],[35.32,2.41],[35.21,2.52],[35.19,2.68],[35.1,2.74],[35.1,2.96],[35.2,3.04],[35.19,3.18],[35.1,3.24],[35.1,3.66],[35.2,3.76],[34.94,3.8],[34.9,3.86],[35.34,4.3]],[[39.74,1.7],[39.89,1.68],[39.9,1.44],[39.72,1.39],[39.61,1.28],[39.6,0.94],[39.69,0.88],[39.71,0.72],[39.92,0.51],[40.08,0.49],[40.19,0.38],[40.2,-0.26],[40.08,-0.39],[39.82,-0.41],[39.78,-0.59],[39.62,-0.61],[39.48,-0.79],[39.34,-0.8],[38.91,-0.38],[38.9,0.16],[38.8,0.24],[38.8,0.66],[38.71,0.72],[38.7,0.86],[38.79,0.92],[38.82,1.09],[39.08,1.11],[39.52,1.59],[39.68,1.61],[39.74,1.7]]]}},{"type":"Feature","properties":{"why":"semi_arid_climate","tier":1,"km2":2140686,"id":"semi-s25e140"},"geometry":{"type":"Polygon","coordinates":[[[129.66,-15.9],[129.56,-16.0],[129.32,-16.01],[129.26,-16.1],[129.04,-16.1],[128.98,-16.01],[128.74,-16.0],[128.66,-16.1],[128.32,-16.11],[128.21,-16.22],[128.2,-16.46],[128.11,-16.52],[128.09,-16.68],[128.0,-16.74],[128.1,-16.84],[128.1,-17.16],[127.96,-17.3],[127.82,-17.29],[127.61,-17.08],[127.58,-16.91],[127.42,-16.91],[127.28,-17.09],[127.14,-17.1],[127.09,-16.92],[126.94,-16.8],[126.86,-16.9],[126.24,-16.9],[126.16,-17.0],[125.82,-17.01],[125.8,-17.36],[125.66,-17.5],[125.34,-17.5],[125.26,-17.4],[125.04,-17.4],[124.96,-17.5],[124.64,-17.5],[124.58,-17.41],[124.42,-17.39],[124.38,-17.31],[124.22,-17.29],[124.18,-17.21],[124.02,-17.19],[123.98,-17.11],[123.34,-17.1],[123.24,-17.0],[123.19,-17.18],[123.01,-17.32],[122.99,-17.48],[122.88,-17.59],[122.22,-17.61],[122.1,-17.74],[122.11,-17.88],[122.2,-17.94],[122.19,-18.18],[121.98,-18.39],[121.82,-18.41],[121.71,-18.52],[121.69,-18.68],[121.61,-18.72],[121.49,-19.08],[121.3,-19.24],[121.3,-19.56],[121.39,-19.62],[121.41,-19.78],[121.52,-19.89],[121.68,-19.91],[121.72,-19.99],[121.89,-20.02],[121.9,-20.46],[122.02,-20.59],[122.36,-20.6],[122.42,-20.51],[122.56,-20.5],[122.62,-20.59],[122.86,-20.6],[123.04,-20.4],[123.56,-20.4],[123.62,-20.59],[124.06,-20.6],[124.32,-20.31],[124.66,-20.3],[124.79,-20.18],[124.8,-19.74],[124.92,-19.61],[125.08,-19.59],[125.14,-19.5],[125.96,-19.5],[126.02,-19.59],[126.28,-19.61],[126.69,-20.02],[126.71,-20.18],[126.8,-20.24],[126.7,-20.34],[126.71,-20.58],[127.22,-21.09],[127.36,-21.1],[127.39,-20.82],[127.28,-20.71],[127.12,-20.69],[127.01,-20.58],[127.0,-20.44],[127.12,-20.31],[127.28,-20.29],[127.62,-19.91],[127.76,-19.9],[127.82,-19.99],[127.99,-20.02],[128.0,-20.36],[128.1,-20.44],[128.1,-20.66],[127.98,-20.79],[127.82,-20.81],[127.76,-20.9],[127.68,-20.81],[127.6,-20.84],[127.61,-20.98],[127.78,-21.01],[127.81,-21.18],[127.9,-21.24],[127.9,-21.66],[127.8,-21.74],[127.81,-22.18],[127.88,-22.19],[127.96,-22.1],[128.08,-22.19],[128.14,-22.0],[128.28,-22.09],[128.56,-21.8],[128.61,-21.98],[128.7,-22.04],[128.61,-22.18],[128.76,-22.2],[128.99,-21.98],[129.02,-21.71],[129.18,-21.71],[129.24,-21.8],[129.56,-21.8],[129.61,-21.62],[129.69,-21.58],[129.72,-21.41],[130.08,-21.39],[130.21,-21.02],[130.52,-20.71],[130.68,-20.69],[130.92,-20.41],[131.08,-20.39],[131.11,-20.22],[131.54,-19.8],[131.6,-19.84],[131.62,-20.19],[132.36,-20.2],[132.52,-20.39],[132.86,-20.4],[132.94,-20.5],[133.36,-20.5],[133.42,-20.31],[134.06,-20.3],[134.18,-20.21],[134.22,-20.29],[134.59,-20.42],[134.61,-20.78],[134.92,-21.09],[134.98,-21.09],[135.09,-20.98],[135.1,-20.84],[134.8,-20.54],[135.09,-20.28],[135.11,-19.72],[135.19,-19.68],[135.21,-19.52],[135.32,-19.41],[135.66,-19.4],[135.8,-19.54],[135.71,-19.68],[135.84,-19.8],[136.12,-19.51],[136.26,-19.5],[136.42,-19.69],[136.66,-19.7],[136.74,-19.8],[137.06,-19.8],[137.14,-19.9],[137.48,-19.91],[137.92,-20.39],[138.18,-20.41],[138.42,-20.69],[138.68,-20.71],[138.92,-20.99],[139.08,-21.01],[139.64,-21.6],[139.74,-21.5],[140.26,-21.5],[140.32,-21.59],[140.66,-21.6],[140.72,-21.69],[140.86,-21.7],[141.22,-21.31],[141.58,-21.31],[141.6,-21.66],[141.5,-21.74],[141.52,-21.99],[141.68,-22.01],[141.74,-22.1],[141.98,-22.11],[142.24,-22.4],[142.52,-22.11],[142.58,-22.11],[142.62,-22.19],[142.78,-22.21],[142.89,-22.32],[142.9,-22.66],[142.99,-22.72],[143.12,-23.09],[143.46,-23.1],[143.58,-23.19],[143.6,-22.94],[143.66,-22.9],[143.72,-22.99],[143.88,-23.01],[143.91,-23.18],[144.19,-23.42],[144.2,-23.66],[144.29,-23.72],[144.3,-23.86],[144.11,-24.02],[144.09,-24.18],[143.91,-24.32],[143.9,-24.56],[143.99,-24.62],[144.01,-24.78],[144.1,-24.84],[144.09,-24.98],[144.0,-25.04],[144.01,-25.18],[144.1,-25.24],[144.1,-25.56],[144.19,-25.62],[144.21,-25.78],[144.49,-26.02],[144.5,-26.36],[144.38,-26.49],[144.24,-26.5],[144.18,-26.41],[144.02,-26.39],[143.94,-26.3],[143.71,-26.52],[143.71,-26.98],[144.12,-27.39],[144.28,-27.41],[144.31,-27.58],[144.4,-27.64],[144.38,-27.69],[144.22,-27.71],[144.18,-27.79],[144.02,-27.81],[143.91,-27.92],[143.9,-28.16],[143.99,-28.22],[144.02,-28.49],[144.16,-28.5],[144.22,-28.41],[144.36,-28.4],[144.42,-28.59],[144.88,-28.61],[145.1,-28.84],[145.01,-28.92],[144.99,-29.08],[144.78,-29.29],[144.54,-29.3],[144.48,-29.39],[144.2,-29.44],[144.2,-29.66],[144.29,-29.72],[144.31,-29.88],[144.39,-29.92],[144.41,-30.08],[144.79,-30.42],[144.81,-30.58],[145.0,-30.74],[144.99,-30.88],[144.7,-31.14],[144.71,-31.28],[144.8,-31.34],[144.79,-31.58],[144.58,-31.79],[144.24,-31.8],[144.08,-31.99],[143.92,-32.01],[143.41,-32.52],[143.4,-32.86],[143.28,-32.99],[143.12,-32.99],[142.96,-32.8],[142.52,-32.81],[142.41,-32.92],[142.39,-33.08],[142.31,-33.12],[142.29,-33.28],[142.12,-33.31],[141.88,-33.59],[141.72,-33.61],[141.61,-33.72],[141.6,-34.06],[141.46,-34.2],[141.32,-34.19],[141.2,-34.06],[141.3,-33.96],[141.2,-33.86],[141.2,-33.64],[141.29,-33.58],[141.29,-33.42],[141.02,-33.39],[140.76,-33.1],[140.54,-33.1],[140.48,-33.19],[140.32,-33.21],[140.28,-33.29],[140.12,-33.31],[140.09,-33.48],[139.78,-33.79],[139.61,-33.78],[139.59,-33.62],[139.51,-33.58],[139.49,-33.42],[139.4,-33.34],[139.69,-33.08],[139.69,-33.02],[139.41,-32.78],[139.38,-32.61],[139.02,-32.49],[138.9,-32.36],[138.9,-32.04],[139.0,-31.96],[139.0,-31.64],[138.9,-31.56],[138.9,-30.84],[138.76,-30.7],[138.51,-30.92],[138.5,-31.46],[138.31,-31.62],[138.29,-31.98],[138.18,-32.09],[137.91,-32.12],[137.79,-32.48],[137.61,-32.62],[137.59,-32.78],[137.46,-32.9],[137.12,-32.89],[137.09,-32.72],[136.88,-32.51],[136.54,-32.5],[136.46,-32.4],[136.14,-32.4],[136.08,-32.49],[135.94,-32.5],[135.78,-32.31],[135.62,-32.29],[135.58,-32.21],[135.32,-32.19],[135.18,-32.01],[134.94,-32.0],[134.88,-31.91],[134.64,-31.9],[134.56,-31.8],[134.24,-31.8],[134.16,-31.7],[133.64,-31.7],[133.58,-31.61],[133.32,-31.59],[133.18,-31.41],[132.92,-31.39],[132.86,-31.3],[132.64,-31.3],[132.56,-31.4],[132.24,-31.4],[132.16,-31.3],[131.74,-31.3],[131.68,-31.21],[131.54,-31.2],[131.48,-31.29],[131.14,-31.3],[131.06,-31.4],[130.62,-31.41],[130.61,-31.58],[130.74,-31.7],[130.88,-31.69],[130.94,-31.6],[131.48,-31.61],[131.52,-31.69],[131.68,-31.71],[131.82,-31.89],[131.98,-31.91],[132.14,-32.1],[132.46,-32.1],[132.54,-32.0],[132.78,-32.01],[132.92,-32.19],[133.16,-32.2],[133.29,-32.32],[133.2,-32.44],[133.24,-32.5],[133.46,-32.5],[133.52,-32.41],[133.66,-32.4],[133.72,-32.49],[133.88,-32.51],[133.94,-32.6],[134.08,-32.51],[134.2,-32.64],[134.11,-32.72],[134.11,-32.88],[134.32,-33.09],[134.56,-33.1],[134.62,-33.19],[134.88,-33.21],[135.12,-33.49],[135.48,-33.61],[135.79,-33.92],[135.81,-34.18],[135.89,-34.22],[136.01,-34.58],[136.14,-34.7],[136.28,-34.69],[136.39,-34.58],[136.3,-34.46],[136.31,-34.22],[136.62,-33.91],[136.78,-33.89],[136.84,-33.8],[137.08,-33.79],[137.39,-33.48],[137.41,-33.32],[137.72,-33.01],[137.78,-33.01],[137.79,-33.58],[137.61,-33.72],[137.59,-33.88],[137.51,-33.92],[137.49,-34.08],[137.4,-34.14],[137.39,-34.38],[137.3,-34.44],[137.31,-34.58],[137.59,-34.82],[137.61,-34.98],[137.74,-35.1],[137.89,-34.98],[137.9,-34.54],[138.02,-34.41],[138.18,-34.41],[138.29,-34.52],[138.42,-34.89],[138.58,-34.89],[138.61,-34.72],[138.69,-34.68],[138.7,-34.24],[138.61,-34.18],[138.59,-34.02],[138.5,-33.96],[138.5,-33.64],[138.6,-33.56],[138.51,-33.48],[138.5,-33.34],[138.68,-33.21],[138.72,-33.29],[138.89,-33.32],[138.9,-33.96],[139.0,-34.04],[139.01,-34.38],[139.09,-34.42],[139.11,-34.58],[139.2,-34.64],[139.1,-34.74],[139.09,-35.08],[139.01,-35.12],[138.99,-35.28],[138.9,-35.34],[138.91,-35.58],[139.02,-35.69],[139.28,-35.71],[139.34,-35.8],[139.78,-35.81],[139.92,-35.99],[140.08,-36.01],[140.12,-36.09],[140.28,-36.11],[140.34,-36.2],[140.88,-36.21],[141.02,-36.39],[141.26,-36.4],[141.32,-36.49],[141.58,-36.51],[141.84,-36.8],[142.46,-36.8],[142.54,-36.7],[143.16,-36.7],[143.22,-36.61],[143.46,-36.6],[143.54,-36.5],[143.76,-36.5],[143.84,-36.6],[144.26,-36.6],[144.32,-36.51],[144.58,-36.49],[144.64,-36.4],[145.06,-36.4],[145.12,-36.31],[145.28,-36.29],[145.32,-36.21],[145.68,-36.19],[146.02,-35.81],[146.38,-35.69],[146.99,-35.08],[147.0,-34.74],[147.1,-34.66],[147.11,-34.32],[147.22,-34.21],[147.48,-34.19],[147.59,-34.08],[147.61,-33.92],[147.69,-33.88],[147.71,-33.72],[147.89,-33.58],[147.89,-33.32],[147.71,-33.18],[147.69,-33.02],[147.42,-32.99],[147.31,-32.88],[147.31,-32.72],[147.39,-32.68],[147.42,-32.51],[147.78,-32.49],[147.81,-32.32],[148.49,-31.68],[148.51,-31.52],[148.6,-31.46],[148.6,-30.84],[148.69,-30.78],[148.71,-30.52],[148.89,-30.38],[148.91,-30.22],[149.19,-29.98],[149.21,-29.82],[149.39,-29.68],[149.41,-29.22],[149.69,-28.98],[149.71,-28.62],[149.89,-28.48],[149.91,-28.32],[150.0,-28.26],[149.99,-28.12],[149.9,-28.06],[149.91,-27.92],[150.02,-27.81],[150.18,-27.79],[150.36,-27.6],[150.74,-28.0],[151.06,-28.0],[151.14,-27.9],[151.24,-28.0],[151.66,-28.0],[151.7,-27.74],[151.6,-27.64],[151.8,-27.46],[151.79,-27.22],[151.61,-27.08],[151.59,-26.92],[151.4,-26.76],[151.41,-26.52],[151.58,-26.49],[151.61,-26.32],[151.8,-26.26],[151.78,-26.21],[151.6,-26.16],[151.6,-25.74],[151.69,-25.68],[151.69,-25.52],[151.42,-25.49],[151.3,-25.36],[151.29,-24.92],[151.18,-24.81],[150.91,-24.78],[150.89,-24.42],[150.61,-24.18],[150.59,-23.92],[150.41,-23.78],[150.29,-23.42],[150.11,-23.38],[150.09,-23.02],[149.81,-22.78],[149.79,-22.62],[149.62,-22.61],[149.58,-22.79],[149.42,-22.79],[149.29,-22.42],[149.11,-22.28],[149.09,-22.12],[148.91,-21.98],[148.89,-21.82],[148.68,-21.61],[148.44,-21.6],[148.38,-21.51],[148.21,-21.48],[148.19,-20.72],[147.68,-20.21],[147.24,-20.2],[147.12,-20.29],[146.81,-19.98],[146.78,-19.81],[146.62,-19.79],[146.38,-19.51],[146.12,-19.49],[145.88,-19.11],[145.82,-19.11],[145.78,-19.19],[145.62,-19.19],[145.48,-19.01],[145.22,-18.99],[145.19,-18.82],[145.02,-18.79],[144.86,-18.6],[144.24,-18.6],[144.19,-18.78],[144.11,-18.82],[144.12,-18.89],[144.28,-18.91],[144.6,-19.24],[144.59,-19.48],[144.38,-19.69],[144.22,-19.69],[144.01,-19.48],[143.99,-19.32],[143.88,-19.21],[143.54,-19.2],[143.48,-19.29],[143.32,-19.29],[143.18,-19.11],[143.02,-19.09],[142.81,-18.88],[142.79,-18.72],[142.71,-18.68],[142.69,-18.52],[142.61,-18.48],[142.61,-18.32],[142.76,-18.3],[143.06,-18.6],[143.3,-18.36],[143.18,-18.21],[143.02,-18.19],[142.81,-17.98],[142.76,-17.8],[142.54,-17.8],[142.46,-17.9],[142.32,-17.89],[142.26,-17.8],[141.24,-17.8],[141.16,-17.9],[140.84,-17.9],[140.68,-17.71],[140.44,-17.7],[140.28,-17.89],[140.12,-17.91],[140.06,-18.0],[139.44,-18.0],[139.36,-17.9],[139.04,-17.9],[138.88,-17.71],[138.64,-17.7],[138.56,-17.6],[138.42,-17.61],[138.26,-17.8],[138.12,-17.79],[138.06,-17.7],[137.74,-17.7],[137.68,-17.79],[137.54,-17.8],[137.48,-17.71],[137.32,-17.69],[137.28,-17.61],[137.04,-17.6],[136.98,-17.51],[136.74,-17.5],[136.68,-17.41],[136.52,-17.39],[136.41,-17.28],[136.39,-17.12],[136.21,-16.98],[136.18,-16.81],[135.74,-16.8],[135.66,-16.7],[135.32,-16.69],[135.18,-16.51],[135.02,-16.49],[134.91,-16.38],[134.86,-16.2],[134.71,-16.22],[134.69,-16.38],[134.48,-16.59],[133.84,-16.6],[133.76,-16.5],[133.41,-16.48],[133.41,-16.42],[133.49,-16.38],[133.5,-16.24],[133.38,-16.11],[133.14,-16.1],[133.08,-16.01],[132.74,-15.9],[132.66,-16.0],[131.54,-16.0],[131.46,-16.1],[131.32,-16.09],[131.26,-16.0],[130.94,-16.0],[130.68,-16.29],[130.44,-16.3],[130.34,-16.2],[130.14,-16.4],[130.09,-16.22],[129.78,-15.91],[129.66,-15.9]]]}},{"type":"Feature","properties":{"why":"semi_arid_climate","tier":1,"km2":2108038,"id":"semi-n41e063"},"geometry":{"type":"Polygon","coordinates":[[[64.36,50.9],[64.28,50.81],[64.12,50.79],[64.06,50.7],[62.94,50.7],[62.86,50.6],[62.14,50.6],[62.08,50.51],[61.92,50.49],[61.86,50.4],[61.42,50.39],[61.38,50.31],[61.02,50.19],[60.88,50.01],[60.62,49.99],[60.58,49.91],[60.42,49.89],[60.36,49.8],[60.12,49.79],[59.98,49.61],[59.82,49.59],[59.68,49.41],[59.52,49.39],[59.48,49.31],[59.32,49.29],[59.26,49.2],[59.02,49.19],[58.91,49.08],[58.89,48.92],[58.76,48.8],[58.61,48.82],[58.59,48.98],[58.48,49.09],[58.24,49.1],[58.16,49.2],[57.84,49.2],[57.76,49.3],[57.62,49.29],[57.56,49.2],[57.04,49.2],[56.98,49.29],[56.82,49.31],[56.78,49.39],[56.44,49.4],[56.36,49.5],[55.72,49.51],[55.68,49.59],[55.52,49.61],[55.48,49.69],[55.32,49.71],[55.28,49.79],[55.12,49.81],[54.88,50.09],[54.42,50.11],[54.38,50.19],[54.02,50.31],[53.88,50.49],[53.72,50.51],[53.66,50.6],[53.44,50.6],[53.38,50.51],[53.14,50.5],[53.08,50.59],[52.84,50.6],[52.76,50.7],[50.24,50.7],[50.16,50.6],[49.32,50.59],[49.28,50.51],[49.12,50.49],[48.98,50.31],[48.72,50.29],[48.56,50.1],[48.42,50.11],[48.36,50.2],[48.14,50.2],[48.06,50.1],[47.92,50.11],[47.86,50.2],[47.64,50.2],[47.58,50.11],[47.42,50.09],[47.36,50.0],[47.04,50.0],[46.96,49.9],[46.62,49.89],[46.01,49.28],[46.0,49.04],[45.91,48.98],[45.9,48.74],[45.78,48.61],[45.62,48.59],[45.48,48.41],[45.32,48.39],[45.18,48.21],[44.72,48.19],[44.31,47.78],[44.3,47.54],[44.4,47.46],[44.4,46.14],[44.28,46.01],[44.12,45.99],[44.0,45.84],[44.09,45.78],[44.11,45.62],[44.42,45.31],[44.79,45.18],[44.8,44.84],[44.99,44.68],[45.01,44.52],[45.92,43.61],[46.18,43.59],[46.22,43.51],[46.58,43.39],[46.72,43.21],[46.98,43.19],[47.02,43.11],[47.18,43.09],[47.24,43.0],[47.48,42.99],[47.59,42.88],[47.61,42.72],[47.99,42.38],[48.01,42.22],[48.29,41.98],[48.31,41.82],[48.59,41.58],[48.61,41.42],[49.09,40.98],[49.09,40.52],[48.96,40.4],[48.64,40.4],[48.58,40.49],[48.42,40.51],[48.36,40.6],[47.62,40.61],[47.58,40.69],[47.42,40.71],[47.28,40.89],[47.12,40.91],[47.08,40.99],[46.92,41.01],[46.86,41.1],[45.71,41.08],[45.92,40.81],[46.16,40.8],[46.32,40.61],[46.58,40.59],[46.89,40.28],[46.91,40.12],[47.09,39.98],[47.11,39.82],[47.2,39.76],[47.19,39.52],[47.08,39.41],[46.92,39.39],[46.71,39.18],[46.7,39.04],[46.78,39.01],[46.84,39.1],[47.39,39.08],[47.4,38.64],[47.31,38.58],[47.32,38.41],[47.56,38.4],[47.62,38.49],[47.88,38.51],[47.89,38.68],[47.62,38.71],[47.61,38.88],[47.72,38.99],[47.88,39.01],[47.92,39.09],[48.08,39.11],[48.24,39.3],[48.86,39.3],[48.94,39.2],[49.86,39.2],[49.92,39.29],[50.06,39.3],[50.12,39.21],[50.28,39.19],[50.62,38.81],[50.78,38.79],[50.92,38.61],[51.08,38.59],[51.32,38.31],[51.48,38.29],[51.72,38.01],[51.88,37.99],[51.92,37.91],[52.08,37.89],[52.12,37.81],[52.28,37.79],[52.32,37.71],[52.58,37.69],[52.64,37.6],[52.98,37.59],[53.19,37.38],[53.22,37.21],[53.48,37.19],[53.52,37.11],[53.68,37.09],[53.79,36.98],[53.7,36.84],[53.84,36.7],[54.06,36.7],[54.14,36.8],[54.46,36.8],[54.52,36.89],[54.76,36.9],[54.82,36.99],[54.98,37.01],[55.29,37.32],[55.31,37.48],[55.42,37.59],[55.98,37.59],[56.09,37.42],[55.82,37.39],[55.71,37.28],[55.68,37.01],[55.42,36.99],[55.18,36.71],[54.92,36.69],[54.92,36.51],[55.16,36.5],[55.24,36.6],[55.56,36.6],[55.64,36.7],[55.98,36.71],[56.02,36.79],[56.18,36.81],[56.34,37.0],[56.96,37.0],[57.02,36.91],[57.36,36.9],[57.42,36.81],[57.58,36.79],[57.62,36.71],[57.78,36.69],[57.89,36.58],[57.86,36.5],[57.42,36.51],[57.38,36.59],[57.21,36.62],[57.16,36.8],[56.92,36.79],[56.88,36.71],[56.72,36.69],[56.61,36.58],[56.82,36.31],[57.26,36.3],[57.32,36.21],[57.48,36.19],[57.6,36.06],[57.58,36.01],[57.42,35.99],[57.36,35.9],[56.82,35.89],[56.68,35.71],[56.52,35.69],[56.51,35.62],[56.72,35.41],[57.08,35.39],[57.24,35.2],[57.56,35.2],[57.62,35.29],[57.86,35.3],[57.92,35.21],[58.08,35.19],[58.12,35.11],[58.28,35.09],[58.34,35.0],[58.48,35.09],[58.52,35.01],[58.68,34.99],[58.92,34.71],[59.28,34.59],[59.74,34.1],[59.8,34.14],[59.81,34.38],[59.94,34.5],[60.04,34.4],[60.28,34.39],[60.34,34.3],[60.66,34.3],[60.72,34.21],[60.98,34.19],[61.09,34.08],[61.1,33.84],[61.22,33.71],[61.58,33.59],[61.72,33.41],[61.88,33.39],[61.94,33.3],[62.04,33.4],[62.28,33.39],[62.42,33.21],[62.66,33.2],[62.82,33.01],[63.08,32.99],[63.52,32.51],[63.78,32.49],[63.82,32.41],[63.98,32.39],[64.02,32.31],[64.26,32.3],[64.34,32.4],[65.18,32.39],[65.2,32.24],[65.1,32.14],[65.19,32.08],[65.21,31.82],[65.34,31.7],[65.66,31.7],[65.72,31.61],[65.98,31.59],[66.09,31.48],[66.11,31.32],[66.49,31.08],[66.5,30.84],[66.4,30.76],[66.42,30.51],[66.48,30.51],[66.64,30.7],[67.08,30.69],[67.1,30.44],[67.01,30.38],[67.0,30.24],[67.14,30.1],[67.28,30.11],[67.34,30.2],[67.56,30.2],[67.74,30.0],[67.88,30.01],[67.94,30.1],[68.08,30.09],[68.14,30.0],[68.29,30.02],[68.3,30.36],[68.11,30.52],[68.09,30.68],[67.8,30.74],[67.81,30.88],[67.92,30.99],[68.16,31.0],[68.22,31.09],[68.49,31.12],[68.49,31.28],[68.32,31.31],[68.21,31.42],[68.22,31.69],[68.38,31.71],[68.44,31.8],[68.78,31.79],[68.9,31.66],[68.9,31.44],[68.8,31.36],[68.84,31.3],[69.06,31.3],[69.12,31.39],[69.28,31.41],[69.32,31.49],[69.48,31.49],[69.49,31.32],[69.41,31.28],[69.39,31.12],[69.3,31.06],[69.3,30.84],[69.42,30.71],[69.66,30.7],[69.79,30.82],[69.84,31.0],[70.02,30.81],[70.1,30.84],[70.1,31.56],[70.2,31.64],[70.2,31.86],[70.11,31.92],[70.11,32.08],[70.24,32.2],[70.58,32.21],[70.64,32.3],[70.86,32.3],[70.92,32.21],[71.06,32.2],[71.24,32.4],[71.56,32.4],[71.62,32.31],[71.78,32.29],[71.84,32.2],[72.28,32.19],[72.32,32.11],[72.48,32.09],[72.72,31.81],[72.88,31.79],[72.99,31.68],[73.0,31.44],[73.12,31.31],[73.36,31.3],[73.42,31.21],[73.58,31.19],[73.62,31.11],[73.78,31.09],[73.82,31.01],[74.08,30.99],[74.29,30.78],[74.31,30.62],[74.39,30.58],[74.41,30.12],[74.62,29.91],[74.78,29.89],[75.02,29.61],[75.18,29.59],[75.4,29.36],[75.39,28.72],[75.18,28.51],[74.82,28.39],[74.61,28.18],[74.59,28.02],[74.5,27.96],[74.49,27.72],[74.2,27.46],[74.3,27.36],[74.29,27.12],[74.12,27.09],[74.09,26.92],[73.98,26.81],[73.74,26.8],[73.68,26.71],[73.42,26.69],[73.31,26.58],[73.29,26.42],[73.11,26.28],[73.09,26.12],[73.01,26.08],[72.99,25.92],[72.91,25.88],[72.79,25.52],[72.58,25.31],[72.42,25.29],[72.38,25.21],[72.22,25.19],[72.18,25.11],[71.92,25.09],[71.58,24.71],[71.42,24.69],[71.18,24.41],[71.02,24.39],[70.71,24.08],[70.49,23.42],[70.32,23.39],[70.18,23.21],[69.94,23.2],[69.86,23.3],[69.72,23.29],[69.66,23.2],[69.52,23.21],[69.48,23.29],[69.12,23.41],[69.01,23.52],[68.99,23.68],[68.86,23.8],[68.72,23.79],[68.5,23.56],[68.51,23.22],[68.72,23.01],[68.88,22.99],[68.92,22.91],[69.08,22.89],[69.12,22.81],[69.36,22.8],[69.44,22.7],[69.86,22.7],[70.02,22.89],[70.19,22.88],[70.18,22.71],[70.02,22.69],[69.98,22.61],[69.82,22.59],[69.78,22.51],[69.04,22.5],[68.91,22.38],[68.91,22.12],[69.22,21.81],[69.38,21.79],[69.66,21.5],[69.79,21.62],[69.81,21.88],[70.12,22.19],[70.38,22.19],[70.41,21.82],[70.69,21.58],[70.71,21.42],[70.82,21.31],[70.98,21.29],[71.32,20.91],[71.56,20.9],[71.62,20.99],[71.88,21.01],[72.19,21.32],[72.2,21.56],[72.3,21.64],[72.3,21.86],[72.2,21.94],[72.2,22.66],[72.7,23.14],[72.69,23.28],[72.4,23.56],[72.52,23.69],[72.78,23.71],[72.8,23.96],[72.74,24.0],[72.68,23.91],[72.52,23.91],[72.4,24.04],[72.42,24.29],[72.68,24.31],[72.72,24.49],[72.98,24.51],[73.22,24.79],[73.38,24.81],[73.42,24.89],[73.48,24.89],[73.6,24.76],[73.6,24.14],[73.51,24.08],[73.5,23.84],[73.59,23.78],[73.61,23.52],[73.98,23.51],[74.09,23.62],[74.11,23.78],[74.19,23.82],[74.21,23.98],[74.29,24.02],[74.31,24.28],[74.69,24.62],[74.7,24.86],[74.82,24.99],[74.98,24.91],[75.02,24.99],[75.19,25.02],[75.24,25.2],[75.66,25.2],[75.72,25.11],[75.88,25.09],[75.92,25.01],[75.98,25.01],[76.12,25.19],[76.28,25.21],[76.32,25.29],[76.68,25.31],[76.71,25.68],[76.94,25.9],[77.09,25.78],[77.12,25.61],[77.28,25.61],[77.42,25.79],[77.56,25.8],[77.62,25.71],[77.78,25.69],[77.92,25.51],[77.98,25.51],[78.1,25.64],[78.1,25.86],[78.0,25.94],[78.01,26.28],[78.18,26.31],[78.22,26.39],[78.59,26.52],[78.62,26.99],[79.16,27.0],[79.26,26.9],[79.29,27.18],[78.68,27.79],[78.32,27.81],[78.01,28.12],[77.99,28.28],[77.61,28.62],[77.49,28.98],[77.11,29.32],[77.1,29.56],[77.0,29.64],[76.99,29.88],[76.71,30.12],[76.69,30.28],[76.6,30.34],[76.59,30.58],[76.38,30.79],[76.22,30.81],[75.58,31.49],[75.42,31.51],[75.28,31.69],[75.12,31.71],[74.78,32.09],[74.42,32.21],[74.18,32.49],[74.02,32.51],[73.96,32.6],[73.72,32.61],[73.66,32.7],[73.12,32.71],[72.88,33.09],[72.42,33.11],[72.31,33.22],[72.3,33.56],[72.21,33.62],[72.18,33.79],[72.12,33.79],[72.08,33.71],[71.92,33.69],[71.61,33.38],[71.59,33.12],[71.46,33.0],[71.22,33.01],[71.18,33.09],[71.02,33.11],[70.96,33.2],[70.72,33.21],[70.66,33.3],[70.42,33.29],[70.11,32.98],[70.19,32.62],[70.02,32.59],[69.86,32.4],[69.44,32.4],[69.38,32.49],[69.22,32.51],[69.18,32.59],[69.02,32.61],[68.98,32.69],[68.82,32.71],[68.71,32.82],[68.7,32.96],[68.89,33.12],[68.89,33.38],[68.78,33.49],[68.62,33.51],[68.58,33.59],[68.44,33.6],[68.41,33.42],[68.6,33.24],[68.51,33.18],[68.49,32.92],[68.18,32.61],[68.02,32.59],[67.98,32.51],[67.82,32.49],[67.76,32.4],[67.52,32.41],[67.49,32.58],[67.34,32.6],[67.16,32.4],[66.54,32.4],[66.46,32.3],[66.14,32.3],[66.0,32.44],[66.1,32.54],[66.09,32.78],[65.96,32.9],[65.88,32.81],[65.81,32.82],[65.8,33.16],[65.7,33.24],[65.79,33.32],[65.8,33.46],[65.58,33.69],[65.41,33.58],[65.4,33.04],[65.31,32.98],[65.28,32.81],[65.11,32.82],[65.08,33.09],[64.84,33.1],[64.68,32.91],[64.52,32.89],[64.38,32.71],[64.04,32.7],[63.98,32.79],[63.82,32.81],[63.7,32.94],[63.72,33.09],[63.89,33.12],[63.88,33.29],[63.62,33.31],[63.46,33.5],[62.94,33.5],[62.88,33.59],[62.62,33.61],[62.41,33.82],[62.4,34.06],[62.58,34.11],[62.69,34.28],[62.48,34.49],[62.24,34.5],[62.18,34.59],[61.92,34.61],[61.81,34.78],[61.92,34.89],[62.08,34.91],[62.12,34.99],[62.48,35.01],[62.51,35.18],[62.59,35.22],[62.61,35.38],[62.72,35.49],[62.96,35.5],[63.04,35.6],[63.39,35.62],[63.4,36.06],[63.3,36.14],[63.34,36.4],[63.44,36.3],[63.76,36.3],[63.82,36.39],[63.98,36.41],[64.02,36.49],[64.26,36.5],[64.34,36.2],[64.76,36.2],[64.84,36.3],[65.06,36.3],[65.14,36.2],[66.06,36.2],[66.14,36.3],[66.66,36.3],[66.7,36.04],[66.61,35.98],[66.62,35.91],[66.86,35.9],[66.92,35.99],[67.06,36.0],[67.22,35.81],[67.36,35.8],[67.39,35.98],[67.28,36.09],[67.12,36.11],[67.01,36.22],[67.0,36.36],[67.22,36.59],[67.46,36.6],[67.82,36.21],[68.06,36.2],[68.12,36.11],[68.38,36.09],[68.49,35.98],[68.51,35.82],[68.66,35.8],[68.72,35.99],[68.88,36.01],[68.99,36.12],[68.99,36.28],[68.9,36.36],[69.09,36.52],[69.11,36.68],[69.24,36.8],[69.49,36.72],[69.49,36.98],[69.1,37.34],[69.09,37.98],[68.86,38.2],[68.72,38.19],[68.66,38.1],[68.44,38.1],[68.28,38.29],[68.12,38.31],[68.06,38.4],[67.86,38.2],[67.54,38.3],[67.48,38.21],[67.31,38.18],[67.29,38.02],[67.18,37.91],[66.84,37.9],[66.68,37.71],[66.52,37.71],[66.41,37.82],[66.39,37.98],[66.2,38.14],[66.2,38.76],[66.1,38.84],[66.09,39.48],[65.8,39.74],[66.1,40.04],[65.91,40.28],[66.02,40.39],[66.28,40.41],[66.42,40.59],[66.76,40.6],[66.82,40.51],[66.98,40.49],[67.02,40.41],[67.26,40.4],[67.32,40.49],[67.56,40.5],[67.62,40.59],[67.86,40.6],[67.94,40.7],[68.28,40.71],[68.49,40.92],[68.51,41.08],[68.59,41.12],[68.61,41.28],[68.7,41.34],[68.69,41.48],[68.51,41.62],[68.49,41.78],[68.4,41.84],[68.49,41.92],[68.51,42.08],[68.6,42.14],[68.61,42.68],[68.78,42.79],[68.99,42.58],[69.01,42.42],[69.16,42.3],[69.3,42.76],[69.12,42.81],[68.98,42.99],[68.74,43.0],[68.61,43.12],[68.59,43.38],[68.4,43.54],[68.42,43.79],[68.88,43.79],[69.02,43.61],[69.18,43.59],[69.22,43.51],[69.38,43.49],[69.44,43.4],[70.08,43.39],[70.22,43.21],[70.38,43.19],[70.62,42.91],[71.16,42.9],[71.22,42.81],[71.38,42.79],[71.42,42.71],[71.76,42.6],[71.79,42.68],[71.7,42.76],[71.84,42.9],[72.36,42.9],[72.44,42.8],[72.76,42.8],[72.84,42.9],[73.46,42.9],[73.62,43.09],[73.88,43.11],[73.99,43.22],[74.01,43.38],[74.09,43.42],[74.11,43.68],[74.32,43.89],[74.48,43.91],[74.54,44.0],[74.86,44.0],[74.94,43.9],[75.16,43.9],[75.26,44.0],[75.32,43.91],[75.48,43.89],[75.54,43.8],[75.64,43.9],[76.56,43.9],[76.64,44.0],[76.86,44.0],[76.94,43.9],[77.18,43.91],[77.2,44.26],[77.11,44.38],[77.22,44.49],[77.38,44.51],[77.52,44.69],[77.88,44.71],[78.09,44.92],[78.11,45.18],[78.32,45.39],[78.58,45.41],[78.74,45.6],[78.98,45.61],[79.49,46.12],[79.51,46.28],[79.64,46.4],[80.26,46.4],[80.34,46.5],[80.68,46.49],[80.79,46.38],[80.81,46.22],[81.02,46.01],[81.18,45.99],[81.22,45.91],[81.38,45.89],[81.44,45.8],[81.68,45.79],[81.89,45.58],[81.91,45.42],[82.09,45.28],[82.12,45.01],[82.36,45.0],[82.44,45.4],[82.58,45.39],[82.74,45.2],[83.76,45.2],[83.82,45.29],[83.98,45.31],[84.09,45.42],[84.11,45.58],[84.19,45.62],[84.21,45.88],[84.39,46.02],[84.41,46.18],[84.72,46.49],[84.88,46.51],[84.9,46.56],[84.62,46.59],[84.58,46.51],[84.42,46.49],[84.28,46.31],[84.14,46.3],[84.0,46.46],[84.19,46.62],[84.16,46.8],[83.74,46.8],[83.66,46.7],[82.64,46.7],[82.56,46.6],[81.24,46.6],[81.18,46.69],[80.94,46.7],[80.88,46.79],[80.72,46.81],[80.48,47.09],[80.32,47.11],[80.18,47.29],[80.02,47.31],[79.88,47.49],[79.72,47.51],[79.58,47.69],[79.42,47.71],[79.38,47.79],[79.22,47.81],[79.16,47.9],[78.92,47.91],[78.68,48.19],[78.24,48.2],[78.18,48.29],[78.02,48.31],[77.96,48.4],[77.62,48.39],[77.26,48.0],[77.12,48.01],[76.96,48.2],[76.64,48.1],[76.58,48.19],[76.34,48.2],[76.26,48.3],[76.04,48.3],[75.96,48.2],[75.34,48.2],[75.18,48.01],[75.02,47.99],[74.96,47.9],[74.64,47.9],[74.58,47.99],[74.42,48.01],[74.34,48.1],[74.26,48.0],[73.72,47.99],[73.48,47.71],[73.32,47.69],[73.26,47.6],[72.92,47.59],[72.76,47.4],[71.94,47.4],[71.81,47.52],[71.79,47.68],[71.61,47.82],[71.6,48.06],[71.51,48.12],[71.49,48.28],[71.08,48.69],[70.92,48.71],[70.58,49.09],[70.22,49.11],[69.68,49.69],[69.34,49.7],[69.28,49.61],[69.02,49.59],[68.88,49.41],[68.64,49.4],[68.56,49.3],[68.32,49.29],[68.18,49.11],[68.02,49.09],[67.98,49.01],[67.82,48.99],[67.76,48.9],[67.24,48.9],[66.88,49.29],[66.72,49.31],[66.68,49.39],[66.52,49.41],[66.41,49.52],[66.29,49.88],[65.91,50.22],[65.89,50.38],[65.78,50.49],[65.52,50.51],[65.26,50.8],[64.94,50.8],[64.86,50.9],[64.36,50.9]],[[62.34,49.2],[62.86,49.2],[63.02,49.01],[63.38,48.99],[63.49,48.88],[63.5,48.64],[63.62,48.51],[63.88,48.49],[64.02,48.31],[64.18,48.29],[64.22,48.21],[64.38,48.19],[64.42,48.11],[64.58,48.09],[64.62,48.01],[64.78,47.99],[65.0,47.76],[65.0,47.24],[64.91,47.12],[65.42,46.61],[66.26,46.6],[66.34,46.5],[66.68,46.49],[66.82,46.31],[67.16,46.3],[67.24,46.4],[67.58,46.41],[67.82,46.69],[68.08,46.71],[68.32,46.99],[68.96,47.0],[69.02,46.91],[69.18,46.89],[69.32,46.71],[69.68,46.59],[69.79,46.48],[69.82,46.31],[70.26,46.3],[70.49,46.08],[70.51,45.92],[70.7,45.76],[70.6,45.66],[70.62,45.11],[70.88,45.11],[71.04,45.3],[71.14,45.2],[71.48,45.21],[71.5,45.46],[71.56,45.5],[71.72,45.31],[72.08,45.29],[72.22,45.11],[72.38,45.09],[72.49,44.98],[72.48,44.81],[72.12,44.79],[72.09,44.62],[71.86,44.4],[71.24,44.4],[71.18,44.49],[71.02,44.51],[70.88,44.69],[70.64,44.7],[70.56,44.8],[69.64,44.8],[69.48,44.61],[69.12,44.59],[69.08,44.51],[68.92,44.49],[68.78,44.31],[68.62,44.29],[68.56,44.2],[67.94,44.2],[67.86,44.3],[67.62,44.29],[67.61,43.92],[67.69,43.88],[67.71,43.72],[67.9,43.56],[67.9,43.04],[68.0,42.96],[67.99,42.42],[67.88,42.31],[67.72,42.29],[67.58,42.11],[67.42,42.09],[67.36,42.0],[67.22,42.01],[67.16,42.1],[66.62,42.09],[66.51,41.98],[66.5,41.84],[66.79,41.58],[66.79,41.42],[66.68,41.31],[66.34,41.3],[66.22,41.39],[65.98,41.11],[65.42,41.09],[65.38,41.01],[65.22,40.99],[64.91,40.68],[64.9,40.24],[65.09,40.08],[65.1,39.74],[65.01,39.68],[64.99,39.52],[64.91,39.48],[64.89,39.22],[64.71,39.08],[64.7,38.84],[64.61,38.78],[64.61,38.62],[64.92,38.31],[65.16,38.3],[65.22,38.21],[65.38,38.19],[65.41,38.02],[65.69,37.78],[65.72,37.61],[66.16,37.6],[66.22,37.51],[66.38,37.49],[66.44,37.4],[66.76,37.4],[66.84,37.5],[67.46,37.5],[67.52,37.41],[67.68,37.39],[67.84,37.2],[67.99,37.22],[68.02,37.39],[68.18,37.39],[68.21,37.22],[68.3,37.16],[68.21,37.08],[68.18,36.91],[67.34,36.9],[67.28,36.99],[67.04,37.0],[66.96,37.1],[66.64,37.1],[66.56,37.2],[65.94,37.2],[65.86,37.3],[64.64,37.3],[64.58,37.39],[64.42,37.41],[64.36,37.5],[64.26,37.4],[63.94,37.4],[63.86,37.5],[63.04,37.5],[62.98,37.41],[62.82,37.39],[62.58,37.11],[62.22,37.09],[62.18,37.01],[62.02,36.99],[61.98,36.91],[61.62,36.79],[61.46,36.6],[61.32,36.61],[61.26,36.7],[60.64,36.7],[60.56,36.6],[60.24,36.6],[60.19,36.88],[60.08,36.99],[59.92,37.01],[59.78,37.19],[59.62,37.21],[59.48,37.39],[59.32,37.41],[59.08,37.69],[58.92,37.71],[58.86,37.8],[58.62,37.81],[58.56,37.9],[58.32,37.91],[58.28,37.99],[58.12,38.01],[58.08,38.09],[57.92,38.11],[57.88,38.19],[57.62,38.21],[57.58,38.29],[57.42,38.31],[57.28,38.49],[57.02,38.51],[56.88,38.69],[56.64,38.7],[56.56,38.8],[56.34,38.8],[56.26,38.7],[55.52,38.69],[55.49,38.32],[55.36,38.2],[55.22,38.29],[55.11,38.18],[55.09,38.02],[55.01,37.98],[54.99,37.62],[54.62,37.49],[54.58,37.41],[54.34,37.4],[54.26,37.5],[53.92,37.51],[53.71,37.72],[53.69,37.88],[52.98,38.59],[52.82,38.61],[52.71,38.72],[52.69,38.88],[52.51,39.02],[52.5,39.36],[52.41,39.42],[52.39,39.68],[52.31,39.72],[52.29,39.88],[52.2,39.94],[52.19,40.28],[52.08,40.39],[51.64,40.4],[51.56,40.5],[51.04,40.5],[50.98,40.41],[50.72,40.39],[50.28,39.91],[50.11,39.92],[50.2,40.04],[50.21,40.28],[50.3,40.34],[50.31,40.58],[50.4,40.64],[50.39,40.78],[50.3,40.84],[50.29,41.18],[50.01,41.42],[49.99,41.58],[49.91,41.62],[49.9,41.86],[49.81,41.92],[49.79,42.18],[49.71,42.22],[49.69,42.38],[49.61,42.42],[49.59,42.68],[49.51,42.72],[49.49,42.88],[49.41,42.92],[49.29,43.28],[49.01,43.52],[48.99,43.68],[48.61,44.02],[48.59,44.18],[48.2,44.54],[48.2,44.86],[48.29,44.92],[48.31,45.08],[48.39,45.12],[48.41,45.38],[48.89,45.82],[48.91,45.98],[48.99,46.02],[49.01,46.78],[49.32,47.09],[49.56,47.1],[49.64,47.2],[51.16,47.2],[51.24,47.3],[51.56,47.3],[51.64,47.2],[51.86,47.2],[51.94,47.3],[52.36,47.3],[52.42,47.21],[52.66,47.2],[52.74,47.1],[52.88,47.11],[52.94,47.2],[54.16,47.2],[54.24,47.1],[54.58,47.09],[54.62,47.01],[54.78,46.99],[54.84,46.9],[54.94,47.0],[55.16,47.0],[55.32,46.81],[55.48,46.79],[55.52,46.71],[55.76,46.7],[55.84,46.6],[56.18,46.59],[56.2,46.24],[56.32,46.11],[56.48,46.09],[56.64,45.9],[57.16,45.9],[57.22,45.99],[57.38,46.01],[57.44,46.1],[58.16,46.1],[58.22,46.19],[58.38,46.21],[58.5,46.34],[58.41,46.42],[58.4,46.56],[58.54,46.7],[58.68,46.69],[58.74,46.6],[58.96,46.6],[59.04,46.7],[59.66,46.7],[59.74,46.8],[60.18,46.81],[60.22,46.89],[60.38,46.91],[60.44,47.0],[60.86,47.0],[60.92,47.09],[61.18,47.11],[61.21,47.38],[61.49,47.62],[61.61,47.98],[61.78,48.01],[61.89,48.12],[61.9,48.76],[61.99,48.82],[62.01,48.98],[62.12,49.09],[62.28,49.11],[62.34,49.2]],[[76.74,46.8],[77.18,46.79],[77.29,46.68],[77.29,46.52],[76.92,46.39],[76.86,46.3],[76.42,46.29],[76.31,46.18],[76.29,45.92],[76.11,45.78],[76.09,45.52],[75.71,45.18],[75.69,44.92],[75.58,44.81],[75.42,44.79],[75.38,44.71],[75.12,44.69],[75.06,44.6],[74.64,44.6],[74.58,44.69],[74.42,44.71],[74.38,44.79],[74.22,44.81],[74.18,44.89],[74.02,44.91],[73.78,45.19],[73.62,45.21],[73.31,45.52],[73.29,45.68],[73.21,45.72],[73.19,45.88],[73.1,45.94],[73.14,46.0],[73.48,46.01],[73.64,46.2],[73.98,46.21],[74.12,46.39],[74.28,46.41],[74.34,46.5],[74.66,46.5],[74.74,46.6],[74.89,46.58],[74.92,46.21],[75.26,46.2],[75.32,46.29],[75.58,46.31],[75.82,46.59],[76.16,46.6],[76.24,46.7],[76.66,46.7],[76.74,46.8]]]}},{"type":"Feature","properties":{"why":"semi_arid_climate","tier":1,"km2":1983879,"id":"semi-s22e025"},"geometry":{"type":"Polygon","coordinates":[[[12.86,-7.0],[12.8,-7.04],[12.8,-7.36],[12.89,-7.42],[12.91,-7.58],[13.0,-7.64],[13.01,-7.88],[13.09,-7.92],[13.11,-8.08],[13.19,-8.12],[13.21,-8.28],[13.3,-8.34],[13.3,-8.66],[13.01,-8.92],[13.0,-9.26],[13.09,-9.32],[13.1,-9.56],[13.19,-9.62],[13.21,-9.88],[13.29,-9.92],[13.31,-10.08],[13.39,-10.12],[13.51,-10.48],[13.69,-10.62],[13.7,-10.86],[13.8,-10.94],[13.8,-11.36],[13.7,-11.44],[13.7,-12.06],[13.61,-12.12],[13.59,-12.28],[13.51,-12.32],[13.49,-12.68],[13.11,-13.02],[13.09,-13.18],[12.91,-13.32],[12.89,-13.48],[12.81,-13.52],[12.8,-13.76],[12.7,-13.84],[12.71,-13.98],[12.8,-14.04],[12.8,-14.26],[12.71,-14.32],[12.7,-14.46],[12.8,-14.54],[12.8,-14.86],[12.89,-14.92],[12.91,-15.18],[13.09,-15.32],[13.1,-15.56],[13.2,-15.64],[13.2,-15.96],[13.11,-16.02],[13.09,-16.18],[13.0,-16.24],[13.1,-16.34],[13.11,-16.68],[13.36,-16.7],[13.42,-16.79],[13.58,-16.81],[13.62,-16.89],[13.78,-16.91],[14.2,-17.34],[14.18,-17.49],[13.84,-17.5],[13.78,-17.59],[13.52,-17.61],[13.41,-17.78],[13.54,-17.9],[14.36,-17.9],[14.44,-18.1],[14.58,-18.09],[14.64,-18.0],[14.78,-18.01],[15.02,-18.39],[15.18,-18.41],[15.22,-18.49],[15.38,-18.51],[15.42,-18.59],[15.66,-18.6],[15.74,-18.7],[16.06,-18.7],[16.12,-18.79],[16.29,-18.82],[16.31,-18.98],[16.4,-19.04],[16.39,-19.28],[16.18,-19.49],[16.02,-19.51],[15.8,-19.74],[15.81,-20.08],[16.16,-20.1],[16.3,-20.24],[16.19,-20.58],[16.11,-20.62],[16.09,-20.78],[15.91,-20.92],[15.9,-21.06],[16.02,-21.19],[16.26,-21.2],[16.39,-21.32],[16.4,-21.56],[16.49,-21.62],[16.5,-21.86],[16.62,-21.99],[16.99,-22.02],[16.99,-22.38],[16.6,-22.44],[16.61,-22.68],[16.69,-22.72],[16.71,-22.88],[16.82,-22.99],[17.38,-22.99],[17.5,-22.86],[17.51,-22.52],[17.64,-22.4],[17.96,-22.4],[18.02,-22.49],[18.18,-22.51],[18.24,-22.6],[18.36,-22.5],[18.42,-22.59],[18.58,-22.61],[18.64,-22.7],[18.88,-22.71],[19.02,-22.89],[19.16,-22.9],[19.32,-22.71],[19.48,-22.69],[19.82,-22.31],[19.98,-22.29],[20.12,-22.11],[20.36,-22.1],[20.44,-22.0],[21.16,-22.0],[21.32,-22.19],[21.48,-22.21],[21.59,-22.32],[21.61,-22.78],[21.69,-22.82],[21.81,-23.18],[22.09,-23.42],[22.11,-23.58],[22.19,-23.62],[22.21,-23.78],[22.29,-23.82],[22.31,-23.98],[22.39,-24.02],[22.41,-24.28],[22.59,-24.42],[22.61,-24.58],[22.78,-24.61],[22.84,-24.7],[23.08,-24.71],[23.12,-24.79],[23.28,-24.81],[23.4,-24.94],[23.3,-25.04],[23.4,-25.14],[23.4,-25.86],[23.59,-26.02],[23.6,-26.16],[23.42,-26.21],[23.21,-26.42],[23.19,-26.58],[23.01,-26.72],[23.0,-27.86],[22.71,-27.92],[22.71,-28.18],[22.98,-28.21],[23.09,-28.32],[23.11,-28.68],[23.19,-28.72],[23.21,-28.88],[23.42,-29.09],[23.48,-29.09],[23.62,-28.91],[23.88,-28.91],[23.91,-29.08],[24.0,-29.14],[23.91,-29.28],[24.28,-29.41],[24.4,-29.54],[24.39,-29.78],[24.11,-30.02],[24.09,-30.18],[24.01,-30.22],[24.0,-30.56],[23.91,-30.62],[23.89,-30.78],[23.71,-30.82],[23.7,-31.06],[23.79,-31.12],[23.79,-31.28],[23.5,-31.54],[23.52,-31.59],[23.7,-31.64],[23.69,-31.88],[23.5,-32.04],[23.6,-32.14],[23.5,-32.24],[23.6,-32.34],[23.5,-32.46],[23.68,-32.51],[23.71,-32.68],[23.8,-32.76],[23.38,-33.19],[23.22,-33.21],[23.16,-33.3],[22.64,-33.3],[22.56,-33.2],[22.04,-33.2],[21.96,-33.3],[21.44,-33.3],[21.38,-33.21],[21.14,-33.2],[20.96,-33.4],[20.82,-33.39],[20.78,-33.31],[20.62,-33.29],[20.56,-33.2],[20.24,-33.2],[20.18,-33.29],[20.02,-33.29],[19.81,-33.08],[19.79,-32.92],[19.7,-32.86],[19.69,-32.62],[19.61,-32.58],[19.59,-32.42],[19.5,-32.36],[19.5,-31.84],[19.6,-31.76],[19.59,-31.32],[19.16,-30.9],[19.02,-30.91],[18.71,-31.22],[18.69,-31.38],[18.6,-31.44],[18.59,-31.68],[18.48,-31.79],[18.31,-31.82],[18.29,-32.58],[18.18,-32.69],[17.92,-32.71],[17.81,-32.82],[17.81,-32.98],[17.94,-33.1],[18.38,-33.09],[18.59,-32.88],[18.62,-32.61],[18.74,-32.7],[18.98,-32.69],[19.01,-32.32],[19.18,-32.31],[19.29,-32.42],[19.31,-32.58],[19.39,-32.62],[19.41,-32.88],[19.6,-33.04],[19.6,-33.36],[19.7,-33.44],[19.7,-33.76],[19.61,-33.82],[19.6,-34.06],[19.7,-34.14],[19.71,-34.48],[19.79,-34.52],[19.81,-34.68],[19.94,-34.8],[20.16,-34.8],[20.22,-34.71],[20.38,-34.69],[20.64,-34.4],[21.88,-34.39],[21.92,-34.31],[22.08,-34.29],[22.11,-34.12],[22.19,-34.08],[22.1,-33.96],[22.12,-33.81],[22.56,-33.8],[22.62,-33.71],[22.78,-33.69],[22.82,-33.61],[23.36,-33.6],[23.44,-33.5],[24.26,-33.5],[24.34,-33.6],[24.48,-33.59],[24.54,-33.5],[24.96,-33.5],[25.02,-33.59],[25.28,-33.61],[25.31,-33.78],[25.42,-33.89],[25.78,-33.89],[25.82,-33.81],[25.99,-33.78],[26.0,-33.44],[26.1,-33.36],[26.01,-33.22],[26.14,-33.1],[26.58,-33.09],[26.61,-32.82],[26.7,-32.76],[26.69,-32.62],[26.48,-32.41],[26.31,-32.38],[26.32,-32.21],[26.56,-32.2],[26.62,-32.29],[26.76,-32.3],[26.84,-32.2],[27.6,-32.16],[27.41,-31.98],[27.38,-31.51],[27.24,-31.5],[27.18,-31.59],[27.04,-31.6],[26.96,-31.5],[26.3,-31.46],[26.39,-31.38],[26.41,-31.22],[26.62,-31.01],[26.99,-30.98],[27.0,-30.64],[26.91,-30.58],[26.89,-30.42],[26.8,-30.34],[26.9,-30.26],[26.91,-29.92],[27.19,-29.68],[27.2,-29.44],[26.9,-29.14],[27.39,-28.68],[27.41,-28.52],[27.69,-28.28],[27.5,-28.04],[27.69,-27.88],[27.7,-27.74],[27.61,-27.68],[27.6,-27.54],[27.8,-27.36],[27.79,-27.02],[27.41,-26.78],[27.39,-26.52],[27.21,-26.38],[27.19,-26.22],[26.98,-26.01],[26.72,-25.99],[26.61,-25.82],[26.72,-25.71],[26.96,-25.7],[27.04,-25.8],[27.56,-25.8],[27.62,-25.89],[27.76,-25.9],[27.92,-25.71],[28.08,-25.69],[28.12,-25.61],[28.46,-25.6],[28.52,-25.51],[28.68,-25.49],[28.84,-25.3],[28.98,-25.31],[29.14,-25.5],[29.46,-25.5],[29.59,-25.38],[29.6,-24.94],[29.72,-24.81],[29.89,-24.92],[29.92,-25.09],[30.06,-25.1],[30.32,-24.81],[30.49,-24.78],[30.51,-24.62],[30.62,-24.51],[30.98,-24.51],[31.2,-24.74],[31.21,-25.38],[31.39,-25.52],[31.42,-25.69],[31.6,-25.74],[31.6,-26.26],[31.5,-26.34],[31.5,-27.16],[31.4,-27.24],[31.41,-27.48],[31.72,-27.79],[32.36,-27.8],[32.49,-27.68],[32.5,-27.24],[32.59,-27.18],[32.6,-26.94],[32.7,-26.86],[32.69,-26.72],[32.6,-26.66],[32.7,-26.34],[32.51,-26.18],[32.49,-26.02],[32.4,-25.96],[32.4,-25.44],[32.49,-25.38],[32.51,-25.22],[32.69,-25.08],[32.71,-24.92],[32.82,-24.81],[32.98,-24.79],[33.04,-24.7],[33.28,-24.69],[33.34,-24.6],[33.58,-24.59],[33.72,-24.41],[33.88,-24.39],[33.92,-24.31],[34.08,-24.29],[34.12,-24.21],[34.28,-24.19],[34.32,-24.11],[34.48,-24.09],[34.8,-23.76],[34.8,-23.44],[34.71,-23.38],[34.7,-23.04],[34.6,-22.96],[34.6,-22.04],[34.21,-21.68],[34.2,-21.44],[34.11,-21.38],[34.09,-21.22],[33.92,-21.19],[33.86,-21.1],[33.72,-21.11],[33.56,-21.3],[33.34,-21.3],[33.28,-21.21],[33.02,-21.19],[33.0,-20.94],[32.91,-20.88],[32.89,-20.72],[32.51,-20.68],[32.4,-20.34],[32.49,-20.28],[32.5,-19.84],[32.59,-19.78],[32.7,-19.44],[32.61,-19.38],[32.59,-19.22],[32.38,-19.01],[32.22,-18.99],[32.16,-18.9],[31.84,-18.9],[31.51,-19.22],[31.49,-19.48],[31.3,-19.66],[31.7,-20.04],[31.7,-20.36],[31.56,-20.5],[31.42,-20.49],[31.36,-20.4],[31.22,-20.41],[31.16,-20.5],[30.94,-20.5],[30.81,-20.38],[30.81,-20.12],[31.0,-19.94],[30.58,-19.51],[30.42,-19.51],[30.18,-19.79],[29.94,-19.8],[29.86,-19.9],[29.72,-19.89],[29.61,-19.78],[29.61,-19.62],[29.7,-19.56],[29.71,-19.32],[29.98,-19.29],[30.19,-19.08],[30.3,-18.74],[29.91,-18.38],[29.89,-18.12],[29.78,-18.01],[29.61,-17.98],[29.59,-17.82],[29.5,-17.76],[29.52,-17.71],[29.7,-17.66],[29.61,-17.58],[29.59,-17.42],[29.42,-17.39],[29.11,-17.08],[29.11,-16.72],[29.3,-16.54],[29.18,-16.41],[29.01,-16.38],[29.01,-16.22],[29.66,-16.2],[29.76,-16.1],[30.04,-16.4],[31.36,-16.4],[31.42,-16.49],[31.68,-16.51],[31.6,-16.76],[31.69,-16.82],[31.71,-16.98],[31.82,-17.09],[32.08,-17.11],[32.12,-17.19],[32.28,-17.21],[32.34,-17.3],[32.58,-17.31],[32.74,-17.5],[32.9,-17.36],[32.9,-16.94],[32.61,-16.68],[32.64,-16.5],[32.88,-16.51],[32.99,-16.62],[33.01,-16.78],[33.09,-16.82],[33.11,-16.98],[33.28,-17.01],[33.32,-17.09],[33.48,-17.09],[33.62,-16.91],[33.86,-16.9],[34.32,-17.39],[34.76,-17.4],[34.84,-17.5],[35.28,-17.49],[35.29,-17.42],[35.01,-17.18],[34.99,-16.92],[34.8,-16.76],[34.99,-16.58],[34.99,-16.42],[34.74,-16.4],[34.66,-16.5],[34.32,-16.49],[34.28,-16.21],[34.12,-16.19],[33.88,-15.91],[33.72,-15.91],[33.64,-16.0],[33.48,-15.81],[33.22,-15.79],[33.16,-15.6],[32.92,-15.61],[32.8,-15.74],[32.81,-15.88],[32.9,-15.94],[32.89,-16.08],[32.62,-16.11],[32.44,-16.3],[32.41,-16.12],[32.49,-16.08],[32.51,-15.92],[32.7,-15.76],[32.48,-15.51],[32.34,-15.5],[32.28,-15.59],[32.12,-15.61],[32.09,-15.88],[31.94,-16.0],[31.78,-15.81],[31.44,-15.8],[31.36,-15.7],[31.02,-15.69],[30.88,-15.51],[30.72,-15.49],[30.51,-15.28],[30.49,-15.12],[30.34,-15.0],[30.11,-15.22],[30.08,-15.59],[29.96,-15.5],[29.74,-15.5],[29.68,-15.59],[29.44,-15.6],[29.38,-15.69],[29.22,-15.71],[29.16,-15.8],[28.62,-15.81],[28.51,-15.92],[28.49,-16.08],[28.18,-16.39],[28.02,-16.41],[27.99,-16.58],[27.81,-16.72],[27.9,-16.84],[27.88,-17.19],[27.52,-17.21],[27.38,-17.39],[27.12,-17.41],[26.88,-17.69],[26.64,-17.7],[26.46,-17.5],[26.32,-17.51],[26.26,-17.6],[25.92,-17.59],[25.81,-17.48],[25.79,-17.32],[25.7,-17.26],[25.7,-16.94],[25.79,-16.82],[25.58,-16.61],[25.42,-16.59],[25.36,-16.5],[25.26,-16.6],[25.12,-16.51],[24.96,-16.7],[24.64,-16.7],[24.56,-16.6],[24.24,-16.6],[24.18,-16.69],[24.04,-16.7],[23.98,-16.61],[23.84,-16.6],[23.78,-16.69],[23.61,-16.72],[23.58,-16.89],[23.44,-16.9],[23.36,-16.8],[22.54,-16.8],[22.46,-16.7],[21.94,-16.7],[21.88,-16.61],[21.72,-16.59],[21.68,-16.51],[21.34,-16.5],[21.26,-16.4],[20.94,-16.4],[20.86,-16.3],[20.54,-16.3],[20.48,-16.39],[20.22,-16.41],[20.16,-16.5],[19.84,-16.5],[19.76,-16.4],[19.44,-16.4],[19.38,-16.31],[19.22,-16.29],[19.16,-16.2],[18.82,-16.21],[18.66,-16.4],[18.46,-16.2],[18.32,-16.21],[18.26,-16.3],[18.04,-16.3],[17.98,-16.21],[17.82,-16.19],[17.66,-16.0],[17.52,-16.01],[17.44,-16.1],[17.38,-16.01],[16.94,-16.0],[16.86,-15.9],[16.24,-15.9],[16.16,-15.8],[15.44,-15.8],[15.28,-15.61],[15.12,-15.59],[15.06,-15.5],[14.72,-15.61],[14.58,-15.79],[14.42,-15.81],[14.38,-15.89],[14.22,-15.89],[13.98,-15.61],[13.82,-15.59],[13.78,-15.51],[13.62,-15.49],[13.56,-15.4],[13.32,-15.39],[13.21,-15.28],[13.2,-14.64],[13.29,-14.58],[13.31,-14.42],[13.39,-14.38],[13.4,-14.04],[13.21,-13.88],[13.2,-13.74],[13.48,-13.69],[13.51,-13.52],[13.6,-13.46],[13.6,-13.24],[13.5,-13.14],[13.59,-13.08],[13.61,-12.92],[13.7,-12.86],[13.71,-12.62],[13.79,-12.58],[13.81,-12.42],[13.9,-12.36],[13.9,-11.84],[14.0,-11.76],[14.01,-11.42],[14.2,-11.26],[14.19,-11.12],[14.1,-11.06],[14.09,-10.82],[14.0,-10.76],[14.0,-9.94],[14.18,-9.89],[14.22,-9.81],[14.38,-9.79],[14.4,-9.64],[14.28,-9.51],[13.94,-9.5],[13.81,-9.38],[13.81,-9.32],[13.89,-9.28],[13.91,-9.12],[13.99,-9.08],[14.0,-8.84],[13.91,-8.78],[13.9,-8.54],[13.81,-8.48],[13.79,-8.32],[13.71,-8.28],[13.7,-8.04],[13.61,-7.98],[13.59,-7.72],[13.42,-7.69],[13.11,-7.38],[13.09,-7.22],[12.86,-7.0]],[[24.24,-20.6],[24.38,-20.61],[24.41,-20.78],[24.54,-20.9],[25.16,-20.9],[25.28,-20.81],[25.59,-21.12],[25.58,-21.49],[25.42,-21.49],[25.36,-21.4],[24.94,-21.4],[24.8,-21.54],[24.81,-21.68],[24.92,-21.79],[25.09,-21.82],[25.11,-21.98],[25.19,-22.02],[25.21,-22.18],[25.29,-22.22],[25.31,-22.38],[25.4,-22.44],[25.39,-22.78],[25.18,-22.99],[24.82,-22.99],[24.51,-22.68],[24.51,-22.42],[24.59,-22.38],[24.61,-22.22],[24.7,-22.16],[24.58,-22.01],[24.52,-22.01],[24.48,-22.09],[24.34,-22.1],[24.28,-22.01],[24.12,-21.99],[24.08,-21.91],[23.92,-21.89],[23.88,-21.81],[23.54,-21.8],[23.46,-21.7],[22.94,-21.7],[22.81,-21.58],[22.84,-21.3],[23.26,-21.3],[23.42,-21.49],[23.86,-21.5],[24.02,-21.31],[24.18,-21.29],[24.24,-20.6]],[[29.04,-21.5],[29.36,-21.5],[29.44,-21.6],[29.66,-21.6],[29.72,-21.69],[29.98,-21.71],[30.19,-21.92],[30.19,-22.18],[30.06,-22.3],[29.62,-22.31],[29.38,-22.59],[29.12,-22.61],[29.09,-22.88],[28.88,-23.09],[28.72,-23.09],[28.46,-22.8],[28.38,-22.89],[28.22,-22.91],[28.16,-23.0],[27.82,-22.99],[27.8,-22.74],[27.89,-22.68],[27.91,-22.52],[28.29,-22.18],[28.29,-22.12],[28.21,-22.08],[28.21,-21.92],[28.34,-21.8],[28.42,-21.89],[28.56,-21.9],[28.62,-21.81],[28.78,-21.79],[29.04,-21.5]]]}},{"type":"Feature","properties":{"why":"arid_climate","tier":1,"km2":1802640,"id":"arid-n30e063"},"geometry":{"type":"Polygon","coordinates":[[[56.36,37.0],[56.18,36.81],[56.02,36.79],[55.96,36.7],[55.64,36.7],[55.56,36.6],[55.24,36.6],[55.18,36.51],[54.94,36.5],[54.88,36.41],[54.72,36.39],[54.66,36.3],[54.12,36.29],[53.81,35.98],[53.79,35.82],[53.68,35.71],[53.32,35.69],[53.28,35.61],[53.12,35.59],[53.08,35.51],[52.92,35.49],[52.88,35.41],[52.72,35.39],[52.68,35.31],[52.34,35.3],[52.26,35.4],[51.62,35.39],[51.58,35.31],[51.42,35.29],[51.38,35.21],[51.22,35.19],[51.18,35.11],[50.92,35.09],[50.81,34.98],[50.79,34.82],[50.7,34.76],[50.71,34.52],[50.82,34.41],[50.98,34.39],[51.19,34.18],[51.21,34.02],[51.52,33.71],[51.68,33.69],[51.89,33.48],[51.91,33.32],[52.08,33.29],[52.3,33.06],[52.26,33.0],[51.94,33.0],[51.78,33.19],[51.52,33.19],[51.4,33.06],[51.41,32.52],[51.82,32.11],[51.98,32.09],[52.39,31.68],[52.41,31.52],[52.62,31.31],[52.78,31.29],[52.89,31.18],[52.91,31.02],[53.02,30.91],[53.68,30.69],[53.89,30.48],[53.91,30.32],[54.29,30.08],[54.32,29.71],[54.48,29.71],[54.54,29.8],[54.78,29.79],[54.81,29.52],[55.18,29.39],[55.21,29.22],[55.3,29.16],[55.18,29.01],[55.04,29.0],[54.88,29.19],[54.74,29.2],[54.7,29.04],[54.92,28.81],[55.16,28.8],[55.29,28.68],[55.3,28.44],[55.39,28.38],[55.38,28.31],[54.92,28.29],[54.78,28.11],[54.52,28.09],[54.36,27.9],[54.26,28.0],[54.16,27.9],[54.04,28.0],[53.96,27.9],[53.42,27.89],[53.38,27.81],[53.21,27.78],[53.19,27.62],[53.1,27.56],[53.29,27.38],[53.26,27.3],[53.02,27.31],[52.98,27.39],[52.82,27.41],[52.76,27.5],[52.51,27.48],[52.51,27.32],[52.62,27.21],[52.78,27.19],[52.82,27.11],[52.98,27.09],[53.19,26.88],[53.22,26.71],[53.46,26.7],[53.54,26.6],[53.68,26.61],[53.74,26.7],[53.88,26.69],[53.94,26.6],[54.26,26.7],[54.54,26.4],[54.64,26.5],[54.98,26.51],[55.04,26.6],[55.26,26.6],[55.32,26.51],[55.56,26.5],[55.64,26.6],[55.98,26.61],[56.19,26.82],[56.22,26.99],[56.38,27.01],[56.44,27.1],[56.66,27.1],[56.99,26.78],[57.0,26.34],[57.09,26.28],[57.11,26.02],[57.19,25.98],[57.21,25.82],[57.32,25.71],[57.66,25.7],[57.72,25.61],[57.96,25.6],[58.04,25.5],[58.86,25.5],[58.94,25.4],[59.46,25.4],[59.54,25.3],[60.66,25.3],[60.72,25.21],[60.98,25.19],[61.02,25.11],[61.18,25.09],[61.24,25.0],[61.46,25.0],[61.54,25.1],[61.86,25.0],[61.94,25.1],[62.46,25.1],[62.54,25.2],[63.46,25.2],[63.54,25.3],[64.16,25.3],[64.22,25.21],[64.46,25.2],[64.56,25.1],[64.62,25.19],[64.78,25.21],[64.84,25.3],[65.76,25.3],[65.84,25.4],[66.46,25.4],[66.7,25.16],[66.69,25.02],[66.61,24.98],[66.61,24.92],[66.72,24.81],[66.98,24.79],[67.19,24.58],[67.21,24.42],[67.3,24.36],[67.31,24.02],[67.52,23.81],[67.88,23.79],[67.92,23.71],[68.08,23.69],[68.24,23.5],[68.48,23.51],[68.72,23.79],[68.86,23.8],[68.99,23.68],[69.01,23.52],[69.12,23.41],[69.28,23.39],[69.32,23.31],[69.48,23.29],[69.52,23.21],[69.66,23.2],[69.72,23.29],[69.86,23.3],[69.92,23.21],[70.16,23.2],[70.32,23.39],[70.49,23.42],[70.71,24.08],[71.02,24.39],[71.18,24.41],[71.42,24.69],[71.58,24.71],[71.92,25.09],[72.18,25.11],[72.22,25.19],[72.58,25.31],[72.79,25.52],[72.81,25.68],[72.89,25.72],[72.91,25.88],[72.99,25.92],[73.11,26.28],[73.29,26.42],[73.31,26.58],[73.42,26.69],[73.66,26.7],[73.72,26.79],[73.98,26.81],[74.09,26.92],[74.11,27.08],[74.29,27.12],[74.3,27.36],[74.2,27.46],[74.49,27.72],[74.5,27.96],[74.59,28.02],[74.61,28.18],[74.82,28.39],[75.18,28.51],[75.39,28.72],[75.39,29.38],[75.18,29.59],[75.02,29.61],[74.78,29.89],[74.62,29.91],[74.41,30.12],[74.39,30.58],[74.31,30.62],[74.29,30.78],[74.08,30.99],[73.82,31.01],[73.78,31.09],[73.62,31.11],[73.58,31.19],[73.42,31.21],[73.36,31.3],[73.12,31.31],[73.01,31.42],[72.99,31.68],[72.88,31.79],[72.72,31.81],[72.48,32.09],[72.32,32.11],[72.26,32.2],[71.84,32.2],[71.78,32.29],[71.62,32.31],[71.56,32.4],[71.22,32.39],[71.06,32.2],[70.92,32.21],[70.86,32.3],[70.64,32.3],[70.56,32.2],[70.22,32.19],[70.1,32.06],[70.11,31.92],[70.2,31.86],[70.2,31.64],[70.1,31.56],[70.09,30.82],[70.02,30.81],[69.84,31.0],[69.79,30.82],[69.66,30.7],[69.42,30.71],[69.3,30.84],[69.3,31.06],[69.39,31.12],[69.41,31.28],[69.49,31.32],[69.48,31.49],[69.32,31.49],[69.28,31.41],[69.12,31.39],[69.06,31.3],[68.84,31.3],[68.8,31.36],[68.89,31.42],[68.9,31.66],[68.78,31.79],[68.44,31.8],[68.38,31.71],[68.22,31.69],[68.21,31.42],[68.32,31.31],[68.49,31.28],[68.49,31.12],[68.22,31.09],[68.16,31.0],[67.92,30.99],[67.81,30.88],[67.8,30.74],[68.09,30.68],[68.11,30.52],[68.3,30.36],[68.29,30.02],[68.14,30.0],[68.08,30.09],[67.94,30.1],[67.88,30.01],[67.74,30.0],[67.56,30.2],[67.34,30.2],[67.28,30.11],[67.12,30.11],[67.0,30.24],[67.01,30.38],[67.1,30.44],[67.09,30.68],[66.64,30.7],[66.48,30.51],[66.42,30.51],[66.4,30.76],[66.5,30.84],[66.49,31.08],[66.38,31.19],[66.22,31.21],[65.98,31.59],[65.74,31.6],[65.66,31.7],[65.32,31.71],[65.21,31.82],[65.19,32.08],[65.1,32.14],[65.2,32.24],[65.18,32.39],[64.34,32.4],[64.26,32.3],[64.02,32.31],[63.98,32.39],[63.82,32.41],[63.78,32.49],[63.52,32.51],[63.08,32.99],[62.82,33.01],[62.68,33.19],[62.42,33.21],[62.26,33.4],[62.04,33.4],[61.92,33.31],[61.88,33.39],[61.72,33.41],[61.58,33.59],[61.22,33.71],[61.11,33.82],[61.1,34.06],[60.98,34.19],[60.74,34.2],[60.66,34.3],[60.34,34.3],[60.28,34.39],[60.04,34.4],[59.94,34.5],[59.81,34.38],[59.8,34.14],[59.74,34.1],[59.28,34.59],[58.92,34.71],[58.68,34.99],[58.52,35.01],[58.48,35.09],[58.34,35.0],[58.28,35.09],[58.12,35.11],[58.08,35.19],[57.92,35.21],[57.86,35.3],[57.64,35.3],[57.56,35.2],[57.24,35.2],[57.08,35.39],[56.72,35.41],[56.51,35.62],[56.52,35.69],[56.68,35.71],[56.84,35.9],[57.36,35.9],[57.42,35.99],[57.6,36.04],[57.48,36.19],[57.32,36.21],[57.28,36.29],[56.82,36.31],[56.6,36.54],[56.72,36.69],[56.88,36.71],[56.94,36.8],[57.16,36.8],[57.21,36.62],[57.38,36.59],[57.44,36.5],[57.86,36.5],[57.9,36.56],[57.78,36.69],[57.42,36.81],[57.36,36.9],[57.04,36.9],[56.96,37.0],[56.36,37.0]],[[58.14,34.5],[58.78,34.49],[58.92,34.31],[59.08,34.29],[59.22,34.11],[59.38,34.09],[59.49,33.98],[59.52,33.81],[59.88,33.79],[60.09,33.58],[60.11,33.42],[60.29,33.28],[60.3,33.04],[60.12,32.99],[60.01,32.88],[59.99,32.62],[59.78,32.41],[59.54,32.4],[59.38,32.59],[59.12,32.61],[59.09,32.78],[58.98,32.89],[58.81,32.92],[58.81,33.08],[58.99,33.22],[58.99,33.28],[58.78,33.49],[58.62,33.51],[58.41,33.72],[58.39,33.88],[58.21,34.02],[58.19,34.18],[58.01,34.32],[58.14,34.5]],[[55.74,30.2],[55.88,30.19],[55.94,30.1],[56.28,30.09],[56.42,29.91],[56.66,29.9],[56.74,29.8],[56.98,29.81],[57.12,29.99],[57.28,29.99],[57.39,29.88],[57.4,29.54],[57.49,29.48],[57.51,29.32],[57.69,29.18],[57.69,29.02],[57.56,28.9],[57.22,29.01],[57.06,29.2],[56.91,29.08],[56.91,29.02],[56.99,28.98],[57.01,28.82],[57.29,28.58],[57.3,28.34],[57.12,28.29],[56.81,27.98],[56.78,27.71],[56.7,27.74],[56.69,28.08],[56.6,28.14],[56.69,28.22],[56.69,28.38],[56.48,28.59],[56.24,28.6],[56.18,28.69],[56.01,28.72],[56.0,29.06],[55.9,29.14],[55.89,29.48],[55.72,29.51],[55.51,29.72],[55.51,29.98],[55.74,30.2]]]}},{"type":"Feature","properties":{"why":"arid_climate","tier":1,"km2":1492594,"id":"arid-n43e059"},"geometry":{"type":"Polygon","coordinates":[[[62.36,49.2],[62.01,48.98],[61.99,48.82],[61.9,48.76],[61.89,48.12],[61.78,48.01],[61.61,47.98],[61.49,47.62],[61.21,47.38],[61.18,47.11],[60.94,47.1],[60.86,47.0],[60.44,47.0],[60.38,46.91],[60.22,46.89],[60.18,46.81],[59.74,46.8],[59.66,46.7],[59.04,46.7],[58.96,46.6],[58.74,46.6],[58.68,46.69],[58.54,46.7],[58.4,46.56],[58.41,46.42],[58.5,46.34],[58.38,46.21],[58.22,46.19],[58.16,46.1],[57.44,46.1],[57.38,46.01],[57.22,45.99],[57.16,45.9],[56.64,45.9],[56.48,46.09],[56.32,46.11],[56.2,46.24],[56.18,46.59],[55.84,46.6],[55.78,46.69],[55.52,46.71],[55.48,46.79],[55.32,46.81],[55.16,47.0],[54.94,47.0],[54.84,46.9],[54.78,46.99],[54.62,47.01],[54.58,47.09],[54.24,47.1],[54.16,47.2],[52.94,47.2],[52.88,47.11],[52.74,47.1],[52.68,47.19],[52.44,47.2],[52.36,47.3],[51.94,47.3],[51.86,47.2],[51.64,47.2],[51.56,47.3],[51.24,47.3],[51.16,47.2],[49.64,47.2],[49.58,47.11],[49.32,47.09],[49.01,46.78],[48.99,46.02],[48.91,45.98],[48.89,45.82],[48.41,45.38],[48.39,45.12],[48.31,45.08],[48.29,44.92],[48.2,44.86],[48.2,44.54],[48.59,44.18],[48.61,44.02],[48.99,43.68],[49.01,43.52],[49.29,43.28],[49.31,43.12],[49.39,43.08],[49.41,42.92],[49.49,42.88],[49.51,42.72],[49.59,42.68],[49.61,42.42],[49.69,42.38],[49.71,42.22],[49.79,42.18],[49.8,41.94],[49.9,41.86],[49.91,41.62],[49.99,41.58],[50.01,41.42],[50.29,41.18],[50.3,40.84],[50.39,40.78],[50.4,40.64],[50.31,40.58],[50.3,40.34],[50.21,40.28],[50.2,40.04],[50.11,39.92],[50.28,39.91],[50.72,40.39],[50.96,40.4],[51.04,40.5],[51.56,40.5],[51.64,40.4],[52.08,40.39],[52.19,40.28],[52.2,39.94],[52.29,39.88],[52.31,39.72],[52.39,39.68],[52.41,39.42],[52.5,39.36],[52.51,39.02],[52.69,38.88],[52.71,38.72],[52.82,38.61],[52.98,38.59],[53.69,37.88],[53.71,37.72],[53.92,37.51],[54.26,37.5],[54.34,37.4],[54.56,37.4],[54.62,37.49],[54.99,37.62],[55.01,37.98],[55.09,38.02],[55.11,38.18],[55.22,38.29],[55.36,38.2],[55.49,38.32],[55.52,38.69],[56.26,38.7],[56.32,38.79],[56.56,38.8],[56.62,38.71],[56.86,38.7],[56.92,38.61],[57.08,38.59],[57.12,38.51],[57.28,38.49],[57.42,38.31],[57.58,38.29],[57.62,38.21],[57.88,38.19],[57.92,38.11],[58.28,37.99],[58.32,37.91],[58.56,37.9],[58.62,37.81],[58.86,37.8],[58.92,37.71],[59.08,37.69],[59.32,37.41],[59.48,37.39],[59.62,37.21],[59.78,37.19],[59.92,37.01],[60.08,36.99],[60.19,36.88],[60.24,36.6],[60.56,36.6],[60.64,36.7],[61.26,36.7],[61.32,36.61],[61.46,36.6],[61.62,36.79],[61.78,36.81],[61.82,36.89],[61.98,36.91],[62.02,36.99],[62.18,37.01],[62.22,37.09],[62.58,37.11],[62.82,37.39],[62.98,37.41],[63.04,37.5],[63.86,37.5],[63.94,37.4],[64.26,37.4],[64.36,37.5],[64.42,37.41],[64.58,37.39],[64.64,37.3],[65.86,37.3],[65.94,37.2],[66.56,37.2],[66.64,37.1],[66.96,37.1],[67.02,37.01],[67.26,37.0],[67.34,36.9],[68.18,36.91],[68.21,37.08],[68.3,37.14],[68.21,37.22],[68.18,37.39],[68.02,37.39],[67.99,37.22],[67.84,37.2],[67.68,37.39],[67.52,37.41],[67.46,37.5],[66.84,37.5],[66.76,37.4],[66.44,37.4],[66.38,37.49],[66.22,37.51],[66.16,37.6],[65.72,37.61],[65.69,37.78],[65.41,38.02],[65.38,38.19],[65.22,38.21],[65.16,38.3],[64.92,38.31],[64.61,38.62],[64.61,38.78],[64.7,38.84],[64.71,39.08],[64.89,39.22],[64.91,39.48],[64.99,39.52],[65.01,39.68],[65.1,39.74],[65.09,40.08],[64.9,40.24],[64.91,40.68],[65.22,40.99],[65.38,41.01],[65.42,41.09],[65.98,41.11],[66.22,41.39],[66.34,41.3],[66.68,41.31],[66.79,41.42],[66.8,41.56],[66.51,41.82],[66.51,41.98],[66.62,42.09],[67.16,42.1],[67.22,42.01],[67.36,42.0],[67.42,42.09],[67.58,42.11],[67.72,42.29],[67.88,42.31],[67.99,42.42],[68.0,42.96],[67.9,43.04],[67.9,43.56],[67.71,43.72],[67.69,43.88],[67.61,43.92],[67.62,44.29],[67.86,44.3],[67.94,44.2],[68.56,44.2],[68.62,44.29],[68.78,44.31],[68.92,44.49],[69.08,44.51],[69.12,44.59],[69.48,44.61],[69.64,44.8],[70.56,44.8],[70.62,44.71],[70.88,44.69],[71.02,44.51],[71.18,44.49],[71.24,44.4],[71.86,44.4],[72.09,44.62],[72.12,44.79],[72.48,44.81],[72.49,44.98],[72.38,45.09],[72.22,45.11],[72.08,45.29],[71.72,45.31],[71.56,45.5],[71.5,45.46],[71.48,45.21],[71.14,45.2],[71.04,45.3],[70.88,45.11],[70.62,45.11],[70.6,45.66],[70.7,45.76],[70.51,45.92],[70.49,46.08],[70.28,46.29],[69.82,46.31],[69.79,46.48],[69.68,46.59],[69.32,46.71],[69.18,46.89],[69.02,46.91],[68.96,47.0],[68.32,46.99],[68.08,46.71],[67.82,46.69],[67.58,46.41],[67.24,46.4],[67.16,46.3],[66.84,46.3],[66.68,46.49],[66.34,46.5],[66.26,46.6],[65.42,46.61],[64.91,47.12],[65.0,47.24],[65.0,47.76],[64.78,47.99],[64.62,48.01],[64.58,48.09],[64.42,48.11],[64.38,48.19],[64.02,48.31],[63.88,48.49],[63.62,48.51],[63.51,48.62],[63.49,48.88],[63.38,48.99],[63.02,49.01],[62.86,49.2],[62.36,49.2]]]}},{"type":"Feature","properties":{"why":"arid_climate","tier":1,"km2":1049026,"id":"arid-s26e018"},"geometry":{"type":"Polygon","coordinates":[[[13.26,-12.5],[12.91,-12.82],[12.89,-12.98],[12.51,-13.32],[12.5,-13.76],[12.41,-13.82],[12.39,-13.98],[12.3,-14.04],[12.3,-14.56],[12.21,-14.62],[12.2,-14.86],[12.11,-14.92],[12.09,-15.18],[12.0,-15.24],[12.0,-15.56],[11.7,-15.84],[11.7,-16.16],[11.8,-16.24],[11.79,-16.38],[11.71,-16.42],[11.69,-16.58],[11.6,-16.64],[11.7,-16.74],[11.7,-17.86],[11.79,-17.92],[11.8,-18.16],[11.89,-18.22],[11.91,-18.38],[11.99,-18.42],[12.01,-18.58],[12.39,-18.92],[12.41,-19.08],[12.59,-19.22],[12.61,-19.38],[12.69,-19.42],[12.71,-19.58],[12.79,-19.62],[12.81,-19.78],[12.89,-19.82],[12.91,-19.98],[12.99,-20.02],[13.01,-20.18],[13.19,-20.32],[13.2,-20.56],[13.29,-20.62],[13.31,-20.88],[13.49,-21.02],[13.51,-21.18],[13.69,-21.32],[13.71,-21.48],[13.79,-21.52],[13.91,-21.88],[14.39,-22.32],[14.4,-22.56],[14.5,-22.64],[14.49,-22.78],[14.4,-22.84],[14.4,-23.56],[14.5,-23.64],[14.5,-23.86],[14.41,-23.92],[14.4,-24.16],[14.5,-24.24],[14.51,-24.58],[14.69,-24.72],[14.7,-24.96],[14.8,-25.04],[14.8,-25.86],[14.9,-25.94],[14.9,-26.36],[15.0,-26.44],[15.0,-26.76],[15.09,-26.82],[15.1,-27.06],[15.19,-27.12],[15.21,-27.38],[15.39,-27.52],[15.41,-27.68],[15.59,-27.82],[15.61,-27.98],[16.22,-28.59],[16.38,-28.61],[16.49,-28.72],[16.51,-28.88],[16.79,-29.12],[16.81,-29.38],[16.89,-29.42],[16.91,-29.58],[16.99,-29.62],[17.0,-29.86],[17.09,-29.92],[17.11,-30.18],[17.19,-30.22],[17.21,-30.38],[17.29,-30.42],[17.41,-30.78],[17.59,-30.92],[17.61,-31.08],[17.79,-31.22],[17.81,-31.38],[18.09,-31.62],[18.11,-31.78],[18.22,-31.89],[18.28,-31.89],[18.32,-31.81],[18.48,-31.79],[18.59,-31.68],[18.6,-31.44],[18.69,-31.38],[18.71,-31.22],[19.02,-30.91],[19.18,-30.91],[19.59,-31.32],[19.6,-31.76],[19.5,-31.84],[19.5,-32.36],[19.59,-32.42],[19.61,-32.58],[19.69,-32.62],[19.7,-32.86],[19.79,-32.92],[19.81,-33.08],[20.02,-33.29],[20.18,-33.29],[20.24,-33.2],[20.56,-33.2],[20.62,-33.29],[20.78,-33.31],[20.84,-33.4],[20.98,-33.39],[21.14,-33.2],[21.36,-33.2],[21.44,-33.3],[21.96,-33.3],[22.04,-33.2],[22.56,-33.2],[22.64,-33.3],[23.18,-33.29],[23.22,-33.21],[23.38,-33.19],[23.79,-32.78],[23.79,-32.72],[23.71,-32.68],[23.69,-32.52],[23.5,-32.46],[23.6,-32.36],[23.5,-32.26],[23.6,-32.16],[23.5,-32.04],[23.7,-31.86],[23.69,-31.62],[23.52,-31.59],[23.5,-31.54],[23.79,-31.28],[23.79,-31.12],[23.7,-31.06],[23.71,-30.82],[23.89,-30.78],[23.91,-30.62],[24.0,-30.56],[24.01,-30.22],[24.09,-30.18],[24.11,-30.02],[24.4,-29.76],[24.4,-29.54],[24.28,-29.41],[23.91,-29.28],[24.0,-29.14],[23.91,-29.08],[23.88,-28.91],[23.62,-28.91],[23.48,-29.09],[23.42,-29.09],[23.21,-28.88],[23.19,-28.72],[23.11,-28.68],[23.09,-28.32],[22.98,-28.21],[22.7,-28.16],[22.71,-27.92],[23.0,-27.86],[23.01,-26.72],[23.19,-26.58],[23.21,-26.42],[23.42,-26.21],[23.6,-26.16],[23.59,-26.02],[23.4,-25.86],[23.4,-25.14],[23.3,-25.06],[23.39,-24.92],[23.28,-24.81],[23.12,-24.79],[23.08,-24.71],[22.84,-24.7],[22.78,-24.61],[22.61,-24.58],[22.59,-24.42],[22.41,-24.28],[22.39,-24.02],[22.31,-23.98],[22.29,-23.82],[22.21,-23.78],[22.19,-23.62],[22.11,-23.58],[22.09,-23.42],[21.81,-23.18],[21.79,-23.02],[21.71,-22.98],[21.69,-22.82],[21.61,-22.78],[21.59,-22.32],[21.48,-22.21],[21.32,-22.19],[21.16,-22.0],[20.44,-22.0],[20.38,-22.09],[20.12,-22.11],[19.98,-22.29],[19.82,-22.31],[19.48,-22.69],[19.32,-22.71],[19.16,-22.9],[19.02,-22.89],[18.88,-22.71],[18.62,-22.69],[18.58,-22.61],[18.42,-22.59],[18.36,-22.5],[18.22,-22.59],[18.18,-22.51],[18.02,-22.49],[17.96,-22.4],[17.64,-22.4],[17.51,-22.52],[17.5,-22.86],[17.38,-22.99],[16.84,-23.0],[16.71,-22.88],[16.69,-22.72],[16.6,-22.66],[16.6,-22.44],[16.99,-22.38],[16.99,-22.02],[16.62,-21.99],[16.51,-21.88],[16.5,-21.64],[16.41,-21.58],[16.39,-21.32],[16.28,-21.21],[16.02,-21.19],[15.9,-21.06],[15.91,-20.92],[16.09,-20.78],[16.11,-20.62],[16.19,-20.58],[16.3,-20.24],[16.16,-20.1],[15.82,-20.09],[15.8,-19.74],[16.02,-19.51],[16.18,-19.49],[16.39,-19.28],[16.4,-19.04],[16.31,-18.98],[16.29,-18.82],[16.12,-18.79],[16.06,-18.7],[15.74,-18.7],[15.68,-18.61],[15.44,-18.6],[15.38,-18.51],[15.22,-18.49],[15.18,-18.41],[15.02,-18.39],[14.78,-18.01],[14.64,-18.0],[14.58,-18.09],[14.44,-18.1],[14.36,-17.9],[13.54,-17.9],[13.4,-17.76],[13.52,-17.61],[13.76,-17.6],[13.84,-17.5],[14.18,-17.49],[14.2,-17.34],[13.78,-16.91],[13.62,-16.89],[13.58,-16.81],[13.42,-16.79],[13.36,-16.7],[13.12,-16.69],[13.1,-16.34],[13.0,-16.26],[13.09,-16.18],[13.11,-16.02],[13.2,-15.96],[13.2,-15.64],[13.11,-15.58],[13.09,-15.32],[12.91,-15.18],[12.9,-14.94],[12.8,-14.86],[12.8,-14.54],[12.7,-14.46],[12.71,-14.32],[12.8,-14.26],[12.8,-14.04],[12.71,-13.98],[12.7,-13.84],[12.79,-13.78],[12.8,-13.54],[12.89,-13.48],[12.91,-13.32],[13.09,-13.18],[13.11,-13.02],[13.49,-12.68],[13.48,-12.51],[13.26,-12.5]]]}},{"type":"Feature","properties":{"why":"semi_arid_climate","tier":1,"km2":930038,"id":"semi-n45e109"},"geometry":{"type":"MultiPolygon","coordinates":[[[[92.06,50.8],[91.88,50.61],[91.64,50.6],[91.58,50.51],[91.42,50.49],[91.28,50.31],[91.12,50.29],[90.86,50.0],[90.81,50.02],[90.78,50.19],[90.61,50.22],[90.58,50.39],[90.31,50.38],[90.31,50.02],[90.42,49.91],[90.69,49.88],[90.71,49.72],[90.8,49.66],[90.81,49.42],[91.12,49.11],[91.28,49.09],[91.72,48.61],[92.16,48.6],[92.2,48.76],[92.1,48.84],[92.1,49.36],[92.22,49.49],[92.38,49.51],[92.44,49.6],[92.62,49.41],[93.26,49.4],[93.34,49.3],[93.49,49.32],[93.49,49.48],[93.4,49.54],[93.44,49.6],[94.06,49.6],[94.14,49.5],[94.56,49.5],[94.62,49.59],[94.96,49.6],[95.06,49.7],[95.12,49.61],[95.28,49.59],[95.32,49.51],[95.58,49.49],[95.46,49.2],[94.64,49.2],[94.56,49.3],[94.42,49.29],[94.36,49.2],[94.14,49.2],[93.96,49.4],[93.82,49.39],[93.8,49.24],[93.92,49.11],[94.08,49.09],[94.14,49.0],[94.58,48.99],[94.69,48.88],[94.7,48.64],[94.82,48.51],[95.16,48.5],[95.22,48.41],[95.39,48.38],[95.39,48.32],[95.31,48.28],[95.29,48.12],[95.2,48.06],[95.32,47.91],[95.78,47.89],[95.89,47.78],[95.92,47.61],[96.16,47.6],[96.29,47.48],[96.2,47.36],[96.21,47.22],[96.3,47.16],[96.28,46.81],[96.12,46.81],[96.06,46.9],[95.64,46.9],[95.56,47.0],[95.3,46.96],[95.31,46.82],[95.42,46.71],[95.58,46.69],[95.72,46.51],[95.88,46.49],[95.99,46.38],[96.01,46.22],[96.24,46.0],[96.46,46.0],[96.54,46.1],[96.96,46.1],[97.04,46.0],[97.29,46.02],[97.29,46.08],[96.98,46.39],[96.72,46.41],[96.51,46.62],[96.52,46.79],[96.86,46.8],[96.94,46.7],[97.36,46.7],[97.54,46.5],[97.78,46.51],[97.92,46.69],[98.06,46.7],[98.22,46.51],[98.38,46.49],[98.52,46.31],[98.68,46.29],[98.72,46.21],[99.16,46.2],[99.22,46.29],[99.36,46.3],[99.52,46.11],[99.88,46.09],[100.02,45.91],[100.28,45.89],[100.32,45.81],[100.48,45.79],[100.52,45.71],[100.76,45.7],[100.84,45.6],[101.16,45.6],[101.22,45.51],[101.38,45.49],[101.42,45.41],[101.76,45.4],[101.84,45.3],[102.26,45.3],[102.32,45.39],[102.56,45.4],[102.64,45.5],[102.96,45.5],[103.04,45.6],[103.38,45.61],[103.52,45.79],[103.68,45.81],[103.82,45.99],[104.36,46.0],[104.44,46.1],[104.58,46.09],[104.64,46.0],[105.06,46.0],[105.12,46.09],[105.28,46.11],[105.32,46.19],[105.66,46.2],[105.74,46.0],[105.88,46.01],[105.94,46.1],[106.08,46.09],[106.14,46.0],[106.36,46.0],[106.42,46.19],[106.76,46.2],[106.84,46.3],[107.08,46.29],[107.22,46.11],[107.36,46.1],[107.42,46.39],[107.76,46.4],[107.84,46.5],[108.26,46.5],[108.32,46.41],[108.48,46.39],[108.52,46.31],[108.68,46.29],[108.74,46.2],[109.26,46.2],[109.42,46.39],[109.76,46.4],[109.82,46.31],[109.98,46.29],[110.12,46.11],[110.58,46.09],[110.82,45.71],[111.16,45.7],[111.22,45.79],[111.36,45.8],[111.42,45.71],[111.68,45.69],[111.82,45.51],[112.18,45.49],[112.21,45.32],[112.32,45.21],[112.5,45.16],[112.49,45.02],[112.3,44.96],[112.3,44.44],[112.39,44.38],[112.41,44.22],[112.66,44.2],[112.76,44.3],[112.82,44.21],[113.06,44.2],[113.12,44.11],[113.39,44.08],[113.39,43.92],[113.2,43.76],[113.21,43.62],[113.29,43.58],[113.4,43.24],[113.21,43.08],[113.21,42.92],[113.3,42.84],[113.21,42.78],[113.18,42.61],[113.02,42.61],[112.96,42.7],[112.54,42.7],[112.48,42.61],[112.34,42.6],[112.28,42.69],[112.14,42.7],[112.08,42.61],[111.82,42.59],[111.76,42.5],[111.44,42.5],[111.36,42.4],[111.02,42.39],[110.98,42.31],[110.82,42.29],[110.76,42.2],[110.04,42.2],[109.96,42.1],[109.24,42.1],[109.16,42.0],[108.44,42.0],[108.28,41.81],[107.82,41.79],[107.81,41.62],[107.92,41.51],[108.06,41.5],[108.12,41.59],[108.26,41.6],[108.32,41.51],[108.58,41.49],[108.79,41.28],[108.81,41.12],[108.89,41.08],[108.89,40.82],[108.71,40.68],[108.69,40.52],[108.58,40.41],[108.32,40.39],[107.78,39.81],[107.34,39.8],[107.28,39.71],[107.11,39.68],[107.11,39.52],[107.4,39.26],[107.29,38.92],[107.08,38.71],[106.92,38.69],[106.71,38.48],[106.69,38.22],[106.51,38.08],[106.5,37.84],[106.41,37.78],[106.39,37.62],[106.02,37.49],[105.88,37.31],[105.34,37.3],[105.28,37.39],[105.04,37.4],[104.98,37.31],[104.82,37.29],[104.78,37.21],[104.62,37.19],[104.51,37.08],[104.48,36.91],[104.34,36.9],[104.01,37.22],[103.99,37.38],[103.88,37.49],[103.54,37.5],[103.46,37.6],[103.04,37.6],[102.98,37.69],[102.72,37.71],[102.58,37.89],[102.42,37.91],[102.38,37.99],[102.32,37.99],[102.31,37.82],[102.48,37.79],[102.92,37.31],[103.36,37.3],[103.42,37.21],[103.69,37.18],[103.68,36.91],[103.52,36.89],[103.48,36.81],[103.32,36.79],[103.28,36.71],[103.12,36.69],[103.08,36.61],[102.92,36.59],[102.88,36.51],[102.7,36.46],[102.71,36.32],[102.88,36.29],[103.09,36.08],[103.11,35.92],[103.24,35.8],[103.56,36.0],[103.64,35.9],[104.08,35.89],[104.24,35.7],[104.56,35.7],[104.62,35.79],[104.76,35.8],[104.96,35.6],[105.02,35.69],[105.18,35.71],[105.39,35.92],[105.41,36.28],[105.62,36.49],[105.68,36.49],[105.92,36.21],[106.08,36.19],[106.16,36.1],[106.29,36.22],[106.31,36.38],[106.62,36.69],[106.78,36.69],[106.94,36.5],[107.28,36.51],[107.39,36.62],[107.41,36.78],[107.62,36.99],[107.78,36.99],[107.86,36.9],[107.92,36.99],[108.18,37.01],[108.21,37.18],[108.42,37.39],[108.58,37.41],[108.64,37.5],[108.74,37.4],[109.08,37.39],[109.14,37.3],[109.24,37.4],[109.48,37.41],[109.54,37.5],[109.86,37.4],[109.9,37.76],[109.96,37.8],[110.01,37.52],[110.12,37.41],[110.28,37.41],[110.29,37.68],[110.11,37.82],[110.09,37.98],[109.91,38.12],[109.9,38.46],[110.18,38.49],[110.42,38.21],[110.49,38.22],[110.49,38.38],[110.31,38.52],[110.3,38.76],[110.38,38.79],[110.44,38.7],[110.6,38.74],[110.5,38.84],[110.51,39.48],[110.66,39.5],[110.72,39.41],[110.88,39.39],[111.0,39.26],[111.0,39.04],[110.91,38.92],[111.08,38.91],[111.21,39.28],[111.29,39.32],[111.31,39.48],[111.4,39.54],[111.31,39.68],[111.48,39.71],[111.52,39.89],[111.68,39.91],[111.72,39.99],[111.88,40.01],[111.92,40.09],[112.1,40.14],[112.09,40.28],[111.9,40.44],[112.09,40.62],[112.08,40.89],[111.84,40.9],[111.74,41.0],[111.68,40.91],[111.52,40.89],[111.46,40.8],[110.94,40.8],[110.88,40.71],[110.64,40.7],[110.58,40.79],[110.41,40.82],[110.41,41.08],[110.58,41.11],[110.64,41.2],[111.06,41.2],[111.12,41.11],[111.26,41.1],[111.32,41.19],[111.48,41.21],[111.52,41.29],[111.68,41.31],[111.72,41.39],[111.98,41.41],[112.04,41.5],[112.18,41.49],[112.24,41.4],[112.38,41.41],[112.46,41.5],[112.54,41.4],[112.98,41.39],[113.0,41.14],[112.91,41.08],[112.9,40.94],[113.09,40.78],[113.1,40.64],[112.9,40.46],[112.9,40.14],[113.0,40.06],[112.99,39.82],[112.81,39.68],[112.79,39.52],[112.68,39.41],[112.4,39.36],[112.42,39.21],[112.86,39.2],[112.89,39.12],[112.61,38.88],[112.59,38.72],[112.51,38.68],[112.5,38.14],[112.31,37.98],[112.29,37.72],[112.18,37.61],[112.02,37.59],[111.71,37.28],[111.7,37.04],[112.16,37.0],[112.32,37.19],[112.48,37.21],[112.52,37.29],[112.88,37.41],[113.3,37.84],[113.28,37.99],[112.8,38.04],[112.81,38.28],[113.1,38.54],[113.1,38.76],[113.0,38.84],[113.1,39.16],[112.9,39.24],[113.02,39.39],[113.26,39.4],[113.42,39.59],[113.68,39.61],[113.71,39.78],[113.82,39.89],[114.06,39.9],[114.14,40.0],[114.39,39.98],[114.3,39.86],[114.32,39.71],[114.58,39.71],[114.89,40.02],[114.89,40.18],[114.76,40.3],[114.54,40.3],[114.48,40.21],[114.24,40.2],[114.24,40.4],[114.56,40.4],[114.62,40.49],[114.76,40.5],[114.82,40.31],[115.06,40.3],[115.14,40.2],[115.66,40.2],[115.72,40.29],[115.9,40.34],[115.88,40.49],[115.52,40.51],[115.48,40.59],[115.32,40.61],[115.08,40.89],[114.92,40.91],[114.88,40.99],[114.72,40.99],[114.66,40.9],[114.34,40.9],[114.28,40.99],[113.84,41.0],[113.81,41.08],[113.92,41.19],[114.18,41.21],[114.24,41.3],[114.58,41.31],[114.7,41.44],[114.7,41.66],[114.61,41.72],[114.6,41.86],[114.72,41.99],[115.06,42.0],[115.12,42.09],[115.28,42.11],[115.34,42.2],[115.48,42.19],[115.56,42.1],[115.69,42.22],[115.72,42.39],[115.98,42.41],[116.0,42.76],[116.09,42.82],[116.11,42.98],[116.32,43.19],[116.38,43.19],[116.42,43.11],[116.56,43.1],[116.62,43.19],[116.78,43.21],[116.89,43.32],[116.8,43.44],[116.79,43.78],[116.7,43.86],[116.99,44.12],[117.01,44.28],[117.08,44.29],[117.14,44.2],[117.38,44.21],[117.41,44.48],[117.82,44.89],[117.98,44.91],[118.29,45.22],[118.31,45.38],[118.4,45.44],[118.39,45.58],[118.18,45.79],[117.82,45.91],[117.7,46.04],[118.0,46.34],[117.8,46.54],[117.91,46.88],[118.29,47.22],[118.31,47.48],[118.42,47.59],[118.6,47.64],[118.59,47.88],[118.51,47.92],[118.49,48.08],[118.41,48.12],[118.39,48.28],[118.3,48.34],[118.4,48.44],[118.41,48.68],[118.5,48.74],[118.51,48.98],[118.6,49.04],[118.6,49.36],[118.41,49.42],[118.5,49.56],[118.41,49.62],[118.36,49.8],[117.84,49.8],[117.76,49.7],[117.24,49.7],[117.16,49.6],[116.84,49.6],[116.79,49.88],[116.68,49.99],[116.54,50.0],[116.48,49.91],[116.34,49.9],[116.28,49.99],[116.02,50.01],[115.86,50.2],[115.24,50.2],[114.98,49.91],[114.64,49.9],[114.58,49.81],[114.42,49.79],[114.38,49.71],[114.04,49.7],[113.98,49.61],[113.82,49.59],[113.76,49.5],[113.52,49.49],[113.46,49.4],[113.32,49.41],[113.26,49.5],[112.82,49.49],[112.61,49.28],[112.62,49.11],[112.74,49.2],[113.08,49.21],[113.14,49.3],[113.46,49.3],[113.49,49.02],[113.32,48.99],[113.26,48.9],[112.72,48.89],[112.5,48.66],[112.51,48.52],[112.59,48.48],[112.59,48.42],[112.22,48.29],[112.08,48.11],[111.92,48.09],[111.88,48.01],[111.24,48.0],[111.06,47.8],[110.04,47.8],[109.96,47.7],[109.64,47.7],[109.58,47.61],[109.32,47.59],[109.28,47.51],[109.12,47.49],[108.96,47.3],[108.62,47.41],[108.51,47.52],[108.46,47.8],[108.32,47.79],[108.28,47.71],[108.12,47.69],[108.08,47.61],[107.92,47.59],[107.86,47.5],[107.14,47.5],[107.08,47.41],[106.92,47.39],[106.88,47.31],[106.62,47.31],[106.62,47.49],[106.9,47.54],[106.89,47.68],[106.81,47.72],[106.79,47.88],[106.68,47.99],[106.62,47.99],[106.48,47.81],[106.34,47.8],[106.08,48.09],[105.92,48.11],[105.86,48.2],[105.5,48.24],[105.62,48.39],[105.98,48.41],[106.02,48.69],[106.14,48.6],[106.36,48.6],[106.5,48.74],[106.48,48.89],[106.31,48.92],[106.28,49.09],[106.12,49.11],[106.01,49.22],[105.96,49.7],[105.81,49.68],[105.8,49.24],[105.7,49.16],[105.79,49.08],[105.8,48.94],[105.62,48.89],[105.56,48.7],[105.2,48.74],[105.22,48.99],[105.36,49.0],[105.42,48.91],[105.49,48.92],[105.46,49.3],[105.36,49.2],[104.92,49.19],[104.88,49.11],[104.52,48.99],[104.36,48.8],[103.54,48.8],[103.46,48.7],[103.12,48.69],[103.06,48.6],[102.84,48.6],[102.76,48.7],[102.62,48.69],[102.58,48.61],[102.52,48.61],[102.16,49.0],[101.92,48.99],[101.88,48.91],[101.72,48.89],[101.66,48.8],[101.58,48.89],[101.44,48.9],[101.21,48.68],[101.2,48.34],[101.11,48.22],[101.18,48.21],[101.66,48.7],[101.7,48.34],[101.6,48.26],[101.61,48.02],[101.68,48.01],[102.04,48.4],[102.19,48.38],[102.2,48.14],[102.08,48.01],[101.84,48.0],[101.76,47.9],[101.52,47.89],[101.48,47.81],[101.32,47.79],[101.31,47.72],[101.56,47.7],[101.68,47.79],[101.81,47.42],[101.98,47.39],[102.22,47.11],[102.34,47.2],[102.58,47.19],[102.59,47.02],[102.32,46.99],[102.3,46.84],[102.68,46.79],[102.79,46.68],[102.8,46.54],[102.62,46.49],[102.51,46.38],[102.49,46.22],[102.32,46.19],[102.28,46.11],[102.04,46.1],[101.96,46.0],[101.64,46.0],[101.58,46.09],[101.44,46.1],[101.34,46.0],[101.08,46.29],[100.92,46.31],[100.88,46.39],[100.52,46.41],[100.18,46.79],[99.82,46.91],[99.58,47.19],[98.84,47.2],[98.78,47.11],[98.62,47.09],[98.54,47.0],[98.49,47.18],[98.36,47.3],[98.22,47.29],[98.16,47.2],[97.92,47.21],[97.76,47.4],[97.62,47.39],[97.56,47.3],[97.14,47.3],[97.0,47.44],[97.09,47.52],[97.09,47.68],[96.78,47.99],[96.34,48.0],[96.28,48.09],[96.12,48.11],[96.1,48.46],[95.91,48.62],[95.9,48.86],[96.02,48.99],[96.18,49.01],[96.2,49.06],[95.92,49.11],[95.81,49.28],[95.92,49.39],[96.18,49.41],[96.24,49.5],[96.46,49.5],[96.54,49.4],[97.06,49.4],[97.18,49.31],[97.19,49.48],[97.02,49.51],[96.98,49.69],[96.82,49.71],[96.76,49.8],[95.92,49.81],[95.78,49.99],[95.62,50.01],[95.28,50.39],[95.12,50.41],[94.98,50.59],[94.74,50.6],[94.66,50.7],[94.24,50.7],[94.16,50.8],[94.02,50.79],[93.96,50.7],[93.24,50.7],[93.16,50.8],[93.02,50.79],[92.96,50.7],[92.34,50.7],[92.28,50.79],[92.06,50.8]],[[91.34,50.3],[91.39,50.28],[91.38,50.21],[91.31,50.22],[91.34,50.3]]],[[[99.36,39.2],[99.3,39.14],[99.42,39.01],[99.58,38.99],[99.62,38.91],[99.98,38.79],[100.02,38.71],[100.28,38.69],[100.42,38.51],[100.66,38.5],[100.74,38.4],[101.16,38.4],[101.22,38.49],[101.36,38.5],[101.41,38.32],[101.52,38.21],[101.78,38.19],[101.94,38.0],[102.29,38.02],[102.29,38.08],[102.01,38.32],[101.89,38.68],[101.72,38.71],[101.68,38.79],[101.14,38.8],[101.06,38.7],[100.54,38.7],[100.48,38.79],[100.22,38.81],[99.88,39.19],[99.36,39.2]]],[[[112.66,40.7],[112.51,40.58],[112.52,40.41],[112.66,40.4],[112.72,40.49],[112.89,40.52],[112.78,40.69],[112.66,40.7]]]]}},{"type":"Feature","properties":{"why":"semi_arid_climate","tier":1,"km2":844632,"id":"semi-s33w065"},"geometry":{"type":"Polygon","coordinates":[[[-62.24,-19.2],[-62.34,-19.3],[-62.78,-19.31],[-62.94,-19.5],[-63.08,-19.49],[-63.14,-19.4],[-63.28,-19.41],[-63.31,-19.58],[-63.4,-19.64],[-63.3,-19.74],[-63.4,-19.84],[-63.4,-20.36],[-63.2,-20.54],[-63.21,-20.68],[-63.3,-20.74],[-63.3,-21.06],[-63.39,-21.12],[-63.4,-21.26],[-63.22,-21.31],[-63.1,-21.44],[-63.1,-22.16],[-63.0,-22.24],[-63.0,-22.76],[-62.91,-22.82],[-62.9,-23.06],[-63.12,-23.29],[-63.48,-23.31],[-63.69,-23.52],[-63.71,-23.78],[-63.9,-23.94],[-63.9,-24.26],[-63.99,-24.32],[-64.01,-24.58],[-64.59,-25.12],[-64.61,-25.28],[-64.69,-25.32],[-64.69,-25.88],[-64.52,-25.91],[-64.31,-26.12],[-64.3,-26.36],[-64.2,-26.44],[-64.21,-26.58],[-64.32,-26.69],[-64.7,-26.74],[-64.7,-27.16],[-64.6,-27.24],[-64.61,-27.98],[-64.74,-28.1],[-64.98,-28.09],[-65.14,-27.9],[-65.24,-28.0],[-65.56,-27.9],[-65.66,-28.0],[-65.72,-27.91],[-65.89,-27.88],[-65.91,-27.72],[-65.99,-27.68],[-66.01,-27.52],[-66.12,-27.41],[-66.39,-27.42],[-66.39,-27.48],[-66.2,-27.64],[-66.2,-27.86],[-66.3,-27.94],[-66.3,-28.66],[-66.4,-28.74],[-66.39,-28.88],[-66.3,-28.94],[-66.3,-29.16],[-66.39,-29.22],[-66.41,-29.48],[-66.69,-29.72],[-66.7,-30.06],[-66.8,-30.14],[-66.8,-31.66],[-67.09,-31.92],[-67.1,-32.36],[-67.19,-32.42],[-67.21,-32.58],[-67.3,-32.64],[-67.3,-32.96],[-67.4,-33.04],[-67.4,-33.26],[-67.31,-33.32],[-67.3,-33.46],[-67.39,-33.52],[-67.41,-33.68],[-67.5,-33.74],[-67.51,-34.48],[-67.82,-34.79],[-67.88,-34.79],[-68.09,-34.58],[-68.11,-34.32],[-68.29,-34.18],[-68.31,-34.02],[-68.39,-33.98],[-68.41,-33.62],[-68.52,-33.51],[-68.86,-33.5],[-68.99,-33.38],[-69.0,-33.14],[-68.9,-33.06],[-68.9,-32.74],[-68.99,-32.68],[-69.0,-32.44],[-68.9,-32.36],[-68.9,-32.04],[-68.99,-31.98],[-69.01,-31.82],[-69.19,-31.82],[-69.21,-32.18],[-69.38,-32.21],[-69.5,-32.34],[-69.5,-32.76],[-69.3,-32.94],[-69.31,-33.08],[-69.49,-33.22],[-69.5,-33.46],[-69.41,-33.52],[-69.39,-33.68],[-69.31,-33.72],[-69.29,-33.98],[-69.08,-34.19],[-68.92,-34.21],[-68.81,-34.32],[-68.8,-34.46],[-69.18,-34.51],[-69.21,-34.88],[-69.52,-35.19],[-69.69,-35.22],[-69.69,-35.58],[-69.31,-35.92],[-69.28,-36.19],[-69.01,-36.22],[-69.0,-36.46],[-69.18,-36.51],[-69.32,-36.69],[-69.38,-36.69],[-69.49,-36.58],[-69.5,-36.34],[-69.59,-36.28],[-69.61,-36.12],[-69.69,-36.12],[-69.7,-36.46],[-69.79,-36.52],[-69.81,-36.68],[-69.9,-36.74],[-69.9,-37.26],[-69.8,-37.34],[-69.89,-37.48],[-69.61,-37.48],[-69.6,-37.34],[-69.69,-37.28],[-69.7,-37.14],[-69.56,-37.0],[-69.32,-37.01],[-69.18,-37.19],[-69.02,-37.21],[-68.96,-37.3],[-68.62,-37.31],[-68.62,-37.49],[-68.88,-37.51],[-69.0,-37.66],[-68.88,-37.79],[-68.61,-37.82],[-68.6,-38.06],[-68.51,-38.12],[-68.49,-38.38],[-68.28,-38.59],[-68.12,-38.61],[-67.88,-38.89],[-67.72,-38.89],[-67.58,-38.71],[-67.44,-38.7],[-67.1,-39.06],[-67.19,-39.12],[-67.21,-39.28],[-67.29,-39.32],[-67.31,-39.68],[-67.44,-39.8],[-67.66,-39.8],[-67.72,-39.71],[-67.88,-39.71],[-67.91,-39.98],[-68.12,-40.19],[-68.36,-40.2],[-68.44,-40.1],[-68.86,-40.1],[-68.92,-40.01],[-69.16,-40.0],[-69.24,-39.9],[-69.46,-39.9],[-69.58,-39.99],[-69.79,-39.78],[-69.8,-39.54],[-69.9,-39.46],[-69.9,-39.24],[-69.8,-39.16],[-69.8,-38.94],[-69.89,-38.88],[-69.9,-38.64],[-70.0,-38.56],[-70.0,-38.24],[-69.9,-38.16],[-69.9,-37.84],[-70.0,-37.74],[-69.9,-37.64],[-70.02,-37.51],[-70.19,-37.52],[-70.2,-37.76],[-70.11,-37.82],[-70.1,-37.96],[-70.2,-38.04],[-70.21,-38.38],[-70.3,-38.44],[-70.29,-38.58],[-70.1,-38.74],[-70.1,-39.86],[-70.19,-39.92],[-70.2,-40.06],[-70.11,-40.12],[-70.09,-40.38],[-70.01,-40.42],[-69.99,-40.58],[-69.9,-40.64],[-69.9,-41.06],[-70.0,-41.14],[-70.0,-41.36],[-69.91,-41.42],[-69.9,-41.66],[-69.99,-41.72],[-70.01,-41.88],[-70.09,-41.92],[-70.1,-42.26],[-70.2,-42.34],[-70.2,-42.66],[-70.1,-42.74],[-70.2,-42.84],[-70.2,-43.06],[-70.01,-43.22],[-70.0,-43.36],[-70.3,-43.64],[-70.29,-43.78],[-70.11,-43.92],[-70.11,-44.08],[-70.36,-44.1],[-70.48,-44.01],[-70.51,-44.28],[-70.59,-44.32],[-70.61,-44.48],[-70.69,-44.52],[-70.71,-44.68],[-70.8,-44.74],[-70.8,-45.06],[-70.71,-45.12],[-70.7,-45.26],[-70.9,-45.46],[-70.61,-45.72],[-70.61,-45.88],[-70.98,-45.91],[-71.1,-46.04],[-71.06,-46.3],[-70.52,-46.29],[-70.31,-46.08],[-70.29,-45.92],[-70.11,-45.78],[-70.09,-45.42],[-69.81,-45.18],[-69.81,-45.12],[-69.89,-45.08],[-69.91,-44.92],[-70.0,-44.86],[-70.0,-44.34],[-69.78,-44.11],[-69.61,-44.08],[-69.62,-44.01],[-69.78,-43.99],[-69.89,-43.88],[-69.9,-43.74],[-69.76,-43.6],[-69.62,-43.61],[-69.54,-43.7],[-69.41,-43.58],[-69.4,-43.34],[-69.49,-43.28],[-69.48,-43.11],[-69.22,-43.11],[-69.11,-43.22],[-69.09,-43.38],[-68.94,-43.4],[-68.89,-43.22],[-68.8,-43.16],[-68.89,-43.08],[-68.88,-43.01],[-68.72,-43.01],[-68.56,-43.2],[-68.46,-43.1],[-68.12,-43.09],[-67.98,-42.91],[-67.82,-42.89],[-67.78,-42.81],[-67.62,-42.79],[-67.51,-42.68],[-67.38,-42.31],[-67.14,-42.3],[-67.08,-42.39],[-66.84,-42.4],[-66.76,-42.5],[-66.54,-42.5],[-66.38,-42.31],[-66.22,-42.29],[-66.18,-42.21],[-65.72,-42.19],[-65.68,-42.11],[-65.32,-41.99],[-65.01,-41.68],[-65.0,-41.34],[-65.09,-41.28],[-65.1,-41.04],[-64.96,-40.9],[-64.54,-40.9],[-64.48,-40.99],[-64.32,-41.01],[-64.28,-41.09],[-64.02,-41.11],[-63.96,-41.2],[-62.94,-41.2],[-62.88,-41.11],[-62.64,-41.1],[-62.58,-41.01],[-62.32,-40.99],[-62.21,-40.88],[-62.19,-40.72],[-62.1,-40.66],[-62.19,-40.58],[-62.21,-40.42],[-62.3,-40.36],[-62.29,-40.12],[-62.21,-40.08],[-62.19,-39.92],[-62.1,-39.86],[-62.12,-39.61],[-62.28,-39.59],[-62.44,-39.4],[-62.76,-39.4],[-62.82,-39.49],[-63.06,-39.5],[-63.12,-39.41],[-63.28,-39.39],[-63.39,-39.28],[-63.41,-39.12],[-63.58,-39.09],[-63.99,-38.68],[-64.02,-38.41],[-64.79,-38.38],[-64.68,-38.21],[-64.52,-38.19],[-64.41,-38.08],[-64.52,-37.91],[-64.68,-37.89],[-64.72,-37.81],[-64.78,-37.81],[-64.89,-37.92],[-64.91,-38.08],[-65.06,-38.1],[-65.11,-37.82],[-65.28,-37.79],[-65.39,-37.68],[-65.4,-37.44],[-65.31,-37.38],[-65.29,-37.12],[-65.02,-37.09],[-64.91,-36.98],[-64.9,-36.74],[-64.99,-36.68],[-65.01,-36.52],[-65.09,-36.48],[-65.11,-36.32],[-65.2,-36.26],[-65.2,-35.84],[-65.3,-35.76],[-65.3,-34.94],[-65.4,-34.86],[-65.41,-34.42],[-65.69,-34.18],[-65.81,-33.82],[-66.02,-33.61],[-66.2,-33.56],[-66.18,-33.41],[-66.06,-33.5],[-65.84,-33.5],[-65.7,-33.36],[-65.71,-33.22],[-65.92,-33.01],[-66.19,-32.98],[-66.19,-32.52],[-65.98,-32.31],[-65.82,-32.29],[-65.78,-32.21],[-65.14,-32.2],[-65.01,-32.08],[-65.01,-31.92],[-65.29,-31.68],[-65.31,-31.52],[-65.4,-31.46],[-65.39,-31.32],[-65.28,-31.21],[-65.02,-31.19],[-64.91,-31.08],[-64.89,-30.92],[-64.78,-30.81],[-64.62,-30.79],[-64.21,-30.38],[-64.19,-30.12],[-64.11,-30.08],[-64.09,-29.92],[-64.0,-29.86],[-63.99,-29.62],[-63.78,-29.41],[-63.32,-29.39],[-63.01,-29.08],[-62.99,-28.92],[-62.81,-28.78],[-62.79,-28.62],[-62.61,-28.48],[-62.61,-28.32],[-62.72,-28.21],[-63.06,-28.2],[-63.12,-28.29],[-63.26,-28.3],[-63.49,-28.08],[-63.5,-27.84],[-63.41,-27.78],[-63.39,-27.52],[-63.28,-27.41],[-63.12,-27.39],[-62.88,-27.11],[-62.82,-27.11],[-62.78,-27.19],[-62.62,-27.21],[-62.58,-27.29],[-62.34,-27.3],[-62.01,-26.98],[-61.99,-26.82],[-61.61,-26.48],[-61.59,-26.32],[-61.5,-26.26],[-61.49,-26.02],[-61.4,-25.96],[-61.4,-24.94],[-61.31,-24.88],[-61.29,-24.62],[-61.11,-24.48],[-61.09,-24.32],[-60.98,-24.21],[-60.82,-24.19],[-60.66,-24.0],[-60.32,-23.99],[-60.0,-23.66],[-60.01,-23.32],[-60.38,-23.19],[-60.6,-22.96],[-60.59,-22.82],[-60.5,-22.76],[-60.49,-22.52],[-60.4,-22.46],[-60.39,-22.22],[-60.3,-22.16],[-60.29,-21.92],[-60.11,-21.78],[-60.1,-21.54],[-60.0,-21.46],[-60.01,-20.62],[-60.39,-20.28],[-60.41,-20.02],[-60.92,-19.51],[-60.98,-19.51],[-61.02,-19.59],[-61.18,-19.61],[-61.32,-19.79],[-61.46,-19.8],[-61.89,-19.38],[-61.92,-19.21],[-62.24,-19.2]]]}},{"type":"Feature","properties":{"why":"arid_climate","tier":1,"km2":786708,"id":"arid-s23w070"},"geometry":{"type":"Polygon","coordinates":[[[-80.54,-3.5],[-80.89,-3.72],[-80.91,-3.88],[-81.29,-4.22],[-81.3,-4.46],[-81.4,-4.54],[-81.39,-4.78],[-81.2,-4.94],[-81.19,-5.38],[-81.02,-5.41],[-80.9,-5.54],[-80.91,-5.68],[-81.02,-5.79],[-81.19,-5.82],[-81.19,-6.08],[-80.88,-6.39],[-80.64,-6.4],[-80.58,-6.49],[-80.42,-6.51],[-80.38,-6.59],[-80.22,-6.61],[-79.81,-7.02],[-79.79,-7.18],[-79.61,-7.32],[-79.6,-7.56],[-79.51,-7.62],[-79.49,-7.78],[-79.41,-7.82],[-79.39,-7.98],[-79.01,-8.32],[-78.99,-8.48],[-78.81,-8.62],[-78.8,-8.86],[-78.71,-8.92],[-78.69,-9.18],[-78.51,-9.32],[-78.49,-9.48],[-78.41,-9.52],[-78.39,-9.68],[-78.31,-9.72],[-78.3,-9.96],[-78.21,-10.02],[-78.19,-10.18],[-78.11,-10.22],[-78.09,-10.48],[-77.91,-10.62],[-77.89,-10.78],[-77.71,-10.92],[-77.69,-11.28],[-77.21,-11.72],[-77.2,-11.96],[-77.29,-12.08],[-76.71,-12.62],[-76.69,-12.78],[-76.61,-12.82],[-76.59,-12.98],[-76.51,-13.02],[-76.49,-13.18],[-76.21,-13.42],[-76.21,-13.48],[-76.29,-13.52],[-76.31,-13.68],[-76.4,-13.74],[-76.4,-13.96],[-76.31,-14.02],[-76.29,-14.28],[-76.01,-14.52],[-75.99,-14.68],[-75.88,-14.79],[-75.72,-14.81],[-74.98,-15.59],[-74.62,-15.71],[-74.48,-15.89],[-74.22,-15.91],[-74.08,-16.09],[-73.92,-16.11],[-73.78,-16.29],[-73.44,-16.3],[-73.28,-16.49],[-73.12,-16.51],[-73.08,-16.59],[-72.84,-16.6],[-72.78,-16.69],[-72.52,-16.71],[-72.18,-17.09],[-72.02,-17.11],[-71.98,-17.19],[-71.82,-17.21],[-71.78,-17.29],[-71.52,-17.31],[-71.41,-17.42],[-71.39,-17.68],[-71.18,-17.89],[-71.02,-17.91],[-70.78,-18.19],[-70.62,-18.21],[-70.41,-18.42],[-70.4,-19.06],[-70.3,-19.14],[-70.3,-19.66],[-70.2,-19.74],[-70.2,-21.16],[-70.1,-21.24],[-70.1,-21.56],[-70.19,-21.62],[-70.2,-21.96],[-70.3,-22.04],[-70.31,-22.68],[-70.39,-22.72],[-70.41,-22.88],[-70.49,-22.92],[-70.51,-23.08],[-70.59,-23.12],[-70.61,-23.28],[-70.7,-23.34],[-70.69,-23.48],[-70.61,-23.52],[-70.59,-23.68],[-70.5,-23.74],[-70.6,-23.84],[-70.6,-25.46],[-70.69,-25.52],[-70.71,-25.68],[-70.8,-25.74],[-70.79,-25.88],[-70.7,-25.94],[-70.7,-26.46],[-70.79,-26.52],[-70.8,-26.76],[-70.89,-26.82],[-70.9,-27.06],[-71.0,-27.14],[-71.01,-27.58],[-71.09,-27.62],[-71.11,-27.78],[-71.2,-27.84],[-71.21,-28.38],[-71.39,-28.52],[-71.41,-28.68],[-71.49,-28.72],[-71.51,-28.88],[-71.6,-28.94],[-71.59,-29.18],[-71.51,-29.22],[-71.49,-29.38],[-71.4,-29.44],[-71.4,-29.86],[-71.49,-29.92],[-71.51,-30.08],[-71.59,-30.12],[-71.61,-30.28],[-71.69,-30.32],[-71.8,-30.66],[-71.71,-30.72],[-71.69,-30.88],[-71.56,-31.0],[-71.34,-31.0],[-71.26,-30.9],[-71.18,-30.99],[-71.04,-31.0],[-70.98,-30.91],[-70.81,-30.88],[-70.79,-30.52],[-70.61,-30.38],[-70.59,-30.22],[-70.51,-30.18],[-70.49,-30.02],[-70.4,-29.96],[-70.41,-29.72],[-70.59,-29.58],[-70.59,-29.52],[-70.41,-29.38],[-70.38,-29.21],[-70.22,-29.19],[-70.18,-29.11],[-70.02,-29.09],[-69.91,-28.98],[-69.91,-28.82],[-70.09,-28.68],[-70.09,-28.62],[-69.48,-28.01],[-69.31,-28.02],[-69.3,-28.36],[-69.39,-28.42],[-69.4,-28.56],[-69.31,-28.62],[-69.3,-28.76],[-69.5,-28.94],[-69.5,-29.46],[-69.32,-29.51],[-69.3,-29.66],[-69.39,-29.72],[-69.41,-29.88],[-69.59,-30.02],[-69.6,-30.56],[-69.69,-30.62],[-69.71,-30.78],[-69.8,-30.84],[-69.79,-30.98],[-69.7,-31.04],[-69.8,-31.14],[-69.8,-31.86],[-69.68,-31.99],[-69.52,-32.01],[-69.38,-32.19],[-69.24,-32.2],[-69.19,-31.82],[-69.01,-31.82],[-68.99,-31.98],[-68.9,-32.04],[-68.9,-32.46],[-69.0,-32.54],[-68.99,-32.68],[-68.9,-32.74],[-68.9,-33.06],[-69.0,-33.14],[-68.99,-33.38],[-68.88,-33.49],[-68.54,-33.5],[-68.41,-33.62],[-68.39,-33.98],[-68.31,-34.02],[-68.29,-34.18],[-68.11,-34.32],[-68.09,-34.58],[-67.82,-34.79],[-67.5,-34.46],[-67.5,-33.74],[-67.41,-33.68],[-67.39,-33.52],[-67.3,-33.46],[-67.31,-33.32],[-67.4,-33.26],[-67.4,-33.04],[-67.3,-32.96],[-67.29,-32.62],[-67.21,-32.58],[-67.19,-32.42],[-67.1,-32.36],[-67.09,-31.92],[-66.8,-31.66],[-66.8,-30.14],[-66.7,-30.06],[-66.7,-29.74],[-66.41,-29.48],[-66.4,-29.24],[-66.3,-29.16],[-66.3,-28.94],[-66.39,-28.88],[-66.4,-28.74],[-66.3,-28.66],[-66.3,-27.94],[-66.21,-27.88],[-66.2,-27.64],[-66.42,-27.41],[-66.59,-27.38],[-66.6,-27.04],[-66.7,-26.96],[-66.7,-26.54],[-66.61,-26.48],[-66.6,-26.34],[-66.89,-26.08],[-66.9,-25.84],[-66.8,-25.76],[-66.8,-25.34],[-66.7,-25.26],[-66.69,-24.92],[-66.61,-24.88],[-66.59,-24.72],[-66.5,-24.66],[-66.5,-24.34],[-66.59,-24.28],[-66.59,-24.12],[-66.22,-24.09],[-66.19,-23.92],[-66.1,-23.86],[-66.11,-23.52],[-66.29,-23.38],[-66.3,-23.14],[-66.4,-23.06],[-66.4,-22.54],[-66.31,-22.48],[-66.3,-22.14],[-66.2,-22.06],[-66.2,-21.54],[-66.0,-21.36],[-66.0,-21.14],[-66.09,-21.08],[-66.1,-20.84],[-66.2,-20.76],[-66.1,-20.66],[-66.11,-19.82],[-66.42,-19.51],[-66.58,-19.49],[-66.72,-19.31],[-66.96,-19.3],[-67.22,-19.59],[-67.36,-19.6],[-67.42,-19.51],[-67.56,-19.5],[-67.69,-19.62],[-67.68,-19.79],[-67.3,-19.84],[-67.31,-19.98],[-67.4,-20.04],[-67.41,-20.28],[-67.68,-20.29],[-68.1,-19.86],[-67.8,-19.56],[-67.99,-19.38],[-68.01,-19.12],[-68.22,-18.91],[-68.46,-18.9],[-68.52,-19.09],[-68.68,-19.11],[-68.82,-19.29],[-68.98,-19.31],[-69.02,-19.39],[-69.08,-19.39],[-69.21,-19.02],[-69.39,-18.88],[-69.4,-18.54],[-69.49,-18.48],[-69.51,-18.22],[-69.99,-17.78],[-70.0,-17.44],[-70.12,-17.31],[-70.48,-17.29],[-70.79,-16.98],[-70.82,-16.61],[-71.18,-16.59],[-71.62,-16.11],[-71.78,-16.09],[-71.82,-16.01],[-72.18,-15.99],[-72.3,-15.86],[-72.21,-15.78],[-72.22,-15.71],[-72.56,-15.7],[-72.64,-15.8],[-72.88,-15.79],[-72.91,-15.62],[-72.99,-15.58],[-73.01,-15.42],[-73.12,-15.31],[-73.39,-15.32],[-73.38,-15.39],[-73.21,-15.42],[-73.22,-15.59],[-73.78,-15.59],[-73.82,-15.51],[-73.99,-15.48],[-74.01,-15.32],[-74.32,-15.01],[-74.48,-14.99],[-74.69,-14.78],[-74.81,-14.42],[-75.29,-13.98],[-75.31,-13.82],[-75.39,-13.78],[-75.41,-13.62],[-75.49,-13.58],[-75.51,-13.42],[-75.68,-13.39],[-75.71,-13.22],[-75.88,-13.19],[-75.99,-13.08],[-75.91,-12.92],[-76.29,-12.58],[-76.31,-12.42],[-76.39,-12.38],[-76.41,-12.22],[-76.5,-12.16],[-76.51,-11.92],[-76.79,-11.68],[-76.8,-11.44],[-76.89,-11.38],[-76.91,-11.22],[-77.09,-11.08],[-77.11,-10.92],[-77.29,-10.78],[-77.31,-10.62],[-77.49,-10.48],[-77.51,-10.32],[-77.59,-10.28],[-77.61,-10.12],[-77.7,-10.06],[-77.71,-9.82],[-77.89,-9.68],[-77.9,-9.44],[-77.99,-9.38],[-78.0,-9.14],[-78.09,-9.08],[-78.1,-8.74],[-78.19,-8.68],[-78.21,-8.52],[-78.69,-8.08],[-78.71,-7.92],[-78.8,-7.86],[-78.81,-7.52],[-79.09,-7.28],[-79.11,-7.12],[-79.19,-7.08],[-79.2,-6.64],[-79.29,-6.58],[-79.31,-6.42],[-79.49,-6.28],[-79.51,-6.12],[-79.59,-6.08],[-79.6,-5.84],[-79.7,-5.76],[-79.71,-5.32],[-80.09,-4.98],[-80.11,-4.52],[-80.22,-4.41],[-80.38,-4.39],[-80.42,-4.31],[-80.59,-4.28],[-80.59,-4.02],[-80.51,-3.98],[-80.49,-3.82],[-80.4,-3.76],[-80.41,-3.52],[-80.54,-3.5]],[[-68.76,-26.9],[-68.4,-26.94],[-68.41,-27.28],[-68.8,-27.34],[-68.69,-27.68],[-68.5,-27.86],[-68.82,-28.19],[-69.06,-28.2],[-69.29,-27.98],[-69.3,-27.74],[-69.4,-27.64],[-69.31,-27.58],[-69.28,-27.31],[-68.91,-27.28],[-68.89,-27.02],[-68.76,-26.9]]]}},{"type":"Feature","properties":{"why":"arid_climate","tier":1,"km2":518335,"id":"arid-n33w114"},"geometry":{"type":"MultiPolygon","coordinates":[[[[-118.74,41.5],[-118.92,41.31],[-119.08,41.29],[-119.29,41.08],[-119.31,40.92],[-119.52,40.71],[-119.88,40.59],[-119.9,40.44],[-119.76,40.3],[-119.66,40.4],[-119.41,40.38],[-119.52,40.21],[-119.69,40.18],[-119.7,40.04],[-119.4,39.76],[-119.4,39.54],[-119.5,39.44],[-119.4,39.36],[-119.39,38.92],[-119.08,38.61],[-118.72,38.59],[-118.69,38.42],[-118.21,37.98],[-118.19,37.72],[-118.0,37.56],[-118.01,37.42],[-118.1,37.34],[-118.0,37.26],[-117.99,36.82],[-117.78,36.61],[-117.61,36.58],[-117.59,36.32],[-117.51,36.28],[-117.49,36.12],[-117.4,36.06],[-117.54,35.9],[-117.64,36.0],[-117.89,35.98],[-117.91,35.62],[-118.09,35.48],[-118.1,35.24],[-118.2,35.16],[-118.19,34.82],[-118.08,34.71],[-117.82,34.69],[-117.76,34.6],[-117.24,34.6],[-117.16,34.7],[-116.74,34.7],[-116.61,34.58],[-116.59,34.42],[-116.41,34.28],[-116.41,34.02],[-116.6,33.84],[-116.31,33.58],[-116.39,33.22],[-116.31,33.18],[-116.29,33.02],[-116.21,32.98],[-116.19,32.72],[-115.91,32.48],[-115.9,32.24],[-115.81,32.18],[-115.79,31.92],[-115.71,31.88],[-115.69,31.72],[-115.5,31.56],[-115.49,31.12],[-115.3,30.96],[-115.32,30.71],[-115.59,30.68],[-115.6,30.24],[-115.79,30.08],[-115.79,29.82],[-115.71,29.78],[-115.68,29.61],[-115.52,29.59],[-115.48,29.51],[-115.12,29.39],[-115.08,29.31],[-114.92,29.29],[-114.11,28.48],[-114.11,28.32],[-114.2,28.26],[-114.21,28.02],[-114.32,27.91],[-114.48,27.89],[-114.54,27.8],[-114.68,27.81],[-114.74,27.9],[-115.06,27.9],[-115.09,27.72],[-114.98,27.61],[-114.82,27.59],[-114.38,27.11],[-114.02,26.99],[-113.88,26.81],[-113.72,26.79],[-113.66,26.7],[-113.32,26.69],[-113.28,26.61],[-113.12,26.59],[-112.98,26.41],[-112.82,26.39],[-112.78,26.31],[-112.62,26.29],[-112.48,26.11],[-112.32,26.09],[-112.29,25.92],[-112.2,25.86],[-112.2,25.14],[-112.29,25.08],[-112.31,24.92],[-112.4,24.86],[-112.31,24.78],[-112.29,24.62],[-112.12,24.59],[-111.88,24.31],[-111.44,24.3],[-111.38,24.21],[-111.22,24.19],[-110.88,23.81],[-110.72,23.79],[-110.58,23.61],[-110.42,23.59],[-110.31,23.48],[-110.29,23.32],[-110.21,23.28],[-110.19,23.12],[-110.11,23.08],[-110.09,22.92],[-109.98,22.81],[-109.82,22.81],[-109.68,22.99],[-109.5,23.04],[-109.52,23.29],[-109.58,23.29],[-109.62,23.21],[-109.78,23.19],[-109.84,23.1],[-109.98,23.11],[-110.1,23.24],[-110.1,23.66],[-109.98,23.79],[-109.92,23.79],[-109.88,23.71],[-109.72,23.69],[-109.69,23.52],[-109.58,23.41],[-109.5,23.44],[-109.51,23.68],[-109.62,23.79],[-109.79,23.82],[-109.81,24.28],[-109.94,24.4],[-110.08,24.31],[-110.24,24.5],[-110.39,24.48],[-110.42,24.31],[-110.59,24.32],[-110.7,24.66],[-110.51,24.82],[-110.5,24.96],[-110.59,25.02],[-110.61,25.18],[-110.72,25.29],[-110.88,25.31],[-110.99,25.42],[-111.0,25.66],[-111.1,25.74],[-111.09,25.88],[-111.01,25.92],[-111.01,25.98],[-111.29,26.22],[-111.31,26.38],[-111.4,26.44],[-111.41,26.68],[-111.52,26.79],[-111.68,26.81],[-112.29,27.42],[-112.31,27.58],[-112.42,27.69],[-112.58,27.71],[-112.69,27.82],[-112.7,28.16],[-112.8,28.24],[-112.79,28.48],[-112.58,28.69],[-112.34,28.7],[-112.26,28.8],[-112.02,28.79],[-111.18,27.91],[-111.02,27.89],[-110.96,27.8],[-110.71,27.78],[-110.7,27.44],[-110.61,27.38],[-110.58,27.21],[-110.42,27.19],[-110.36,27.1],[-110.12,27.09],[-109.91,26.88],[-109.89,26.72],[-109.78,26.61],[-109.52,26.61],[-109.4,26.74],[-109.41,26.98],[-109.49,27.02],[-109.51,27.18],[-109.69,27.32],[-109.81,27.68],[-109.92,27.79],[-110.08,27.81],[-110.12,27.89],[-110.38,27.91],[-110.59,28.12],[-110.6,28.26],[-110.51,28.32],[-110.5,28.46],[-110.6,28.54],[-110.6,28.96],[-110.69,29.02],[-110.71,29.28],[-110.82,29.39],[-111.08,29.41],[-111.11,29.58],[-111.42,29.89],[-111.56,29.9],[-111.62,29.81],[-111.76,29.8],[-111.89,29.92],[-111.8,30.04],[-111.79,30.28],[-111.61,30.42],[-111.6,30.56],[-111.72,30.69],[-111.88,30.71],[-112.09,30.92],[-112.11,31.18],[-112.3,31.34],[-112.29,31.48],[-111.91,31.82],[-111.9,32.06],[-111.78,32.19],[-111.01,32.22],[-111.01,32.38],[-111.2,32.54],[-111.21,33.18],[-111.49,33.42],[-111.52,33.59],[-111.88,33.71],[-112.02,33.89],[-112.66,33.9],[-112.72,33.99],[-112.88,34.01],[-112.92,34.09],[-113.08,34.11],[-113.11,34.28],[-113.39,34.52],[-113.41,34.68],[-113.62,34.89],[-113.68,34.89],[-113.72,34.81],[-113.86,34.8],[-113.99,34.92],[-113.99,35.18],[-113.8,35.34],[-113.81,35.58],[-114.0,35.74],[-113.99,35.98],[-113.91,36.02],[-113.89,36.18],[-113.8,36.24],[-113.8,36.66],[-113.9,36.76],[-113.81,36.82],[-113.78,36.99],[-113.66,36.9],[-113.44,36.9],[-113.31,37.08],[-113.44,37.2],[-113.66,37.2],[-113.72,37.11],[-113.86,37.1],[-113.94,37.2],[-114.46,37.2],[-114.54,37.3],[-114.68,37.21],[-114.72,37.29],[-114.88,37.31],[-115.09,37.52],[-115.0,37.66],[-115.14,37.8],[-115.28,37.79],[-115.31,37.62],[-115.48,37.51],[-115.59,37.62],[-115.61,37.78],[-115.9,38.04],[-115.61,38.32],[-115.59,38.48],[-115.5,38.54],[-115.52,38.79],[-115.68,38.79],[-115.94,38.5],[-116.04,38.6],[-116.28,38.59],[-116.44,38.4],[-116.98,38.41],[-117.01,38.58],[-117.18,38.61],[-117.24,38.7],[-117.32,38.61],[-117.48,38.61],[-117.79,38.92],[-117.81,39.28],[-118.0,39.44],[-117.99,39.58],[-117.61,39.92],[-117.61,40.08],[-117.88,40.11],[-117.92,40.39],[-118.08,40.39],[-118.14,40.3],[-118.29,40.32],[-118.29,40.48],[-118.0,40.74],[-118.1,40.84],[-118.11,41.18],[-118.22,41.29],[-118.36,41.3],[-118.41,41.12],[-118.48,41.11],[-118.59,41.22],[-118.61,41.38],[-118.74,41.5]],[[-114.66,31.6],[-114.42,31.59],[-114.38,31.51],[-114.22,31.49],[-114.16,31.4],[-114.02,31.41],[-113.96,31.5],[-113.82,31.49],[-113.58,31.21],[-113.34,31.2],[-113.21,31.08],[-113.19,30.72],[-113.11,30.68],[-113.09,30.52],[-112.91,30.38],[-112.69,29.72],[-112.5,29.56],[-112.5,29.14],[-112.59,29.08],[-112.6,28.84],[-112.72,28.71],[-112.78,28.71],[-112.82,28.79],[-112.99,28.82],[-113.01,28.98],[-113.09,29.02],[-113.11,29.18],[-113.19,29.22],[-113.21,29.38],[-113.42,29.59],[-113.54,29.5],[-113.88,29.51],[-114.22,29.89],[-114.38,29.91],[-114.59,30.12],[-114.6,30.76],[-114.69,30.82],[-114.71,30.98],[-114.8,31.04],[-114.8,31.46],[-114.66,31.6]]],[[[-115.24,28.3],[-115.4,28.14],[-115.31,28.08],[-115.28,27.91],[-115.14,27.9],[-115.11,27.98],[-115.2,28.06],[-115.11,28.12],[-115.1,28.26],[-115.24,28.3]]]]}},{"type":"Feature","properties":{"why":"semi_arid_climate","tier":2,"km2":430757,"id":"semi-n34e047"},"geometry":{"type":"MultiPolygon","coordinates":[[[[47.66,37.7],[47.41,37.48],[47.36,37.3],[47.12,37.31],[46.96,37.5],[46.82,37.49],[46.78,37.41],[46.6,37.36],[46.72,37.21],[46.98,37.19],[47.22,36.91],[47.38,36.89],[47.49,36.78],[47.51,36.62],[47.59,36.58],[47.61,36.42],[47.69,36.38],[47.69,36.32],[47.31,35.98],[47.31,35.82],[47.46,35.8],[47.52,35.89],[47.68,35.89],[47.7,35.54],[47.6,35.44],[47.72,35.31],[47.84,35.4],[48.08,35.39],[48.12,35.31],[48.28,35.29],[48.52,35.01],[48.68,34.99],[48.79,34.88],[48.8,34.54],[48.7,34.46],[48.72,34.21],[49.06,34.2],[49.19,34.32],[49.19,34.48],[49.0,34.64],[49.04,34.8],[49.76,34.8],[49.84,34.7],[50.19,34.68],[50.19,34.42],[50.08,34.31],[49.92,34.29],[49.8,34.16],[49.81,34.02],[50.0,33.86],[49.99,33.72],[49.9,33.64],[49.99,33.58],[50.01,33.42],[50.18,33.39],[50.24,33.3],[50.48,33.29],[50.89,32.88],[50.91,32.72],[51.0,32.66],[51.01,32.42],[51.62,31.81],[51.78,31.79],[51.89,31.68],[51.91,31.52],[52.59,30.88],[52.58,30.71],[52.24,30.7],[52.11,30.58],[52.1,30.14],[52.01,30.08],[51.99,29.92],[51.88,29.81],[51.72,29.81],[51.61,29.92],[51.6,30.16],[51.51,30.22],[51.48,30.39],[50.92,30.41],[50.81,30.52],[50.79,30.78],[50.58,30.99],[50.24,31.0],[50.11,31.12],[50.09,31.28],[50.0,31.34],[49.99,31.58],[49.9,31.64],[50.0,31.96],[49.78,32.19],[49.42,32.21],[49.18,32.49],[48.82,32.51],[48.56,32.8],[48.14,32.8],[48.06,32.9],[47.54,32.9],[47.48,32.81],[47.34,32.8],[47.18,32.99],[47.02,33.01],[46.98,33.09],[46.82,33.11],[46.78,33.19],[46.62,33.21],[46.58,33.29],[46.42,33.31],[45.81,33.92],[45.79,34.08],[45.7,34.14],[45.69,34.48],[45.48,34.69],[45.22,34.71],[44.28,35.69],[44.02,35.71],[43.78,35.99],[43.42,36.11],[43.28,36.29],[42.74,36.3],[42.66,36.4],[42.32,36.41],[42.26,36.5],[42.12,36.49],[41.98,36.31],[41.74,36.3],[41.7,36.46],[41.79,36.58],[41.56,36.8],[40.44,36.8],[40.36,36.9],[39.24,36.9],[39.16,37.0],[38.94,37.0],[38.88,36.91],[38.64,36.9],[38.56,36.8],[38.24,36.8],[38.16,36.9],[37.92,36.89],[37.68,36.51],[37.42,36.49],[37.38,36.41],[37.22,36.39],[37.01,36.18],[36.99,36.02],[36.9,35.96],[36.9,35.54],[36.8,35.46],[36.8,34.54],[36.7,34.46],[36.7,34.14],[36.61,34.08],[36.59,33.92],[36.51,33.88],[36.49,33.72],[36.21,33.48],[36.2,33.24],[36.1,33.16],[36.09,32.92],[35.9,32.76],[35.89,32.32],[35.62,32.31],[35.58,32.49],[35.42,32.49],[35.4,31.94],[35.31,31.88],[35.29,31.62],[35.06,31.4],[34.98,31.49],[34.82,31.51],[34.76,31.6],[34.42,31.59],[34.21,31.38],[34.21,31.22],[34.76,31.2],[34.92,31.01],[35.06,31.0],[35.32,31.29],[35.48,31.29],[35.5,30.54],[35.69,30.52],[35.71,30.68],[35.89,30.82],[35.91,30.98],[35.99,31.02],[36.0,31.36],[36.09,31.42],[36.1,31.66],[36.2,31.74],[36.2,31.96],[36.11,32.02],[36.11,32.18],[36.34,32.4],[36.44,32.3],[36.86,32.3],[37.0,32.44],[37.0,32.66],[36.91,32.72],[36.89,32.88],[36.51,33.22],[36.51,33.58],[36.62,33.69],[36.86,33.7],[36.99,33.82],[37.01,34.28],[37.42,34.69],[37.58,34.71],[37.64,34.8],[37.99,34.82],[37.99,34.98],[37.81,35.12],[37.8,35.26],[37.89,35.32],[37.91,35.58],[38.12,35.79],[38.28,35.81],[38.34,35.9],[38.66,35.9],[38.74,36.0],[39.76,36.0],[39.84,35.9],[40.46,35.9],[40.54,35.8],[40.68,35.81],[40.74,35.9],[40.96,35.9],[41.02,35.81],[41.28,35.79],[41.42,35.61],[41.58,35.59],[41.64,35.5],[41.72,35.59],[41.86,35.6],[41.94,35.5],[42.28,35.49],[42.44,35.3],[43.06,35.3],[43.12,35.21],[43.28,35.19],[43.32,35.11],[43.56,35.1],[43.62,35.01],[43.78,34.99],[43.82,34.91],[44.28,34.89],[44.72,34.41],[44.88,34.39],[45.09,34.18],[45.11,33.82],[45.52,33.41],[45.88,33.39],[45.92,33.31],[46.08,33.29],[46.22,33.11],[46.38,33.09],[46.52,32.91],[46.68,32.89],[46.99,32.58],[47.01,32.42],[47.09,32.38],[47.11,32.22],[47.22,32.11],[47.38,32.09],[47.44,32.0],[47.78,31.99],[47.82,31.91],[47.98,31.89],[48.04,31.8],[48.56,31.8],[48.62,31.71],[48.78,31.69],[49.09,31.38],[49.11,31.12],[49.42,30.81],[49.59,30.78],[49.6,30.54],[49.69,30.48],[49.71,30.22],[50.08,29.99],[50.11,29.82],[50.72,29.21],[50.96,29.2],[51.02,29.11],[51.18,29.09],[51.72,28.51],[51.88,28.49],[51.92,28.41],[52.29,28.28],[52.26,28.1],[52.18,28.19],[52.02,28.21],[51.98,28.29],[51.9,28.26],[51.91,28.02],[52.22,27.71],[52.48,27.69],[52.62,27.51],[52.78,27.49],[52.82,27.41],[52.98,27.39],[53.04,27.3],[53.26,27.3],[53.29,27.38],[53.1,27.56],[53.19,27.62],[53.21,27.78],[53.38,27.81],[53.42,27.89],[53.96,27.9],[54.04,28.0],[54.14,27.9],[54.24,28.0],[54.36,27.9],[54.52,28.09],[54.78,28.11],[54.92,28.29],[55.38,28.31],[55.39,28.38],[55.3,28.44],[55.29,28.68],[55.18,28.79],[54.92,28.81],[54.7,29.04],[54.71,29.18],[54.86,29.2],[55.02,29.01],[55.18,29.01],[55.3,29.14],[55.21,29.22],[55.19,29.38],[54.82,29.51],[54.78,29.79],[54.54,29.8],[54.48,29.71],[54.32,29.71],[54.29,30.08],[54.18,30.19],[54.02,30.21],[53.91,30.32],[53.89,30.48],[53.68,30.69],[53.02,30.91],[52.91,31.02],[52.89,31.18],[52.78,31.29],[52.62,31.31],[52.41,31.52],[52.39,31.68],[51.98,32.09],[51.82,32.11],[51.41,32.52],[51.4,33.06],[51.52,33.19],[51.78,33.19],[51.94,33.0],[52.26,33.0],[52.3,33.06],[52.08,33.29],[51.91,33.32],[51.89,33.48],[51.78,33.59],[51.72,33.59],[51.68,33.51],[51.61,33.52],[51.59,33.68],[51.21,34.02],[51.19,34.18],[50.98,34.39],[50.82,34.41],[50.71,34.52],[50.71,34.78],[50.79,34.82],[50.81,34.98],[50.92,35.09],[51.18,35.11],[51.22,35.19],[51.38,35.21],[51.42,35.29],[51.58,35.31],[51.64,35.4],[51.88,35.41],[51.94,35.5],[52.08,35.49],[52.14,35.4],[52.46,35.4],[52.52,35.31],[52.68,35.31],[52.8,35.44],[52.79,35.68],[52.54,35.7],[52.48,35.61],[52.32,35.59],[52.24,35.5],[52.18,35.59],[51.94,35.6],[51.88,35.69],[51.64,35.7],[51.56,35.8],[51.12,35.81],[51.08,35.89],[50.92,35.91],[50.86,36.0],[50.62,36.01],[50.58,36.09],[50.42,36.11],[50.36,36.2],[50.22,36.19],[50.16,36.1],[50.02,36.11],[49.88,36.29],[49.71,36.32],[49.69,36.48],[49.38,36.79],[49.14,36.8],[49.08,36.89],[48.92,36.91],[48.41,37.42],[48.39,37.58],[48.28,37.69],[48.14,37.7],[48.08,37.61],[47.94,37.6],[47.88,37.69],[47.66,37.7]]],[[[43.96,40.3],[43.88,40.21],[43.71,40.18],[43.71,39.92],[43.88,39.89],[43.94,39.8],[44.38,39.79],[44.4,39.54],[44.31,39.42],[44.52,39.21],[44.68,39.19],[44.79,39.08],[44.81,38.92],[44.9,38.86],[44.9,38.64],[44.8,38.56],[44.8,38.14],[44.89,38.08],[44.9,37.74],[44.99,37.68],[45.01,37.52],[45.09,37.48],[45.11,37.32],[45.42,37.01],[45.58,36.99],[45.62,36.91],[45.86,36.9],[45.94,36.8],[46.36,36.8],[46.48,36.71],[46.5,37.06],[46.59,37.12],[46.59,37.28],[46.48,37.39],[46.32,37.41],[46.28,37.49],[46.12,37.51],[46.11,37.68],[46.32,37.89],[46.56,37.9],[46.64,38.0],[46.86,38.0],[46.98,37.91],[47.09,38.08],[46.86,38.3],[46.14,38.3],[46.08,38.39],[45.92,38.41],[45.71,38.62],[45.71,38.78],[45.96,38.8],[46.04,38.7],[46.36,38.7],[46.38,38.89],[46.04,38.9],[45.98,38.99],[45.82,39.01],[45.48,39.39],[45.32,39.41],[45.08,39.69],[44.92,39.71],[44.48,40.19],[44.04,40.2],[43.96,40.3]]],[[[46.96,38.4],[46.91,38.38],[46.92,38.31],[46.99,38.32],[46.96,38.4]]]]}},{"type":"Feature","properties":{"why":"semi_arid_climate","tier":2,"km2":365502,"id":"semi-s10w041"},"geometry":{"type":"MultiPolygon","coordinates":[[[[-40.34,-4.9],[-40.49,-5.02],[-40.5,-5.36],[-40.59,-5.42],[-40.6,-5.66],[-40.69,-5.72],[-40.82,-6.09],[-40.98,-6.09],[-41.14,-5.9],[-41.39,-5.92],[-41.4,-6.46],[-41.3,-6.54],[-41.31,-6.78],[-41.52,-6.99],[-41.86,-7.0],[-41.92,-7.09],[-42.08,-7.11],[-42.42,-7.49],[-42.58,-7.51],[-42.69,-7.62],[-42.71,-7.78],[-42.89,-7.92],[-42.91,-8.08],[-42.99,-8.12],[-43.0,-8.46],[-43.09,-8.52],[-43.11,-8.78],[-43.29,-8.92],[-43.31,-9.18],[-43.58,-9.19],[-43.61,-9.02],[-43.68,-9.01],[-43.8,-9.14],[-43.7,-9.24],[-43.71,-9.58],[-44.0,-9.84],[-44.0,-10.06],[-43.88,-10.19],[-43.82,-10.19],[-43.68,-10.01],[-43.52,-10.01],[-43.49,-10.28],[-43.31,-10.42],[-43.29,-10.58],[-43.2,-10.64],[-43.31,-10.98],[-43.5,-11.14],[-43.49,-11.28],[-43.4,-11.34],[-43.5,-11.66],[-43.41,-11.72],[-43.38,-11.99],[-43.22,-11.99],[-43.11,-11.88],[-43.09,-11.72],[-42.81,-11.48],[-42.79,-11.32],[-42.68,-11.21],[-42.52,-11.21],[-42.41,-11.32],[-42.41,-11.68],[-42.58,-11.71],[-42.69,-11.82],[-42.74,-12.0],[-42.98,-11.81],[-43.0,-12.06],[-42.91,-12.12],[-42.9,-12.36],[-42.81,-12.42],[-42.79,-12.58],[-42.71,-12.62],[-42.69,-12.78],[-42.61,-12.82],[-42.59,-13.18],[-42.51,-13.22],[-42.49,-13.38],[-42.31,-13.52],[-42.29,-13.68],[-42.2,-13.74],[-42.2,-14.06],[-42.3,-14.14],[-42.29,-14.68],[-42.12,-14.71],[-42.01,-14.82],[-41.96,-15.0],[-40.94,-15.0],[-40.88,-14.91],[-40.72,-14.89],[-40.58,-14.71],[-40.42,-14.69],[-40.2,-14.46],[-40.2,-14.14],[-40.3,-14.06],[-40.3,-13.74],[-40.4,-13.66],[-40.4,-13.34],[-40.31,-13.28],[-40.28,-13.01],[-40.12,-12.99],[-40.08,-12.91],[-39.92,-12.89],[-39.81,-12.78],[-39.81,-12.62],[-40.02,-12.41],[-40.08,-12.41],[-40.32,-12.69],[-40.56,-12.7],[-40.64,-12.8],[-40.86,-12.8],[-40.96,-12.7],[-41.09,-12.82],[-41.1,-13.06],[-41.0,-13.14],[-41.0,-13.56],[-41.12,-13.69],[-41.38,-13.69],[-41.54,-13.5],[-41.68,-13.51],[-41.74,-13.6],[-42.06,-13.6],[-42.2,-13.46],[-42.2,-12.94],[-42.11,-12.88],[-42.09,-12.72],[-41.74,-12.7],[-41.61,-12.58],[-41.59,-12.42],[-41.5,-12.36],[-41.5,-11.94],[-41.41,-11.88],[-41.39,-11.72],[-41.31,-11.68],[-41.29,-11.52],[-41.08,-11.31],[-40.92,-11.29],[-40.71,-11.08],[-40.69,-10.62],[-40.28,-10.21],[-40.12,-10.21],[-40.01,-10.32],[-40.0,-11.06],[-40.09,-11.12],[-40.1,-11.26],[-40.01,-11.32],[-39.99,-11.48],[-39.9,-11.54],[-39.9,-12.06],[-39.42,-12.09],[-39.11,-11.78],[-39.09,-11.62],[-38.92,-11.59],[-38.51,-11.18],[-38.49,-11.02],[-38.39,-10.92],[-38.22,-10.89],[-37.71,-10.38],[-37.69,-10.22],[-37.49,-10.02],[-37.32,-9.99],[-37.11,-9.78],[-37.11,-9.72],[-37.19,-9.68],[-37.21,-9.52],[-37.39,-9.48],[-37.4,-9.24],[-37.22,-9.19],[-37.18,-9.11],[-37.02,-9.09],[-36.8,-8.86],[-36.81,-8.62],[-36.96,-8.6],[-37.22,-8.89],[-37.49,-8.88],[-37.4,-8.76],[-37.39,-8.52],[-37.21,-8.38],[-37.22,-8.11],[-37.56,-8.1],[-37.62,-8.19],[-37.76,-8.2],[-37.84,-8.1],[-38.26,-8.1],[-38.32,-8.01],[-38.58,-7.99],[-38.69,-7.88],[-38.71,-7.72],[-38.84,-7.6],[-38.98,-7.61],[-39.04,-7.7],[-39.36,-7.7],[-39.44,-7.6],[-40.06,-7.6],[-40.12,-7.51],[-40.29,-7.48],[-40.28,-7.41],[-40.12,-7.39],[-40.01,-7.28],[-39.99,-7.12],[-39.9,-7.06],[-40.0,-6.96],[-40.0,-6.44],[-39.91,-6.38],[-39.9,-6.24],[-39.99,-6.18],[-40.0,-5.84],[-40.1,-5.76],[-40.1,-5.44],[-40.01,-5.38],[-39.9,-5.04],[-40.04,-4.9],[-40.34,-4.9]]],[[[-43.34,-8.8],[-43.39,-8.82],[-43.38,-8.89],[-43.31,-8.88],[-43.34,-8.8]]]]}},{"type":"Feature","properties":{"why":"semi_arid_climate","tier":2,"km2":341301,"id":"semi-s31e120"},"geometry":{"type":"MultiPolygon","coordinates":[[[[112.96,-25.5],[112.9,-25.54],[112.91,-25.88],[113.09,-26.02],[113.21,-26.38],[113.59,-26.72],[113.61,-26.88],[113.79,-27.02],[113.81,-27.18],[113.99,-27.32],[114.01,-27.48],[114.1,-27.54],[114.11,-28.18],[114.49,-28.52],[114.51,-28.78],[114.68,-28.79],[114.71,-28.62],[114.86,-28.6],[114.92,-28.79],[115.08,-28.81],[115.29,-29.02],[115.31,-29.38],[115.49,-29.42],[115.51,-29.58],[115.59,-29.62],[115.61,-29.78],[115.79,-29.92],[115.91,-30.28],[116.12,-30.49],[116.29,-30.52],[116.31,-30.68],[116.59,-30.92],[116.61,-31.08],[116.69,-31.12],[116.81,-31.48],[117.02,-31.69],[117.18,-31.71],[117.29,-31.82],[117.3,-31.96],[117.21,-32.02],[117.2,-32.16],[117.29,-32.22],[117.31,-32.38],[117.5,-32.54],[117.5,-32.86],[117.4,-32.94],[117.4,-33.26],[117.7,-33.54],[117.69,-33.68],[117.6,-33.74],[117.6,-34.16],[117.72,-34.29],[118.36,-34.3],[118.44,-34.4],[118.76,-34.4],[118.92,-34.21],[119.16,-34.2],[119.24,-34.1],[119.66,-34.1],[119.74,-34.0],[120.28,-33.99],[120.64,-33.6],[121.56,-33.6],[121.64,-33.5],[122.96,-33.5],[123.04,-33.6],[123.38,-33.61],[123.66,-33.9],[124.09,-33.48],[124.11,-33.22],[124.32,-33.01],[124.78,-32.99],[124.82,-32.91],[124.98,-32.89],[125.02,-32.81],[125.18,-32.79],[125.22,-32.71],[125.38,-32.69],[125.42,-32.61],[125.58,-32.59],[125.62,-32.51],[125.78,-32.49],[125.82,-32.41],[125.98,-32.39],[126.02,-32.31],[126.56,-32.3],[126.62,-32.39],[126.76,-32.4],[126.84,-32.3],[127.56,-32.3],[127.62,-32.21],[127.86,-32.2],[127.94,-32.1],[128.26,-32.1],[128.32,-32.01],[128.48,-31.99],[128.52,-31.91],[128.78,-31.89],[128.82,-31.81],[128.98,-31.79],[129.04,-31.7],[129.59,-31.68],[129.59,-31.52],[129.48,-31.41],[129.32,-31.39],[129.28,-31.31],[128.54,-31.3],[128.38,-31.49],[127.94,-31.5],[127.88,-31.59],[127.72,-31.61],[127.66,-31.7],[127.42,-31.71],[127.36,-31.8],[126.74,-31.8],[126.66,-31.9],[126.04,-31.9],[125.98,-31.99],[125.74,-32.0],[125.66,-32.1],[125.32,-32.11],[125.26,-32.2],[124.64,-32.2],[124.58,-32.11],[124.42,-32.09],[124.38,-32.01],[124.12,-31.99],[123.98,-31.81],[123.82,-31.79],[123.48,-31.41],[123.32,-31.39],[123.21,-31.28],[123.21,-31.12],[123.3,-31.06],[123.3,-30.84],[123.16,-30.7],[122.82,-30.71],[122.71,-30.82],[122.69,-30.98],[122.51,-31.02],[122.6,-31.16],[122.48,-31.29],[122.04,-31.3],[121.94,-31.4],[121.9,-31.04],[122.0,-30.94],[121.91,-30.88],[121.89,-30.72],[121.76,-30.6],[121.42,-30.59],[121.38,-30.51],[121.22,-30.49],[121.18,-30.41],[121.02,-30.39],[120.98,-30.31],[120.82,-30.29],[120.76,-30.2],[120.44,-30.2],[120.36,-30.3],[120.14,-30.3],[120.06,-30.2],[119.64,-30.2],[119.59,-30.38],[119.48,-30.49],[119.32,-30.49],[119.26,-30.4],[119.12,-30.41],[119.06,-30.5],[118.92,-30.49],[118.81,-30.38],[118.9,-30.24],[118.78,-30.11],[118.52,-30.09],[118.48,-30.01],[118.32,-29.99],[118.18,-29.81],[118.02,-29.79],[117.98,-29.71],[117.62,-29.59],[117.59,-29.42],[117.48,-29.31],[117.32,-29.29],[117.29,-29.12],[116.98,-28.81],[116.74,-28.8],[116.68,-28.71],[116.52,-28.69],[116.18,-28.31],[115.84,-28.3],[115.78,-28.21],[115.54,-28.2],[115.48,-28.11],[115.22,-28.09],[115.1,-27.96],[115.09,-27.52],[114.98,-27.41],[114.82,-27.39],[114.61,-27.18],[114.49,-26.82],[114.11,-26.48],[114.09,-26.32],[114.0,-26.26],[113.99,-26.02],[113.82,-26.01],[113.76,-26.1],[113.42,-26.09],[113.11,-25.78],[113.09,-25.52],[112.96,-25.5]]],[[[119.46,-30.0],[119.41,-30.08],[119.58,-30.19],[119.59,-30.02],[119.46,-30.0]]]]}},{"type":"Feature","properties":{"why":"semi_arid_climate","tier":2,"km2":267724,"id":"semi-n17e076"},"geometry":{"type":"Polygon","coordinates":[[[74.76,22.3],[74.6,22.16],[74.6,21.94],[74.69,21.88],[74.69,21.72],[74.42,21.69],[74.21,21.48],[74.2,21.14],[74.3,21.06],[74.3,20.74],[74.1,20.56],[74.1,19.64],[74.2,19.56],[74.2,19.24],[74.11,19.18],[74.09,19.02],[74.0,18.96],[74.0,18.44],[74.1,18.36],[74.11,18.02],[74.22,17.91],[74.38,17.89],[74.5,17.76],[74.5,17.54],[74.4,17.46],[74.4,16.74],[74.49,16.68],[74.51,16.42],[74.79,16.18],[74.81,16.02],[74.99,15.88],[75.01,15.62],[75.19,15.48],[75.21,15.32],[75.39,15.18],[75.41,14.92],[75.49,14.88],[75.51,14.72],[75.6,14.66],[75.61,14.22],[75.72,14.11],[75.88,14.09],[76.09,13.88],[76.11,13.52],[76.24,13.4],[76.46,13.4],[76.54,13.5],[76.64,13.4],[76.74,13.5],[76.84,13.4],[77.16,13.4],[77.22,13.59],[77.38,13.61],[77.42,13.69],[77.58,13.71],[77.62,13.79],[77.78,13.81],[77.92,13.99],[78.28,14.11],[78.42,14.29],[78.58,14.31],[78.79,14.52],[78.8,14.86],[78.71,14.92],[78.71,15.08],[78.82,15.19],[78.98,15.21],[79.01,15.38],[79.12,15.49],[79.28,15.51],[79.59,15.82],[79.6,16.26],[79.89,16.52],[79.9,16.76],[79.48,17.19],[78.84,17.4],[78.8,17.24],[78.89,17.18],[78.89,17.02],[78.58,16.71],[78.42,16.71],[78.34,16.8],[78.16,16.6],[78.02,16.61],[77.96,16.7],[77.54,16.7],[77.48,16.79],[77.21,16.82],[77.21,16.98],[77.4,17.16],[76.98,17.59],[76.82,17.59],[76.76,17.5],[76.44,17.5],[76.11,17.82],[76.0,18.16],[76.3,18.44],[76.29,18.68],[76.11,18.72],[76.11,18.88],[76.18,18.89],[76.24,18.8],[76.5,18.84],[76.49,19.08],[76.1,19.44],[76.11,19.58],[76.2,19.64],[76.21,19.88],[76.29,19.92],[76.29,19.98],[76.14,20.1],[76.08,20.01],[75.92,19.99],[75.68,19.71],[75.32,19.71],[75.11,19.92],[75.1,20.36],[75.01,20.48],[75.09,20.52],[75.11,20.68],[75.32,20.89],[75.66,20.9],[75.72,20.61],[76.46,20.6],[76.62,20.41],[76.86,20.4],[77.02,20.59],[77.18,20.61],[77.22,20.69],[77.48,20.71],[77.59,20.82],[77.6,20.96],[77.04,21.0],[76.96,21.1],[75.84,21.1],[75.78,21.19],[75.52,21.21],[75.2,21.56],[75.34,21.7],[75.68,21.71],[75.69,21.98],[75.58,22.09],[75.42,22.11],[75.28,22.29],[74.76,22.3]]]}},{"type":"Feature","properties":{"why":"arid_climate","tier":2,"km2":247796,"id":"arid-n29w105"},"geometry":{"type":"Polygon","coordinates":[[[-106.44,33.3],[-106.5,33.26],[-106.52,32.41],[-106.69,32.52],[-106.72,32.69],[-106.96,32.7],[-107.02,32.31],[-107.36,32.3],[-107.42,32.39],[-107.66,32.4],[-107.72,32.31],[-107.88,32.29],[-108.09,32.08],[-108.0,31.96],[-108.0,31.74],[-108.18,31.69],[-108.2,31.54],[-108.11,31.48],[-108.09,31.32],[-108.0,31.26],[-107.99,30.52],[-107.71,30.28],[-107.68,30.11],[-107.52,30.09],[-107.48,30.01],[-107.12,29.89],[-107.08,29.81],[-106.82,29.79],[-106.76,29.7],[-106.7,29.74],[-106.68,30.09],[-106.52,30.11],[-106.46,30.2],[-106.21,30.18],[-106.3,30.06],[-106.2,29.96],[-106.2,29.54],[-106.29,29.48],[-106.3,29.34],[-106.12,29.29],[-106.01,29.18],[-105.99,28.82],[-105.8,28.66],[-105.8,28.14],[-105.71,28.08],[-105.69,27.92],[-105.61,27.88],[-105.59,27.72],[-105.51,27.68],[-105.48,27.41],[-105.32,27.39],[-105.26,27.3],[-104.81,27.32],[-104.79,27.48],[-104.7,27.54],[-104.7,27.86],[-104.8,27.94],[-104.76,28.4],[-104.12,28.39],[-104.11,28.22],[-104.28,28.19],[-104.39,28.02],[-104.12,27.99],[-103.88,27.71],[-103.71,27.82],[-103.68,27.99],[-103.51,27.98],[-103.5,27.64],[-103.6,27.56],[-103.59,27.42],[-103.51,27.38],[-103.51,27.32],[-103.64,27.2],[-103.76,27.3],[-103.82,27.21],[-103.98,27.19],[-104.12,27.01],[-104.26,27.1],[-104.32,27.01],[-104.5,26.96],[-104.5,26.24],[-104.2,25.96],[-104.2,25.64],[-104.29,25.58],[-104.29,25.42],[-103.98,25.11],[-103.82,25.09],[-103.78,25.01],[-103.42,24.99],[-103.18,24.71],[-103.02,24.69],[-102.78,24.41],[-102.62,24.39],[-102.51,24.28],[-102.48,24.11],[-102.02,24.11],[-101.9,24.26],[-102.19,24.52],[-102.2,24.86],[-102.01,25.02],[-102.0,25.16],[-102.19,25.32],[-102.19,25.48],[-101.64,25.5],[-101.58,25.59],[-101.34,25.6],[-101.26,25.7],[-100.92,25.71],[-100.71,25.92],[-100.71,26.08],[-100.8,26.16],[-100.7,26.26],[-100.92,26.49],[-101.08,26.51],[-101.14,26.6],[-101.28,26.59],[-101.34,26.4],[-101.69,26.52],[-101.71,26.68],[-101.79,26.72],[-101.79,26.78],[-101.66,26.9],[-101.52,26.81],[-101.38,26.99],[-101.21,27.02],[-101.21,27.18],[-101.32,27.29],[-101.58,27.29],[-101.84,27.0],[-101.92,27.09],[-102.08,27.11],[-102.14,27.3],[-102.38,27.29],[-102.44,27.1],[-102.66,27.1],[-102.79,27.22],[-102.8,27.86],[-102.61,28.02],[-102.59,28.18],[-102.5,28.24],[-102.6,28.34],[-102.6,28.96],[-102.69,29.02],[-102.7,29.16],[-102.58,29.29],[-102.41,29.32],[-102.5,29.46],[-102.31,29.52],[-102.31,29.68],[-102.64,30.0],[-103.36,30.0],[-103.44,29.9],[-103.58,29.91],[-103.66,30.0],[-103.72,29.91],[-103.88,29.89],[-103.94,29.8],[-104.28,29.81],[-104.6,30.14],[-104.6,30.66],[-104.51,30.72],[-104.4,31.06],[-104.59,31.22],[-104.71,31.58],[-104.89,31.72],[-104.9,31.96],[-104.99,32.02],[-105.01,32.28],[-105.36,32.3],[-105.48,32.39],[-105.59,32.28],[-105.61,32.02],[-105.8,31.86],[-105.79,31.72],[-105.71,31.68],[-105.71,31.62],[-105.88,31.61],[-105.91,31.78],[-106.0,31.84],[-106.01,32.28],[-106.3,32.34],[-106.29,32.48],[-106.1,32.64],[-106.1,32.86],[-106.2,32.94],[-106.2,33.26],[-106.44,33.3]]]}},{"type":"Feature","properties":{"why":"semi_arid_climate","tier":2,"km2":203832,"id":"semi-n35e003"},"geometry":{"type":"MultiPolygon","coordinates":[[[[9.96,36.8],[9.88,36.71],[9.72,36.69],[9.51,36.48],[9.51,36.32],[9.69,36.18],[9.69,36.12],[9.42,36.09],[9.39,35.92],[9.26,35.8],[8.91,35.82],[8.91,35.98],[9.0,36.04],[8.96,36.2],[8.64,36.2],[8.58,36.11],[8.42,36.09],[8.36,36.0],[7.82,35.99],[7.56,35.7],[7.42,35.71],[7.26,35.9],[6.92,35.91],[6.88,35.99],[6.72,36.01],[6.66,36.1],[6.14,36.1],[6.08,36.01],[5.84,36.0],[5.78,36.09],[5.34,36.1],[5.26,36.2],[4.84,36.2],[4.76,36.1],[4.24,36.1],[4.16,36.0],[3.44,36.0],[3.38,35.91],[3.14,35.9],[3.06,35.8],[2.96,35.9],[2.64,35.9],[2.58,35.81],[2.42,35.79],[2.36,35.7],[1.74,35.7],[1.64,35.8],[1.58,35.71],[1.42,35.69],[1.36,35.6],[1.22,35.61],[1.04,35.8],[0.91,35.68],[0.86,35.5],[0.7,35.64],[0.71,35.78],[0.9,35.84],[0.76,36.0],[0.62,35.99],[0.58,35.91],[0.42,35.89],[0.36,35.8],[0.22,35.81],[0.16,35.9],[-0.36,35.9],[-0.52,35.71],[-0.86,35.7],[-1.02,35.51],[-1.18,35.49],[-1.18,35.31],[-1.02,35.31],[-0.96,35.4],[-0.62,35.41],[-0.46,35.6],[-0.32,35.59],[-0.16,35.4],[-0.02,35.41],[0.12,35.59],[0.36,35.6],[0.39,35.32],[0.16,35.1],[0.06,35.2],[-0.16,35.2],[-0.22,35.11],[-0.38,35.09],[-0.42,35.01],[-0.76,35.0],[-0.82,34.91],[-1.08,34.89],[-1.14,34.6],[-1.48,34.71],[-1.52,34.79],[-1.68,34.81],[-1.72,34.99],[-1.88,35.01],[-1.94,35.1],[-2.18,35.11],[-2.24,35.2],[-2.76,35.2],[-2.84,35.3],[-3.26,35.3],[-3.32,35.21],[-3.48,35.19],[-3.51,35.02],[-3.7,34.86],[-3.69,34.72],[-3.5,34.56],[-3.51,34.42],[-3.7,34.26],[-3.69,34.12],[-3.6,34.06],[-3.6,33.84],[-3.69,33.78],[-3.7,33.54],[-3.4,33.26],[-3.41,33.12],[-3.5,33.06],[-3.51,32.82],[-3.6,32.74],[-3.34,32.7],[-3.28,32.79],[-2.94,32.8],[-2.88,32.89],[-2.72,32.91],[-2.7,33.16],[-2.79,33.22],[-2.79,33.38],[-2.28,33.89],[-2.12,33.91],[-2.06,34.0],[-1.92,33.99],[-1.76,33.8],[-1.14,33.8],[-1.08,33.89],[-0.64,33.9],[-0.58,33.99],[-0.42,34.01],[-0.38,34.09],[-0.14,34.1],[-0.08,34.19],[0.06,34.2],[0.2,34.06],[0.1,33.96],[0.12,33.71],[0.28,33.69],[0.34,33.6],[0.58,33.59],[0.74,33.4],[1.26,33.4],[1.34,33.5],[1.46,33.4],[1.52,33.49],[1.68,33.51],[1.72,33.59],[1.88,33.61],[1.92,33.69],[2.08,33.71],[2.42,34.09],[2.86,34.1],[3.02,34.29],[3.36,34.3],[3.44,34.4],[3.58,34.39],[3.64,34.3],[3.88,34.31],[4.09,34.52],[4.11,34.68],[4.4,34.94],[4.38,35.09],[4.04,35.1],[3.9,35.24],[4.0,35.34],[4.01,35.68],[4.14,35.8],[4.76,35.8],[4.82,35.71],[5.08,35.69],[5.12,35.61],[5.48,35.49],[5.51,35.32],[5.62,35.21],[5.78,35.19],[5.82,35.11],[5.98,35.09],[6.02,35.01],[6.18,34.99],[6.24,34.9],[7.26,34.9],[7.32,34.81],[7.56,34.8],[7.64,34.7],[8.06,34.7],[8.12,34.79],[8.28,34.81],[8.34,34.9],[8.86,34.9],[8.92,34.99],[9.08,35.01],[9.12,35.09],[9.28,35.11],[9.34,35.2],[9.66,35.1],[9.72,35.19],[9.88,35.21],[9.94,35.3],[10.02,35.21],[10.18,35.19],[10.24,35.1],[10.38,35.11],[10.44,35.2],[10.66,35.2],[10.74,35.1],[11.06,35.1],[11.09,35.68],[10.98,35.79],[10.72,35.81],[10.61,35.92],[10.59,36.08],[10.5,36.14],[10.6,36.24],[10.59,36.48],[10.32,36.51],[10.08,36.79],[9.96,36.8]]],[[[9.36,36.2],[9.31,36.18],[9.32,36.11],[9.39,36.12],[9.36,36.2]]]]}},{"type":"Feature","properties":{"why":"semi_arid_climate","tier":2,"km2":176260,"id":"semi-n46e089"},"geometry":{"type":"Polygon","coordinates":[[[89.86,49.7],[89.78,49.61],[89.51,49.58],[89.5,49.24],[89.4,49.14],[89.59,48.98],[89.56,48.9],[89.42,48.91],[89.36,49.0],[88.92,49.01],[88.9,49.36],[88.82,49.39],[88.79,49.22],[88.6,49.06],[88.61,48.52],[88.82,48.31],[88.96,48.3],[89.0,48.46],[88.91,48.52],[88.91,48.68],[89.28,48.69],[89.4,48.56],[89.41,48.22],[89.64,48.0],[89.89,48.02],[89.89,48.18],[89.8,48.24],[89.82,48.39],[90.06,48.4],[90.12,48.31],[90.28,48.29],[90.31,47.92],[90.48,47.89],[90.59,47.78],[90.62,47.51],[90.78,47.51],[90.84,47.6],[90.98,47.59],[91.04,47.5],[91.14,47.6],[91.38,47.59],[91.49,47.48],[91.51,47.32],[91.59,47.28],[91.61,47.02],[91.72,46.91],[91.88,46.89],[91.92,46.81],[92.08,46.79],[92.06,46.6],[91.84,46.6],[91.78,46.69],[91.62,46.71],[91.58,46.79],[91.42,46.81],[91.31,46.92],[91.29,47.08],[91.06,47.3],[90.81,47.28],[90.68,46.91],[90.42,46.91],[90.28,47.09],[90.12,47.11],[89.98,47.29],[89.81,47.32],[89.8,47.56],[89.9,47.64],[89.86,47.8],[89.71,47.68],[89.69,47.52],[89.61,47.48],[89.59,47.12],[89.44,47.1],[88.98,47.59],[88.64,47.6],[88.58,47.69],[88.42,47.71],[88.38,47.79],[87.94,47.8],[87.86,47.9],[87.54,47.8],[87.48,47.89],[87.22,47.91],[87.08,48.09],[86.92,48.11],[86.86,48.2],[85.14,48.2],[85.06,48.1],[84.64,48.1],[84.58,48.19],[84.42,48.21],[84.38,48.29],[84.04,48.3],[83.98,48.39],[83.84,48.4],[83.78,48.31],[83.62,48.29],[83.56,48.2],[82.94,48.2],[82.81,48.08],[82.81,47.92],[82.92,47.81],[83.08,47.79],[83.14,47.7],[83.96,47.7],[84.04,47.6],[85.26,47.6],[85.32,47.51],[85.56,47.5],[85.64,47.4],[85.98,47.39],[86.02,47.31],[86.18,47.29],[86.22,47.21],[86.4,47.16],[86.38,47.01],[86.22,46.99],[86.11,46.88],[86.12,46.71],[86.36,46.7],[86.44,46.8],[86.96,46.8],[87.06,46.7],[87.16,46.8],[87.2,46.54],[87.1,46.44],[87.22,46.31],[87.56,46.3],[87.62,46.49],[87.86,46.5],[88.02,46.31],[88.18,46.29],[88.29,46.18],[88.29,45.92],[88.0,45.74],[88.29,45.48],[88.3,45.04],[88.18,44.91],[88.02,44.89],[87.78,44.61],[87.04,44.6],[86.96,44.7],[85.54,44.7],[85.51,44.52],[85.62,44.41],[85.79,44.38],[85.78,44.21],[84.94,44.2],[84.88,44.29],[84.74,44.3],[84.72,44.11],[84.88,44.09],[84.94,44.0],[85.18,43.99],[85.24,43.9],[85.56,43.9],[85.64,43.8],[86.36,43.8],[86.42,43.71],[86.68,43.69],[86.71,43.52],[86.84,43.4],[87.48,43.39],[87.6,43.26],[87.59,43.12],[87.5,43.06],[87.5,42.84],[87.66,42.8],[87.71,42.98],[87.89,43.12],[87.91,43.48],[88.3,43.54],[88.28,43.69],[88.01,43.72],[88.02,43.89],[88.26,43.9],[88.34,44.0],[88.86,44.0],[88.94,43.9],[89.56,43.9],[89.62,43.99],[89.89,44.02],[89.89,44.28],[89.68,44.49],[89.52,44.51],[89.4,44.64],[89.41,44.88],[89.62,45.09],[89.98,45.11],[90.14,45.3],[90.36,45.3],[90.42,45.21],[90.66,45.2],[90.74,45.1],[91.09,45.12],[91.08,45.29],[90.92,45.31],[90.86,45.4],[90.62,45.41],[90.5,45.54],[90.6,45.64],[90.61,45.88],[90.79,45.92],[90.82,46.39],[91.26,46.4],[91.32,46.49],[91.46,46.5],[91.52,46.41],[91.76,46.4],[91.84,46.3],[91.92,46.39],[92.08,46.39],[92.12,46.31],[92.28,46.29],[92.34,46.2],[92.44,46.3],[92.66,46.3],[92.72,46.21],[92.88,46.19],[93.02,46.01],[93.18,45.99],[93.22,45.91],[93.46,45.9],[93.54,45.8],[93.78,45.79],[93.92,45.61],[94.08,45.59],[94.12,45.51],[94.24,45.6],[94.59,45.62],[94.59,45.78],[94.48,45.89],[94.24,45.9],[94.18,45.99],[93.94,46.0],[93.81,46.12],[93.8,46.56],[93.68,46.69],[93.51,46.68],[93.49,46.42],[93.36,46.3],[93.18,46.49],[93.02,46.51],[92.96,46.6],[92.82,46.59],[92.78,46.51],[92.72,46.51],[92.69,46.68],[92.6,46.74],[92.59,47.08],[92.46,47.2],[92.02,47.21],[91.91,47.32],[91.89,47.48],[91.81,47.52],[91.79,47.78],[91.52,47.81],[91.41,47.92],[91.39,48.08],[91.11,48.32],[91.09,48.48],[90.82,48.51],[90.71,48.62],[90.71,48.88],[90.88,48.91],[90.89,48.98],[90.22,49.01],[90.2,49.16],[90.3,49.26],[90.21,49.32],[90.19,49.48],[89.98,49.69],[89.86,49.7]]]}},{"type":"Feature","properties":{"why":"semi_arid_climate","tier":2,"km2":158948,"id":"semi-s48w069"},"geometry":{"type":"Polygon","coordinates":[[[-65.84,-44.1],[-65.92,-44.19],[-66.08,-44.21],[-66.32,-44.49],[-66.56,-44.5],[-66.64,-44.6],[-66.74,-44.5],[-66.84,-44.6],[-66.94,-44.5],[-67.08,-44.59],[-67.32,-44.21],[-67.48,-44.21],[-67.59,-44.32],[-67.61,-44.58],[-67.89,-44.82],[-67.91,-45.28],[-68.19,-45.52],[-68.21,-45.78],[-68.4,-45.94],[-68.38,-46.09],[-68.11,-46.12],[-68.11,-46.28],[-68.22,-46.39],[-68.38,-46.41],[-68.52,-46.59],[-68.68,-46.61],[-68.76,-46.7],[-68.82,-46.61],[-69.08,-46.59],[-69.24,-46.4],[-69.56,-46.5],[-69.84,-46.2],[-69.98,-46.21],[-70.09,-46.32],[-70.09,-46.38],[-70.01,-46.42],[-70.01,-46.58],[-70.39,-46.92],[-70.41,-47.08],[-70.5,-47.14],[-70.49,-47.38],[-70.31,-47.52],[-70.29,-47.68],[-70.2,-47.74],[-70.2,-48.26],[-70.46,-48.3],[-70.5,-48.36],[-70.26,-48.6],[-69.71,-48.62],[-69.71,-48.78],[-69.82,-48.89],[-69.98,-48.89],[-70.06,-48.8],[-70.2,-48.96],[-70.08,-49.09],[-69.91,-49.12],[-69.79,-49.48],[-69.6,-49.66],[-69.74,-49.8],[-69.88,-49.79],[-69.94,-49.7],[-70.29,-49.72],[-70.29,-49.88],[-70.18,-49.99],[-69.82,-50.01],[-69.81,-50.18],[-70.18,-50.21],[-70.82,-50.89],[-70.94,-50.8],[-71.36,-50.8],[-71.42,-50.71],[-71.56,-50.7],[-71.79,-50.92],[-71.79,-51.08],[-71.68,-51.19],[-71.52,-51.21],[-71.11,-51.62],[-71.09,-51.78],[-70.98,-51.89],[-70.74,-51.9],[-70.68,-51.99],[-70.44,-52.0],[-70.36,-52.1],[-69.62,-52.11],[-69.5,-52.24],[-69.59,-52.32],[-69.6,-52.46],[-69.46,-52.6],[-69.41,-52.58],[-69.39,-52.42],[-69.26,-52.3],[-68.94,-52.3],[-68.86,-52.4],[-68.44,-52.4],[-68.31,-52.28],[-68.31,-52.22],[-68.89,-51.68],[-68.9,-51.44],[-68.99,-51.38],[-69.0,-51.14],[-69.1,-51.06],[-69.1,-50.74],[-69.01,-50.68],[-68.99,-50.52],[-68.78,-50.31],[-68.44,-50.3],[-68.38,-50.21],[-68.12,-50.19],[-68.08,-50.11],[-67.92,-50.09],[-67.71,-49.88],[-67.7,-49.64],[-67.6,-49.56],[-67.6,-49.14],[-67.38,-48.91],[-67.02,-48.79],[-66.88,-48.61],[-66.72,-48.59],[-66.68,-48.51],[-66.42,-48.49],[-66.18,-48.21],[-65.81,-48.08],[-65.8,-47.74],[-65.71,-47.68],[-65.71,-47.52],[-66.02,-47.21],[-66.18,-47.19],[-66.32,-47.01],[-66.66,-47.0],[-66.72,-46.91],[-66.88,-46.89],[-67.12,-46.61],[-67.28,-46.59],[-67.5,-46.36],[-67.49,-45.92],[-67.31,-45.78],[-67.29,-45.62],[-66.98,-45.31],[-66.52,-45.29],[-66.41,-45.18],[-66.4,-44.94],[-66.28,-44.81],[-66.14,-44.9],[-66.08,-44.81],[-65.92,-44.79],[-65.78,-44.61],[-65.61,-44.58],[-65.61,-44.32],[-65.84,-44.1]]]}},{"type":"Feature","properties":{"why":"arid_climate","tier":2,"km2":138951,"id":"arid-s45w068"},"geometry":{"type":"Polygon","coordinates":[[[-65.14,-41.8],[-65.32,-41.99],[-65.48,-42.01],[-65.52,-42.09],[-65.68,-42.11],[-65.72,-42.19],[-66.18,-42.21],[-66.22,-42.29],[-66.38,-42.31],[-66.54,-42.5],[-66.76,-42.5],[-66.82,-42.41],[-67.06,-42.4],[-67.14,-42.3],[-67.38,-42.31],[-67.51,-42.68],[-67.62,-42.79],[-67.78,-42.81],[-67.82,-42.89],[-67.98,-42.91],[-68.12,-43.09],[-68.46,-43.1],[-68.56,-43.2],[-68.72,-43.01],[-68.88,-43.01],[-68.89,-43.08],[-68.8,-43.16],[-68.89,-43.22],[-68.94,-43.4],[-69.09,-43.38],[-69.11,-43.22],[-69.22,-43.11],[-69.38,-43.11],[-69.41,-43.58],[-69.54,-43.7],[-69.62,-43.61],[-69.76,-43.6],[-69.89,-43.72],[-69.89,-43.88],[-69.78,-43.99],[-69.6,-44.04],[-69.62,-44.09],[-69.78,-44.11],[-70.0,-44.34],[-70.0,-44.86],[-69.91,-44.92],[-69.89,-45.08],[-69.81,-45.12],[-69.81,-45.18],[-70.09,-45.42],[-70.11,-45.78],[-70.29,-45.92],[-70.31,-46.08],[-70.52,-46.29],[-70.99,-46.32],[-71.0,-46.76],[-70.91,-46.82],[-70.9,-46.96],[-71.12,-47.19],[-71.3,-47.24],[-71.26,-47.4],[-70.94,-47.4],[-70.82,-47.31],[-70.8,-47.66],[-70.7,-47.74],[-70.71,-48.08],[-70.89,-48.22],[-70.91,-48.38],[-71.0,-48.44],[-71.0,-48.76],[-71.1,-48.84],[-71.1,-49.06],[-71.0,-49.14],[-71.0,-49.36],[-71.09,-49.42],[-71.1,-49.56],[-70.98,-49.69],[-70.82,-49.71],[-70.8,-49.86],[-71.08,-49.91],[-71.08,-50.09],[-70.62,-50.11],[-70.56,-50.3],[-70.24,-50.3],[-70.16,-50.2],[-69.84,-50.2],[-69.82,-50.01],[-70.56,-50.0],[-70.69,-49.82],[-70.56,-49.7],[-69.94,-49.7],[-69.88,-49.79],[-69.74,-49.8],[-69.6,-49.66],[-69.79,-49.48],[-69.91,-49.12],[-70.08,-49.09],[-70.2,-48.96],[-70.06,-48.8],[-69.98,-48.89],[-69.82,-48.89],[-69.71,-48.78],[-69.71,-48.62],[-70.26,-48.6],[-70.5,-48.36],[-70.48,-48.31],[-70.2,-48.26],[-70.2,-47.74],[-70.29,-47.68],[-70.31,-47.52],[-70.49,-47.38],[-70.5,-47.14],[-70.41,-47.08],[-70.39,-46.92],[-70.01,-46.58],[-70.0,-46.44],[-70.09,-46.32],[-69.98,-46.21],[-69.84,-46.2],[-69.58,-46.49],[-69.44,-46.5],[-69.38,-46.41],[-69.24,-46.4],[-69.08,-46.59],[-68.84,-46.6],[-68.76,-46.7],[-68.68,-46.61],[-68.52,-46.59],[-68.38,-46.41],[-68.22,-46.39],[-68.11,-46.28],[-68.11,-46.12],[-68.38,-46.09],[-68.39,-45.92],[-68.21,-45.78],[-68.19,-45.52],[-67.91,-45.28],[-67.89,-44.82],[-67.61,-44.58],[-67.6,-44.34],[-67.48,-44.21],[-67.32,-44.21],[-67.08,-44.59],[-66.94,-44.5],[-66.84,-44.6],[-66.74,-44.5],[-66.64,-44.6],[-66.58,-44.51],[-66.32,-44.49],[-66.08,-44.21],[-65.92,-44.19],[-65.84,-44.1],[-65.61,-44.32],[-65.6,-44.56],[-65.52,-44.59],[-65.3,-44.36],[-65.3,-44.14],[-65.4,-44.06],[-65.39,-43.82],[-64.78,-43.21],[-64.52,-43.19],[-64.4,-43.06],[-64.42,-42.91],[-64.66,-42.9],[-64.79,-42.78],[-64.79,-42.62],[-64.61,-42.48],[-64.61,-42.32],[-64.99,-41.98],[-65.02,-41.81],[-65.14,-41.8]]]}},{"type":"Feature","properties":{"why":"semi_arid_climate","tier":2,"km2":112147,"id":"semi-s20w067"},"geometry":{"type":"Polygon","coordinates":[[[-67.74,-16.9],[-67.79,-16.92],[-67.81,-17.08],[-67.98,-17.11],[-68.24,-17.4],[-68.38,-17.39],[-68.54,-17.2],[-68.68,-17.21],[-68.74,-17.3],[-68.98,-17.31],[-69.04,-17.4],[-69.46,-17.4],[-69.62,-17.21],[-69.68,-17.21],[-69.71,-17.58],[-69.78,-17.59],[-69.84,-17.5],[-69.98,-17.51],[-70.0,-17.76],[-69.68,-18.09],[-69.52,-18.11],[-69.36,-18.3],[-69.31,-18.28],[-69.29,-18.12],[-69.11,-17.98],[-69.08,-17.81],[-68.92,-17.81],[-68.81,-17.92],[-68.8,-18.36],[-68.99,-18.52],[-68.99,-18.58],[-68.88,-18.69],[-68.72,-18.71],[-68.58,-18.89],[-68.22,-18.91],[-68.01,-19.12],[-67.99,-19.38],[-67.8,-19.56],[-68.1,-19.86],[-67.68,-20.29],[-67.42,-20.29],[-67.39,-20.02],[-67.3,-19.96],[-67.32,-19.81],[-67.69,-19.78],[-67.69,-19.62],[-67.58,-19.51],[-67.44,-19.5],[-67.38,-19.59],[-67.24,-19.6],[-66.96,-19.3],[-66.34,-19.3],[-66.21,-19.42],[-66.2,-19.66],[-66.1,-19.74],[-66.1,-20.66],[-66.2,-20.76],[-66.11,-20.82],[-66.1,-21.06],[-66.0,-21.14],[-66.0,-21.36],[-66.2,-21.54],[-66.2,-22.06],[-66.3,-22.14],[-66.3,-22.46],[-66.39,-22.52],[-66.4,-22.76],[-66.31,-22.82],[-66.29,-22.98],[-66.21,-23.02],[-66.2,-23.46],[-66.11,-23.52],[-66.1,-23.76],[-66.04,-23.8],[-65.8,-23.56],[-65.81,-23.32],[-66.0,-23.16],[-65.91,-23.08],[-65.89,-22.92],[-65.78,-22.81],[-65.51,-22.78],[-65.49,-22.62],[-65.41,-22.58],[-65.39,-22.42],[-65.31,-22.38],[-65.29,-22.22],[-65.21,-22.18],[-65.19,-22.02],[-65.11,-21.98],[-65.1,-21.74],[-65.01,-21.68],[-64.99,-21.42],[-64.7,-21.36],[-64.8,-21.26],[-64.81,-20.92],[-64.99,-20.78],[-65.0,-20.54],[-65.1,-20.46],[-65.1,-20.14],[-65.01,-20.08],[-65.0,-19.94],[-65.59,-19.38],[-65.61,-19.22],[-65.72,-19.11],[-65.88,-19.09],[-65.99,-18.98],[-66.01,-18.72],[-66.09,-18.68],[-66.11,-18.52],[-66.39,-18.28],[-66.42,-18.11],[-66.59,-18.12],[-66.62,-18.39],[-66.78,-18.39],[-66.91,-18.02],[-67.0,-17.96],[-67.01,-17.62],[-67.12,-17.51],[-67.38,-17.49],[-67.52,-17.31],[-67.79,-17.28],[-67.79,-17.12],[-67.7,-17.06],[-67.74,-16.9]]]}},{"type":"Feature","properties":{"why":"semi_arid_climate","tier":2,"km2":107373,"id":"semi-s06e035"},"geometry":{"type":"Polygon","coordinates":[[[35.26,-3.3],[35.06,-3.5],[34.44,-3.5],[34.38,-3.41],[34.22,-3.41],[34.11,-3.52],[34.09,-3.68],[33.91,-3.82],[33.89,-3.98],[33.8,-4.04],[33.8,-5.06],[33.89,-5.12],[33.91,-5.28],[34.1,-5.44],[34.09,-5.58],[34.0,-5.64],[34.01,-5.78],[34.14,-5.9],[34.22,-5.81],[34.29,-5.82],[34.3,-6.36],[34.39,-6.42],[34.41,-6.58],[34.5,-6.64],[34.21,-6.82],[34.19,-6.98],[34.1,-7.04],[34.1,-7.26],[34.19,-7.32],[34.24,-7.5],[34.38,-7.49],[34.52,-7.31],[34.69,-7.32],[34.69,-7.58],[34.5,-7.74],[34.54,-8.0],[34.64,-7.9],[35.06,-7.9],[35.14,-7.8],[35.58,-7.79],[35.62,-7.71],[35.78,-7.69],[36.12,-7.31],[36.28,-7.29],[36.39,-7.18],[36.4,-6.94],[36.21,-6.78],[36.21,-6.62],[36.38,-6.61],[36.44,-6.7],[36.69,-6.68],[36.69,-6.52],[36.51,-6.38],[36.5,-6.24],[36.69,-6.18],[36.71,-5.82],[36.89,-5.68],[36.91,-5.52],[37.0,-5.46],[37.0,-5.14],[36.9,-5.06],[36.89,-4.72],[36.68,-4.51],[36.52,-4.49],[36.46,-4.4],[36.04,-4.4],[35.91,-4.52],[35.91,-4.58],[35.99,-4.62],[36.01,-4.78],[36.1,-4.84],[36.06,-5.0],[35.92,-4.99],[35.86,-4.9],[35.52,-4.89],[35.28,-4.61],[35.12,-4.59],[35.06,-4.5],[34.64,-4.5],[34.59,-4.68],[34.48,-4.79],[34.21,-4.78],[34.21,-4.62],[34.3,-4.56],[34.3,-4.24],[34.42,-4.11],[34.66,-4.1],[34.74,-4.0],[35.18,-3.99],[35.49,-3.68],[35.49,-3.42],[35.32,-3.39],[35.26,-3.3]]]}},{"type":"Feature","properties":{"why":"semi_arid_climate","tier":3,"km2":94145,"id":"semi-n44e121"},"geometry":{"type":"Polygon","coordinates":[[[122.26,45.6],[122.08,45.41],[121.54,45.4],[121.48,45.31],[121.32,45.29],[121.28,45.21],[121.12,45.19],[120.98,45.01],[120.82,44.99],[120.78,44.91],[120.42,44.79],[120.38,44.61],[120.14,44.6],[120.08,44.69],[119.92,44.69],[119.61,44.38],[119.58,44.11],[119.42,44.11],[119.36,44.2],[119.02,44.19],[119.01,44.12],[119.1,44.06],[119.09,43.92],[118.98,43.81],[118.82,43.79],[118.78,43.71],[118.52,43.71],[118.34,43.9],[118.28,43.81],[118.12,43.79],[118.08,43.71],[117.92,43.69],[117.91,43.52],[118.0,43.46],[118.01,43.12],[118.28,43.09],[118.5,42.86],[118.4,42.76],[118.49,42.68],[118.5,42.54],[118.31,42.38],[118.31,42.22],[118.58,42.19],[118.64,42.1],[118.98,42.09],[119.01,41.82],[119.12,41.71],[119.36,41.7],[119.49,41.82],[119.51,42.08],[119.88,42.21],[119.92,42.29],[120.36,42.3],[120.44,42.4],[120.66,42.4],[120.78,42.31],[120.82,42.69],[121.36,42.7],[121.42,42.79],[121.66,42.8],[121.72,42.89],[121.88,42.91],[122.02,43.09],[122.18,43.11],[122.39,43.32],[122.41,43.48],[122.99,44.02],[123.01,44.28],[123.2,44.44],[123.19,44.88],[122.58,45.49],[122.26,45.6]]]}},{"type":"Feature","properties":{"why":"semi_arid_climate","tier":3,"km2":87312,"id":"semi-n38e116"},"geometry":{"type":"Polygon","coordinates":[[[116.16,40.3],[116.1,40.26],[116.1,40.04],[116.19,39.98],[116.2,39.84],[116.08,39.71],[115.92,39.69],[115.88,39.61],[115.72,39.59],[115.68,39.51],[115.52,39.49],[115.48,39.41],[115.22,39.39],[114.88,39.01],[114.72,38.99],[114.66,38.9],[114.42,38.89],[114.39,38.72],[114.08,38.41],[113.91,38.38],[113.91,38.12],[114.02,38.01],[114.29,37.98],[114.3,37.64],[114.4,37.56],[114.4,36.44],[114.3,36.36],[114.32,36.01],[114.48,36.01],[114.62,36.19],[114.86,36.2],[115.02,36.01],[115.18,35.99],[115.22,35.91],[115.58,35.91],[115.69,36.02],[115.71,36.18],[115.79,36.22],[115.8,36.56],[115.89,36.62],[115.91,36.78],[115.99,36.82],[116.01,36.98],[116.09,37.02],[116.11,37.18],[116.34,37.4],[116.48,37.39],[116.64,37.2],[116.86,37.2],[116.99,37.32],[116.99,37.48],[116.9,37.54],[116.9,37.96],[116.71,38.12],[116.71,38.38],[116.96,38.4],[117.02,38.31],[117.28,38.29],[117.34,38.2],[117.66,38.2],[117.79,38.32],[117.79,38.38],[117.71,38.42],[117.69,38.58],[117.6,38.64],[117.61,38.78],[117.7,38.86],[117.61,38.92],[117.59,39.08],[117.51,39.12],[117.5,39.36],[117.4,39.44],[117.39,39.68],[117.28,39.79],[117.12,39.81],[116.78,40.19],[116.34,40.2],[116.28,40.29],[116.16,40.3]]]}},{"type":"Feature","properties":{"why":"arid_climate","tier":3,"km2":86631,"id":"arid-n45e086"},"geometry":{"type":"Polygon","coordinates":[[[85.46,46.8],[85.38,46.71],[85.22,46.69],[85.18,46.61],[84.94,46.6],[84.88,46.51],[84.72,46.49],[84.41,46.18],[84.39,46.02],[84.21,45.88],[84.19,45.62],[84.11,45.58],[84.09,45.42],[83.98,45.31],[83.82,45.29],[83.76,45.2],[82.74,45.2],[82.58,45.39],[82.44,45.4],[82.39,45.02],[82.02,44.99],[82.01,44.82],[82.12,44.71],[82.28,44.69],[82.54,44.4],[82.86,44.4],[82.92,44.31],[83.06,44.3],[83.22,44.49],[83.56,44.5],[83.72,44.31],[84.06,44.3],[84.14,44.2],[84.66,44.2],[84.74,44.3],[84.88,44.29],[84.94,44.2],[85.78,44.21],[85.79,44.38],[85.62,44.41],[85.51,44.52],[85.54,44.7],[86.96,44.7],[87.04,44.6],[87.78,44.61],[88.02,44.89],[88.18,44.91],[88.3,45.04],[88.29,45.48],[88.0,45.74],[88.02,45.79],[88.18,45.81],[88.3,45.94],[88.3,46.16],[88.18,46.29],[88.02,46.31],[87.86,46.5],[87.62,46.49],[87.56,46.3],[87.22,46.31],[87.1,46.44],[87.2,46.54],[87.16,46.8],[87.06,46.7],[86.96,46.8],[86.44,46.8],[86.36,46.7],[86.14,46.7],[86.06,46.8],[85.46,46.8]]]}},{"type":"Feature","properties":{"why":"arid_climate","tier":3,"km2":75981,"id":"arid-n03e037"},"geometry":{"type":"Polygon","coordinates":[[[35.36,4.3],[34.9,3.86],[34.92,3.81],[35.2,3.76],[35.1,3.66],[35.1,3.24],[35.2,3.16],[35.19,3.02],[35.1,2.96],[35.1,2.74],[35.19,2.68],[35.21,2.52],[35.32,2.41],[35.56,2.4],[35.66,2.5],[35.72,2.41],[35.88,2.39],[36.39,1.88],[36.3,1.76],[36.34,1.7],[36.59,1.92],[36.72,2.29],[36.96,2.3],[37.22,2.01],[37.38,1.99],[37.42,1.91],[37.58,1.89],[37.62,1.81],[37.98,1.79],[38.01,1.62],[38.22,1.41],[38.66,1.4],[38.72,1.49],[38.88,1.51],[38.99,1.62],[39.0,2.06],[39.09,2.12],[39.1,2.26],[38.96,2.4],[38.82,2.39],[38.68,2.21],[38.52,2.19],[38.48,2.11],[38.12,2.09],[37.96,1.9],[37.88,1.99],[37.71,2.02],[37.71,2.28],[38.29,2.82],[38.3,2.96],[38.08,3.19],[37.74,3.2],[37.61,3.32],[37.61,3.48],[37.7,3.54],[37.7,3.76],[37.48,3.99],[36.84,4.0],[36.68,4.19],[36.34,4.2],[36.26,4.3],[36.02,4.29],[35.98,4.21],[35.82,4.19],[35.68,4.01],[35.54,4.0],[35.49,4.18],[35.36,4.3]]]}},{"type":"Feature","properties":{"why":"semi_arid_climate","tier":3,"km2":75446,"id":"semi-n39w002"},"geometry":{"type":"Polygon","coordinates":[[[-3.24,40.7],[-3.34,40.6],[-3.68,40.59],[-3.72,40.51],[-3.88,40.49],[-3.94,40.4],[-4.18,40.39],[-4.22,40.31],[-4.38,40.29],[-4.52,40.11],[-4.68,40.09],[-4.72,40.01],[-5.08,39.99],[-5.1,39.84],[-4.82,39.79],[-4.76,39.7],[-4.44,39.7],[-4.36,39.6],[-4.04,39.6],[-3.91,39.48],[-3.91,39.32],[-4.02,39.21],[-4.29,39.18],[-4.29,39.02],[-4.2,38.96],[-4.19,38.72],[-4.02,38.69],[-3.91,38.58],[-3.86,38.4],[-3.76,38.5],[-3.32,38.49],[-3.32,38.41],[-3.68,38.29],[-3.7,38.14],[-3.42,38.09],[-3.26,37.9],[-3.11,38.02],[-3.09,38.18],[-2.8,38.44],[-2.84,38.5],[-3.19,38.52],[-3.19,38.58],[-3.11,38.62],[-3.09,38.78],[-3.01,38.82],[-2.99,38.98],[-2.86,39.1],[-2.31,39.08],[-2.29,38.92],[-2.0,38.66],[-2.2,38.46],[-2.18,38.31],[-2.01,38.28],[-2.01,38.02],[-2.12,37.91],[-2.38,37.89],[-2.44,37.7],[-2.76,37.8],[-2.84,37.7],[-3.2,37.66],[-3.19,37.52],[-3.08,37.41],[-3.02,37.41],[-2.98,37.49],[-2.84,37.5],[-2.71,37.38],[-2.7,36.84],[-2.88,36.79],[-2.9,36.64],[-2.64,36.6],[-2.38,36.89],[-2.32,36.89],[-2.28,36.81],[-2.12,36.81],[-1.99,37.18],[-1.68,37.49],[-1.44,37.5],[-1.36,37.6],[-1.22,37.59],[-1.16,37.5],[-0.84,37.5],[-0.71,37.62],[-0.69,37.88],[-0.51,38.02],[-0.39,38.38],[-0.21,38.42],[-0.2,38.56],[-0.68,38.61],[-0.89,38.82],[-0.91,38.98],[-1.09,39.02],[-1.1,39.56],[-0.94,39.6],[-0.81,39.48],[-0.8,39.24],[-0.7,39.16],[-0.79,39.02],[-0.68,38.91],[-0.52,38.91],[-0.49,39.08],[-0.31,39.22],[-0.3,39.46],[-0.21,39.52],[-0.19,39.68],[-0.01,39.82],[0.0,40.06],[-0.18,40.09],[-0.44,39.8],[-1.16,39.8],[-1.22,39.71],[-1.38,39.69],[-1.44,39.6],[-1.76,39.6],[-1.84,39.5],[-2.36,39.5],[-2.42,39.59],[-2.58,39.61],[-2.62,39.69],[-2.78,39.71],[-2.89,39.82],[-2.9,40.16],[-2.81,40.22],[-2.81,40.38],[-3.18,40.41],[-3.24,40.7]]]}},{"type":"Feature","properties":{"why":"semi_arid_climate","tier":3,"km2":74530,"id":"semi-s23e044"},"geometry":{"type":"Polygon","coordinates":[[[44.26,-20.2],[44.21,-20.22],[44.19,-20.38],[44.01,-20.52],[43.99,-20.68],[43.71,-20.92],[43.79,-21.08],[43.41,-21.32],[43.39,-21.58],[43.31,-21.62],[43.29,-21.78],[43.2,-21.84],[43.2,-22.56],[43.29,-22.62],[43.31,-22.88],[43.49,-23.02],[43.51,-23.18],[43.59,-23.22],[43.61,-23.38],[43.7,-23.44],[43.7,-24.26],[43.79,-24.32],[43.8,-24.56],[43.89,-24.62],[43.91,-24.88],[44.09,-25.02],[44.12,-25.19],[44.28,-25.21],[44.34,-25.3],[44.58,-25.31],[44.64,-25.4],[44.88,-25.41],[45.02,-25.59],[45.16,-25.6],[45.29,-25.48],[45.31,-25.22],[45.5,-25.16],[45.49,-24.62],[45.0,-24.16],[45.01,-23.92],[45.29,-23.68],[45.3,-23.54],[45.18,-23.41],[45.02,-23.39],[44.98,-23.31],[44.72,-23.29],[44.61,-23.18],[44.6,-22.94],[44.8,-22.76],[44.8,-22.54],[44.7,-22.46],[44.71,-21.92],[44.88,-21.91],[45.16,-22.2],[45.3,-22.06],[45.3,-21.74],[45.16,-21.6],[44.52,-21.59],[44.31,-21.38],[44.31,-21.12],[44.39,-21.08],[44.41,-20.92],[44.5,-20.86],[44.5,-20.34],[44.38,-20.21],[44.26,-20.2]]]}},{"type":"Feature","properties":{"why":"semi_arid_climate","tier":3,"km2":65924,"id":"semi-n31w008"},"geometry":{"type":"Polygon","coordinates":[[[-7.64,33.3],[-7.84,33.1],[-8.26,33.1],[-8.32,33.19],[-8.56,33.2],[-8.62,33.11],[-8.78,33.09],[-9.09,32.78],[-9.11,32.62],[-9.19,32.58],[-9.21,32.42],[-9.29,32.38],[-9.41,32.02],[-9.69,31.78],[-9.71,31.62],[-9.89,31.48],[-9.89,30.62],[-9.71,30.48],[-9.69,30.22],[-9.58,30.11],[-9.42,30.09],[-9.31,29.98],[-9.29,29.82],[-9.21,29.78],[-9.19,29.62],[-9.02,29.59],[-8.98,29.51],[-8.82,29.51],[-8.58,29.79],[-8.42,29.81],[-8.28,29.99],[-8.12,30.01],[-8.06,30.1],[-7.72,30.11],[-7.51,30.32],[-7.51,30.68],[-7.68,30.71],[-7.74,30.9],[-8.26,30.9],[-8.32,30.81],[-8.58,30.79],[-8.64,30.7],[-8.96,30.7],[-9.04,30.8],[-9.18,30.79],[-9.24,30.7],[-9.5,30.74],[-9.49,30.88],[-9.4,30.94],[-9.5,31.06],[-9.41,31.12],[-9.38,31.29],[-9.22,31.29],[-9.16,31.2],[-8.44,31.2],[-8.28,31.01],[-8.14,31.0],[-7.88,31.29],[-7.72,31.31],[-7.48,31.59],[-7.32,31.61],[-7.01,31.92],[-7.01,32.38],[-7.59,32.92],[-7.59,32.98],[-7.51,33.02],[-7.5,33.16],[-7.64,33.3]]]}},{"type":"Feature","properties":{"why":"semi_arid_climate","tier":3,"km2":52719,"id":"semi-n47w119"},"geometry":{"type":"Polygon","coordinates":[[[-119.54,49.0],[-119.6,48.96],[-119.61,48.42],[-119.89,48.18],[-119.91,48.02],[-120.09,47.88],[-120.1,47.54],[-120.19,47.48],[-120.21,47.22],[-120.59,46.88],[-120.61,46.72],[-120.8,46.56],[-120.79,46.42],[-120.48,46.11],[-120.22,46.09],[-120.1,45.96],[-120.19,45.88],[-120.22,45.71],[-120.58,45.59],[-120.72,45.41],[-120.88,45.39],[-121.0,45.26],[-120.99,45.02],[-120.72,44.99],[-120.69,44.82],[-120.52,44.79],[-120.36,44.6],[-120.1,44.64],[-120.11,44.78],[-120.3,44.94],[-120.2,45.04],[-120.29,45.12],[-120.28,45.19],[-119.94,45.2],[-119.86,45.3],[-119.54,45.3],[-119.48,45.39],[-119.32,45.41],[-119.26,45.5],[-118.82,45.51],[-118.71,45.62],[-118.69,45.88],[-118.51,46.02],[-118.49,46.18],[-118.41,46.22],[-118.39,46.38],[-118.28,46.49],[-118.02,46.51],[-117.9,46.64],[-118.0,46.74],[-117.9,46.84],[-117.91,47.18],[-118.32,47.59],[-118.48,47.61],[-118.59,47.72],[-118.61,47.88],[-118.82,48.09],[-118.98,48.11],[-119.04,48.2],[-119.28,48.21],[-119.39,48.32],[-119.4,48.86],[-119.54,49.0]]]}},{"type":"Feature","properties":{"why":"arid_climate","tier":3,"km2":49998,"id":"arid-s39w069"},"geometry":{"type":"Polygon","coordinates":[[[-69.54,-37.0],[-69.7,-37.14],[-69.69,-37.28],[-69.6,-37.34],[-69.61,-37.48],[-69.88,-37.51],[-69.91,-37.68],[-70.0,-37.74],[-69.9,-37.84],[-69.9,-38.16],[-70.0,-38.24],[-70.0,-38.56],[-69.91,-38.62],[-69.9,-38.86],[-69.8,-38.94],[-69.8,-39.16],[-69.9,-39.24],[-69.9,-39.46],[-69.81,-39.52],[-69.79,-39.78],[-69.56,-40.0],[-69.46,-39.9],[-69.24,-39.9],[-69.18,-39.99],[-68.94,-40.0],[-68.86,-40.1],[-68.42,-40.11],[-68.36,-40.2],[-68.12,-40.19],[-67.91,-39.98],[-67.88,-39.71],[-67.72,-39.71],[-67.66,-39.8],[-67.42,-39.79],[-67.31,-39.68],[-67.3,-39.34],[-67.21,-39.28],[-67.19,-39.12],[-67.11,-39.08],[-67.11,-39.02],[-67.42,-38.71],[-67.58,-38.71],[-67.72,-38.89],[-67.86,-38.9],[-68.12,-38.61],[-68.28,-38.59],[-68.49,-38.38],[-68.5,-38.14],[-68.59,-38.08],[-68.61,-37.82],[-68.88,-37.79],[-69.0,-37.66],[-68.88,-37.51],[-68.62,-37.49],[-68.61,-37.32],[-68.98,-37.29],[-69.02,-37.21],[-69.18,-37.19],[-69.32,-37.01],[-69.54,-37.0]]]}},{"type":"Feature","properties":{"why":"arid_climate","tier":3,"km2":43067,"id":"arid-n33e081"},"geometry":{"type":"Polygon","coordinates":[[[80.46,33.9],[80.38,33.81],[80.22,33.79],[80.16,33.7],[79.64,33.7],[79.56,33.8],[79.14,33.8],[79.06,33.7],[78.71,33.68],[78.74,33.6],[79.38,33.59],[79.41,33.42],[79.62,33.21],[79.79,33.18],[79.78,33.11],[79.62,33.09],[79.4,32.86],[79.41,32.72],[79.62,32.51],[79.78,32.49],[79.84,32.4],[80.58,32.41],[80.61,32.58],[80.7,32.64],[80.61,32.78],[80.78,32.81],[80.96,33.0],[81.19,32.78],[81.21,32.62],[81.3,32.54],[80.72,32.49],[80.71,32.22],[81.06,32.2],[81.12,32.11],[81.28,32.11],[81.4,32.24],[81.31,32.32],[81.31,32.48],[81.48,32.51],[81.56,32.6],[81.79,32.38],[81.8,32.24],[81.71,32.18],[81.7,32.04],[81.84,31.9],[82.26,31.9],[82.39,32.02],[82.38,32.29],[82.24,32.3],[82.18,32.21],[82.11,32.22],[82.11,32.28],[82.19,32.32],[82.22,32.49],[82.46,32.5],[82.62,32.31],[82.88,32.31],[83.0,32.46],[82.81,32.62],[82.82,32.79],[83.09,32.78],[83.12,32.41],[83.39,32.42],[83.4,33.06],[83.28,33.19],[83.12,33.21],[83.06,33.3],[82.74,33.3],[82.66,33.4],[82.52,33.39],[82.46,33.2],[81.94,33.2],[81.86,33.3],[81.24,33.3],[81.14,33.2],[81.08,33.29],[80.71,33.42],[80.7,33.56],[80.79,33.68],[80.58,33.89],[80.46,33.9]]]}},{"type":"Feature","properties":{"why":"semi_arid_climate","tier":3,"km2":42336,"id":"semi-n38e033"},"geometry":{"type":"Polygon","coordinates":[[[31.86,39.8],[31.81,39.78],[31.79,39.62],[31.7,39.56],[31.71,39.42],[31.8,39.36],[31.7,39.26],[31.7,39.04],[31.79,38.98],[31.81,38.72],[32.49,38.08],[32.4,37.96],[32.41,37.72],[32.92,37.21],[33.08,37.19],[33.12,37.11],[33.28,37.11],[33.42,37.29],[33.58,37.31],[33.62,37.39],[33.96,37.4],[34.12,37.59],[34.39,37.62],[34.39,37.98],[34.2,38.14],[34.21,38.28],[34.29,38.32],[34.29,38.38],[34.18,38.49],[34.02,38.51],[33.81,38.72],[33.82,38.79],[34.08,38.79],[34.34,38.5],[34.44,38.6],[34.98,38.59],[35.22,38.21],[35.49,38.22],[35.49,38.28],[35.41,38.32],[35.39,38.48],[35.3,38.56],[35.6,38.86],[35.41,38.92],[35.39,39.08],[35.28,39.19],[35.02,39.19],[34.99,39.02],[34.86,38.9],[34.52,38.91],[34.36,39.1],[33.84,39.1],[33.68,38.91],[33.54,38.9],[33.5,39.26],[33.41,39.32],[33.36,39.6],[33.21,39.48],[33.19,39.12],[32.98,38.91],[32.84,39.0],[32.71,38.88],[32.7,38.74],[32.79,38.62],[32.52,38.61],[32.3,38.84],[32.31,38.98],[32.4,39.04],[32.39,39.18],[32.21,39.32],[32.09,39.68],[31.98,39.79],[31.86,39.8]]]}},{"type":"Feature","properties":{"why":"semi_arid_climate","tier":3,"km2":39395,"id":"semi-s07w036"},"geometry":{"type":"Polygon","coordinates":[[[-36.74,-5.0],[-36.82,-5.09],[-36.99,-5.12],[-37.02,-5.29],[-37.2,-5.34],[-37.19,-5.48],[-37.08,-5.59],[-36.92,-5.61],[-36.81,-5.72],[-36.79,-5.88],[-36.6,-6.04],[-36.61,-6.18],[-36.99,-6.52],[-37.0,-6.86],[-37.19,-7.02],[-37.2,-7.16],[-36.91,-7.42],[-36.9,-7.96],[-36.78,-8.09],[-36.72,-8.09],[-36.68,-8.01],[-36.54,-8.0],[-36.48,-8.09],[-36.14,-8.2],[-36.09,-7.82],[-36.01,-7.78],[-35.99,-7.62],[-35.9,-7.56],[-35.9,-7.34],[-36.0,-7.26],[-36.0,-7.04],[-35.9,-6.96],[-35.89,-6.52],[-35.7,-6.36],[-35.7,-5.94],[-35.89,-5.78],[-35.9,-5.14],[-36.02,-5.01],[-36.74,-5.0]]]}},{"type":"Feature","properties":{"why":"arid_climate","tier":3,"km2":39011,"id":"arid-n46e075"},"geometry":{"type":"Polygon","coordinates":[[[76.76,46.8],[76.66,46.7],[76.24,46.7],[76.16,46.6],[75.82,46.59],[75.58,46.31],[75.34,46.3],[75.26,46.2],[74.92,46.21],[74.89,46.58],[74.74,46.6],[74.68,46.51],[74.34,46.5],[74.28,46.41],[74.12,46.39],[73.98,46.21],[73.64,46.2],[73.48,46.01],[73.14,46.0],[73.1,45.94],[73.19,45.88],[73.21,45.72],[73.29,45.68],[73.31,45.52],[73.62,45.21],[73.78,45.19],[74.02,44.91],[74.18,44.89],[74.22,44.81],[74.38,44.79],[74.42,44.71],[74.58,44.69],[74.64,44.6],[75.06,44.6],[75.12,44.69],[75.38,44.71],[75.42,44.79],[75.58,44.81],[75.69,44.92],[75.71,45.18],[76.09,45.52],[76.11,45.78],[76.29,45.92],[76.3,46.16],[76.42,46.29],[76.86,46.3],[76.92,46.39],[77.29,46.52],[77.29,46.68],[77.18,46.79],[76.76,46.8]]]}},{"type":"Feature","properties":{"why":"semi_arid_climate","tier":3,"km2":36769,"id":"semi-n36w120"},"geometry":{"type":"Polygon","coordinates":[[[-121.54,37.9],[-121.6,37.86],[-121.59,37.72],[-121.21,37.38],[-121.2,37.14],[-121.11,37.08],[-121.09,36.92],[-121.01,36.88],[-120.99,36.72],[-120.78,36.51],[-120.62,36.49],[-120.51,36.38],[-120.49,36.12],[-120.41,36.08],[-120.39,35.92],[-120.31,35.88],[-120.29,35.72],[-120.21,35.68],[-120.09,35.32],[-120.01,35.28],[-119.99,35.12],[-119.76,34.9],[-118.82,34.91],[-118.61,35.12],[-118.6,35.36],[-118.89,35.62],[-118.9,36.06],[-119.09,36.22],[-119.21,36.58],[-119.32,36.69],[-119.48,36.71],[-119.52,36.79],[-119.68,36.81],[-119.92,37.09],[-120.08,37.11],[-120.22,37.29],[-120.58,37.41],[-120.92,37.79],[-121.08,37.81],[-121.14,37.9],[-121.54,37.9]]]}},{"type":"Feature","properties":{"why":"semi_arid_climate","tier":3,"km2":34988,"id":"semi-n44e081"},"geometry":{"type":"Polygon","coordinates":[[[79.86,44.4],[79.78,44.31],[79.62,44.29],[79.56,44.2],[79.24,44.2],[79.16,44.1],[78.64,44.1],[78.56,44.0],[78.04,44.0],[77.96,43.9],[77.64,43.9],[77.48,44.09],[77.32,44.09],[77.31,43.82],[77.42,43.71],[77.68,43.69],[77.74,43.6],[78.26,43.6],[78.34,43.5],[78.76,43.5],[78.84,43.6],[79.06,43.6],[79.14,43.5],[80.86,43.5],[80.94,43.6],[81.56,43.6],[81.62,43.51],[81.86,43.5],[81.92,43.41],[82.08,43.39],[82.11,43.22],[82.24,43.1],[82.96,43.1],[83.02,43.19],[83.19,43.22],[83.06,43.4],[82.52,43.41],[82.52,43.59],[83.46,43.6],[83.49,43.52],[83.4,43.46],[83.42,43.21],[83.58,43.21],[83.64,43.3],[83.78,43.29],[83.84,43.2],[84.2,43.24],[84.19,43.38],[84.02,43.41],[83.98,43.49],[83.62,43.51],[83.59,43.68],[83.36,43.9],[82.84,43.9],[82.76,44.0],[82.14,44.0],[82.08,43.91],[81.94,43.9],[81.88,43.99],[81.54,44.0],[81.48,44.09],[81.24,44.1],[81.18,44.19],[81.02,44.21],[80.98,44.29],[80.62,44.31],[80.56,44.4],[79.86,44.4]]]}},{"type":"Feature","properties":{"why":"semi_arid_climate","tier":3,"km2":29077,"id":"semi-n32w117"},"geometry":{"type":"Polygon","coordinates":[[[-117.34,34.2],[-117.6,33.96],[-117.31,33.68],[-117.34,33.6],[-117.68,33.61],[-118.04,34.0],[-118.48,33.99],[-118.49,33.82],[-118.38,33.71],[-118.14,33.7],[-118.08,33.61],[-117.92,33.59],[-117.78,33.41],[-117.62,33.39],[-117.41,33.18],[-117.39,33.02],[-117.3,32.96],[-117.29,32.52],[-117.21,32.48],[-117.19,32.32],[-116.91,32.08],[-116.89,31.82],[-116.71,31.68],[-116.59,31.32],[-116.41,31.18],[-116.39,30.92],[-116.11,30.68],[-116.09,30.42],[-115.82,30.39],[-115.78,30.21],[-115.62,30.21],[-115.59,30.68],[-115.3,30.74],[-115.31,30.88],[-115.5,31.04],[-115.51,31.58],[-115.69,31.72],[-115.72,31.89],[-116.06,31.9],[-116.22,32.09],[-116.38,32.11],[-116.41,32.38],[-116.52,32.49],[-116.68,32.51],[-116.89,32.72],[-116.91,32.88],[-117.19,33.12],[-117.2,33.36],[-117.11,33.42],[-117.1,33.66],[-117.01,33.72],[-117.0,33.86],[-117.34,34.2]]]}},{"type":"Feature","properties":{"why":"semi_arid_climate","tier":3,"km2":28502,"id":"semi-n35e110"},"geometry":{"type":"Polygon","coordinates":[[[111.66,36.7],[111.61,36.68],[111.59,36.52],[111.51,36.48],[111.49,36.22],[111.31,36.08],[111.29,35.92],[111.08,35.71],[110.74,35.7],[110.62,35.79],[110.31,35.48],[110.28,35.31],[110.12,35.29],[110.06,35.2],[109.64,35.2],[109.58,35.11],[109.42,35.09],[109.36,35.0],[108.92,34.99],[108.58,34.61],[108.22,34.59],[108.21,34.42],[108.66,34.4],[108.82,34.21],[109.06,34.2],[109.12,34.29],[109.28,34.31],[109.32,34.39],[109.76,34.4],[109.84,34.5],[110.96,34.5],[111.02,34.59],[111.28,34.61],[111.4,34.74],[111.39,34.88],[111.2,35.04],[111.3,35.14],[111.31,35.38],[111.59,35.62],[111.61,35.98],[111.8,36.14],[111.8,36.66],[111.66,36.7]]]}},{"type":"Feature","properties":{"why":"arid_climate","tier":3,"km2":28432,"id":"arid-s22e025"},"geometry":{"type":"Polygon","coordinates":[[[24.26,-20.6],[24.2,-20.64],[24.18,-21.29],[24.02,-21.31],[23.86,-21.5],[23.44,-21.5],[23.26,-21.3],[22.84,-21.3],[22.81,-21.58],[22.94,-21.7],[23.46,-21.7],[23.54,-21.8],[23.88,-21.81],[23.92,-21.89],[24.08,-21.91],[24.12,-21.99],[24.28,-22.01],[24.34,-22.1],[24.48,-22.09],[24.52,-22.01],[24.58,-22.01],[24.7,-22.16],[24.61,-22.22],[24.59,-22.38],[24.51,-22.42],[24.51,-22.68],[24.82,-22.99],[25.18,-22.99],[25.39,-22.78],[25.4,-22.44],[25.31,-22.38],[25.29,-22.22],[25.21,-22.18],[25.19,-22.02],[25.11,-21.98],[25.09,-21.82],[24.92,-21.79],[24.81,-21.68],[24.8,-21.54],[24.94,-21.4],[25.36,-21.4],[25.42,-21.49],[25.58,-21.49],[25.59,-21.12],[25.26,-20.8],[25.16,-20.9],[24.52,-20.89],[24.41,-20.78],[24.39,-20.62],[24.26,-20.6]]]}},{"type":"Feature","properties":{"why":"arid_climate","tier":3,"km2":27261,"id":"arid-n00e039"},"geometry":{"type":"Polygon","coordinates":[[[39.76,1.7],[39.68,1.61],[39.52,1.59],[39.08,1.11],[38.82,1.09],[38.79,0.92],[38.7,0.86],[38.71,0.72],[38.8,0.66],[38.8,0.24],[38.9,0.16],[38.91,-0.38],[39.34,-0.8],[39.48,-0.79],[39.62,-0.61],[39.78,-0.59],[39.82,-0.41],[40.08,-0.39],[40.2,-0.26],[40.19,0.38],[40.08,0.49],[39.92,0.51],[39.71,0.72],[39.69,0.88],[39.6,0.94],[39.61,1.28],[39.72,1.39],[39.9,1.44],[39.89,1.68],[39.76,1.7]]]}},{"type":"Feature","properties":{"why":"semi_arid_climate","tier":3,"km2":27000,"id":"semi-s26e130"},"geometry":{"type":"Polygon","coordinates":[[[130.76,-25.4],[130.71,-25.42],[130.66,-25.6],[129.62,-25.61],[129.11,-26.12],[129.11,-26.18],[129.19,-26.22],[129.2,-26.36],[128.91,-26.62],[128.91,-26.78],[129.02,-26.89],[129.18,-26.91],[129.24,-27.0],[129.56,-27.0],[129.64,-27.1],[129.96,-27.1],[130.02,-27.01],[130.18,-26.99],[130.32,-26.81],[130.48,-26.79],[130.62,-26.61],[130.78,-26.59],[130.82,-26.51],[131.18,-26.39],[131.19,-26.12],[131.0,-26.06],[130.99,-25.52],[130.88,-25.41],[130.76,-25.4]]]}},{"type":"Feature","properties":{"why":"semi_arid_climate","tier":3,"km2":25523,"id":"semi-n29e057"},"geometry":{"type":"Polygon","coordinates":[[[55.76,30.2],[55.51,29.98],[55.51,29.72],[55.72,29.51],[55.89,29.48],[55.9,29.14],[56.0,29.06],[56.01,28.72],[56.18,28.69],[56.24,28.6],[56.48,28.59],[56.69,28.38],[56.69,28.22],[56.6,28.14],[56.69,28.08],[56.7,27.74],[56.78,27.71],[56.81,27.98],[57.12,28.29],[57.3,28.34],[57.29,28.58],[57.01,28.82],[56.99,28.98],[56.91,29.02],[56.91,29.08],[57.08,29.19],[57.12,29.11],[57.28,29.09],[57.44,28.9],[57.58,28.91],[57.69,29.08],[57.61,29.12],[57.48,29.49],[57.32,29.49],[57.18,29.31],[57.11,29.32],[57.11,29.48],[57.3,29.54],[57.28,29.89],[57.04,29.9],[56.98,29.81],[56.74,29.8],[56.68,29.89],[56.42,29.91],[56.28,30.09],[55.94,30.1],[55.88,30.19],[55.76,30.2]]]}},{"type":"Feature","properties":{"why":"semi_arid_climate","tier":3,"km2":25397,"id":"semi-s49w072"},"geometry":{"type":"Polygon","coordinates":[[[-71.84,-47.1],[-72.0,-47.36],[-71.61,-47.72],[-71.6,-47.96],[-71.89,-48.22],[-71.9,-48.36],[-71.62,-48.41],[-71.51,-48.52],[-71.5,-48.66],[-71.7,-48.84],[-71.69,-48.98],[-71.6,-49.04],[-71.62,-49.19],[-71.78,-49.19],[-71.84,-49.1],[-72.18,-49.11],[-72.21,-49.48],[-72.49,-49.52],[-72.5,-49.76],[-72.41,-49.82],[-72.3,-50.16],[-72.66,-50.2],[-72.7,-50.26],[-72.52,-50.31],[-72.46,-50.4],[-71.44,-50.4],[-71.38,-50.31],[-71.21,-50.28],[-71.2,-50.14],[-71.38,-50.09],[-71.42,-50.01],[-71.58,-49.99],[-71.58,-49.91],[-70.8,-49.86],[-70.81,-49.72],[-70.98,-49.69],[-71.1,-49.56],[-71.09,-49.42],[-71.0,-49.36],[-71.0,-49.14],[-71.1,-49.06],[-71.1,-48.84],[-71.0,-48.76],[-71.0,-48.44],[-70.91,-48.38],[-70.89,-48.22],[-70.7,-48.06],[-70.7,-47.74],[-70.8,-47.66],[-70.81,-47.32],[-70.88,-47.31],[-70.94,-47.4],[-71.26,-47.4],[-71.42,-47.21],[-71.66,-47.2],[-71.72,-47.11],[-71.84,-47.1]]]}},{"type":"Feature","properties":{"why":"arid_climate","tier":3,"km2":24083,"id":"arid-s22e029"},"geometry":{"type":"Polygon","coordinates":[[[29.06,-21.5],[28.78,-21.79],[28.62,-21.81],[28.58,-21.89],[28.42,-21.89],[28.34,-21.8],[28.21,-21.92],[28.2,-22.06],[28.29,-22.18],[27.91,-22.52],[27.89,-22.68],[27.8,-22.74],[27.82,-22.99],[28.16,-23.0],[28.22,-22.91],[28.38,-22.89],[28.46,-22.8],[28.72,-23.09],[28.88,-23.09],[29.09,-22.88],[29.12,-22.61],[29.38,-22.59],[29.62,-22.31],[30.06,-22.3],[30.19,-22.18],[30.19,-21.92],[29.98,-21.71],[29.74,-21.7],[29.66,-21.6],[29.44,-21.6],[29.36,-21.5],[29.06,-21.5]]]}},{"type":"Feature","properties":{"why":"semi_arid_climate","tier":3,"km2":24079,"id":"semi-n33e059"},"geometry":{"type":"Polygon","coordinates":[[[58.16,34.5],[58.0,34.34],[58.19,34.18],[58.21,34.02],[58.39,33.88],[58.41,33.72],[58.62,33.51],[58.78,33.49],[58.99,33.28],[58.99,33.22],[58.81,33.08],[58.81,32.92],[58.98,32.89],[59.09,32.78],[59.12,32.61],[59.38,32.59],[59.54,32.4],[59.78,32.41],[59.99,32.62],[60.01,32.88],[60.12,32.99],[60.3,33.04],[60.29,33.28],[60.11,33.42],[60.09,33.58],[59.88,33.79],[59.52,33.81],[59.49,33.98],[59.38,34.09],[59.22,34.11],[59.08,34.29],[58.92,34.31],[58.78,34.49],[58.16,34.5]]]}},{"type":"Feature","properties":{"why":"arid_climate","tier":3,"km2":23764,"id":"arid-n38w111"},"geometry":{"type":"Polygon","coordinates":[[[-110.34,39.1],[-110.49,38.98],[-110.51,38.82],[-110.72,38.61],[-111.06,38.6],[-111.2,38.46],[-111.18,38.21],[-110.82,38.19],[-110.61,37.92],[-110.74,37.8],[-110.88,37.89],[-110.99,37.78],[-111.02,37.61],[-111.08,37.61],[-111.12,37.69],[-111.28,37.69],[-111.3,37.44],[-111.21,37.32],[-111.48,37.29],[-111.54,37.2],[-111.78,37.19],[-111.8,36.94],[-111.71,36.88],[-111.66,36.7],[-111.56,36.8],[-111.34,36.8],[-111.28,36.71],[-111.04,36.7],[-110.91,36.82],[-110.89,36.98],[-110.74,37.1],[-110.68,37.01],[-110.52,36.99],[-110.48,36.91],[-110.32,36.89],[-110.28,36.81],[-110.12,36.79],[-109.98,36.61],[-109.82,36.59],[-109.68,36.41],[-109.54,36.4],[-109.5,36.56],[-109.6,36.64],[-109.6,36.96],[-109.41,37.12],[-109.41,37.18],[-109.54,37.3],[-109.86,37.3],[-109.98,37.21],[-110.3,37.54],[-110.3,37.96],[-110.4,38.04],[-110.4,38.46],[-110.12,38.51],[-109.91,38.72],[-109.9,38.96],[-110.08,39.01],[-110.14,39.1],[-110.34,39.1]]]}},{"type":"Feature","properties":{"why":"semi_arid_climate","tier":3,"km2":22207,"id":"semi-n38e089"},"geometry":{"type":"Polygon","coordinates":[[[87.96,38.3],[87.68,38.01],[87.41,37.98],[87.41,37.92],[87.49,37.88],[87.5,37.74],[87.4,37.64],[87.52,37.51],[87.58,37.51],[87.92,37.89],[88.16,37.9],[88.22,37.81],[88.56,37.8],[88.62,37.71],[88.79,37.68],[88.81,37.52],[89.0,37.36],[88.99,37.22],[88.8,37.04],[88.98,36.99],[89.02,36.91],[89.96,36.9],[90.02,36.81],[90.26,36.8],[90.32,36.89],[90.48,36.91],[90.54,37.0],[90.86,37.0],[90.92,36.91],[90.99,36.92],[90.78,37.19],[90.62,37.21],[90.41,37.42],[90.4,37.66],[90.28,37.79],[90.04,37.8],[89.94,37.7],[89.88,37.79],[89.72,37.81],[89.66,37.9],[89.44,37.9],[89.38,37.81],[89.14,37.8],[89.1,37.86],[89.19,37.92],[89.19,38.08],[88.82,38.11],[88.78,38.29],[88.34,38.3],[88.28,38.21],[88.14,38.2],[88.08,38.29],[87.96,38.3]]]}},{"type":"Feature","properties":{"why":"semi_arid_climate","tier":3,"km2":21572,"id":"semi-s22e118"},"geometry":{"type":"Polygon","coordinates":[[[117.76,-21.5],[117.46,-21.8],[117.36,-21.7],[117.26,-21.8],[117.12,-21.79],[117.04,-21.7],[116.88,-21.89],[116.72,-21.91],[116.68,-21.99],[116.52,-21.91],[116.41,-22.02],[116.41,-22.18],[116.54,-22.3],[116.96,-22.3],[117.02,-22.21],[117.16,-22.2],[117.22,-22.29],[117.48,-22.31],[117.52,-22.39],[117.69,-22.42],[117.72,-22.59],[117.88,-22.61],[117.92,-22.69],[118.08,-22.71],[118.12,-22.79],[118.26,-22.8],[118.38,-22.71],[118.49,-22.82],[118.54,-23.0],[118.68,-22.99],[118.74,-22.9],[118.98,-22.89],[118.99,-22.82],[118.9,-22.76],[118.89,-22.42],[118.8,-22.36],[118.79,-22.02],[118.48,-21.71],[118.32,-21.69],[118.26,-21.6],[117.84,-21.6],[117.76,-21.5]]]}},{"type":"Feature","properties":{"why":"semi_arid_climate","tier":3,"km2":20489,"id":"semi-n37e099"},"geometry":{"type":"Polygon","coordinates":[[[97.06,37.5],[97.0,37.44],[97.12,37.31],[97.28,37.29],[97.34,37.2],[97.59,37.18],[97.72,36.81],[97.99,36.78],[97.99,36.62],[97.91,36.58],[97.89,36.42],[97.81,36.38],[97.79,36.22],[97.61,36.08],[97.64,35.9],[98.08,35.91],[98.29,36.12],[98.31,36.28],[98.42,36.39],[98.68,36.41],[98.84,36.6],[98.98,36.59],[99.12,36.41],[99.28,36.39],[99.34,36.3],[99.78,36.29],[99.82,36.21],[99.98,36.19],[100.02,36.11],[100.18,36.09],[100.24,36.0],[100.66,36.0],[100.74,35.9],[100.88,35.91],[100.94,36.0],[101.26,36.0],[101.36,35.9],[101.42,35.99],[101.6,36.04],[101.58,36.09],[101.42,36.11],[101.36,36.2],[101.14,36.2],[101.08,36.11],[100.94,36.1],[100.88,36.19],[100.72,36.21],[100.66,36.3],[100.22,36.31],[100.18,36.39],[100.02,36.41],[99.96,36.5],[99.72,36.51],[99.58,36.69],[99.42,36.71],[99.38,36.79],[99.02,36.91],[98.86,37.1],[98.78,37.01],[98.62,36.99],[98.48,36.81],[98.14,36.8],[98.11,36.88],[98.22,36.99],[98.49,37.02],[98.49,37.18],[98.38,37.29],[98.02,37.31],[97.86,37.5],[97.06,37.5]]]}}]}