{"type":"FeatureCollection","features":[{"type":"Feature","geometry":{"type":"Point","coordinates":[-69.9236,12.4375]},"properties":{"scalerank":8,"featurecla":"Port","name":"Sint Nicolaas","website":"www.rocargo.com/SanNicolas.html","natlscale":5,"ne_id":1730087247,"tier":3}},{"type":"Feature","geometry":{"type":"Point","coordinates":[-58.9514,-34.1533]},"properties":{"scalerank":8,"featurecla":"Port","name":"Campana","website":"www.consejoportuario.com.ar","natlscale":5,"ne_id":1730087249,"tier":3}},{"type":"Feature","geometry":{"type":"Point","coordinates":[-59.0049,-34.0989]},"properties":{"scalerank":8,"featurecla":"Port","name":"Zarate","website":"www.consejoportuario.com.ar","natlscale":5,"ne_id":1730087251,"ax":[{"a":"container","u":"roster","y":2024,"s":"cppi-2024","locode":"ARZAE"}],"tier":2}},{"type":"Feature","geometry":{"type":"Point","coordinates":[-62.1009,-38.8944]},"properties":{"scalerank":8,"featurecla":"Port","name":"Puerto Belgrano/Bahia Blanca","website":null,"natlscale":5,"ne_id":1730087255,"tier":3}},{"type":"Feature","geometry":{"type":"Point","coordinates":[-62.3005,-38.7831]},"properties":{"scalerank":8,"featurecla":"Port","name":"Puerto Galvan/Bahia Blanca","website":null,"natlscale":5,"ne_id":1730087257,"tier":3}},{"type":"Feature","geometry":{"type":"Point","coordinates":[-62.2599,-38.7919]},"properties":{"scalerank":8,"featurecla":"Port","name":"Ingeniero White/Bahia Blanca","website":null,"natlscale":5,"ne_id":1730087259,"tier":3}},{"type":"Feature","geometry":{"type":"Point","coordinates":[-61.8523,17.1228]},"properties":{"scalerank":8,"featurecla":"Port","name":"Saint John's","website":"www.ab.gov.ag","natlscale":5,"ne_id":1730087261,"tier":3}},{"type":"Feature","geometry":{"type":"Point","coordinates":[115.7381,-32.0475]},"properties":{"scalerank":8,"featurecla":"Port","name":"Fremantle","website":"www.fremantleports.com.au","natlscale":5,"ne_id":1730087263,"ax":[{"a":"container","u":"roster","y":2024,"s":"cppi-2024","locode":"AUFRE"}],"tier":2}},{"type":"Feature","geometry":{"type":"Point","coordinates":[151.2095,-33.9731]},"properties":{"scalerank":8,"featurecla":"Port","name":"Botany Bay","website":"www.sydneyports.com.au","natlscale":5,"ne_id":1730087265,"tier":3}},{"type":"Feature","geometry":{"type":"Point","coordinates":[151.2842,-23.8511]},"properties":{"scalerank":8,"featurecla":"Port","name":"Rockhampton","website":"www.gpcl.com.au","natlscale":5,"ne_id":1730087267,"tier":3}},{"type":"Feature","geometry":{"type":"Point","coordinates":[2.9337,51.23]},"properties":{"scalerank":8,"featurecla":"Port","name":"Oostende (Ostend)","website":"www.portofoostende.be","natlscale":5,"ne_id":1730087269,"tier":3}},{"type":"Feature","geometry":{"type":"Point","coordinates":[3.2046,51.3364]},"properties":{"scalerank":8,"featurecla":"Port","name":"Zeebrugge","website":"www.zeebruggeport.be","natlscale":5,"ne_id":1730087273,"ax":[{"a":"container","u":"roster","y":2024,"s":"cppi-2024","locode":"BEZEE"}],"tier":2}},{"type":"Feature","geometry":{"type":"Point","coordinates":[27.4583,42.47]},"properties":{"scalerank":8,"featurecla":"Port","name":"Burgas","website":"www.port-burgas.com","natlscale":5,"ne_id":1730087275,"ax":[{"a":"container","u":"roster","y":2024,"s":"cppi-2024","locode":"BGBOJ"}],"tier":2}},{"type":"Feature","geometry":{"type":"Point","coordinates":[50.6076,26.1986]},"properties":{"scalerank":8,"featurecla":"Port","name":"Mina Sulman Port","website":"www.bahrainports.gov.bh","natlscale":5,"ne_id":1730087277,"tier":3}},{"type":"Feature","geometry":{"type":"Point","coordinates":[50.6588,26.1586]},"properties":{"scalerank":8,"featurecla":"Port","name":"Sitrah","website":"www.bahrainports.gov.bh","natlscale":5,"ne_id":1730087279,"ax":[{"a":"container","u":"roster","y":2024,"s":"cppi-2024","locode":"BHKBS"}],"tier":2}},{"type":"Feature","geometry":{"type":"Point","coordinates":[-64.673,32.3794]},"properties":{"scalerank":8,"featurecla":"Port","name":"Saint George","website":null,"natlscale":5,"ne_id":1730087281,"tier":3}},{"type":"Feature","geometry":{"type":"Point","coordinates":[-38.4732,-3.7075]},"properties":{"scalerank":8,"featurecla":"Port","name":"Mucuripe","website":"www.docasdoceara.com.br","natlscale":5,"ne_id":1730087283,"tier":3}},{"type":"Feature","geometry":{"type":"Point","coordinates":[-43.1246,-22.8792]},"properties":{"scalerank":8,"featurecla":"Port","name":"Niteroi","website":"www.portosrio.gov.br","natlscale":5,"ne_id":1730087285,"tier":3}},{"type":"Feature","geometry":{"type":"Point","coordinates":[-48.6355,-26.2381]},"properties":{"scalerank":8,"featurecla":"Port","name":"Sao Francisco do Sul","website":"www.apsfs.sc.gov.br","natlscale":5,"ne_id":1730087287,"tier":3}},{"type":"Feature","geometry":{"type":"Point","coordinates":[-65.4677,47.0344]},"properties":{"scalerank":8,"featurecla":"Port","name":"Chatham","website":null,"natlscale":5,"ne_id":1730087291,"tier":3}},{"type":"Feature","geometry":{"type":"Point","coordinates":[-53.9569,48.1633]},"properties":{"scalerank":8,"featurecla":"Port","name":"Clarenville","website":null,"natlscale":5,"ne_id":1730087293,"tier":3}},{"type":"Feature","geometry":{"type":"Point","coordinates":[-124.9244,49.6708]},"properties":{"scalerank":8,"featurecla":"Port","name":"Comox","website":null,"natlscale":5,"ne_id":1730087295,"tier":3}},{"type":"Feature","geometry":{"type":"Point","coordinates":[-123.4344,48.4364]},"properties":{"scalerank":8,"featurecla":"Port","name":"Esquimalt","website":null,"natlscale":5,"ne_id":1730087297,"tier":3}},{"type":"Feature","geometry":{"type":"Point","coordinates":[-55.7511,47.1003]},"properties":{"scalerank":8,"featurecla":"Port","name":"Grand Bank","website":null,"natlscale":5,"ne_id":1730087299,"tier":3}},{"type":"Feature","geometry":{"type":"Point","coordinates":[-60.2393,46.2089]},"properties":{"scalerank":8,"featurecla":"Port","name":"North Sydney","website":null,"natlscale":5,"ne_id":1730087301,"tier":3}},{"type":"Feature","geometry":{"type":"Point","coordinates":[-64.9246,47.7964]},"properties":{"scalerank":8,"featurecla":"Port","name":"Caraquet","website":null,"natlscale":5,"ne_id":1730087303,"tier":3}},{"type":"Feature","geometry":{"type":"Point","coordinates":[-71.0526,48.43]},"properties":{"scalerank":8,"featurecla":"Port","name":"Chicoutimi","website":null,"natlscale":5,"ne_id":1730087305,"tier":3}},{"type":"Feature","geometry":{"type":"Point","coordinates":[-57.9363,48.9606]},"properties":{"scalerank":8,"featurecla":"Port","name":"Corner Brook","website":"www.cornerbrookport.com","natlscale":5,"ne_id":1730087309,"tier":3}},{"type":"Feature","geometry":{"type":"Point","coordinates":[-65.7523,44.6253]},"properties":{"scalerank":8,"featurecla":"Port","name":"Digby","website":"www.portofdigby.ns.ca","natlscale":5,"ne_id":1730087311,"tier":3}},{"type":"Feature","geometry":{"type":"Point","coordinates":[-53.217,47.6903]},"properties":{"scalerank":8,"featurecla":"Port","name":"Harbour Grace","website":null,"natlscale":5,"ne_id":1730087313,"tier":3}},{"type":"Feature","geometry":{"type":"Point","coordinates":[-62.7044,45.6747]},"properties":{"scalerank":8,"featurecla":"Port","name":"Pictou","website":"www.pictoumarineterminals.com","natlscale":5,"ne_id":1730087315,"tier":3}},{"type":"Feature","geometry":{"type":"Point","coordinates":[-65.3177,43.7497]},"properties":{"scalerank":8,"featurecla":"Port","name":"Shelburne","website":null,"natlscale":5,"ne_id":1730087317,"tier":3}},{"type":"Feature","geometry":{"type":"Point","coordinates":[-73.1181,46.0411]},"properties":{"scalerank":8,"featurecla":"Port","name":"Sorel","website":null,"natlscale":5,"ne_id":1730087319,"tier":3}},{"type":"Feature","geometry":{"type":"Point","coordinates":[-56.0599,49.4997]},"properties":{"scalerank":8,"featurecla":"Port","name":"Springdale","website":null,"natlscale":5,"ne_id":1730087321,"tier":3}},{"type":"Feature","geometry":{"type":"Point","coordinates":[-52.6923,47.5625]},"properties":{"scalerank":8,"featurecla":"Port","name":"Saint-John's","website":"www.sjpa.com","natlscale":5,"ne_id":1730087323,"tier":3}},{"type":"Feature","geometry":{"type":"Point","coordinates":[-73.1534,-37.0283]},"properties":{"scalerank":8,"featurecla":"Port","name":"Coronel","website":null,"natlscale":5,"ne_id":1730087327,"ax":[{"a":"container","u":"roster","y":2024,"s":"cppi-2024","locode":"CLCNL"}],"tier":2}},{"type":"Feature","geometry":{"type":"Point","coordinates":[-73.1585,-37.0981]},"properties":{"scalerank":8,"featurecla":"Port","name":"Lota","website":null,"natlscale":5,"ne_id":1730087329,"tier":3}},{"type":"Feature","geometry":{"type":"Point","coordinates":[-73.1023,-36.7053]},"properties":{"scalerank":8,"featurecla":"Port","name":"Talcahuano","website":"www.puertotalcahuano.cl","natlscale":5,"ne_id":1730087331,"ax":[{"a":"container","u":"roster","y":2024,"s":"cppi-2024","locode":"CLLQN"},{"a":"container","u":"roster","y":2024,"s":"cppi-2024","locode":"CLSVE"}],"tier":2}},{"type":"Feature","geometry":{"type":"Point","coordinates":[-71.6181,-33.5875]},"properties":{"scalerank":8,"featurecla":"Port","name":"San Antonio","website":"www.sanantonioport.com","natlscale":5,"ne_id":1730087333,"ax":[{"a":"container","u":"roster","y":2024,"s":"cppi-2024","locode":"CLSAI"}],"tier":2}},{"type":"Feature","geometry":{"type":"Point","coordinates":[121.4418,28.6903]},"properties":{"scalerank":8,"featurecla":"Port","name":"Haimen","website":null,"natlscale":5,"ne_id":1730087335,"tier":3}},{"type":"Feature","geometry":{"type":"Point","coordinates":[119.586,39.9067]},"properties":{"scalerank":8,"featurecla":"Port","name":"Qinhuangdao","website":null,"natlscale":5,"ne_id":1730087337,"tier":3}},{"type":"Feature","geometry":{"type":"Point","coordinates":[114.267,22.5742]},"properties":{"scalerank":8,"featurecla":"Port","name":"Yantian","website":"www.yantian-port.com","natlscale":5,"ne_id":1730087339,"ax":[{"a":"container","u":"roster","y":2024,"s":"cppi-2024","locode":"CNYTN"}],"tier":2}},{"type":"Feature","geometry":{"type":"Point","coordinates":[122.2351,40.6958]},"properties":{"scalerank":8,"featurecla":"Port","name":"Yingkou","website":null,"natlscale":5,"ne_id":1730087341,"ax":[{"a":"container","v":5.56,"u":"MTEU","y":2024,"r":34,"s":"wsc-top50-2024"}],"tier":1}},{"type":"Feature","geometry":{"type":"Point","coordinates":[-83.0741,10.0056]},"properties":{"scalerank":8,"featurecla":"Port","name":"Moin","website":"www.japdeva.go.cr","natlscale":5,"ne_id":1730087345,"ax":[{"a":"container","u":"roster","y":2024,"s":"cppi-2024","locode":"CRLIO"}],"tier":2}},{"type":"Feature","geometry":{"type":"Point","coordinates":[-75.7034,20.9192]},"properties":{"scalerank":8,"featurecla":"Port","name":"Banes","website":null,"natlscale":5,"ne_id":1730087347,"tier":3}},{"type":"Feature","geometry":{"type":"Point","coordinates":[-79.4693,22.5292]},"properties":{"scalerank":8,"featurecla":"Port","name":"Caibarien","website":null,"natlscale":5,"ne_id":1730087349,"tier":3}},{"type":"Feature","geometry":{"type":"Point","coordinates":[-80.0076,22.9403]},"properties":{"scalerank":8,"featurecla":"Port","name":"Isabela de Sagua","website":null,"natlscale":5,"ne_id":1730087351,"tier":3}},{"type":"Feature","geometry":{"type":"Point","coordinates":[-77.2395,21.5631]},"properties":{"scalerank":8,"featurecla":"Port","name":"Nuevitas","website":null,"natlscale":5,"ne_id":1730087353,"tier":3}},{"type":"Feature","geometry":{"type":"Point","coordinates":[33.94,35.1278]},"properties":{"scalerank":8,"featurecla":"Port","name":"Famagusta","website":null,"natlscale":5,"ne_id":1730087355,"tier":3}},{"type":"Feature","geometry":{"type":"Point","coordinates":[8.7072,53.8647]},"properties":{"scalerank":8,"featurecla":"Port","name":"Cuxhaven","website":"www.cuxport.de","natlscale":5,"ne_id":1730087357,"tier":3}},{"type":"Feature","geometry":{"type":"Point","coordinates":[9.8358,54.4736]},"properties":{"scalerank":8,"featurecla":"Port","name":"Eckernforde","website":"www.stadtwerke-eckernfoerde.de","natlscale":5,"ne_id":1730087359,"tier":3}},{"type":"Feature","geometry":{"type":"Point","coordinates":[8.4895,53.4875]},"properties":{"scalerank":8,"featurecla":"Port","name":"Nordenham","website":null,"natlscale":5,"ne_id":1730087363,"tier":3}},{"type":"Feature","geometry":{"type":"Point","coordinates":[7.369,53.0964]},"properties":{"scalerank":8,"featurecla":"Port","name":"Papenburg","website":null,"natlscale":5,"ne_id":1730087365,"tier":3}},{"type":"Feature","geometry":{"type":"Point","coordinates":[11.4392,53.9064]},"properties":{"scalerank":8,"featurecla":"Port","name":"Wismar","website":"www.hafen-wismar.de","natlscale":5,"ne_id":1730087367,"tier":3}},{"type":"Feature","geometry":{"type":"Point","coordinates":[10.8069,55.2989]},"properties":{"scalerank":8,"featurecla":"Port","name":"Nyborg","website":"www.adp-as.com","natlscale":5,"ne_id":1730087369,"tier":3}},{"type":"Feature","geometry":{"type":"Point","coordinates":[12.617,56.0344]},"properties":{"scalerank":8,"featurecla":"Port","name":"Helsingor","website":"www.helsingoerhavn.dk","natlscale":5,"ne_id":1730087371,"tier":3}},{"type":"Feature","geometry":{"type":"Point","coordinates":[10.525,55.4664]},"properties":{"scalerank":8,"featurecla":"Port","name":"Odense","website":null,"natlscale":5,"ne_id":1730087373,"tier":3}},{"type":"Feature","geometry":{"type":"Point","coordinates":[10.7881,55.3069]},"properties":{"scalerank":8,"featurecla":"Port","name":"Nyborg","website":"www.nyborg.dk/Engelsk/Tourism/NyborgsHarbours","natlscale":5,"ne_id":1730087375,"tier":3}},{"type":"Feature","geometry":{"type":"Point","coordinates":[10.5415,57.4378]},"properties":{"scalerank":8,"featurecla":"Port","name":"Frederikshavn","website":"www.frederikshavnhavn.dk","natlscale":5,"ne_id":1730087377,"tier":3}},{"type":"Feature","geometry":{"type":"Point","coordinates":[9.5044,55.2511]},"properties":{"scalerank":8,"featurecla":"Port","name":"Haderslev","website":null,"natlscale":5,"ne_id":1730087381,"tier":3}},{"type":"Feature","geometry":{"type":"Point","coordinates":[9.8684,55.8542]},"properties":{"scalerank":8,"featurecla":"Port","name":"Horsens","website":"www.horsenshavn.dk","natlscale":5,"ne_id":1730087383,"tier":3}},{"type":"Feature","geometry":{"type":"Point","coordinates":[11.086,55.6694]},"properties":{"scalerank":8,"featurecla":"Port","name":"Kalundborg","website":"www.portofkalundborg.dk","natlscale":5,"ne_id":1730087385,"ax":[{"a":"container","u":"roster","y":2024,"s":"cppi-2024","locode":"DKKAL"}],"tier":2}},{"type":"Feature","geometry":{"type":"Point","coordinates":[9.4934,55.4928]},"properties":{"scalerank":8,"featurecla":"Port","name":"Kolding","website":"www.koldingport.dk","natlscale":5,"ne_id":1730087387,"tier":3}},{"type":"Feature","geometry":{"type":"Point","coordinates":[11.1211,54.8322]},"properties":{"scalerank":8,"featurecla":"Port","name":"Nakskov","website":null,"natlscale":5,"ne_id":1730087389,"tier":3}},{"type":"Feature","geometry":{"type":"Point","coordinates":[11.8571,54.7708]},"properties":{"scalerank":8,"featurecla":"Port","name":"Nykobing Falster","website":"www.guldborgsundhavne.dk","natlscale":5,"ne_id":1730087391,"tier":3}},{"type":"Feature","geometry":{"type":"Point","coordinates":[10.0527,56.4603]},"properties":{"scalerank":8,"featurecla":"Port","name":"Randers","website":"www.randershavn.dk","natlscale":5,"ne_id":1730087393,"tier":3}},{"type":"Feature","geometry":{"type":"Point","coordinates":[10.7049,54.9397]},"properties":{"scalerank":8,"featurecla":"Port","name":"Rudkobing","website":"www.langelandkommune.dk","natlscale":5,"ne_id":1730087395,"tier":3}},{"type":"Feature","geometry":{"type":"Point","coordinates":[10.617,55.0586]},"properties":{"scalerank":8,"featurecla":"Port","name":"Svendborg","website":null,"natlscale":5,"ne_id":1730087399,"tier":3}},{"type":"Feature","geometry":{"type":"Point","coordinates":[9.5519,55.7056]},"properties":{"scalerank":8,"featurecla":"Port","name":"Vejle","website":"www.vejleport.dk","natlscale":5,"ne_id":1730087401,"tier":3}},{"type":"Feature","geometry":{"type":"Point","coordinates":[10.5888,57.7186]},"properties":{"scalerank":8,"featurecla":"Port","name":"Skagen","website":"www.skagenhavn.dk","natlscale":5,"ne_id":1730087403,"tier":3}},{"type":"Feature","geometry":{"type":"Point","coordinates":[-70.7005,19.8036]},"properties":{"scalerank":8,"featurecla":"Port","name":"Puerto Plata","website":"www.apordom.gov.do","natlscale":5,"ne_id":1730087405,"tier":3}},{"type":"Feature","geometry":{"type":"Point","coordinates":[-70.0181,18.4203]},"properties":{"scalerank":8,"featurecla":"Port","name":"Rio Haina","website":"www.apordom.gov.do","natlscale":5,"ne_id":1730087407,"tier":3}},{"type":"Feature","geometry":{"type":"Point","coordinates":[0.0713,35.9344]},"properties":{"scalerank":8,"featurecla":"Port","name":"Mostaganem","website":null,"natlscale":5,"ne_id":1730087409,"tier":3}},{"type":"Feature","geometry":{"type":"Point","coordinates":[31.7592,31.4667]},"properties":{"scalerank":8,"featurecla":"Port","name":"Damietta","website":"www.dam-port.com","natlscale":5,"ne_id":1730087411,"ax":[{"a":"container","u":"roster","y":2024,"s":"cppi-2024","locode":"EGDAM"}],"tier":2}},{"type":"Feature","geometry":{"type":"Point","coordinates":[33.9413,26.7422]},"properties":{"scalerank":8,"featurecla":"Port","name":"Safaga","website":"www.mts.gov.eg","natlscale":5,"ne_id":1730087413,"tier":3}},{"type":"Feature","geometry":{"type":"Point","coordinates":[-5.4004,36.1478]},"properties":{"scalerank":8,"featurecla":"Port","name":"Algeciras","website":"www.apba.es","natlscale":5,"ne_id":1730087417,"ax":[{"a":"container","v":4.71,"u":"MTEU","y":2024,"r":43,"s":"wsc-top50-2024"},{"a":"container","u":"roster","y":2024,"s":"cppi-2024","locode":"ESALG"}],"tier":1}},{"type":"Feature","geometry":{"type":"Point","coordinates":[-5.92,43.5786]},"properties":{"scalerank":8,"featurecla":"Port","name":"Aviles","website":"www.avilesport.com","natlscale":5,"ne_id":1730087419,"tier":3}},{"type":"Feature","geometry":{"type":"Point","coordinates":[-8.2509,43.4797]},"properties":{"scalerank":8,"featurecla":"Port","name":"Ferrol","website":"www.apfsc.com","natlscale":5,"ne_id":1730087421,"ax":[{"a":"container","u":"roster","y":2024,"s":"cppi-2024","locode":"ESFRO"}],"tier":2}},{"type":"Feature","geometry":{"type":"Point","coordinates":[-6.9358,37.1928]},"properties":{"scalerank":8,"featurecla":"Port","name":"Huelva","website":"www.puertohuelva.com","natlscale":5,"ne_id":1730087423,"ax":[{"a":"container","u":"roster","y":2024,"s":"cppi-2024","locode":"ESHUV"}],"tier":2}},{"type":"Feature","geometry":{"type":"Point","coordinates":[-1.9188,43.3233]},"properties":{"scalerank":8,"featurecla":"Port","name":"Pasajes","website":"www.puertopasajes.net","natlscale":5,"ne_id":1730087425,"tier":3}},{"type":"Feature","geometry":{"type":"Point","coordinates":[-6.3346,36.6194]},"properties":{"scalerank":8,"featurecla":"Port","name":"Rota","website":null,"natlscale":5,"ne_id":1730087427,"tier":3}},{"type":"Feature","geometry":{"type":"Point","coordinates":[-6.2588,36.52]},"properties":{"scalerank":8,"featurecla":"Port","name":"Cadiz","website":"www.puertocadiz.com","natlscale":5,"ne_id":1730087429,"ax":[{"a":"container","u":"roster","y":2024,"s":"cppi-2024","locode":"ESCAD"}],"tier":2}},{"type":"Feature","geometry":{"type":"Point","coordinates":[26.9418,60.4611]},"properties":{"scalerank":8,"featurecla":"Port","name":"Kotka","website":"www.portofkotka.fi","natlscale":5,"ne_id":1730087431,"ax":[{"a":"container","u":"roster","y":2024,"s":"cppi-2024","locode":"FIKTK"}],"tier":2}},{"type":"Feature","geometry":{"type":"Point","coordinates":[24.6167,65.6831]},"properties":{"scalerank":8,"featurecla":"Port","name":"Veitsiluoto","website":null,"natlscale":5,"ne_id":1730087435,"tier":3}},{"type":"Feature","geometry":{"type":"Point","coordinates":[-1.1423,44.6592]},"properties":{"scalerank":8,"featurecla":"Port","name":"Arcachon","website":"www.arcachon.com","natlscale":5,"ne_id":1730087437,"tier":3}},{"type":"Feature","geometry":{"type":"Point","coordinates":[0.0734,49.3658]},"properties":{"scalerank":8,"featurecla":"Port","name":"Deauville","website":null,"natlscale":5,"ne_id":1730087439,"tier":3}},{"type":"Feature","geometry":{"type":"Point","coordinates":[0.3695,49.7619]},"properties":{"scalerank":8,"featurecla":"Port","name":"Fecamp","website":"www.fecamp.cci.fr","natlscale":5,"ne_id":1730087441,"tier":3}},{"type":"Feature","geometry":{"type":"Point","coordinates":[-1.2239,46.1572]},"properties":{"scalerank":8,"featurecla":"Port","name":"La Pallice","website":"www.larochelle.port.fr","natlscale":5,"ne_id":1730087443,"tier":3}},{"type":"Feature","geometry":{"type":"Point","coordinates":[-2.0228,48.6444]},"properties":{"scalerank":8,"featurecla":"Port","name":"Saint-Malo","website":"www.saint-malo.cci.fr","natlscale":5,"ne_id":1730087445,"tier":3}},{"type":"Feature","geometry":{"type":"Point","coordinates":[3.7102,43.4047]},"properties":{"scalerank":8,"featurecla":"Port","name":"Sete","website":"www.sete.port.fr","natlscale":5,"ne_id":1730087447,"tier":3}},{"type":"Feature","geometry":{"type":"Point","coordinates":[-4.7567,55.9547]},"properties":{"scalerank":8,"featurecla":"Port","name":"Greenock","website":"www.clydeport.co.uk","natlscale":5,"ne_id":1730087449,"ax":[{"a":"container","u":"roster","y":2024,"s":"cppi-2024","locode":"GBGRK"}],"tier":2}},{"type":"Feature","geometry":{"type":"Point","coordinates":[-1.9865,50.7144]},"properties":{"scalerank":8,"featurecla":"Port","name":"Poole","website":"www.phc.co.uk","natlscale":5,"ne_id":1730087453,"tier":3}},{"type":"Feature","geometry":{"type":"Point","coordinates":[-5.0535,50.1528]},"properties":{"scalerank":8,"featurecla":"Port","name":"Falmouth","website":"www.falmouthport.co.uk","natlscale":5,"ne_id":1730087455,"tier":3}},{"type":"Feature","geometry":{"type":"Point","coordinates":[-3.1718,55.9825]},"properties":{"scalerank":8,"featurecla":"Port","name":"Leith","website":"www.forthports.co.uk","natlscale":5,"ne_id":1730087457,"tier":3}},{"type":"Feature","geometry":{"type":"Point","coordinates":[-2.4679,56.7044]},"properties":{"scalerank":8,"featurecla":"Port","name":"Montrose","website":"www.montroseport.co.uk","natlscale":5,"ne_id":1730087459,"tier":3}},{"type":"Feature","geometry":{"type":"Point","coordinates":[-2.9847,51.5589]},"properties":{"scalerank":8,"featurecla":"Port","name":"Newport","website":"www.abports.co.uk/custinfo/ports/newport.htm","natlscale":5,"ne_id":1730087461,"tier":3}},{"type":"Feature","geometry":{"type":"Point","coordinates":[-1.3562,54.9069]},"properties":{"scalerank":8,"featurecla":"Port","name":"Sunderland","website":"www.portofsunderland.org.uk","natlscale":5,"ne_id":1730087463,"tier":3}},{"type":"Feature","geometry":{"type":"Point","coordinates":[-1.1571,54.6081]},"properties":{"scalerank":8,"featurecla":"Port","name":"Teesport","website":"www.pdports.co.uk","natlscale":5,"ne_id":1730087465,"ax":[{"a":"container","u":"roster","y":2024,"s":"cppi-2024","locode":"GBTEE"}],"tier":2}},{"type":"Feature","geometry":{"type":"Point","coordinates":[41.6528,42.155]},"properties":{"scalerank":8,"featurecla":"Port","name":"Poti","website":"www.potiseaport.com","natlscale":5,"ne_id":1730087467,"tier":3}},{"type":"Feature","geometry":{"type":"Point","coordinates":[23.6565,37.9372]},"properties":{"scalerank":8,"featurecla":"Port","name":"Piraeus","website":null,"natlscale":5,"ne_id":1730087471,"tier":3}},{"type":"Feature","geometry":{"type":"Point","coordinates":[23.6337,37.9411]},"properties":{"scalerank":8,"featurecla":"Port","name":"Piraeus","website":"www.olp.gr","natlscale":5,"ne_id":1730087473,"tier":3}},{"type":"Feature","geometry":{"type":"Point","coordinates":[23.6431,37.9344]},"properties":{"scalerank":8,"featurecla":"Port","name":"Piraeus","website":"www.medmarinas.com","natlscale":5,"ne_id":1730087475,"ax":[{"a":"container","v":4.7,"u":"MTEU","y":2024,"r":44,"s":"wsc-top50-2024"},{"a":"container","u":"roster","y":2024,"s":"cppi-2024","locode":"GRPIR"}],"tier":1}},{"type":"Feature","geometry":{"type":"Point","coordinates":[-61.7505,12.0472]},"properties":{"scalerank":8,"featurecla":"Port","name":"Saint George's","website":"www.grenadacruiseport.com","natlscale":5,"ne_id":1730087477,"tier":3}},{"type":"Feature","geometry":{"type":"Point","coordinates":[-52.272,4.8531]},"properties":{"scalerank":8,"featurecla":"Port","name":"Cayenne","website":"www.guyane.cci.fr","natlscale":5,"ne_id":1730087479,"tier":3}},{"type":"Feature","geometry":{"type":"Point","coordinates":[14.5408,45.2997]},"properties":{"scalerank":8,"featurecla":"Port","name":"Bakar","website":null,"natlscale":5,"ne_id":1730087481,"tier":3}},{"type":"Feature","geometry":{"type":"Point","coordinates":[13.6349,45.0806]},"properties":{"scalerank":8,"featurecla":"Port","name":"Rovinj","website":null,"natlscale":5,"ne_id":1730087483,"tier":3}},{"type":"Feature","geometry":{"type":"Point","coordinates":[15.8916,43.7264]},"properties":{"scalerank":8,"featurecla":"Port","name":"Sibenik","website":"www.portauthority-sibenik.hr","natlscale":5,"ne_id":1730087485,"tier":3}},{"type":"Feature","geometry":{"type":"Point","coordinates":[-72.7037,19.4483]},"properties":{"scalerank":8,"featurecla":"Port","name":"Gonaives","website":"www.apn.gouv.ht","natlscale":5,"ne_id":1730087489,"tier":3}},{"type":"Feature","geometry":{"type":"Point","coordinates":[131.2425,-0.8769]},"properties":{"scalerank":8,"featurecla":"Port","name":"Sorong","website":null,"natlscale":5,"ne_id":1730087491,"tier":3}},{"type":"Feature","geometry":{"type":"Point","coordinates":[76.3104,9.4919]},"properties":{"scalerank":8,"featurecla":"Port","name":"Alleppey","website":null,"natlscale":5,"ne_id":1730087493,"tier":3}},{"type":"Feature","geometry":{"type":"Point","coordinates":[82.2746,16.9778]},"properties":{"scalerank":8,"featurecla":"Port","name":"Kakinada","website":"www.kakinadaseaports.in","natlscale":5,"ne_id":1730087495,"tier":3}},{"type":"Feature","geometry":{"type":"Point","coordinates":[78.187,8.7583]},"properties":{"scalerank":8,"featurecla":"Port","name":"Tuticorin","website":"tuticorinport.gov.in","natlscale":5,"ne_id":1730087497,"tier":3}},{"type":"Feature","geometry":{"type":"Point","coordinates":[-8.4713,54.2717]},"properties":{"scalerank":8,"featurecla":"Port","name":"Sligo","website":null,"natlscale":5,"ne_id":1730087499,"tier":3}},{"type":"Feature","geometry":{"type":"Point","coordinates":[13.9383,37.0903]},"properties":{"scalerank":8,"featurecla":"Port","name":"Licata","website":null,"natlscale":5,"ne_id":1730087501,"tier":3}},{"type":"Feature","geometry":{"type":"Point","coordinates":[8.308,40.5628]},"properties":{"scalerank":8,"featurecla":"Port","name":"Alghero","website":null,"natlscale":5,"ne_id":1730087503,"tier":3}},{"type":"Feature","geometry":{"type":"Point","coordinates":[14.1601,40.8033]},"properties":{"scalerank":8,"featurecla":"Port","name":"Bagnoli","website":null,"natlscale":5,"ne_id":1730087507,"ax":[{"a":"container","u":"roster","y":2024,"s":"cppi-2024","locode":"ITNAP"}],"tier":2}},{"type":"Feature","geometry":{"type":"Point","coordinates":[16.2878,41.3256]},"properties":{"scalerank":8,"featurecla":"Port","name":"Barletta","website":null,"natlscale":5,"ne_id":1730087509,"tier":3}},{"type":"Feature","geometry":{"type":"Point","coordinates":[17.956,40.6464]},"properties":{"scalerank":8,"featurecla":"Port","name":"Brindisi","website":"www.porto.br.it","natlscale":5,"ne_id":1730087511,"tier":3}},{"type":"Feature","geometry":{"type":"Point","coordinates":[17.1234,39.0861]},"properties":{"scalerank":8,"featurecla":"Port","name":"Crotone","website":null,"natlscale":5,"ne_id":1730087513,"tier":3}},{"type":"Feature","geometry":{"type":"Point","coordinates":[17.9757,40.0558]},"properties":{"scalerank":8,"featurecla":"Port","name":"Gallipoli","website":null,"natlscale":5,"ne_id":1730087515,"tier":3}},{"type":"Feature","geometry":{"type":"Point","coordinates":[8.0269,43.8828]},"properties":{"scalerank":8,"featurecla":"Port","name":"Imperia","website":null,"natlscale":5,"ne_id":1730087517,"tier":3}},{"type":"Feature","geometry":{"type":"Point","coordinates":[9.4094,41.2133]},"properties":{"scalerank":8,"featurecla":"Port","name":"La Maddalena","website":null,"natlscale":5,"ne_id":1730087519,"tier":3}},{"type":"Feature","geometry":{"type":"Point","coordinates":[9.8504,44.0872]},"properties":{"scalerank":8,"featurecla":"Port","name":"La Spezia","website":"www.portolaspezia.it","natlscale":5,"ne_id":1730087521,"ax":[{"a":"container","u":"roster","y":2024,"s":"cppi-2024","locode":"ITSPE"}],"tier":2}},{"type":"Feature","geometry":{"type":"Point","coordinates":[12.4355,37.7897]},"properties":{"scalerank":8,"featurecla":"Port","name":"Marsala","website":null,"natlscale":5,"ne_id":1730087525,"tier":3}},{"type":"Feature","geometry":{"type":"Point","coordinates":[15.5592,38.2003]},"properties":{"scalerank":8,"featurecla":"Port","name":"Messina","website":null,"natlscale":5,"ne_id":1730087527,"tier":3}},{"type":"Feature","geometry":{"type":"Point","coordinates":[16.5878,41.2083]},"properties":{"scalerank":8,"featurecla":"Port","name":"Molfetta","website":null,"natlscale":5,"ne_id":1730087529,"tier":3}},{"type":"Feature","geometry":{"type":"Point","coordinates":[13.5527,45.7886]},"properties":{"scalerank":8,"featurecla":"Port","name":"Monfalcone","website":"www.porto.monfalcone.gorizia.it","natlscale":5,"ne_id":1730087531,"tier":3}},{"type":"Feature","geometry":{"type":"Point","coordinates":[17.3004,40.9561]},"properties":{"scalerank":8,"featurecla":"Port","name":"Monopoli","website":null,"natlscale":5,"ne_id":1730087533,"tier":3}},{"type":"Feature","geometry":{"type":"Point","coordinates":[12.9025,43.9208]},"properties":{"scalerank":8,"featurecla":"Port","name":"Pesaro","website":null,"natlscale":5,"ne_id":1730087535,"tier":3}},{"type":"Feature","geometry":{"type":"Point","coordinates":[8.3922,40.8436]},"properties":{"scalerank":8,"featurecla":"Port","name":"Porto Torres","website":null,"natlscale":5,"ne_id":1730087537,"tier":3}},{"type":"Feature","geometry":{"type":"Point","coordinates":[12.2504,44.4622]},"properties":{"scalerank":8,"featurecla":"Port","name":"Ravenna","website":"www.port.ravenna.it","natlscale":5,"ne_id":1730087539,"tier":3}},{"type":"Feature","geometry":{"type":"Point","coordinates":[15.2876,37.0661]},"properties":{"scalerank":8,"featurecla":"Port","name":"Siracusa","website":null,"natlscale":5,"ne_id":1730087543,"ax":[{"a":"container","u":"roster","y":2024,"s":"cppi-2024","locode":"ITAUG"}],"tier":2}},{"type":"Feature","geometry":{"type":"Point","coordinates":[17.189,40.4881]},"properties":{"scalerank":8,"featurecla":"Port","name":"Taranto","website":"www.port.taranto.it","natlscale":5,"ne_id":1730087545,"tier":3}},{"type":"Feature","geometry":{"type":"Point","coordinates":[14.4429,40.75]},"properties":{"scalerank":8,"featurecla":"Port","name":"Torre Annunziata","website":null,"natlscale":5,"ne_id":1730087547,"tier":3}},{"type":"Feature","geometry":{"type":"Point","coordinates":[129.9504,32.9017]},"properties":{"scalerank":8,"featurecla":"Port","name":"Omura","website":"www.city.omura.nagasaki.jp","natlscale":5,"ne_id":1730087549,"tier":3}},{"type":"Feature","geometry":{"type":"Point","coordinates":[135.3833,34.6914]},"properties":{"scalerank":8,"featurecla":"Port","name":"Amagasaki","website":null,"natlscale":5,"ne_id":1730087551,"tier":3}},{"type":"Feature","geometry":{"type":"Point","coordinates":[137.1085,36.7758]},"properties":{"scalerank":8,"featurecla":"Port","name":"Fushiki","website":null,"natlscale":5,"ne_id":1730087553,"tier":3}},{"type":"Feature","geometry":{"type":"Point","coordinates":[133.0062,34.0681]},"properties":{"scalerank":8,"featurecla":"Port","name":"Imabari","website":null,"natlscale":5,"ne_id":1730087555,"tier":3}},{"type":"Feature","geometry":{"type":"Point","coordinates":[132.2353,34.1769]},"properties":{"scalerank":8,"featurecla":"Port","name":"Iwakuni","website":null,"natlscale":5,"ne_id":1730087557,"tier":3}},{"type":"Feature","geometry":{"type":"Point","coordinates":[135.1885,34.1531]},"properties":{"scalerank":8,"featurecla":"Port","name":"Kainan","website":null,"natlscale":5,"ne_id":1730087561,"tier":3}},{"type":"Feature","geometry":{"type":"Point","coordinates":[136.6065,36.6169]},"properties":{"scalerank":8,"featurecla":"Port","name":"Kanazawa","website":"www.pref.ishikawa.jp","natlscale":5,"ne_id":1730087563,"tier":3}},{"type":"Feature","geometry":{"type":"Point","coordinates":[139.7438,35.5064]},"properties":{"scalerank":8,"featurecla":"Port","name":"Kawasaki","website":"www.city.kawasaki.jp/58/58yuuti/home/etop.html","natlscale":5,"ne_id":1730087565,"tier":3}},{"type":"Feature","geometry":{"type":"Point","coordinates":[130.8736,33.9083]},"properties":{"scalerank":8,"featurecla":"Port","name":"Kokura","website":"www.kitaqport.or.jp","natlscale":5,"ne_id":1730087567,"tier":3}},{"type":"Feature","geometry":{"type":"Point","coordinates":[135.3853,35.4817]},"properties":{"scalerank":8,"featurecla":"Port","name":"Maizuru","website":"www.port.maizuru.kyoto.jp","natlscale":5,"ne_id":1730087569,"tier":3}},{"type":"Feature","geometry":{"type":"Point","coordinates":[136.5534,34.6081]},"properties":{"scalerank":8,"featurecla":"Port","name":"Matsusaka","website":"www.info.city.tsu.mie.jp","natlscale":5,"ne_id":1730087571,"tier":3}},{"type":"Feature","geometry":{"type":"Point","coordinates":[135.1934,35.5433]},"properties":{"scalerank":8,"featurecla":"Port","name":"Miyazu","website":null,"natlscale":5,"ne_id":1730087573,"tier":3}},{"type":"Feature","geometry":{"type":"Point","coordinates":[140.9541,42.3358]},"properties":{"scalerank":8,"featurecla":"Port","name":"Muroran","website":null,"natlscale":5,"ne_id":1730087575,"tier":3}},{"type":"Feature","geometry":{"type":"Point","coordinates":[139.1248,37.955]},"properties":{"scalerank":8,"featurecla":"Port","name":"Niigata","website":"www.pref.niigata.lg.jp/kowanshinko/1208883684365.html","natlscale":5,"ne_id":1730087579,"tier":3}},{"type":"Feature","geometry":{"type":"Point","coordinates":[131.8693,33.2514]},"properties":{"scalerank":8,"featurecla":"Port","name":"Saganoseki","website":null,"natlscale":5,"ne_id":1730087581,"tier":3}},{"type":"Feature","geometry":{"type":"Point","coordinates":[129.7078,33.1569]},"properties":{"scalerank":8,"featurecla":"Port","name":"Sasebo","website":"www.city.sasebo.nagasaki.jp","natlscale":5,"ne_id":1730087583,"tier":3}},{"type":"Feature","geometry":{"type":"Point","coordinates":[138.5099,35.0144]},"properties":{"scalerank":8,"featurecla":"Port","name":"Shimizu","website":"www.portofshimizu.com","natlscale":5,"ne_id":1730087585,"ax":[{"a":"container","u":"roster","y":2024,"s":"cppi-2024","locode":"JPSMZ"}],"tier":2}},{"type":"Feature","geometry":{"type":"Point","coordinates":[135.1333,34.1164]},"properties":{"scalerank":8,"featurecla":"Port","name":"Shimotsu","website":null,"natlscale":5,"ne_id":1730087587,"tier":3}},{"type":"Feature","geometry":{"type":"Point","coordinates":[135.1271,34.2231]},"properties":{"scalerank":8,"featurecla":"Port","name":"Wakayama","website":null,"natlscale":5,"ne_id":1730087589,"tier":3}},{"type":"Feature","geometry":{"type":"Point","coordinates":[139.6544,35.3044]},"properties":{"scalerank":8,"featurecla":"Port","name":"Yokosuka","website":"www.city.yokosuka.kanagawa.jp/minato","natlscale":5,"ne_id":1730087591,"tier":3}},{"type":"Feature","geometry":{"type":"Point","coordinates":[80.225,6.0333]},"properties":{"scalerank":8,"featurecla":"Port","name":"Galle","website":"www.slpa.lk","natlscale":5,"ne_id":1730087593,"tier":3}},{"type":"Feature","geometry":{"type":"Point","coordinates":[21.537,57.4031]},"properties":{"scalerank":8,"featurecla":"Port","name":"Ventspils","website":"www.portofventspils.lv","natlscale":5,"ne_id":1730087597,"tier":3}},{"type":"Feature","geometry":{"type":"Point","coordinates":[-92.6521,18.5303]},"properties":{"scalerank":8,"featurecla":"Port","name":"Frontera","website":null,"natlscale":5,"ne_id":1730087599,"tier":3}},{"type":"Feature","geometry":{"type":"Point","coordinates":[-94.5346,17.9758]},"properties":{"scalerank":8,"featurecla":"Port","name":"Minatitlan","website":null,"natlscale":5,"ne_id":1730087601,"tier":3}},{"type":"Feature","geometry":{"type":"Point","coordinates":[-94.4005,18.1275]},"properties":{"scalerank":8,"featurecla":"Port","name":"Pajaritos","website":null,"natlscale":5,"ne_id":1730087603,"tier":3}},{"type":"Feature","geometry":{"type":"Point","coordinates":[-112.2585,27.3392]},"properties":{"scalerank":8,"featurecla":"Port","name":"Santa Rosalia","website":"www.bajaport.com","natlscale":5,"ne_id":1730087605,"tier":3}},{"type":"Feature","geometry":{"type":"Point","coordinates":[-89.6706,21.3136]},"properties":{"scalerank":8,"featurecla":"Port","name":"Progreso","website":"www.puertosyucatan.com","natlscale":5,"ne_id":1730087607,"ax":[{"a":"container","u":"roster","y":2024,"s":"cppi-2024","locode":"MXPGO"}],"tier":2}},{"type":"Feature","geometry":{"type":"Point","coordinates":[-97.3706,20.9406]},"properties":{"scalerank":8,"featurecla":"Port","name":"Tuxpan","website":"www.puerto-de-tuxpan.com.mx","natlscale":5,"ne_id":1730087609,"tier":3}},{"type":"Feature","geometry":{"type":"Point","coordinates":[103.4592,4.2494]},"properties":{"scalerank":8,"featurecla":"Port","name":"Kemaman","website":"www.portsworld.com/Ports/kemamanport.htm","natlscale":5,"ne_id":1730087611,"tier":3}},{"type":"Feature","geometry":{"type":"Point","coordinates":[4.7837,52.9581]},"properties":{"scalerank":8,"featurecla":"Port","name":"Den Helder","website":"www.havendenhelder.nl","natlscale":5,"ne_id":1730087615,"tier":3}},{"type":"Feature","geometry":{"type":"Point","coordinates":[4.6514,51.8058]},"properties":{"scalerank":8,"featurecla":"Port","name":"Dordrecht","website":null,"natlscale":5,"ne_id":1730087617,"tier":3}},{"type":"Feature","geometry":{"type":"Point","coordinates":[6.9555,53.3206]},"properties":{"scalerank":8,"featurecla":"Port","name":"Delfzijl","website":"www.groningen-seaports.com","natlscale":5,"ne_id":1730087619,"tier":3}},{"type":"Feature","geometry":{"type":"Point","coordinates":[8.7574,58.4542]},"properties":{"scalerank":8,"featurecla":"Port","name":"Arendal","website":null,"natlscale":5,"ne_id":1730087621,"tier":3}},{"type":"Feature","geometry":{"type":"Point","coordinates":[10.225,59.7367]},"properties":{"scalerank":8,"featurecla":"Port","name":"Drammen","website":"www.drammenhavn.no","natlscale":5,"ne_id":1730087623,"tier":3}},{"type":"Feature","geometry":{"type":"Point","coordinates":[11.3753,59.1181]},"properties":{"scalerank":8,"featurecla":"Port","name":"Halden","website":null,"natlscale":5,"ne_id":1730087625,"tier":3}},{"type":"Feature","geometry":{"type":"Point","coordinates":[16.5416,68.7892]},"properties":{"scalerank":8,"featurecla":"Port","name":"Harstad","website":null,"natlscale":5,"ne_id":1730087627,"tier":3}},{"type":"Feature","geometry":{"type":"Point","coordinates":[10.0255,59.0453]},"properties":{"scalerank":8,"featurecla":"Port","name":"Larvik","website":"www.larvikhavn.vf.no","natlscale":5,"ne_id":1730087629,"ax":[{"a":"container","u":"roster","y":2024,"s":"cppi-2024","locode":"NOLAR"}],"tier":2}},{"type":"Feature","geometry":{"type":"Point","coordinates":[10.6528,59.4322]},"properties":{"scalerank":8,"featurecla":"Port","name":"Moss","website":"www.moss-havn.no","natlscale":5,"ne_id":1730087633,"tier":3}},{"type":"Feature","geometry":{"type":"Point","coordinates":[10.225,59.1236]},"properties":{"scalerank":8,"featurecla":"Port","name":"Sandefjord","website":null,"natlscale":5,"ne_id":1730087635,"tier":3}},{"type":"Feature","geometry":{"type":"Point","coordinates":[10.4049,59.265]},"properties":{"scalerank":8,"featurecla":"Port","name":"Tonsberg","website":null,"natlscale":5,"ne_id":1730087637,"tier":3}},{"type":"Feature","geometry":{"type":"Point","coordinates":[172.7102,-43.6061]},"properties":{"scalerank":8,"featurecla":"Port","name":"Lyttelton","website":"www.lpc.co.nz","natlscale":5,"ne_id":1730087639,"ax":[{"a":"container","u":"roster","y":2024,"s":"cppi-2024","locode":"NZLYT"}],"tier":2}},{"type":"Feature","geometry":{"type":"Point","coordinates":[59.4206,22.6567]},"properties":{"scalerank":8,"featurecla":"Port","name":"Qalhat","website":null,"natlscale":5,"ne_id":1730087641,"tier":3}},{"type":"Feature","geometry":{"type":"Point","coordinates":[56.7379,24.3783]},"properties":{"scalerank":8,"featurecla":"Port","name":"Sohar","website":"portofsohar.com","natlscale":5,"ne_id":1730087643,"ax":[{"a":"container","u":"roster","y":2024,"s":"cppi-2024","locode":"OMSOH"}],"tier":2}},{"type":"Feature","geometry":{"type":"Point","coordinates":[-79.5688,8.9556]},"properties":{"scalerank":8,"featurecla":"Port","name":"Balboa","website":"www.ppc.com.pa","natlscale":5,"ne_id":1730087645,"ax":[{"a":"container","v":4.01,"u":"MTEU","y":2024,"r":50,"s":"wsc-top50-2024"},{"a":"container","u":"roster","y":2024,"s":"cppi-2024","locode":"PABLB"}],"tier":1}},{"type":"Feature","geometry":{"type":"Point","coordinates":[-79.9048,9.3503]},"properties":{"scalerank":8,"featurecla":"Port","name":"Cristobal","website":"www.ppc.com.pa","natlscale":5,"ne_id":1730087647,"ax":[{"a":"container","u":"roster","y":2024,"s":"cppi-2024","locode":"PACTB"}],"tier":2}},{"type":"Feature","geometry":{"type":"Point","coordinates":[-82.4346,8.365]},"properties":{"scalerank":8,"featurecla":"Port","name":"Pedregal","website":"www.cocatram.org.ni/puertosca/pto_pedregal_panama.html","natlscale":5,"ne_id":1730087651,"tier":3}},{"type":"Feature","geometry":{"type":"Point","coordinates":[-77.1418,-12.0453]},"properties":{"scalerank":8,"featurecla":"Port","name":"Callao","website":"www.enapu.com.pe","natlscale":5,"ne_id":1730087653,"ax":[{"a":"container","u":"roster","y":2024,"s":"cppi-2024","locode":"PECLL"}],"tier":2}},{"type":"Feature","geometry":{"type":"Point","coordinates":[-72.1042,-16.9978]},"properties":{"scalerank":8,"featurecla":"Port","name":"Matarani","website":"www.ultramarnetwork.com/TextosPeru/Marc-024.html","natlscale":5,"ne_id":1730087655,"tier":3}},{"type":"Feature","geometry":{"type":"Point","coordinates":[14.2686,53.905]},"properties":{"scalerank":8,"featurecla":"Port","name":"Swinoujscie","website":"www.phs.com.pl","natlscale":5,"ne_id":1730087657,"tier":3}},{"type":"Feature","geometry":{"type":"Point","coordinates":[-8.6929,41.185]},"properties":{"scalerank":8,"featurecla":"Port","name":"Leixoes","website":"www.apdl.pt","natlscale":5,"ne_id":1730087659,"ax":[{"a":"container","u":"roster","y":2024,"s":"cppi-2024","locode":"PTLEI"}],"tier":2}},{"type":"Feature","geometry":{"type":"Point","coordinates":[-8.8214,38.4897]},"properties":{"scalerank":8,"featurecla":"Port","name":"Setubal","website":"www.portodesetubal.pt","natlscale":5,"ne_id":1730087661,"ax":[{"a":"container","u":"roster","y":2024,"s":"cppi-2024","locode":"PTSET"}],"tier":2}},{"type":"Feature","geometry":{"type":"Point","coordinates":[-8.7197,40.6436]},"properties":{"scalerank":8,"featurecla":"Port","name":"Aveiro","website":"www.portodeaveiro.pt","natlscale":5,"ne_id":1730087663,"tier":3}},{"type":"Feature","geometry":{"type":"Point","coordinates":[-8.823,41.6864]},"properties":{"scalerank":8,"featurecla":"Port","name":"Viana do Castelo","website":"www.ipnorte.pt","natlscale":5,"ne_id":1730087665,"tier":3}},{"type":"Feature","geometry":{"type":"Point","coordinates":[28.0839,45.4417]},"properties":{"scalerank":8,"featurecla":"Port","name":"Galati","website":"apdm.galati.ro","natlscale":5,"ne_id":1730087669,"tier":3}},{"type":"Feature","geometry":{"type":"Point","coordinates":[132.9076,42.8047]},"properties":{"scalerank":8,"featurecla":"Port","name":"Nakhodka","website":"www.port-livadia.ru","natlscale":5,"ne_id":1730087671,"tier":3}},{"type":"Feature","geometry":{"type":"Point","coordinates":[32.4049,67.135]},"properties":{"scalerank":8,"featurecla":"Port","name":"Kandalaksha","website":null,"natlscale":5,"ne_id":1730087673,"tier":3}},{"type":"Feature","geometry":{"type":"Point","coordinates":[142.04,47.0506]},"properties":{"scalerank":8,"featurecla":"Port","name":"Kholmsk","website":null,"natlscale":5,"ne_id":1730087675,"tier":3}},{"type":"Feature","geometry":{"type":"Point","coordinates":[142.7585,46.6267]},"properties":{"scalerank":8,"featurecla":"Port","name":"Korsakov","website":null,"natlscale":5,"ne_id":1730087677,"tier":3}},{"type":"Feature","geometry":{"type":"Point","coordinates":[29.7674,59.9869]},"properties":{"scalerank":8,"featurecla":"Port","name":"Kronshtadt","website":null,"natlscale":5,"ne_id":1730087679,"tier":3}},{"type":"Feature","geometry":{"type":"Point","coordinates":[132.8862,42.8]},"properties":{"scalerank":8,"featurecla":"Port","name":"Nakhodka","website":"www.ncsp.ru","natlscale":5,"ne_id":1730087681,"tier":3}},{"type":"Feature","geometry":{"type":"Point","coordinates":[37.8044,44.715]},"properties":{"scalerank":8,"featurecla":"Port","name":"Novorossiysk","website":"www.nle.ru","natlscale":5,"ne_id":1730087683,"ax":[{"a":"container","u":"roster","y":2024,"s":"cppi-2024","locode":"RUNVS"}],"tier":2}},{"type":"Feature","geometry":{"type":"Point","coordinates":[39.0667,44.0919]},"properties":{"scalerank":8,"featurecla":"Port","name":"Tuapse","website":"www.tuapseport.ru","natlscale":5,"ne_id":1730087687,"tier":3}},{"type":"Feature","geometry":{"type":"Point","coordinates":[49.6709,27.0286]},"properties":{"scalerank":8,"featurecla":"Port","name":"Jubail","website":"www.ports.gov.sa","natlscale":5,"ne_id":1730087689,"tier":3}},{"type":"Feature","geometry":{"type":"Point","coordinates":[49.673,27.0878]},"properties":{"scalerank":8,"featurecla":"Port","name":"Jubail","website":"www.ports.gov.sa","natlscale":5,"ne_id":1730087691,"tier":3}},{"type":"Feature","geometry":{"type":"Point","coordinates":[48.5225,28.415]},"properties":{"scalerank":8,"featurecla":"Port","name":"Ras al Khafji","website":null,"natlscale":5,"ne_id":1730087693,"tier":3}},{"type":"Feature","geometry":{"type":"Point","coordinates":[12.4764,56.8894]},"properties":{"scalerank":8,"featurecla":"Port","name":"Falkenberg","website":"www.falkenbergs-terminal.se","natlscale":5,"ne_id":1730087695,"tier":3}},{"type":"Feature","geometry":{"type":"Point","coordinates":[14.3055,55.9256]},"properties":{"scalerank":8,"featurecla":"Port","name":"Ahus","website":"www.ahushamn.se","natlscale":5,"ne_id":1730087697,"tier":3}},{"type":"Feature","geometry":{"type":"Point","coordinates":[17.9388,62.6408]},"properties":{"scalerank":8,"featurecla":"Port","name":"Harnosand","website":"www.harnosand.se","natlscale":5,"ne_id":1730087699,"tier":3}},{"type":"Feature","geometry":{"type":"Point","coordinates":[12.5415,56.1986]},"properties":{"scalerank":8,"featurecla":"Port","name":"Hoganas","website":null,"natlscale":5,"ne_id":1730087701,"tier":3}},{"type":"Feature","geometry":{"type":"Point","coordinates":[14.8583,56.1625]},"properties":{"scalerank":8,"featurecla":"Port","name":"Karlshamn","website":"www.karlshamnshamn.se","natlscale":5,"ne_id":1730087705,"tier":3}},{"type":"Feature","geometry":{"type":"Point","coordinates":[15.586,56.16]},"properties":{"scalerank":8,"featurecla":"Port","name":"Karlskrona","website":"www.karlskrona.se/hamn","natlscale":5,"ne_id":1730087707,"tier":3}},{"type":"Feature","geometry":{"type":"Point","coordinates":[17.9581,58.9133]},"properties":{"scalerank":8,"featurecla":"Port","name":"Nynashamn","website":"www.stoports.com","natlscale":5,"ne_id":1730087709,"tier":3}},{"type":"Feature","geometry":{"type":"Point","coordinates":[16.4707,57.265]},"properties":{"scalerank":8,"featurecla":"Port","name":"Oskarshamn","website":"www.port.oskarshamn.se","natlscale":5,"ne_id":1730087711,"tier":3}},{"type":"Feature","geometry":{"type":"Point","coordinates":[17.108,58.6617]},"properties":{"scalerank":8,"featurecla":"Port","name":"Oxelosund","website":"www.oxhamn.se","natlscale":5,"ne_id":1730087713,"tier":3}},{"type":"Feature","geometry":{"type":"Point","coordinates":[21.4704,65.3089]},"properties":{"scalerank":8,"featurecla":"Port","name":"Pitea","website":"www.bottenvikens-stuveri.se","natlscale":5,"ne_id":1730087715,"tier":3}},{"type":"Feature","geometry":{"type":"Point","coordinates":[17.6592,59.1697]},"properties":{"scalerank":8,"featurecla":"Port","name":"Sodertalje","website":"www.soeport.se","natlscale":5,"ne_id":1730087717,"tier":3}},{"type":"Feature","geometry":{"type":"Point","coordinates":[13.1516,55.3681]},"properties":{"scalerank":8,"featurecla":"Port","name":"Trelleborg","website":"www.trelleborgshamn.se","natlscale":5,"ne_id":1730087719,"tier":3}},{"type":"Feature","geometry":{"type":"Point","coordinates":[11.9048,58.3481]},"properties":{"scalerank":8,"featurecla":"Port","name":"Uddevalla","website":"www.uddevalla-hamn.se","natlscale":5,"ne_id":1730087723,"tier":3}},{"type":"Feature","geometry":{"type":"Point","coordinates":[13.8207,55.4214]},"properties":{"scalerank":8,"featurecla":"Port","name":"Ystad","website":"www.ystad.se","natlscale":5,"ne_id":1730087725,"tier":3}},{"type":"Feature","geometry":{"type":"Point","coordinates":[100.5849,13.6958]},"properties":{"scalerank":8,"featurecla":"Port","name":"Bangkok","website":"www.bkp.port.co.th","natlscale":5,"ne_id":1730087727,"ax":[{"a":"container","u":"roster","y":2024,"s":"cppi-2024","locode":"THBKK"}],"tier":2}},{"type":"Feature","geometry":{"type":"Point","coordinates":[100.8909,13.0739]},"properties":{"scalerank":8,"featurecla":"Port","name":"Laem Chabang","website":"www.port.co.th","natlscale":5,"ne_id":1730087729,"ax":[{"a":"container","v":9.55,"u":"MTEU","y":2024,"r":20,"s":"wsc-top50-2024"},{"a":"container","u":"roster","y":2024,"s":"cppi-2024","locode":"THLCH"}],"tier":1}},{"type":"Feature","geometry":{"type":"Point","coordinates":[100.9186,13.1714]},"properties":{"scalerank":8,"featurecla":"Port","name":"Sriracha","website":"www.srirachaport.com","natlscale":5,"ne_id":1730087731,"ax":[{"a":"container","u":"roster","y":2024,"s":"cppi-2024","locode":"THSRI"}],"tier":2}},{"type":"Feature","geometry":{"type":"Point","coordinates":[-61.4895,10.3883]},"properties":{"scalerank":8,"featurecla":"Port","name":"Point Lisas","website":"www.plipdeco.com","natlscale":5,"ne_id":1730087733,"ax":[{"a":"container","u":"roster","y":2024,"s":"cppi-2024","locode":"TTPTS"}],"tier":2}},{"type":"Feature","geometry":{"type":"Point","coordinates":[34.6406,36.7969]},"properties":{"scalerank":8,"featurecla":"Port","name":"Mersin","website":"www.tcdd.gov.tr","natlscale":5,"ne_id":1730087735,"ax":[{"a":"container","u":"roster","y":2024,"s":"cppi-2024","locode":"TRMER"}],"tier":2}},{"type":"Feature","geometry":{"type":"Point","coordinates":[36.7732,46.7514]},"properties":{"scalerank":8,"featurecla":"Port","name":"Berdyansk","website":"www.ukrport.org.ua","natlscale":5,"ne_id":1730087737,"tier":3}},{"type":"Feature","geometry":{"type":"Point","coordinates":[36.4856,45.355]},"properties":{"scalerank":8,"featurecla":"Port","name":"Kerch","website":"www.ukrport.org.ua","natlscale":5,"ne_id":1730087741,"tier":3}},{"type":"Feature","geometry":{"type":"Point","coordinates":[-122.359,37.9139]},"properties":{"scalerank":8,"featurecla":"Port","name":"Richmond","website":"www.ci.richmond.ca.us/index.asp?NID=102","natlscale":5,"ne_id":1730087743,"tier":3}},{"type":"Feature","geometry":{"type":"Point","coordinates":[-75.5198,39.7167]},"properties":{"scalerank":8,"featurecla":"Port","name":"Wilmington","website":"www.portofwilmingtonde.com","natlscale":5,"ne_id":1730087745,"tier":3}},{"type":"Feature","geometry":{"type":"Point","coordinates":[-70.969,42.2414]},"properties":{"scalerank":8,"featurecla":"Port","name":"Quincy","website":"www.forerivershipyard.com","natlscale":5,"ne_id":1730087747,"tier":3}},{"type":"Feature","geometry":{"type":"Point","coordinates":[-159.353,21.9539]},"properties":{"scalerank":8,"featurecla":"Port","name":"Nawiliwili","website":"www.state.hi.us/dot/harbors","natlscale":5,"ne_id":1730087749,"tier":3}},{"type":"Feature","geometry":{"type":"Point","coordinates":[-121.889,36.6056]},"properties":{"scalerank":8,"featurecla":"Port","name":"Monterey","website":"www.monterey.org/harbor","natlscale":5,"ne_id":1730087751,"tier":3}},{"type":"Feature","geometry":{"type":"Point","coordinates":[-77.9526,34.1919]},"properties":{"scalerank":8,"featurecla":"Port","name":"Wilmington","website":"www.ncports.com","natlscale":5,"ne_id":1730087753,"ax":[{"a":"container","u":"roster","y":2024,"s":"cppi-2024","locode":"USILM"}],"tier":2}},{"type":"Feature","geometry":{"type":"Point","coordinates":[-75.1227,39.9036]},"properties":{"scalerank":8,"featurecla":"Port","name":"Gloucester City","website":"www.holtoversight.com","natlscale":5,"ne_id":1730087755,"ax":[{"a":"container","u":"roster","y":2024,"s":"cppi-2024","locode":"USPHL"}],"tier":2}},{"type":"Feature","geometry":{"type":"Point","coordinates":[-74.1025,40.6625]},"properties":{"scalerank":8,"featurecla":"Port","name":"Bayonne","website":"www.bayonnenj.org","natlscale":5,"ne_id":1730087759,"tier":3}},{"type":"Feature","geometry":{"type":"Point","coordinates":[-76.5557,39.2325]},"properties":{"scalerank":8,"featurecla":"Port","name":"Baltimore","website":"www.mpa.state.md.us","natlscale":5,"ne_id":1730087761,"ax":[{"a":"container","u":"roster","y":2024,"s":"cppi-2024","locode":"USBAL"}],"tier":2}},{"type":"Feature","geometry":{"type":"Point","coordinates":[-81.5592,30.3808]},"properties":{"scalerank":8,"featurecla":"Port","name":"Jacksonville","website":"www.jaxport.com","natlscale":5,"ne_id":1730087763,"ax":[{"a":"container","u":"roster","y":2024,"s":"cppi-2024","locode":"USJAX"}],"tier":2}},{"type":"Feature","geometry":{"type":"Point","coordinates":[-76.4262,36.9806]},"properties":{"scalerank":8,"featurecla":"Port","name":"Newport News","website":"www.vaports.com","natlscale":5,"ne_id":1730087765,"tier":3}},{"type":"Feature","geometry":{"type":"Point","coordinates":[-93.9571,29.8431]},"properties":{"scalerank":8,"featurecla":"Port","name":"Port Arthur","website":"www.portofportarthur.com","natlscale":5,"ne_id":1730087767,"tier":3}},{"type":"Feature","geometry":{"type":"Point","coordinates":[-76.2883,36.8167]},"properties":{"scalerank":8,"featurecla":"Port","name":"Portsmouth","website":"www.vaports.com","natlscale":5,"ne_id":1730087769,"tier":3}},{"type":"Feature","geometry":{"type":"Point","coordinates":[-77.9526,34.1919]},"properties":{"scalerank":8,"featurecla":"Port","name":"Wilmington","website":"www.ncports.com","natlscale":5,"ne_id":1730087771,"tier":3}},{"type":"Feature","geometry":{"type":"Point","coordinates":[-93.9571,29.8431]},"properties":{"scalerank":8,"featurecla":"Port","name":"Port Arthur","website":"www.portofportarthur.com","natlscale":5,"ne_id":1730087773,"tier":3}},{"type":"Feature","geometry":{"type":"Point","coordinates":[-77.0372,38.8011]},"properties":{"scalerank":8,"featurecla":"Port","name":"Alexandria","website":null,"natlscale":5,"ne_id":1730087777,"tier":3}},{"type":"Feature","geometry":{"type":"Point","coordinates":[-76.4262,36.9806]},"properties":{"scalerank":8,"featurecla":"Port","name":"Newport News","website":"www.vaports.com","natlscale":5,"ne_id":1730087779,"tier":3}},{"type":"Feature","geometry":{"type":"Point","coordinates":[-122.6087,47.6514]},"properties":{"scalerank":8,"featurecla":"Port","name":"Brownsville","website":"www.portofbrownsville.org","natlscale":5,"ne_id":1730087781,"tier":3}},{"type":"Feature","geometry":{"type":"Point","coordinates":[-122.7039,45.6347]},"properties":{"scalerank":8,"featurecla":"Port","name":"Vancouver","website":"www.portvanusa.com","natlscale":5,"ne_id":1730087783,"tier":3}},{"type":"Feature","geometry":{"type":"Point","coordinates":[-64.5904,10.2492]},"properties":{"scalerank":8,"featurecla":"Port","name":"Guanta","website":"www.puertodeguanta.gob.ve","natlscale":5,"ne_id":1730087785,"tier":3}},{"type":"Feature","geometry":{"type":"Point","coordinates":[121.7258,25.2208]},"properties":{"scalerank":8,"featurecla":"Port","name":"Keelung","website":null,"natlscale":5,"ne_id":1730087787,"ax":[{"a":"container","u":"roster","y":2024,"s":"cppi-2024","locode":"TWKEL"}],"tier":2}},{"type":"Feature","geometry":{"type":"Point","coordinates":[-13.624,28.949]},"properties":{"scalerank":8,"featurecla":"Port","name":"Arrecife","website":null,"natlscale":5,"ne_id":1730087789,"ax":[{"a":"container","u":"roster","y":2024,"s":"cppi-2024","locode":"ESACE"}],"tier":2}},{"type":"Feature","geometry":{"type":"Point","coordinates":[-64.9284,18.3321]},"properties":{"scalerank":8,"featurecla":"Port","name":"St Thomas","website":null,"natlscale":5,"ne_id":1730087791,"tier":3}},{"type":"Feature","geometry":{"type":"Point","coordinates":[-62.75,17.2788]},"properties":{"scalerank":8,"featurecla":"Port","name":"Basseterre","website":null,"natlscale":5,"ne_id":1730087795,"ax":[{"a":"container","u":"roster","y":2024,"s":"cppi-2024","locode":"KNBAS"}],"tier":2}},{"type":"Feature","geometry":{"type":"Point","coordinates":[-90.0564,29.9342]},"properties":{"scalerank":8,"featurecla":"Port","name":"New Orleans","website":null,"natlscale":5,"ne_id":1730087797,"ax":[{"a":"container","u":"roster","y":2024,"s":"cppi-2024","locode":"USMSY"}],"tier":2}},{"type":"Feature","geometry":{"type":"Point","coordinates":[-78.7277,26.5384]},"properties":{"scalerank":8,"featurecla":"Port","name":"Freeport","website":null,"natlscale":5,"ne_id":1730087799,"ax":[{"a":"container","u":"roster","y":2024,"s":"cppi-2024","locode":"BSFPO"}],"tier":2}},{"type":"Feature","geometry":{"type":"Point","coordinates":[-77.56,44.1]},"properties":{"scalerank":8,"featurecla":"Port","name":"Trenton","website":null,"natlscale":5,"ne_id":1730087801,"tier":3}},{"type":"Feature","geometry":{"type":"Point","coordinates":[-81.73,43.75]},"properties":{"scalerank":8,"featurecla":"Port","name":"Goderich","website":null,"natlscale":5,"ne_id":1730087803,"tier":3}},{"type":"Feature","geometry":{"type":"Point","coordinates":[-79.91,44.75]},"properties":{"scalerank":8,"featurecla":"Port","name":"Midland","website":null,"natlscale":5,"ne_id":1730087805,"tier":3}},{"type":"Feature","geometry":{"type":"Point","coordinates":[-86.48,42.11]},"properties":{"scalerank":8,"featurecla":"Port","name":"St Joseph","website":null,"natlscale":5,"ne_id":1730087807,"tier":3}},{"type":"Feature","geometry":{"type":"Point","coordinates":[-87.78,42.73]},"properties":{"scalerank":8,"featurecla":"Port","name":"Racine","website":null,"natlscale":5,"ne_id":1730087809,"tier":3}},{"type":"Feature","geometry":{"type":"Point","coordinates":[-87.6,45.1]},"properties":{"scalerank":8,"featurecla":"Port","name":"Menominee","website":null,"natlscale":5,"ne_id":1730087813,"tier":3}},{"type":"Feature","geometry":{"type":"Point","coordinates":[-87.05,45.76]},"properties":{"scalerank":8,"featurecla":"Port","name":"Escanaba","website":null,"natlscale":5,"ne_id":1730087815,"tier":3}},{"type":"Feature","geometry":{"type":"Point","coordinates":[-121.5,38.58]},"properties":{"scalerank":8,"featurecla":"Port","name":"Sacramento","website":null,"natlscale":5,"ne_id":1730087817,"tier":3}},{"type":"Feature","geometry":{"type":"Point","coordinates":[1.73,52.61]},"properties":{"scalerank":8,"featurecla":"Port","name":"Great Yarmouth","website":null,"natlscale":5,"ne_id":1730087819,"tier":3}},{"type":"Feature","geometry":{"type":"Point","coordinates":[-2.96,56.46]},"properties":{"scalerank":8,"featurecla":"Port","name":"Dundee","website":null,"natlscale":5,"ne_id":1730087821,"tier":3}},{"type":"Feature","geometry":{"type":"Point","coordinates":[-3.83,57.83]},"properties":{"scalerank":8,"featurecla":"Port","name":"Portmahomack Harbor","website":null,"natlscale":5,"ne_id":1730087823,"tier":3}},{"type":"Feature","geometry":{"type":"Point","coordinates":[-3.08,58.43]},"properties":{"scalerank":8,"featurecla":"Port","name":"Wick","website":null,"natlscale":5,"ne_id":1730087825,"tier":3}},{"type":"Feature","geometry":{"type":"Point","coordinates":[-5.46,56.41]},"properties":{"scalerank":8,"featurecla":"Port","name":"Oban","website":null,"natlscale":5,"ne_id":1730087827,"tier":3}},{"type":"Feature","geometry":{"type":"Point","coordinates":[-4.46,54.15]},"properties":{"scalerank":8,"featurecla":"Port","name":"Douglas","website":null,"natlscale":5,"ne_id":1730087831,"tier":3}},{"type":"Feature","geometry":{"type":"Point","coordinates":[-7.31,55]},"properties":{"scalerank":8,"featurecla":"Port","name":"Londonderry","website":null,"natlscale":5,"ne_id":1730087833,"tier":3}},{"type":"Feature","geometry":{"type":"Point","coordinates":[-3.4,54.86]},"properties":{"scalerank":8,"featurecla":"Port","name":"Silloth","website":null,"natlscale":5,"ne_id":1730087835,"tier":3}},{"type":"Feature","geometry":{"type":"Point","coordinates":[13.0938,-7.8331]},"properties":{"scalerank":7,"featurecla":"Port","name":"Ambriz","website":null,"natlscale":10,"ne_id":1730087837,"tier":3}},{"type":"Feature","geometry":{"type":"Point","coordinates":[12.1902,-5.55]},"properties":{"scalerank":7,"featurecla":"Port","name":"Cabinda","website":null,"natlscale":10,"ne_id":1730087839,"tier":3}},{"type":"Feature","geometry":{"type":"Point","coordinates":[12.3204,-6.1214]},"properties":{"scalerank":7,"featurecla":"Port","name":"Soyo","website":"www.otal.com/angola","natlscale":10,"ne_id":1730087841,"tier":3}},{"type":"Feature","geometry":{"type":"Point","coordinates":[19.453,41.3078]},"properties":{"scalerank":7,"featurecla":"Port","name":"Durres","website":null,"natlscale":10,"ne_id":1730087843,"ax":[{"a":"container","u":"roster","y":2024,"s":"cppi-2024","locode":"ALDRZ"}],"tier":2}},{"type":"Feature","geometry":{"type":"Point","coordinates":[-68.9183,12.1192]},"properties":{"scalerank":7,"featurecla":"Port","name":"Curacao","website":"www.curports.com","natlscale":10,"ne_id":1730087845,"tier":3}},{"type":"Feature","geometry":{"type":"Point","coordinates":[56.3565,25.1783]},"properties":{"scalerank":7,"featurecla":"Port","name":"Al Fujayrah","website":"www.fujairahport.ae","natlscale":10,"ne_id":1730087849,"tier":3}},{"type":"Feature","geometry":{"type":"Point","coordinates":[-67.5085,-46.4331]},"properties":{"scalerank":7,"featurecla":"Port","name":"Caleta Olivia","website":null,"natlscale":10,"ne_id":1730087851,"tier":3}},{"type":"Feature","geometry":{"type":"Point","coordinates":[-65.9041,-47.7556]},"properties":{"scalerank":7,"featurecla":"Port","name":"Puerto Deseado","website":"www.scruz.gov.ar/puertos","natlscale":10,"ne_id":1730087853,"tier":3}},{"type":"Feature","geometry":{"type":"Point","coordinates":[-69.2183,-51.6117]},"properties":{"scalerank":7,"featurecla":"Port","name":"Rio Gallegos","website":"www.scruz.gov.ar/puertos","natlscale":10,"ne_id":1730087855,"tier":3}},{"type":"Feature","geometry":{"type":"Point","coordinates":[-67.7025,-53.7944]},"properties":{"scalerank":7,"featurecla":"Port","name":"Rio Grande","website":null,"natlscale":10,"ne_id":1730087857,"tier":3}},{"type":"Feature","geometry":{"type":"Point","coordinates":[-67.719,-49.2997]},"properties":{"scalerank":7,"featurecla":"Port","name":"San Julian","website":"www.scruz.gov.ar/puertos","natlscale":10,"ne_id":1730087859,"tier":3}},{"type":"Feature","geometry":{"type":"Point","coordinates":[153.1415,-30.3075]},"properties":{"scalerank":7,"featurecla":"Port","name":"Coffs Harbour","website":null,"natlscale":10,"ne_id":1730087861,"tier":3}},{"type":"Feature","geometry":{"type":"Point","coordinates":[121.8934,-33.8719]},"properties":{"scalerank":7,"featurecla":"Port","name":"Esperance","website":"www.esperanceport.com.au","natlscale":10,"ne_id":1730087863,"tier":3}},{"type":"Feature","geometry":{"type":"Point","coordinates":[137.7567,-32.4886]},"properties":{"scalerank":7,"featurecla":"Port","name":"Port Augusta","website":null,"natlscale":10,"ne_id":1730087867,"tier":3}},{"type":"Feature","geometry":{"type":"Point","coordinates":[148.2505,-20.0208]},"properties":{"scalerank":7,"featurecla":"Port","name":"Bowen","website":null,"natlscale":10,"ne_id":1730087869,"tier":3}},{"type":"Feature","geometry":{"type":"Point","coordinates":[152.3885,-24.7672]},"properties":{"scalerank":7,"featurecla":"Port","name":"Bundaberg","website":"www.portofbundaberg.com.au","natlscale":10,"ne_id":1730087871,"tier":3}},{"type":"Feature","geometry":{"type":"Point","coordinates":[139.7379,-17.5536]},"properties":{"scalerank":7,"featurecla":"Port","name":"Burketown","website":"www.cairnsports.com.au","natlscale":10,"ne_id":1730087873,"tier":3}},{"type":"Feature","geometry":{"type":"Point","coordinates":[113.6429,-24.895]},"properties":{"scalerank":7,"featurecla":"Port","name":"Carnarvon","website":null,"natlscale":10,"ne_id":1730087875,"tier":3}},{"type":"Feature","geometry":{"type":"Point","coordinates":[145.2438,-15.4597]},"properties":{"scalerank":7,"featurecla":"Port","name":"Cooktown","website":"www.cairnsports.com.au","natlscale":10,"ne_id":1730087877,"tier":3}},{"type":"Feature","geometry":{"type":"Point","coordinates":[123.6051,-17.2922]},"properties":{"scalerank":7,"featurecla":"Port","name":"Derby","website":null,"natlscale":10,"ne_id":1730087879,"tier":3}},{"type":"Feature","geometry":{"type":"Point","coordinates":[149.9053,-37.0719]},"properties":{"scalerank":7,"featurecla":"Port","name":"Eden","website":"www.eden.nsw.gov.au","natlscale":10,"ne_id":1730087881,"tier":3}},{"type":"Feature","geometry":{"type":"Point","coordinates":[146.8202,-41.1097]},"properties":{"scalerank":7,"featurecla":"Port","name":"George Town","website":null,"natlscale":10,"ne_id":1730087885,"tier":3}},{"type":"Feature","geometry":{"type":"Point","coordinates":[114.6007,-28.7728]},"properties":{"scalerank":7,"featurecla":"Port","name":"Geraldton","website":"www.gpa.wa.gov.au","natlscale":10,"ne_id":1730087887,"tier":3}},{"type":"Feature","geometry":{"type":"Point","coordinates":[140.8333,-17.4894]},"properties":{"scalerank":7,"featurecla":"Port","name":"Karumba","website":"www.cairnsports.com.au","natlscale":10,"ne_id":1730087889,"tier":3}},{"type":"Feature","geometry":{"type":"Point","coordinates":[137.6395,-35.655]},"properties":{"scalerank":7,"featurecla":"Port","name":"Kingscote","website":null,"natlscale":10,"ne_id":1730087891,"tier":3}},{"type":"Feature","geometry":{"type":"Point","coordinates":[152.906,-25.295]},"properties":{"scalerank":7,"featurecla":"Port","name":"Maryborough","website":"www.nqbp.com.au","natlscale":10,"ne_id":1730087893,"tier":3}},{"type":"Feature","geometry":{"type":"Point","coordinates":[145.3206,-42.1583]},"properties":{"scalerank":7,"featurecla":"Port","name":"Strahan","website":"www.tasports.com.au","natlscale":10,"ne_id":1730087895,"tier":3}},{"type":"Feature","geometry":{"type":"Point","coordinates":[89.586,22.4869]},"properties":{"scalerank":7,"featurecla":"Port","name":"Mongla","website":"www.monglaport.com.bd","natlscale":10,"ne_id":1730087897,"ax":[{"a":"container","u":"roster","y":2024,"s":"cppi-2024","locode":"BDMGL"}],"tier":2}},{"type":"Feature","geometry":{"type":"Point","coordinates":[-37.0395,-10.9253]},"properties":{"scalerank":7,"featurecla":"Port","name":"Aracaju","website":"www.ibritto.com.br","natlscale":10,"ne_id":1730087899,"tier":3}},{"type":"Feature","geometry":{"type":"Point","coordinates":[-38.5214,-3.7175]},"properties":{"scalerank":7,"featurecla":"Port","name":"Fortaleza","website":"www.docasdoceara.com.br","natlscale":10,"ne_id":1730087903,"tier":3}},{"type":"Feature","geometry":{"type":"Point","coordinates":[-51.0427,0.0322]},"properties":{"scalerank":7,"featurecla":"Port","name":"Macapa","website":null,"natlscale":10,"ne_id":1730087905,"tier":3}},{"type":"Feature","geometry":{"type":"Point","coordinates":[-48.6542,-26.8989]},"properties":{"scalerank":7,"featurecla":"Port","name":"Navegantes","website":"www.portonave.com.br","natlscale":10,"ne_id":1730087907,"ax":[{"a":"container","u":"roster","y":2024,"s":"cppi-2024","locode":"BRITJ"}],"tier":2}},{"type":"Feature","geometry":{"type":"Point","coordinates":[-52.3237,-31.7819]},"properties":{"scalerank":7,"featurecla":"Port","name":"Pelotas","website":null,"natlscale":10,"ne_id":1730087909,"tier":3}},{"type":"Feature","geometry":{"type":"Point","coordinates":[-125.2386,50.0319]},"properties":{"scalerank":7,"featurecla":"Port","name":"Campbell River","website":null,"natlscale":10,"ne_id":1730087911,"tier":3}},{"type":"Feature","geometry":{"type":"Point","coordinates":[-60.3423,53.3844]},"properties":{"scalerank":7,"featurecla":"Port","name":"Goose Bay","website":null,"natlscale":10,"ne_id":1730087913,"tier":3}},{"type":"Feature","geometry":{"type":"Point","coordinates":[-132.1411,54.0067]},"properties":{"scalerank":7,"featurecla":"Port","name":"Masset","website":null,"natlscale":10,"ne_id":1730087915,"tier":3}},{"type":"Feature","geometry":{"type":"Point","coordinates":[-67.5713,48.8419]},"properties":{"scalerank":7,"featurecla":"Port","name":"Matane","website":null,"natlscale":10,"ne_id":1730087917,"tier":3}},{"type":"Feature","geometry":{"type":"Point","coordinates":[-84.5431,73.0686]},"properties":{"scalerank":7,"featurecla":"Port","name":"Nanisivik","website":null,"natlscale":10,"ne_id":1730087921,"tier":3}},{"type":"Feature","geometry":{"type":"Point","coordinates":[-65.8349,48.1386]},"properties":{"scalerank":7,"featurecla":"Port","name":"New Richmond","website":null,"natlscale":10,"ne_id":1730087923,"tier":3}},{"type":"Feature","geometry":{"type":"Point","coordinates":[-127.4837,50.7211]},"properties":{"scalerank":7,"featurecla":"Port","name":"Port Hardy","website":null,"natlscale":10,"ne_id":1730087925,"tier":3}},{"type":"Feature","geometry":{"type":"Point","coordinates":[-61.3557,45.61]},"properties":{"scalerank":7,"featurecla":"Port","name":"Port Hawkesbury","website":"www.straitsuperport.com","natlscale":10,"ne_id":1730087927,"tier":3}},{"type":"Feature","geometry":{"type":"Point","coordinates":[-123.1667,49.6831]},"properties":{"scalerank":7,"featurecla":"Port","name":"Squamish","website":"www.sqterminals.com","natlscale":10,"ne_id":1730087929,"tier":3}},{"type":"Feature","geometry":{"type":"Point","coordinates":[-58.5408,48.5353]},"properties":{"scalerank":7,"featurecla":"Port","name":"Stephenville","website":"www.portharmonauthority.ca","natlscale":10,"ne_id":1730087931,"tier":3}},{"type":"Feature","geometry":{"type":"Point","coordinates":[-129.9895,55.9286]},"properties":{"scalerank":7,"featurecla":"Port","name":"Stewart","website":"www.stewart-hyder.com","natlscale":10,"ne_id":1730087933,"tier":3}},{"type":"Feature","geometry":{"type":"Point","coordinates":[-126.6541,49.9175]},"properties":{"scalerank":7,"featurecla":"Port","name":"Tahsis","website":null,"natlscale":10,"ne_id":1730087935,"tier":3}},{"type":"Feature","geometry":{"type":"Point","coordinates":[-131.8197,53.2553]},"properties":{"scalerank":7,"featurecla":"Port","name":"Sandspit","website":null,"natlscale":10,"ne_id":1730087939,"tier":3}},{"type":"Feature","geometry":{"type":"Point","coordinates":[-132.9858,69.4314]},"properties":{"scalerank":7,"featurecla":"Port","name":"Tuktoyaktuk","website":null,"natlscale":10,"ne_id":1730087941,"tier":3}},{"type":"Feature","geometry":{"type":"Point","coordinates":[-73.8257,-41.8686]},"properties":{"scalerank":7,"featurecla":"Port","name":"Ancud","website":null,"natlscale":10,"ne_id":1730087943,"tier":3}},{"type":"Feature","geometry":{"type":"Point","coordinates":[-73.7668,-42.4828]},"properties":{"scalerank":7,"featurecla":"Port","name":"Castro","website":null,"natlscale":10,"ne_id":1730087945,"tier":3}},{"type":"Feature","geometry":{"type":"Point","coordinates":[-70.6344,-26.3506]},"properties":{"scalerank":7,"featurecla":"Port","name":"Chanaral","website":null,"natlscale":10,"ne_id":1730087947,"tier":3}},{"type":"Feature","geometry":{"type":"Point","coordinates":[-72.5094,-51.7311]},"properties":{"scalerank":7,"featurecla":"Port","name":"Puerto Natales","website":null,"natlscale":10,"ne_id":1730087949,"tier":3}},{"type":"Feature","geometry":{"type":"Point","coordinates":[-70.4846,-25.3972]},"properties":{"scalerank":7,"featurecla":"Port","name":"Taltal","website":null,"natlscale":10,"ne_id":1730087951,"tier":3}},{"type":"Feature","geometry":{"type":"Point","coordinates":[113.6711,22.6403]},"properties":{"scalerank":7,"featurecla":"Port","name":"Guangzhou","website":null,"natlscale":10,"ne_id":1730087953,"tier":3}},{"type":"Feature","geometry":{"type":"Point","coordinates":[120.2213,31.9319]},"properties":{"scalerank":7,"featurecla":"Port","name":"Jiangyin","website":null,"natlscale":10,"ne_id":1730087957,"tier":3}},{"type":"Feature","geometry":{"type":"Point","coordinates":[119.4085,34.7453]},"properties":{"scalerank":7,"featurecla":"Port","name":"Lianyungang","website":"www.lygport.com.cn","natlscale":10,"ne_id":1730087959,"ax":[{"a":"container","v":6.69,"u":"MTEU","y":2024,"r":33,"s":"wsc-top50-2024"},{"a":"container","u":"roster","y":2024,"s":"cppi-2024","locode":"CNLYG"}],"tier":1}},{"type":"Feature","geometry":{"type":"Point","coordinates":[109.5005,18.2397]},"properties":{"scalerank":7,"featurecla":"Port","name":"Sanya","website":null,"natlscale":10,"ne_id":1730087961,"tier":3}},{"type":"Feature","geometry":{"type":"Point","coordinates":[110.4064,21.1697]},"properties":{"scalerank":7,"featurecla":"Port","name":"Zhanjiang","website":"www.zjport.com","natlscale":10,"ne_id":1730087963,"tier":3}},{"type":"Feature","geometry":{"type":"Point","coordinates":[122.1027,30.0033]},"properties":{"scalerank":7,"featurecla":"Port","name":"Zhoushan","website":"www.zsport.com.cn","natlscale":10,"ne_id":1730087965,"ax":[{"a":"container","u":"roster","y":2024,"s":"cppi-2024","locode":"CNZOS"}],"tier":2}},{"type":"Feature","geometry":{"type":"Point","coordinates":[-6.617,4.7431]},"properties":{"scalerank":7,"featurecla":"Port","name":"San-Pedro","website":null,"natlscale":10,"ne_id":1730087967,"ax":[{"a":"container","u":"roster","y":2024,"s":"cppi-2024","locode":"CISPY"}],"tier":2}},{"type":"Feature","geometry":{"type":"Point","coordinates":[-75.5257,10.4033]},"properties":{"scalerank":7,"featurecla":"Port","name":"Cartagena","website":"www.sprc.com.co","natlscale":10,"ne_id":1730087969,"ax":[{"a":"container","u":"roster","y":2024,"s":"cppi-2024","locode":"COCTG"}],"tier":2}},{"type":"Feature","geometry":{"type":"Point","coordinates":[-75.5853,9.5203]},"properties":{"scalerank":7,"featurecla":"Port","name":"Tolu","website":"www.navescolombia.com","natlscale":10,"ne_id":1730087971,"tier":3}},{"type":"Feature","geometry":{"type":"Point","coordinates":[-78.7595,1.8131]},"properties":{"scalerank":7,"featurecla":"Port","name":"Tumaco","website":"www.navescolombia.com","natlscale":10,"ne_id":1730087975,"tier":3}},{"type":"Feature","geometry":{"type":"Point","coordinates":[-76.7339,8.0878]},"properties":{"scalerank":7,"featurecla":"Port","name":"Turbo","website":"www.navescolombia.com","natlscale":10,"ne_id":1730087977,"ax":[{"a":"container","u":"roster","y":2024,"s":"cppi-2024","locode":"COTRB"}],"tier":2}},{"type":"Feature","geometry":{"type":"Point","coordinates":[-74.5023,20.3531]},"properties":{"scalerank":7,"featurecla":"Port","name":"Baracoa","website":null,"natlscale":10,"ne_id":1730087979,"tier":3}},{"type":"Feature","geometry":{"type":"Point","coordinates":[-75.5509,20.7133]},"properties":{"scalerank":7,"featurecla":"Port","name":"Nicaro","website":null,"natlscale":10,"ne_id":1730087981,"tier":3}},{"type":"Feature","geometry":{"type":"Point","coordinates":[-82.7932,21.9033]},"properties":{"scalerank":7,"featurecla":"Port","name":"Nueva Gerona","website":null,"natlscale":10,"ne_id":1730087983,"tier":3}},{"type":"Feature","geometry":{"type":"Point","coordinates":[7.8913,54.1775]},"properties":{"scalerank":7,"featurecla":"Port","name":"Helgoland","website":"www.helgoland.de","natlscale":10,"ne_id":1730087985,"tier":3}},{"type":"Feature","geometry":{"type":"Point","coordinates":[10.8683,53.9522]},"properties":{"scalerank":7,"featurecla":"Port","name":"Travemunde","website":null,"natlscale":10,"ne_id":1730087987,"tier":3}},{"type":"Feature","geometry":{"type":"Point","coordinates":[8.6922,56.9528]},"properties":{"scalerank":7,"featurecla":"Port","name":"Thisted","website":null,"natlscale":10,"ne_id":1730087989,"tier":3}},{"type":"Feature","geometry":{"type":"Point","coordinates":[-80.7209,-0.9356]},"properties":{"scalerank":7,"featurecla":"Port","name":"Manta","website":"www.apmanta.gov.ec","natlscale":10,"ne_id":1730087993,"tier":3}},{"type":"Feature","geometry":{"type":"Point","coordinates":[-79.6427,0.9894]},"properties":{"scalerank":7,"featurecla":"Port","name":"Esmeraldas","website":"www.puertoesmeraldas.gov.ec","natlscale":10,"ne_id":1730087995,"tier":3}},{"type":"Feature","geometry":{"type":"Point","coordinates":[-13.8588,28.7414]},"properties":{"scalerank":7,"featurecla":"Port","name":"Corralejo","website":null,"natlscale":10,"ne_id":1730087997,"tier":3}},{"type":"Feature","geometry":{"type":"Point","coordinates":[-5.3104,35.8903]},"properties":{"scalerank":7,"featurecla":"Port","name":"Ceuta","website":"www.puertodeceuta.com","natlscale":10,"ne_id":1730087999,"ax":[{"a":"container","u":"roster","y":2024,"s":"cppi-2024","locode":"MAPTM"}],"tier":2}},{"type":"Feature","geometry":{"type":"Point","coordinates":[-2.9228,35.28]},"properties":{"scalerank":7,"featurecla":"Port","name":"Melilla","website":"www.puertodemelilla.es","natlscale":10,"ne_id":1730088001,"tier":3}},{"type":"Feature","geometry":{"type":"Point","coordinates":[-17.1051,28.0881]},"properties":{"scalerank":7,"featurecla":"Port","name":"San Sebastian de la Gomera","website":null,"natlscale":10,"ne_id":1730088003,"tier":3}},{"type":"Feature","geometry":{"type":"Point","coordinates":[-17.7667,28.6758]},"properties":{"scalerank":7,"featurecla":"Port","name":"Santa Cruz de La Palma","website":null,"natlscale":10,"ne_id":1730088005,"tier":3}},{"type":"Feature","geometry":{"type":"Point","coordinates":[24.4746,58.3811]},"properties":{"scalerank":7,"featurecla":"Port","name":"Parnu","website":"www.transcom.ee","natlscale":10,"ne_id":1730088007,"tier":3}},{"type":"Feature","geometry":{"type":"Point","coordinates":[27.6899,62.8883]},"properties":{"scalerank":7,"featurecla":"Port","name":"Kuopio","website":null,"natlscale":10,"ne_id":1730088011,"tier":3}},{"type":"Feature","geometry":{"type":"Point","coordinates":[29.7771,62.6044]},"properties":{"scalerank":7,"featurecla":"Port","name":"Joensuu","website":"www.jns.fi","natlscale":10,"ne_id":1730088013,"tier":3}},{"type":"Feature","geometry":{"type":"Point","coordinates":[27.8748,62.3125]},"properties":{"scalerank":7,"featurecla":"Port","name":"Varkaus","website":null,"natlscale":10,"ne_id":1730088015,"tier":3}},{"type":"Feature","geometry":{"type":"Point","coordinates":[179.3094,-16.8178]},"properties":{"scalerank":7,"featurecla":"Port","name":"Savusavu","website":"www.fijiports.com.fj","natlscale":10,"ne_id":1730088017,"tier":3}},{"type":"Feature","geometry":{"type":"Point","coordinates":[-1.6204,49.6464]},"properties":{"scalerank":7,"featurecla":"Port","name":"Cherbourg","website":"www.ville-cherbourg.fr/fr/ville_maritime/port_de_plaisance/","natlscale":10,"ne_id":1730088019,"tier":3}},{"type":"Feature","geometry":{"type":"Point","coordinates":[-0.3264,49.1906]},"properties":{"scalerank":7,"featurecla":"Port","name":"Caen","website":"www.caen.port.fr","natlscale":10,"ne_id":1730088021,"tier":3}},{"type":"Feature","geometry":{"type":"Point","coordinates":[8.7553,42.5658]},"properties":{"scalerank":7,"featurecla":"Port","name":"Calvi","website":null,"natlscale":10,"ne_id":1730088023,"tier":3}},{"type":"Feature","geometry":{"type":"Point","coordinates":[8.9004,41.6769]},"properties":{"scalerank":7,"featurecla":"Port","name":"Propriano","website":"www.corse-du-sud.cci.fr","natlscale":10,"ne_id":1730088025,"tier":3}},{"type":"Feature","geometry":{"type":"Point","coordinates":[-4.1081,47.9894]},"properties":{"scalerank":7,"featurecla":"Port","name":"Quimper","website":null,"natlscale":10,"ne_id":1730088029,"tier":3}},{"type":"Feature","geometry":{"type":"Point","coordinates":[-2.7564,47.6439]},"properties":{"scalerank":7,"featurecla":"Port","name":"Vannes","website":null,"natlscale":10,"ne_id":1730088031,"tier":3}},{"type":"Feature","geometry":{"type":"Point","coordinates":[138.1195,9.5133]},"properties":{"scalerank":7,"featurecla":"Port","name":"Yap","website":null,"natlscale":10,"ne_id":1730088033,"tier":3}},{"type":"Feature","geometry":{"type":"Point","coordinates":[-2.7078,51.4989]},"properties":{"scalerank":7,"featurecla":"Port","name":"Bristol","website":"www.bristolport.co.uk","natlscale":10,"ne_id":1730088035,"ax":[{"a":"container","u":"roster","y":2024,"s":"cppi-2024","locode":"GBBRS"}],"tier":2}},{"type":"Feature","geometry":{"type":"Point","coordinates":[-0.2851,53.7436]},"properties":{"scalerank":7,"featurecla":"Port","name":"Hull","website":"www.abports.co.uk/custinfo/ports/hull.htm","natlscale":10,"ne_id":1730088037,"tier":3}},{"type":"Feature","geometry":{"type":"Point","coordinates":[-1.5909,54.965]},"properties":{"scalerank":7,"featurecla":"Port","name":"Newcastle upon Tyne","website":null,"natlscale":10,"ne_id":1730088039,"tier":3}},{"type":"Feature","geometry":{"type":"Point","coordinates":[-1.4409,54.9944]},"properties":{"scalerank":7,"featurecla":"Port","name":"Tyne","website":"www.portoftyne.com","natlscale":10,"ne_id":1730088041,"tier":3}},{"type":"Feature","geometry":{"type":"Point","coordinates":[0.6858,51.4347]},"properties":{"scalerank":7,"featurecla":"Port","name":"Rochester","website":"www.thamesport.co.uk","natlscale":10,"ne_id":1730088043,"tier":3}},{"type":"Feature","geometry":{"type":"Point","coordinates":[0.0074,5.6319]},"properties":{"scalerank":7,"featurecla":"Port","name":"Tema","website":"www.ghanaports.gov.gh","natlscale":10,"ne_id":1730088047,"ax":[{"a":"container","u":"roster","y":2024,"s":"cppi-2024","locode":"GHTEM"}],"tier":2}},{"type":"Feature","geometry":{"type":"Point","coordinates":[25.8892,40.8414]},"properties":{"scalerank":7,"featurecla":"Port","name":"Alexandroupolis","website":null,"natlscale":10,"ne_id":1730088049,"tier":3}},{"type":"Feature","geometry":{"type":"Point","coordinates":[27.2899,36.8944]},"properties":{"scalerank":7,"featurecla":"Port","name":"Kos","website":null,"natlscale":10,"ne_id":1730088051,"tier":3}},{"type":"Feature","geometry":{"type":"Point","coordinates":[25.1507,37.0878]},"properties":{"scalerank":7,"featurecla":"Port","name":"Paros","website":null,"natlscale":10,"ne_id":1730088053,"tier":3}},{"type":"Feature","geometry":{"type":"Point","coordinates":[26.9667,37.7544]},"properties":{"scalerank":7,"featurecla":"Port","name":"Samos","website":null,"natlscale":10,"ne_id":1730088055,"tier":3}},{"type":"Feature","geometry":{"type":"Point","coordinates":[-45.2381,60.1397]},"properties":{"scalerank":7,"featurecla":"Port","name":"Nanortalik","website":"www.ral.gl","natlscale":10,"ne_id":1730088057,"tier":3}},{"type":"Feature","geometry":{"type":"Point","coordinates":[-69.2351,77.4669]},"properties":{"scalerank":7,"featurecla":"Port","name":"Qaanaaq","website":null,"natlscale":10,"ne_id":1730088059,"tier":3}},{"type":"Feature","geometry":{"type":"Point","coordinates":[-57.5218,6.2378]},"properties":{"scalerank":7,"featurecla":"Port","name":"New Amsterdam","website":"www.gnsc.com","natlscale":10,"ne_id":1730088061,"tier":3}},{"type":"Feature","geometry":{"type":"Point","coordinates":[-86.7569,15.7939]},"properties":{"scalerank":7,"featurecla":"Port","name":"La Ceiba","website":"www.enp.hn","natlscale":10,"ne_id":1730088065,"tier":3}},{"type":"Feature","geometry":{"type":"Point","coordinates":[-87.4558,15.7839]},"properties":{"scalerank":7,"featurecla":"Port","name":"Tela","website":"www.enp.hn","natlscale":10,"ne_id":1730088067,"tier":3}},{"type":"Feature","geometry":{"type":"Point","coordinates":[14.4576,44.5383]},"properties":{"scalerank":7,"featurecla":"Port","name":"Mali Losinj","website":null,"natlscale":10,"ne_id":1730088069,"tier":3}},{"type":"Feature","geometry":{"type":"Point","coordinates":[-72.536,18.2317]},"properties":{"scalerank":7,"featurecla":"Port","name":"Jacmel","website":"www.apn.gouv.ht","natlscale":10,"ne_id":1730088071,"tier":3}},{"type":"Feature","geometry":{"type":"Point","coordinates":[-74.1071,18.6436]},"properties":{"scalerank":7,"featurecla":"Port","name":"Jeremie","website":"www.apn.gouv.ht","natlscale":10,"ne_id":1730088073,"tier":3}},{"type":"Feature","geometry":{"type":"Point","coordinates":[131.0204,-1.3075]},"properties":{"scalerank":7,"featurecla":"Port","name":"Sorong","website":null,"natlscale":10,"ne_id":1730088075,"tier":3}},{"type":"Feature","geometry":{"type":"Point","coordinates":[97.1429,5.1667]},"properties":{"scalerank":7,"featurecla":"Port","name":"Lhokseumawe","website":"www.inaport1.co.id","natlscale":10,"ne_id":1730088077,"tier":3}},{"type":"Feature","geometry":{"type":"Point","coordinates":[117.6549,4.1456]},"properties":{"scalerank":7,"featurecla":"Port","name":"Nunukan","website":null,"natlscale":10,"ne_id":1730088079,"tier":3}},{"type":"Feature","geometry":{"type":"Point","coordinates":[105.3071,-5.4603]},"properties":{"scalerank":7,"featurecla":"Port","name":"Panjang","website":"portal.inaport2.co.id","natlscale":10,"ne_id":1730088083,"ax":[{"a":"container","u":"roster","y":2024,"s":"cppi-2024","locode":"IDPNJ"}],"tier":2}},{"type":"Feature","geometry":{"type":"Point","coordinates":[106.8904,-6.1014]},"properties":{"scalerank":7,"featurecla":"Port","name":"Tanjung Priok","website":"www.priokport.co.id","natlscale":10,"ne_id":1730088085,"ax":[{"a":"container","v":7.8,"u":"MTEU","y":2024,"r":27,"s":"wsc-top50-2024"}],"tier":1}},{"type":"Feature","geometry":{"type":"Point","coordinates":[74.8074,12.9269]},"properties":{"scalerank":7,"featurecla":"Port","name":"Mangalore","website":"www.newmangalore-port.com","natlscale":10,"ne_id":1730088087,"tier":3}},{"type":"Feature","geometry":{"type":"Point","coordinates":[69.5874,21.6394]},"properties":{"scalerank":7,"featurecla":"Port","name":"Porbandar","website":"www.gmbports.org","natlscale":10,"ne_id":1730088089,"tier":3}},{"type":"Feature","geometry":{"type":"Point","coordinates":[73.2718,17.0019]},"properties":{"scalerank":7,"featurecla":"Port","name":"Ratnagiri","website":null,"natlscale":10,"ne_id":1730088091,"tier":3}},{"type":"Feature","geometry":{"type":"Point","coordinates":[-9.4562,51.6806]},"properties":{"scalerank":7,"featurecla":"Port","name":"Bantry","website":"bantrybayport.com","natlscale":10,"ne_id":1730088093,"tier":3}},{"type":"Feature","geometry":{"type":"Point","coordinates":[-6.4562,52.3411]},"properties":{"scalerank":7,"featurecla":"Port","name":"Wexford","website":null,"natlscale":10,"ne_id":1730088095,"tier":3}},{"type":"Feature","geometry":{"type":"Point","coordinates":[48.1855,30.4325]},"properties":{"scalerank":7,"featurecla":"Port","name":"Khorramshahr","website":"www.khport.ir","natlscale":10,"ne_id":1730088097,"tier":3}},{"type":"Feature","geometry":{"type":"Point","coordinates":[-14.2865,64.6606]},"properties":{"scalerank":7,"featurecla":"Port","name":"Djupivogur","website":"www.djupivogur.is","natlscale":10,"ne_id":1730088101,"tier":3}},{"type":"Feature","geometry":{"type":"Point","coordinates":[-14.0088,64.9297]},"properties":{"scalerank":7,"featurecla":"Port","name":"Faskrudsfjordur","website":null,"natlscale":10,"ne_id":1730088103,"tier":3}},{"type":"Feature","geometry":{"type":"Point","coordinates":[-15.9415,66.4564]},"properties":{"scalerank":7,"featurecla":"Port","name":"Raufarhofn","website":"www.raufarhofn.is","natlscale":10,"ne_id":1730088105,"tier":3}},{"type":"Feature","geometry":{"type":"Point","coordinates":[11.9379,36.8333]},"properties":{"scalerank":7,"featurecla":"Port","name":"Pantelleria","website":null,"natlscale":10,"ne_id":1730088107,"tier":3}},{"type":"Feature","geometry":{"type":"Point","coordinates":[15.0909,37.4958]},"properties":{"scalerank":7,"featurecla":"Port","name":"Catania","website":"www.porto.catania.it","natlscale":10,"ne_id":1730088109,"tier":3}},{"type":"Feature","geometry":{"type":"Point","coordinates":[12.2355,41.7558]},"properties":{"scalerank":7,"featurecla":"Port","name":"Fiumicino","website":null,"natlscale":10,"ne_id":1730088111,"tier":3}},{"type":"Feature","geometry":{"type":"Point","coordinates":[12.6025,35.4992]},"properties":{"scalerank":7,"featurecla":"Port","name":"Lampedusa","website":null,"natlscale":10,"ne_id":1730088113,"tier":3}},{"type":"Feature","geometry":{"type":"Point","coordinates":[15.9253,41.6242]},"properties":{"scalerank":7,"featurecla":"Port","name":"Manfredonia","website":null,"natlscale":10,"ne_id":1730088115,"tier":3}},{"type":"Feature","geometry":{"type":"Point","coordinates":[-77.1067,18.4103]},"properties":{"scalerank":7,"featurecla":"Port","name":"Ocho Rios","website":"www.portjam.com","natlscale":10,"ne_id":1730088119,"tier":3}},{"type":"Feature","geometry":{"type":"Point","coordinates":[-76.4518,18.1811]},"properties":{"scalerank":7,"featurecla":"Port","name":"Port Antonio","website":"www.portjam.com","natlscale":10,"ne_id":1730088121,"tier":3}},{"type":"Feature","geometry":{"type":"Point","coordinates":[130.9856,30.7317]},"properties":{"scalerank":7,"featurecla":"Port","name":"Nishinoomote","website":"www.city.nishinoomote.kagoshima.jp","natlscale":10,"ne_id":1730088123,"tier":3}},{"type":"Feature","geometry":{"type":"Point","coordinates":[140.0399,39.7622]},"properties":{"scalerank":7,"featurecla":"Port","name":"Akita","website":"www.city.akita.akita.jp/city/in/hb/port","natlscale":10,"ne_id":1730088125,"tier":3}},{"type":"Feature","geometry":{"type":"Point","coordinates":[141.5236,40.5458]},"properties":{"scalerank":7,"featurecla":"Port","name":"Hachinohe","website":"www.pref.aomori.lg.jp/kowankuko/english/minato/hachinohe/hachinohe.htm","natlscale":10,"ne_id":1730088127,"tier":3}},{"type":"Feature","geometry":{"type":"Point","coordinates":[124.1512,24.3356]},"properties":{"scalerank":7,"featurecla":"Port","name":"Ishigaki","website":null,"natlscale":10,"ne_id":1730088129,"tier":3}},{"type":"Feature","geometry":{"type":"Point","coordinates":[132.6934,33.8553]},"properties":{"scalerank":7,"featurecla":"Port","name":"Matsuyama","website":null,"natlscale":10,"ne_id":1730088131,"tier":3}},{"type":"Feature","geometry":{"type":"Point","coordinates":[139.8035,38.9394]},"properties":{"scalerank":7,"featurecla":"Port","name":"Sakata","website":"www.port-of-sakata.jp","natlscale":10,"ne_id":1730088133,"tier":3}},{"type":"Feature","geometry":{"type":"Point","coordinates":[134.0534,34.3553]},"properties":{"scalerank":7,"featurecla":"Port","name":"Takamatsu","website":null,"natlscale":10,"ne_id":1730088137,"tier":3}},{"type":"Feature","geometry":{"type":"Point","coordinates":[141.6892,45.4106]},"properties":{"scalerank":7,"featurecla":"Port","name":"Wakkanai","website":"www.city.wakkanai.hokkaido.jp","natlscale":10,"ne_id":1730088139,"tier":3}},{"type":"Feature","geometry":{"type":"Point","coordinates":[134.1879,35.5403]},"properties":{"scalerank":7,"featurecla":"Port","name":"Tottori","website":"www.city.tottori.lg.jp","natlscale":10,"ne_id":1730088141,"tier":3}},{"type":"Feature","geometry":{"type":"Point","coordinates":[40.9016,-2.2681]},"properties":{"scalerank":7,"featurecla":"Port","name":"Lamu","website":"www.kpa.co.ke","natlscale":10,"ne_id":1730088143,"tier":3}},{"type":"Feature","geometry":{"type":"Point","coordinates":[126.5881,35.9597]},"properties":{"scalerank":7,"featurecla":"Port","name":"Gunsan","website":"gunsan.mltm.go.kr/eng","natlscale":10,"ne_id":1730088145,"tier":3}},{"type":"Feature","geometry":{"type":"Point","coordinates":[129.4028,36.0197]},"properties":{"scalerank":7,"featurecla":"Port","name":"Pohang","website":null,"natlscale":10,"ne_id":1730088147,"tier":3}},{"type":"Feature","geometry":{"type":"Point","coordinates":[129.1883,37.4336]},"properties":{"scalerank":7,"featurecla":"Port","name":"Samcheok","website":"donghae.momaf.go.kr","natlscale":10,"ne_id":1730088149,"tier":3}},{"type":"Feature","geometry":{"type":"Point","coordinates":[128.5923,38.2069]},"properties":{"scalerank":7,"featurecla":"Port","name":"Sokcho","website":"donghae.momaf.go.kr","natlscale":10,"ne_id":1730088151,"tier":3}},{"type":"Feature","geometry":{"type":"Point","coordinates":[129.3856,35.4878]},"properties":{"scalerank":7,"featurecla":"Port","name":"Ulsan","website":"ulsan.mltm.go.kr","natlscale":10,"ne_id":1730088155,"tier":3}},{"type":"Feature","geometry":{"type":"Point","coordinates":[35.8191,34.4553]},"properties":{"scalerank":7,"featurecla":"Port","name":"Tripoli","website":"www.tripoliport.com","natlscale":10,"ne_id":1730088157,"ax":[{"a":"container","u":"roster","y":2024,"s":"cppi-2024","locode":"LBKYE"}],"tier":2}},{"type":"Feature","geometry":{"type":"Point","coordinates":[-10.0526,5.8581]},"properties":{"scalerank":7,"featurecla":"Port","name":"Buchanan","website":"www.nationalportauthorityliberia.org","natlscale":10,"ne_id":1730088159,"tier":3}},{"type":"Feature","geometry":{"type":"Point","coordinates":[13.1936,32.9075]},"properties":{"scalerank":7,"featurecla":"Port","name":"Tripoli","website":"www.lpclibya.com","natlscale":10,"ne_id":1730088161,"tier":3}},{"type":"Feature","geometry":{"type":"Point","coordinates":[-9.6349,30.4239]},"properties":{"scalerank":7,"featurecla":"Port","name":"Agadir","website":"www.marsamaroc.co.ma","natlscale":10,"ne_id":1730088163,"ax":[{"a":"container","u":"roster","y":2024,"s":"cppi-2024","locode":"MAAGA"}],"tier":2}},{"type":"Feature","geometry":{"type":"Point","coordinates":[-3.9198,35.2478]},"properties":{"scalerank":7,"featurecla":"Port","name":"Al Hoceima","website":"http://www.marsamaroc.co.ma","natlscale":10,"ne_id":1730088165,"tier":3}},{"type":"Feature","geometry":{"type":"Point","coordinates":[-15.9339,23.6822]},"properties":{"scalerank":7,"featurecla":"Port","name":"Dakhla","website":"www.marsamaroc.co.ma","natlscale":10,"ne_id":1730088167,"tier":3}},{"type":"Feature","geometry":{"type":"Point","coordinates":[50.2762,-14.9]},"properties":{"scalerank":7,"featurecla":"Port","name":"Antalaha","website":null,"natlscale":10,"ne_id":1730088169,"tier":3}},{"type":"Feature","geometry":{"type":"Point","coordinates":[48.0188,-22.1425]},"properties":{"scalerank":7,"featurecla":"Port","name":"Manakara","website":null,"natlscale":10,"ne_id":1730088173,"tier":3}},{"type":"Feature","geometry":{"type":"Point","coordinates":[48.3262,-21.2492]},"properties":{"scalerank":7,"featurecla":"Port","name":"Mananjary","website":null,"natlscale":10,"ne_id":1730088175,"tier":3}},{"type":"Feature","geometry":{"type":"Point","coordinates":[44.272,-20.2886]},"properties":{"scalerank":7,"featurecla":"Port","name":"Morondava","website":null,"natlscale":10,"ne_id":1730088177,"tier":3}},{"type":"Feature","geometry":{"type":"Point","coordinates":[49.422,-18.1572]},"properties":{"scalerank":7,"featurecla":"Port","name":"Toamasina","website":null,"natlscale":10,"ne_id":1730088179,"ax":[{"a":"container","u":"roster","y":2024,"s":"cppi-2024","locode":"MGTOA"}],"tier":2}},{"type":"Feature","geometry":{"type":"Point","coordinates":[-111.3369,26.0147]},"properties":{"scalerank":7,"featurecla":"Port","name":"Loreto","website":null,"natlscale":10,"ne_id":1730088181,"tier":3}},{"type":"Feature","geometry":{"type":"Point","coordinates":[-90.5904,19.8125]},"properties":{"scalerank":7,"featurecla":"Port","name":"Campeche","website":"www.fis.com/campeche","natlscale":10,"ne_id":1730088183,"tier":3}},{"type":"Feature","geometry":{"type":"Point","coordinates":[-86.9574,20.495]},"properties":{"scalerank":7,"featurecla":"Port","name":"Cozumel","website":"www.apiqroo.com.mx","natlscale":10,"ne_id":1730088185,"tier":3}},{"type":"Feature","geometry":{"type":"Point","coordinates":[-110.3104,24.1694]},"properties":{"scalerank":7,"featurecla":"Port","name":"La Paz","website":"www.bajaport.com","natlscale":10,"ne_id":1730088187,"tier":3}},{"type":"Feature","geometry":{"type":"Point","coordinates":[-87.0677,20.6244]},"properties":{"scalerank":7,"featurecla":"Port","name":"Playa del Carmen","website":"www.apiqroo.com.mx","natlscale":10,"ne_id":1730088191,"tier":3}},{"type":"Feature","geometry":{"type":"Point","coordinates":[-113.5423,31.3061]},"properties":{"scalerank":7,"featurecla":"Port","name":"Puerto Penasco","website":null,"natlscale":10,"ne_id":1730088193,"tier":3}},{"type":"Feature","geometry":{"type":"Point","coordinates":[-105.2409,20.6592]},"properties":{"scalerank":7,"featurecla":"Port","name":"Puerto Vallarta","website":"www.apivta.com","natlscale":10,"ne_id":1730088195,"tier":3}},{"type":"Feature","geometry":{"type":"Point","coordinates":[-94.419,18.1297]},"properties":{"scalerank":7,"featurecla":"Port","name":"Coatzacoalcos","website":"www.apicoatza.com","natlscale":10,"ne_id":1730088197,"tier":3}},{"type":"Feature","geometry":{"type":"Point","coordinates":[94.7234,16.7797]},"properties":{"scalerank":7,"featurecla":"Port","name":"Bassein","website":"www.mot.gov.mm/mpa/index.html","natlscale":10,"ne_id":1730088199,"tier":3}},{"type":"Feature","geometry":{"type":"Point","coordinates":[40.6672,-14.5414]},"properties":{"scalerank":7,"featurecla":"Port","name":"Nacala","website":"www.cfmnet.co.mz","natlscale":10,"ne_id":1730088201,"ax":[{"a":"container","u":"roster","y":2024,"s":"cppi-2024","locode":"MZMNC"}],"tier":2}},{"type":"Feature","geometry":{"type":"Point","coordinates":[40.4849,-12.9667]},"properties":{"scalerank":7,"featurecla":"Port","name":"Pemba","website":"www.cfmnet.co.mz","natlscale":10,"ne_id":1730088203,"tier":3}},{"type":"Feature","geometry":{"type":"Point","coordinates":[36.8771,-17.8817]},"properties":{"scalerank":7,"featurecla":"Port","name":"Quelimane","website":"www.cfmnet.co.mz","natlscale":10,"ne_id":1730088205,"tier":3}},{"type":"Feature","geometry":{"type":"Point","coordinates":[57.4899,-20.1481]},"properties":{"scalerank":7,"featurecla":"Port","name":"Port Louis","website":"www.mauport.com","natlscale":10,"ne_id":1730088209,"ax":[{"a":"container","u":"roster","y":2024,"s":"cppi-2024","locode":"MUPLU"}],"tier":2}},{"type":"Feature","geometry":{"type":"Point","coordinates":[102.1234,2.2489]},"properties":{"scalerank":7,"featurecla":"Port","name":"Malacca","website":"www.portsworld.com/Ports/mallacaport.htm","natlscale":10,"ne_id":1730088211,"tier":3}},{"type":"Feature","geometry":{"type":"Point","coordinates":[101.7886,2.5361]},"properties":{"scalerank":7,"featurecla":"Port","name":"Port Dickson","website":"www.portsworld.com/Ports/portdickson.htm","natlscale":10,"ne_id":1730088213,"tier":3}},{"type":"Feature","geometry":{"type":"Point","coordinates":[14.5005,-22.9406]},"properties":{"scalerank":7,"featurecla":"Port","name":"Walvis Bay","website":"www.namport.com","natlscale":10,"ne_id":1730088215,"ax":[{"a":"container","u":"roster","y":2024,"s":"cppi-2024","locode":"NAWVB"}],"tier":2}},{"type":"Feature","geometry":{"type":"Point","coordinates":[8.3168,4.9864]},"properties":{"scalerank":7,"featurecla":"Port","name":"Calabar","website":"www.nigerianports.org","natlscale":10,"ne_id":1730088217,"tier":3}},{"type":"Feature","geometry":{"type":"Point","coordinates":[6.5869,53.2183]},"properties":{"scalerank":7,"featurecla":"Port","name":"Groningen","website":null,"natlscale":10,"ne_id":1730088219,"tier":3}},{"type":"Feature","geometry":{"type":"Point","coordinates":[23.237,69.9678]},"properties":{"scalerank":7,"featurecla":"Port","name":"Alta","website":"www.altahavn.no","natlscale":10,"ne_id":1730088221,"tier":3}},{"type":"Feature","geometry":{"type":"Point","coordinates":[16.1237,69.3242]},"properties":{"scalerank":7,"featurecla":"Port","name":"Andenes","website":null,"natlscale":10,"ne_id":1730088223,"tier":3}},{"type":"Feature","geometry":{"type":"Point","coordinates":[12.2019,65.4725]},"properties":{"scalerank":7,"featurecla":"Port","name":"Bronnoysund","website":"www.bronnoyhavn.com","natlscale":10,"ne_id":1730088227,"tier":3}},{"type":"Feature","geometry":{"type":"Point","coordinates":[6.7899,58.0886]},"properties":{"scalerank":7,"featurecla":"Port","name":"Farsund","website":null,"natlscale":10,"ne_id":1730088229,"tier":3}},{"type":"Feature","geometry":{"type":"Point","coordinates":[5.0028,61.5978]},"properties":{"scalerank":7,"featurecla":"Port","name":"Floro","website":null,"natlscale":10,"ne_id":1730088231,"tier":3}},{"type":"Feature","geometry":{"type":"Point","coordinates":[7.9863,58.1419]},"properties":{"scalerank":7,"featurecla":"Port","name":"Kristiansand","website":"www.kristiansandhavn.no","natlscale":10,"ne_id":1730088233,"ax":[{"a":"container","u":"roster","y":2024,"s":"cppi-2024","locode":"NOKRS"}],"tier":2}},{"type":"Feature","geometry":{"type":"Point","coordinates":[11.49,64.4642]},"properties":{"scalerank":7,"featurecla":"Port","name":"Namsos","website":"www.namsos.kommune.no","natlscale":10,"ne_id":1730088235,"tier":3}},{"type":"Feature","geometry":{"type":"Point","coordinates":[11.2269,64.8606]},"properties":{"scalerank":7,"featurecla":"Port","name":"Rorvik","website":null,"natlscale":10,"ne_id":1730088237,"tier":3}},{"type":"Feature","geometry":{"type":"Point","coordinates":[12.6188,66.0217]},"properties":{"scalerank":7,"featurecla":"Port","name":"Sandnessjoen","website":null,"natlscale":10,"ne_id":1730088239,"tier":3}},{"type":"Feature","geometry":{"type":"Point","coordinates":[14.9099,68.5683]},"properties":{"scalerank":7,"featurecla":"Port","name":"Stokmarknes","website":"www.hadselhavnevesen.no","natlscale":10,"ne_id":1730088241,"tier":3}},{"type":"Feature","geometry":{"type":"Point","coordinates":[5.5014,59.78]},"properties":{"scalerank":7,"featurecla":"Port","name":"Stord","website":null,"natlscale":10,"ne_id":1730088245,"tier":3}},{"type":"Feature","geometry":{"type":"Point","coordinates":[174.0044,-41.2856]},"properties":{"scalerank":7,"featurecla":"Port","name":"Picton","website":"portmarlborough.co.nz","natlscale":10,"ne_id":1730088247,"tier":3}},{"type":"Feature","geometry":{"type":"Point","coordinates":[170.5193,-45.8758]},"properties":{"scalerank":7,"featurecla":"Port","name":"Dunedin","website":null,"natlscale":10,"ne_id":1730088249,"ax":[{"a":"container","u":"roster","y":2024,"s":"cppi-2024","locode":"NZORR"}],"tier":2}},{"type":"Feature","geometry":{"type":"Point","coordinates":[54.0032,16.9417]},"properties":{"scalerank":7,"featurecla":"Port","name":"Salalah","website":"www.salalahport.com","natlscale":10,"ne_id":1730088251,"ax":[{"a":"container","u":"roster","y":2024,"s":"cppi-2024","locode":"OMSLL"}],"tier":2}},{"type":"Feature","geometry":{"type":"Point","coordinates":[62.3386,25.1122]},"properties":{"scalerank":7,"featurecla":"Port","name":"Gwadar","website":null,"natlscale":10,"ne_id":1730088253,"tier":3}},{"type":"Feature","geometry":{"type":"Point","coordinates":[-82.2376,9.34]},"properties":{"scalerank":7,"featurecla":"Port","name":"Bocas del Toro","website":"www.cocatram.org.ni/puertosca/pto_bocasdeltoro_panama.html","natlscale":10,"ne_id":1730088255,"tier":3}},{"type":"Feature","geometry":{"type":"Point","coordinates":[-78.1511,8.4136]},"properties":{"scalerank":7,"featurecla":"Port","name":"La Palma","website":"www.cocatram.org.ni/puertosca/pto_lapalma_panama.html","natlscale":10,"ne_id":1730088257,"tier":3}},{"type":"Feature","geometry":{"type":"Point","coordinates":[-78.6078,-9.0767]},"properties":{"scalerank":7,"featurecla":"Port","name":"Chimbote","website":"www.enapu.com.pe","natlscale":10,"ne_id":1730088259,"tier":3}},{"type":"Feature","geometry":{"type":"Point","coordinates":[-71.3438,-17.6469]},"properties":{"scalerank":7,"featurecla":"Port","name":"Ilo","website":"www.enapu.com.pe","natlscale":10,"ne_id":1730088263,"tier":3}},{"type":"Feature","geometry":{"type":"Point","coordinates":[-72.0102,-17.0311]},"properties":{"scalerank":7,"featurecla":"Port","name":"Mollendo","website":null,"natlscale":10,"ne_id":1730088265,"tier":3}},{"type":"Feature","geometry":{"type":"Point","coordinates":[-76.222,-13.7331]},"properties":{"scalerank":7,"featurecla":"Port","name":"Pisco","website":null,"natlscale":10,"ne_id":1730088267,"tier":3}},{"type":"Feature","geometry":{"type":"Point","coordinates":[123.3081,9.3119]},"properties":{"scalerank":7,"featurecla":"Port","name":"Dumaguete","website":"www.ppa.com.ph","natlscale":10,"ne_id":1730088269,"tier":3}},{"type":"Feature","geometry":{"type":"Point","coordinates":[125.1542,6.0861]},"properties":{"scalerank":7,"featurecla":"Port","name":"General Santos","website":"www.ppa.com.ph","natlscale":10,"ne_id":1730088271,"ax":[{"a":"container","u":"roster","y":2024,"s":"cppi-2024","locode":"PHGES"}],"tier":2}},{"type":"Feature","geometry":{"type":"Point","coordinates":[154.672,-5.4319]},"properties":{"scalerank":7,"featurecla":"Port","name":"Buka","website":"www.pngports.com.pg","natlscale":10,"ne_id":1730088273,"tier":3}},{"type":"Feature","geometry":{"type":"Point","coordinates":[143.2065,-9.0683]},"properties":{"scalerank":7,"featurecla":"Port","name":"Daru","website":"www.pngports.com.pg","natlscale":10,"ne_id":1730088275,"tier":3}},{"type":"Feature","geometry":{"type":"Point","coordinates":[146.9847,-6.7411]},"properties":{"scalerank":7,"featurecla":"Port","name":"Lae","website":"www.pngports.com.pg","natlscale":10,"ne_id":1730088277,"ax":[{"a":"container","u":"roster","y":2024,"s":"cppi-2024","locode":"PGLAE"}],"tier":2}},{"type":"Feature","geometry":{"type":"Point","coordinates":[145.8004,-5.2133]},"properties":{"scalerank":7,"featurecla":"Port","name":"Madang","website":"www.pngports.com.pg","natlscale":10,"ne_id":1730088281,"tier":3}},{"type":"Feature","geometry":{"type":"Point","coordinates":[18.6688,54.3933]},"properties":{"scalerank":7,"featurecla":"Port","name":"Gdansk","website":"www.portgdansk.pl","natlscale":10,"ne_id":1730088283,"ax":[{"a":"container","u":"roster","y":2024,"s":"cppi-2024","locode":"PLGDN"}],"tier":2}},{"type":"Feature","geometry":{"type":"Point","coordinates":[18.5385,54.5333]},"properties":{"scalerank":7,"featurecla":"Port","name":"Gdynia","website":"www.port.gdynia.pl","natlscale":10,"ne_id":1730088285,"ax":[{"a":"container","u":"roster","y":2024,"s":"cppi-2024","locode":"PLGDY"}],"tier":2}},{"type":"Feature","geometry":{"type":"Point","coordinates":[-67.1571,18.4294]},"properties":{"scalerank":7,"featurecla":"Port","name":"Aguadilla","website":null,"natlscale":10,"ne_id":1730088287,"tier":3}},{"type":"Feature","geometry":{"type":"Point","coordinates":[-66.7004,18.4814]},"properties":{"scalerank":7,"featurecla":"Port","name":"Arecibo","website":"www.prpa.gobierno.pr","natlscale":10,"ne_id":1730088289,"tier":3}},{"type":"Feature","geometry":{"type":"Point","coordinates":[-67.1569,18.2139]},"properties":{"scalerank":7,"featurecla":"Port","name":"Mayaguez","website":"www.prpa.gobierno.pr","natlscale":10,"ne_id":1730088291,"tier":3}},{"type":"Feature","geometry":{"type":"Point","coordinates":[-7.926,37.0106]},"properties":{"scalerank":7,"featurecla":"Port","name":"Faro","website":null,"natlscale":10,"ne_id":1730088293,"tier":3}},{"type":"Feature","geometry":{"type":"Point","coordinates":[-151.75,-16.5167]},"properties":{"scalerank":7,"featurecla":"Port","name":"Bora-Bora","website":"www.portdepapeete.pf","natlscale":10,"ne_id":1730088295,"tier":3}},{"type":"Feature","geometry":{"type":"Point","coordinates":[28.8168,45.1911]},"properties":{"scalerank":7,"featurecla":"Port","name":"Tulcea","website":"apdm.galati.ro","natlscale":10,"ne_id":1730088299,"tier":3}},{"type":"Feature","geometry":{"type":"Point","coordinates":[61.5592,69.7561]},"properties":{"scalerank":7,"featurecla":"Port","name":"Amderma","website":null,"natlscale":10,"ne_id":1730088301,"tier":3}},{"type":"Feature","geometry":{"type":"Point","coordinates":[177.5386,64.7442]},"properties":{"scalerank":7,"featurecla":"Port","name":"Anadyr","website":"morport.chukotnet.ru","natlscale":10,"ne_id":1730088303,"tier":3}},{"type":"Feature","geometry":{"type":"Point","coordinates":[170.2771,69.7017]},"properties":{"scalerank":7,"featurecla":"Port","name":"Pevek","website":null,"natlscale":10,"ne_id":1730088305,"tier":3}},{"type":"Feature","geometry":{"type":"Point","coordinates":[-16.072,14.1294]},"properties":{"scalerank":7,"featurecla":"Port","name":"Kaolack","website":"www.portdakar.sn","natlscale":10,"ne_id":1730088307,"tier":3}},{"type":"Feature","geometry":{"type":"Point","coordinates":[-16.2681,12.5897]},"properties":{"scalerank":7,"featurecla":"Port","name":"Ziguinchor","website":"www.portdakar.sn","natlscale":10,"ne_id":1730088309,"tier":3}},{"type":"Feature","geometry":{"type":"Point","coordinates":[15.6237,78.2261]},"properties":{"scalerank":7,"featurecla":"Port","name":"Longyearbyen","website":null,"natlscale":10,"ne_id":1730088311,"tier":3}},{"type":"Feature","geometry":{"type":"Point","coordinates":[156.8388,-8.1014]},"properties":{"scalerank":7,"featurecla":"Port","name":"Gizo","website":null,"natlscale":10,"ne_id":1730088313,"tier":3}},{"type":"Feature","geometry":{"type":"Point","coordinates":[157.726,-8.4997]},"properties":{"scalerank":7,"featurecla":"Port","name":"Viru Harbour","website":null,"natlscale":10,"ne_id":1730088317,"tier":3}},{"type":"Feature","geometry":{"type":"Point","coordinates":[42.5411,-0.3742]},"properties":{"scalerank":7,"featurecla":"Port","name":"Kismayu","website":null,"natlscale":10,"ne_id":1730088319,"tier":3}},{"type":"Feature","geometry":{"type":"Point","coordinates":[13.5202,59.3753]},"properties":{"scalerank":7,"featurecla":"Port","name":"Karlstad","website":"www.vanerhamn.se","natlscale":10,"ne_id":1730088321,"tier":3}},{"type":"Feature","geometry":{"type":"Point","coordinates":[13.1594,58.5092]},"properties":{"scalerank":7,"featurecla":"Port","name":"Lidkoping","website":"www.vanerhamn.se","natlscale":10,"ne_id":1730088323,"tier":3}},{"type":"Feature","geometry":{"type":"Point","coordinates":[21.2518,64.6783]},"properties":{"scalerank":7,"featurecla":"Port","name":"Skelleftea","website":null,"natlscale":10,"ne_id":1730088325,"tier":3}},{"type":"Feature","geometry":{"type":"Point","coordinates":[20.2677,63.8167]},"properties":{"scalerank":7,"featurecla":"Port","name":"Umea","website":"www.umeahamn.se","natlscale":10,"ne_id":1730088327,"tier":3}},{"type":"Feature","geometry":{"type":"Point","coordinates":[-72.256,21.7628]},"properties":{"scalerank":7,"featurecla":"Port","name":"Providenciales","website":"www.turksandcaicosislands.gov.tc","natlscale":10,"ne_id":1730088329,"tier":3}},{"type":"Feature","geometry":{"type":"Point","coordinates":[100.5697,7.2286]},"properties":{"scalerank":7,"featurecla":"Port","name":"Songkhla","website":"www.md.go.th","natlscale":10,"ne_id":1730088331,"ax":[{"a":"container","u":"roster","y":2024,"s":"cppi-2024","locode":"THSGK"}],"tier":2}},{"type":"Feature","geometry":{"type":"Point","coordinates":[27.9572,40.3542]},"properties":{"scalerank":7,"featurecla":"Port","name":"Bandirma","website":"www.tcdd.gov.tr","natlscale":10,"ne_id":1730088335,"tier":3}},{"type":"Feature","geometry":{"type":"Point","coordinates":[36.3404,41.2997]},"properties":{"scalerank":7,"featurecla":"Port","name":"Samsun","website":"www.tcdd.gov.tr","natlscale":10,"ne_id":1730088337,"ax":[{"a":"container","u":"roster","y":2024,"s":"cppi-2024","locode":"TRSSX"}],"tier":2}},{"type":"Feature","geometry":{"type":"Point","coordinates":[35.1429,42.0233]},"properties":{"scalerank":7,"featurecla":"Port","name":"Sinop","website":null,"natlscale":10,"ne_id":1730088339,"tier":3}},{"type":"Feature","geometry":{"type":"Point","coordinates":[39.7365,41.0056]},"properties":{"scalerank":7,"featurecla":"Port","name":"Trabzon","website":null,"natlscale":10,"ne_id":1730088341,"tier":3}},{"type":"Feature","geometry":{"type":"Point","coordinates":[33.5415,44.6189]},"properties":{"scalerank":7,"featurecla":"Port","name":"Sevastopol","website":"ukrport.org.ua","natlscale":10,"ne_id":1730088343,"tier":3}},{"type":"Feature","geometry":{"type":"Point","coordinates":[-135.3223,59.4508]},"properties":{"scalerank":7,"featurecla":"Port","name":"Skagway","website":null,"natlscale":10,"ne_id":1730088345,"tier":3}},{"type":"Feature","geometry":{"type":"Point","coordinates":[-146.3571,61.1036]},"properties":{"scalerank":7,"featurecla":"Port","name":"Valdez","website":"www.ci.valdez.ak.us/port","natlscale":10,"ne_id":1730088347,"tier":3}},{"type":"Feature","geometry":{"type":"Point","coordinates":[-84.9867,29.7275]},"properties":{"scalerank":7,"featurecla":"Port","name":"Apalachicola","website":null,"natlscale":10,"ne_id":1730088349,"tier":3}},{"type":"Feature","geometry":{"type":"Point","coordinates":[-76.4743,38.965]},"properties":{"scalerank":7,"featurecla":"Port","name":"Annapolis","website":"www.portannapolis.com","natlscale":10,"ne_id":1730088353,"tier":3}},{"type":"Feature","geometry":{"type":"Point","coordinates":[-76.0711,38.5742]},"properties":{"scalerank":7,"featurecla":"Port","name":"Cambridge","website":"www.ci.cambridge.md.us","natlscale":10,"ne_id":1730088355,"tier":3}},{"type":"Feature","geometry":{"type":"Point","coordinates":[-122.7837,45.6058]},"properties":{"scalerank":7,"featurecla":"Port","name":"Portland","website":"www.portofportlandor.com","natlscale":10,"ne_id":1730088357,"tier":3}},{"type":"Feature","geometry":{"type":"Point","coordinates":[-122.6377,47.5625]},"properties":{"scalerank":7,"featurecla":"Port","name":"Bremerton","website":"www.portofbremerton.org","natlscale":10,"ne_id":1730088359,"tier":3}},{"type":"Feature","geometry":{"type":"Point","coordinates":[-69.1021,44.1031]},"properties":{"scalerank":7,"featurecla":"Port","name":"Rockland","website":"www.ci.rockland.me.us","natlscale":10,"ne_id":1730088361,"tier":3}},{"type":"Feature","geometry":{"type":"Point","coordinates":[-122.0014,36.9664]},"properties":{"scalerank":7,"featurecla":"Port","name":"Santa Cruz","website":"www.santacruzharbor.org","natlscale":10,"ne_id":1730088363,"tier":3}},{"type":"Feature","geometry":{"type":"Point","coordinates":[-76.2395,36.7225]},"properties":{"scalerank":7,"featurecla":"Port","name":"Chesapeake","website":null,"natlscale":10,"ne_id":1730088365,"tier":3}},{"type":"Feature","geometry":{"type":"Point","coordinates":[-64.1877,10.4742]},"properties":{"scalerank":7,"featurecla":"Port","name":"Cumana","website":"www.selinger.com/cumana.htm","natlscale":10,"ne_id":1730088367,"tier":3}},{"type":"Feature","geometry":{"type":"Point","coordinates":[106.6751,20.8672]},"properties":{"scalerank":7,"featurecla":"Port","name":"Hai Phong","website":"www.haiphongport.com.vn","natlscale":10,"ne_id":1730088371,"ax":[{"a":"container","v":7.15,"u":"MTEU","y":2024,"r":29,"s":"wsc-top50-2024"},{"a":"container","u":"roster","y":2024,"s":"cppi-2024","locode":"VNHPH"}],"tier":1}},{"type":"Feature","geometry":{"type":"Point","coordinates":[19.9106,39.622]},"properties":{"scalerank":7,"featurecla":"Port","name":"Corfu","website":null,"natlscale":10,"ne_id":1730088373,"tier":3}},{"type":"Feature","geometry":{"type":"Point","coordinates":[30.1677,31.3349]},"properties":{"scalerank":7,"featurecla":"Port","name":"Alexandria","website":null,"natlscale":10,"ne_id":1730088375,"ax":[{"a":"container","u":"roster","y":2024,"s":"cppi-2024","locode":"EGALY"}],"tier":2}},{"type":"Feature","geometry":{"type":"Point","coordinates":[-5.825,35.7961]},"properties":{"scalerank":7,"featurecla":"Port","name":"Tangier","website":null,"natlscale":10,"ne_id":1730088377,"ax":[{"a":"container","v":10.24,"u":"MTEU","y":2024,"r":17,"s":"wsc-top50-2024"}],"tier":1}},{"type":"Feature","geometry":{"type":"Point","coordinates":[-79.85,43.25]},"properties":{"scalerank":7,"featurecla":"Port","name":"Hamilton","website":null,"natlscale":10,"ne_id":1730088379,"tier":3}},{"type":"Feature","geometry":{"type":"Point","coordinates":[-83.03,42.31]},"properties":{"scalerank":7,"featurecla":"Port","name":"Windsor","website":null,"natlscale":10,"ne_id":1730088381,"tier":3}},{"type":"Feature","geometry":{"type":"Point","coordinates":[-83.11,42.28]},"properties":{"scalerank":7,"featurecla":"Port","name":"Rouge River","website":null,"natlscale":10,"ne_id":1730088383,"tier":3}},{"type":"Feature","geometry":{"type":"Point","coordinates":[-80.93,44.58]},"properties":{"scalerank":7,"featurecla":"Port","name":"Owen Sound","website":null,"natlscale":10,"ne_id":1730088385,"tier":3}},{"type":"Feature","geometry":{"type":"Point","coordinates":[-84.35,46.51]},"properties":{"scalerank":7,"featurecla":"Port","name":"Sault Ste Marie","website":null,"natlscale":10,"ne_id":1730088389,"tier":3}},{"type":"Feature","geometry":{"type":"Point","coordinates":[-83.93,43.43]},"properties":{"scalerank":7,"featurecla":"Port","name":"Saginaw","website":null,"natlscale":10,"ne_id":1730088391,"tier":3}},{"type":"Feature","geometry":{"type":"Point","coordinates":[-84.46,45.65]},"properties":{"scalerank":7,"featurecla":"Port","name":"Cheboygan","website":null,"natlscale":10,"ne_id":1730088393,"tier":3}},{"type":"Feature","geometry":{"type":"Point","coordinates":[-84.35,46.5]},"properties":{"scalerank":7,"featurecla":"Port","name":"Sault Ste Marie","website":null,"natlscale":10,"ne_id":1730088395,"tier":3}},{"type":"Feature","geometry":{"type":"Point","coordinates":[-86.26,43.23]},"properties":{"scalerank":7,"featurecla":"Port","name":"Muskegon","website":null,"natlscale":10,"ne_id":1730088397,"tier":3}},{"type":"Feature","geometry":{"type":"Point","coordinates":[-87.33,41.61]},"properties":{"scalerank":7,"featurecla":"Port","name":"Gary","website":null,"natlscale":10,"ne_id":1730088399,"tier":3}},{"type":"Feature","geometry":{"type":"Point","coordinates":[-87.81,42.36]},"properties":{"scalerank":7,"featurecla":"Port","name":"Waukegan","website":null,"natlscale":10,"ne_id":1730088401,"tier":3}},{"type":"Feature","geometry":{"type":"Point","coordinates":[-88.56,47.11]},"properties":{"scalerank":7,"featurecla":"Port","name":"Houghton","website":null,"natlscale":10,"ne_id":1730088403,"tier":3}},{"type":"Feature","geometry":{"type":"Point","coordinates":[-132.38,56.46]},"properties":{"scalerank":7,"featurecla":"Port","name":"Wrangell","website":null,"natlscale":10,"ne_id":1730088407,"tier":3}},{"type":"Feature","geometry":{"type":"Point","coordinates":[-132.95,56.81]},"properties":{"scalerank":7,"featurecla":"Port","name":"Petersburg","website":null,"natlscale":10,"ne_id":1730088409,"tier":3}},{"type":"Feature","geometry":{"type":"Point","coordinates":[24.56,65.73]},"properties":{"scalerank":7,"featurecla":"Port","name":"Kemi","website":null,"natlscale":10,"ne_id":1730088411,"tier":3}},{"type":"Feature","geometry":{"type":"Point","coordinates":[21.58,63.1]},"properties":{"scalerank":7,"featurecla":"Port","name":"Vaasa","website":null,"natlscale":10,"ne_id":1730088413,"tier":3}},{"type":"Feature","geometry":{"type":"Point","coordinates":[22.23,60.45]},"properties":{"scalerank":7,"featurecla":"Port","name":"Turku","website":null,"natlscale":10,"ne_id":1730088415,"tier":3}},{"type":"Feature","geometry":{"type":"Point","coordinates":[21.01,56.51]},"properties":{"scalerank":7,"featurecla":"Port","name":"Liepaja","website":null,"natlscale":10,"ne_id":1730088417,"tier":3}},{"type":"Feature","geometry":{"type":"Point","coordinates":[4.11,51.95]},"properties":{"scalerank":7,"featurecla":"Port","name":"Europoort","website":null,"natlscale":10,"ne_id":1730088419,"tier":3}},{"type":"Feature","geometry":{"type":"Point","coordinates":[-6.36,58.18]},"properties":{"scalerank":7,"featurecla":"Port","name":"Stornoway Harbor","website":null,"natlscale":10,"ne_id":1730088421,"tier":3}},{"type":"Feature","geometry":{"type":"Point","coordinates":[-9.16,38.7]},"properties":{"scalerank":7,"featurecla":"Port","name":"Lisboa","website":null,"natlscale":10,"ne_id":1730088425,"ax":[{"a":"container","u":"roster","y":2024,"s":"cppi-2024","locode":"PTLIS"}],"tier":2}},{"type":"Feature","geometry":{"type":"Point","coordinates":[-6.33,36.8]},"properties":{"scalerank":7,"featurecla":"Port","name":"Bonanza","website":null,"natlscale":10,"ne_id":1730088427,"tier":3}},{"type":"Feature","geometry":{"type":"Point","coordinates":[1.45,38.9]},"properties":{"scalerank":7,"featurecla":"Port","name":"Ibiza","website":null,"natlscale":10,"ne_id":1730088429,"tier":3}},{"type":"Feature","geometry":{"type":"Point","coordinates":[39.71,47.16]},"properties":{"scalerank":7,"featurecla":"Port","name":"Rostov-Na-Donu","website":null,"natlscale":10,"ne_id":1730088431,"tier":3}},{"type":"Feature","geometry":{"type":"Point","coordinates":[34.76,32.06]},"properties":{"scalerank":7,"featurecla":"Port","name":"Tel Aviv Yafo","website":null,"natlscale":10,"ne_id":1730088433,"tier":3}},{"type":"Feature","geometry":{"type":"Point","coordinates":[10.25,36.8]},"properties":{"scalerank":7,"featurecla":"Port","name":"Tunis","website":null,"natlscale":10,"ne_id":1730088435,"ax":[{"a":"container","u":"roster","y":2024,"s":"cppi-2024","locode":"TNRDS"}],"tier":2}},{"type":"Feature","geometry":{"type":"Point","coordinates":[5.08,36.75]},"properties":{"scalerank":7,"featurecla":"Port","name":"Bejaia","website":null,"natlscale":10,"ne_id":1730088437,"ax":[{"a":"container","u":"roster","y":2024,"s":"cppi-2024","locode":"DZBJA"}],"tier":2}},{"type":"Feature","geometry":{"type":"Point","coordinates":[3.06,36.76]},"properties":{"scalerank":7,"featurecla":"Port","name":"Alger","website":null,"natlscale":10,"ne_id":1730088439,"tier":3}},{"type":"Feature","geometry":{"type":"Point","coordinates":[-16.51,16.01]},"properties":{"scalerank":7,"featurecla":"Port","name":"St Louis","website":null,"natlscale":10,"ne_id":1730088443,"tier":3}},{"type":"Feature","geometry":{"type":"Point","coordinates":[3.3,6.41]},"properties":{"scalerank":7,"featurecla":"Port","name":"Tin Can Island","website":null,"natlscale":10,"ne_id":1730088445,"ax":[{"a":"container","u":"roster","y":2024,"s":"cppi-2024","locode":"NGLOS"},{"a":"container","u":"roster","y":2024,"s":"cppi-2024","locode":"NGTIN"}],"tier":2}},{"type":"Feature","geometry":{"type":"Point","coordinates":[40.73,-15.03]},"properties":{"scalerank":7,"featurecla":"Port","name":"Mocambique","website":null,"natlscale":10,"ne_id":1730088447,"tier":3}},{"type":"Feature","geometry":{"type":"Point","coordinates":[42.75,13]},"properties":{"scalerank":7,"featurecla":"Port","name":"Assab","website":null,"natlscale":10,"ne_id":1730088449,"tier":3}},{"type":"Feature","geometry":{"type":"Point","coordinates":[39.46,15.61]},"properties":{"scalerank":7,"featurecla":"Port","name":"Massawa","website":null,"natlscale":10,"ne_id":1730088451,"tier":3}},{"type":"Feature","geometry":{"type":"Point","coordinates":[34.95,29.55]},"properties":{"scalerank":7,"featurecla":"Port","name":"Elat","website":null,"natlscale":10,"ne_id":1730088453,"tier":3}},{"type":"Feature","geometry":{"type":"Point","coordinates":[47.96,29.38]},"properties":{"scalerank":7,"featurecla":"Port","name":"Al Kuwayt","website":null,"natlscale":10,"ne_id":1730088455,"tier":3}},{"type":"Feature","geometry":{"type":"Point","coordinates":[72.83,18.83]},"properties":{"scalerank":7,"featurecla":"Port","name":"Bombay","website":null,"natlscale":10,"ne_id":1730088457,"tier":3}},{"type":"Feature","geometry":{"type":"Point","coordinates":[72.93,18.95]},"properties":{"scalerank":7,"featurecla":"Port","name":"Jawaharlal Nehru Port","website":null,"natlscale":10,"ne_id":1730088461,"ax":[{"a":"container","v":7.05,"u":"MTEU","y":2024,"r":31,"s":"wsc-top50-2024"},{"a":"container","u":"roster","y":2024,"s":"cppi-2024","locode":"INNSA"}],"tier":1}},{"type":"Feature","geometry":{"type":"Point","coordinates":[76.23,9.96]},"properties":{"scalerank":7,"featurecla":"Port","name":"Cochin","website":null,"natlscale":10,"ne_id":1730088463,"tier":3}},{"type":"Feature","geometry":{"type":"Point","coordinates":[80.3,13.1]},"properties":{"scalerank":7,"featurecla":"Port","name":"Madras","website":null,"natlscale":10,"ne_id":1730088465,"ax":[{"a":"container","u":"roster","y":2024,"s":"cppi-2024","locode":"INMAA"},{"a":"container","u":"roster","y":2024,"s":"cppi-2024","locode":"INENR"}],"tier":2}},{"type":"Feature","geometry":{"type":"Point","coordinates":[88.31,22.55]},"properties":{"scalerank":7,"featurecla":"Port","name":"Calcutta","website":null,"natlscale":10,"ne_id":1730088467,"ax":[{"a":"container","u":"roster","y":2024,"s":"cppi-2024","locode":"INCCU"}],"tier":2}},{"type":"Feature","geometry":{"type":"Point","coordinates":[98.4,7.83]},"properties":{"scalerank":7,"featurecla":"Port","name":"Phuket","website":null,"natlscale":10,"ne_id":1730088469,"tier":3}},{"type":"Feature","geometry":{"type":"Point","coordinates":[100.35,5.41]},"properties":{"scalerank":7,"featurecla":"Port","name":"Pulau Pinang","website":null,"natlscale":10,"ne_id":1730088471,"ax":[{"a":"container","u":"roster","y":2024,"s":"cppi-2024","locode":"MYPEN"}],"tier":2}},{"type":"Feature","geometry":{"type":"Point","coordinates":[98.68,3.78]},"properties":{"scalerank":7,"featurecla":"Port","name":"Belawan","website":null,"natlscale":10,"ne_id":1730088473,"ax":[{"a":"container","u":"roster","y":2024,"s":"cppi-2024","locode":"IDBLW"}],"tier":2}},{"type":"Feature","geometry":{"type":"Point","coordinates":[110.41,-6.95]},"properties":{"scalerank":7,"featurecla":"Port","name":"Semarang","website":null,"natlscale":10,"ne_id":1730088475,"ax":[{"a":"container","u":"roster","y":2024,"s":"cppi-2024","locode":"IDSRG"}],"tier":2}},{"type":"Feature","geometry":{"type":"Point","coordinates":[123.58,-10.16]},"properties":{"scalerank":7,"featurecla":"Port","name":"Kupang","website":null,"natlscale":10,"ne_id":1730088479,"tier":3}},{"type":"Feature","geometry":{"type":"Point","coordinates":[110.35,1.56]},"properties":{"scalerank":7,"featurecla":"Port","name":"Kuching","website":null,"natlscale":10,"ne_id":1730088481,"ax":[{"a":"container","u":"roster","y":2024,"s":"cppi-2024","locode":"MYKCH"}],"tier":2}},{"type":"Feature","geometry":{"type":"Point","coordinates":[113.96,4.38]},"properties":{"scalerank":7,"featurecla":"Port","name":"Miri","website":null,"natlscale":10,"ne_id":1730088483,"tier":3}},{"type":"Feature","geometry":{"type":"Point","coordinates":[116.06,5.98]},"properties":{"scalerank":7,"featurecla":"Port","name":"Kota Kinabalu","website":null,"natlscale":10,"ne_id":1730088485,"ax":[{"a":"container","u":"roster","y":2024,"s":"cppi-2024","locode":"MYBKI"}],"tier":2}},{"type":"Feature","geometry":{"type":"Point","coordinates":[118.11,5.83]},"properties":{"scalerank":7,"featurecla":"Port","name":"Pelabuhan Sandakan","website":null,"natlscale":10,"ne_id":1730088487,"tier":3}},{"type":"Feature","geometry":{"type":"Point","coordinates":[119.4,-5.13]},"properties":{"scalerank":7,"featurecla":"Port","name":"Ujungpandang","website":null,"natlscale":10,"ne_id":1730088489,"tier":3}},{"type":"Feature","geometry":{"type":"Point","coordinates":[125.61,7.06]},"properties":{"scalerank":7,"featurecla":"Port","name":"Davao","website":null,"natlscale":10,"ne_id":1730088491,"ax":[{"a":"container","u":"roster","y":2024,"s":"cppi-2024","locode":"PHDVO"}],"tier":2}},{"type":"Feature","geometry":{"type":"Point","coordinates":[118.75,32.08]},"properties":{"scalerank":7,"featurecla":"Port","name":"Nanjing","website":null,"natlscale":10,"ne_id":1730088493,"tier":3}},{"type":"Feature","geometry":{"type":"Point","coordinates":[114.28,30.58]},"properties":{"scalerank":7,"featurecla":"Port","name":"Hankow","website":null,"natlscale":10,"ne_id":1730088497,"tier":3}},{"type":"Feature","geometry":{"type":"Point","coordinates":[112.98,28.2]},"properties":{"scalerank":7,"featurecla":"Port","name":"Chang Sha","website":null,"natlscale":10,"ne_id":1730088499,"tier":3}},{"type":"Feature","geometry":{"type":"Point","coordinates":[135.16,48.5]},"properties":{"scalerank":7,"featurecla":"Port","name":"Khabarovsk","website":null,"natlscale":10,"ne_id":1730088501,"tier":3}},{"type":"Feature","geometry":{"type":"Point","coordinates":[158.65,53.05]},"properties":{"scalerank":7,"featurecla":"Port","name":"Petropavlovsk","website":null,"natlscale":10,"ne_id":1730088503,"tier":3}},{"type":"Feature","geometry":{"type":"Point","coordinates":[12.1355,-15.1936]},"properties":{"scalerank":6,"featurecla":"Port","name":"Namibe","website":"www.otal.com/angola","natlscale":20,"ne_id":1730088505,"ax":[{"a":"container","u":"roster","y":2024,"s":"cppi-2024","locode":"AOMSZ"}],"tier":2}},{"type":"Feature","geometry":{"type":"Point","coordinates":[-62.2709,-38.7914]},"properties":{"scalerank":6,"featurecla":"Port","name":"Bahia Blanca","website":"www.puertobahiablanca.com","natlscale":20,"ne_id":1730088507,"tier":3}},{"type":"Feature","geometry":{"type":"Point","coordinates":[-57.8902,-34.8553]},"properties":{"scalerank":6,"featurecla":"Port","name":"La Plata","website":"www.laplataport.com.ar","natlscale":20,"ne_id":1730088509,"tier":3}},{"type":"Feature","geometry":{"type":"Point","coordinates":[-68.3009,-54.8094]},"properties":{"scalerank":6,"featurecla":"Port","name":"Ushuaia","website":"www.puertoushuaia.gov.ar","natlscale":20,"ne_id":1730088511,"tier":3}},{"type":"Feature","geometry":{"type":"Point","coordinates":[-65.0333,-42.7361]},"properties":{"scalerank":6,"featurecla":"Port","name":"Puerto Madryn","website":"www.appm.com.ar","natlscale":20,"ne_id":1730088515,"tier":3}},{"type":"Feature","geometry":{"type":"Point","coordinates":[-170.6879,-14.2742]},"properties":{"scalerank":6,"featurecla":"Port","name":"Pago Pago","website":"americansamoa.gov","natlscale":20,"ne_id":1730088517,"tier":3}},{"type":"Feature","geometry":{"type":"Point","coordinates":[149.2237,-21.1083]},"properties":{"scalerank":6,"featurecla":"Port","name":"Mackay","website":"www.nqbp.com.au","natlscale":20,"ne_id":1730088519,"tier":3}},{"type":"Feature","geometry":{"type":"Point","coordinates":[135.8695,-34.7183]},"properties":{"scalerank":6,"featurecla":"Port","name":"Port Lincoln","website":"www.flindersports.com.au","natlscale":20,"ne_id":1730088521,"tier":3}},{"type":"Feature","geometry":{"type":"Point","coordinates":[138.0072,-33.1769]},"properties":{"scalerank":6,"featurecla":"Port","name":"Port Pirie","website":"www.flindersports.com.au","natlscale":20,"ne_id":1730088523,"tier":3}},{"type":"Feature","geometry":{"type":"Point","coordinates":[117.8867,-35.0317]},"properties":{"scalerank":6,"featurecla":"Port","name":"Albany","website":"www.albanyport.com.au","natlscale":20,"ne_id":1730088525,"tier":3}},{"type":"Feature","geometry":{"type":"Point","coordinates":[115.4709,-20.7258]},"properties":{"scalerank":6,"featurecla":"Port","name":"Barrow Island","website":null,"natlscale":20,"ne_id":1730088527,"tier":3}},{"type":"Feature","geometry":{"type":"Point","coordinates":[115.6512,-33.3153]},"properties":{"scalerank":6,"featurecla":"Port","name":"Bunbury","website":"www.byport.com.au","natlscale":20,"ne_id":1730088529,"tier":3}},{"type":"Feature","geometry":{"type":"Point","coordinates":[145.9081,-41.0528]},"properties":{"scalerank":6,"featurecla":"Port","name":"Burnie","website":"www.tasports.com.au","natlscale":20,"ne_id":1730088533,"tier":3}},{"type":"Feature","geometry":{"type":"Point","coordinates":[144.3874,-38.1267]},"properties":{"scalerank":6,"featurecla":"Port","name":"Geelong","website":"www.geelongport.com.au","natlscale":20,"ne_id":1730088535,"tier":3}},{"type":"Feature","geometry":{"type":"Point","coordinates":[151.2518,-23.83]},"properties":{"scalerank":6,"featurecla":"Port","name":"Gladstone","website":"www.gpcl.com.au","natlscale":20,"ne_id":1730088537,"tier":3}},{"type":"Feature","geometry":{"type":"Point","coordinates":[151.7691,-32.9075]},"properties":{"scalerank":6,"featurecla":"Port","name":"Newcastle","website":"www.newportcorp.com.au","natlscale":20,"ne_id":1730088539,"tier":3}},{"type":"Feature","geometry":{"type":"Point","coordinates":[150.8936,-34.4625]},"properties":{"scalerank":6,"featurecla":"Port","name":"Port Kembla","website":"www.kemblaport.com.au","natlscale":20,"ne_id":1730088541,"tier":3}},{"type":"Feature","geometry":{"type":"Point","coordinates":[141.6094,-38.3492]},"properties":{"scalerank":6,"featurecla":"Port","name":"Portland","website":"www.portofportland.com.au","natlscale":20,"ne_id":1730088543,"tier":3}},{"type":"Feature","geometry":{"type":"Point","coordinates":[142.219,-10.5856]},"properties":{"scalerank":6,"featurecla":"Port","name":"Thursday Island","website":"www.cairnsports.com.au","natlscale":20,"ne_id":1730088545,"tier":3}},{"type":"Feature","geometry":{"type":"Point","coordinates":[146.8248,-19.2508]},"properties":{"scalerank":6,"featurecla":"Port","name":"Townsville","website":"www.townsville-port.com.au","natlscale":20,"ne_id":1730088547,"tier":3}},{"type":"Feature","geometry":{"type":"Point","coordinates":[141.8667,-12.67]},"properties":{"scalerank":6,"featurecla":"Port","name":"Weipa","website":"www.nqbp.com.au","natlscale":20,"ne_id":1730088551,"tier":3}},{"type":"Feature","geometry":{"type":"Point","coordinates":[137.5908,-33.0383]},"properties":{"scalerank":6,"featurecla":"Port","name":"Whyalla","website":"www.onesteel.com","natlscale":20,"ne_id":1730088553,"tier":3}},{"type":"Feature","geometry":{"type":"Point","coordinates":[128.1009,-15.4514]},"properties":{"scalerank":6,"featurecla":"Port","name":"Wyndham","website":null,"natlscale":20,"ne_id":1730088555,"tier":3}},{"type":"Feature","geometry":{"type":"Point","coordinates":[4.3862,50.8861]},"properties":{"scalerank":6,"featurecla":"Port","name":"Brussel (Bruxelles)","website":"www.portdebruxelles.irisnet.be","natlscale":20,"ne_id":1730088557,"tier":3}},{"type":"Feature","geometry":{"type":"Point","coordinates":[3.7674,51.1144]},"properties":{"scalerank":6,"featurecla":"Port","name":"Gent (Ghent)","website":"www.havengent.be","natlscale":20,"ne_id":1730088559,"tier":3}},{"type":"Feature","geometry":{"type":"Point","coordinates":[-39.0257,-14.7803]},"properties":{"scalerank":6,"featurecla":"Port","name":"Ilheus","website":"www.codeba.com.br","natlscale":20,"ne_id":1730088561,"tier":3}},{"type":"Feature","geometry":{"type":"Point","coordinates":[-35.7223,-9.6789]},"properties":{"scalerank":6,"featurecla":"Port","name":"Maceio","website":"www.portodemaceio.com.br","natlscale":20,"ne_id":1730088563,"tier":3}},{"type":"Feature","geometry":{"type":"Point","coordinates":[-35.2,-5.7831]},"properties":{"scalerank":6,"featurecla":"Port","name":"Natal","website":"www.codern.com.br","natlscale":20,"ne_id":1730088565,"tier":3}},{"type":"Feature","geometry":{"type":"Point","coordinates":[-52.0762,-32.0561]},"properties":{"scalerank":6,"featurecla":"Port","name":"Rio Grande","website":"www.portoriogrande.com.br","natlscale":20,"ne_id":1730088569,"ax":[{"a":"container","u":"roster","y":2024,"s":"cppi-2024","locode":"BRRIG"}],"tier":2}},{"type":"Feature","geometry":{"type":"Point","coordinates":[-40.3351,-20.3233]},"properties":{"scalerank":6,"featurecla":"Port","name":"Vitoria","website":"www.portodevitoria.com.br","natlscale":20,"ne_id":1730088571,"ax":[{"a":"container","u":"roster","y":2024,"s":"cppi-2024","locode":"BRVIX"}],"tier":2}},{"type":"Feature","geometry":{"type":"Point","coordinates":[-127.6888,52.3508]},"properties":{"scalerank":6,"featurecla":"Port","name":"Ocean Falls","website":null,"natlscale":20,"ne_id":1730088573,"tier":3}},{"type":"Feature","geometry":{"type":"Point","coordinates":[-53.9869,47.2931]},"properties":{"scalerank":6,"featurecla":"Port","name":"Argentia","website":"www.argentia.ca/port.html","natlscale":20,"ne_id":1730088575,"tier":3}},{"type":"Feature","geometry":{"type":"Point","coordinates":[-65.65,47.6167]},"properties":{"scalerank":6,"featurecla":"Port","name":"Bathurst","website":null,"natlscale":20,"ne_id":1730088577,"tier":3}},{"type":"Feature","geometry":{"type":"Point","coordinates":[-64.4372,48.8244]},"properties":{"scalerank":6,"featurecla":"Port","name":"Gaspe","website":"www.tc.gc.ca/quebec/en/port/gaspe.htm","natlscale":20,"ne_id":1730088579,"tier":3}},{"type":"Feature","geometry":{"type":"Point","coordinates":[-124.8193,49.23]},"properties":{"scalerank":6,"featurecla":"Port","name":"Port Alberni","website":"www.portalberniportauthority.ca","natlscale":20,"ne_id":1730088581,"tier":3}},{"type":"Feature","geometry":{"type":"Point","coordinates":[-124.5248,49.835]},"properties":{"scalerank":6,"featurecla":"Port","name":"Powell River","website":"www.powellriver.ca","natlscale":20,"ne_id":1730088583,"tier":3}},{"type":"Feature","geometry":{"type":"Point","coordinates":[-66.3839,50.2064]},"properties":{"scalerank":6,"featurecla":"Port","name":"Sept-Iles","website":"www.portsi.com","natlscale":20,"ne_id":1730088587,"tier":3}},{"type":"Feature","geometry":{"type":"Point","coordinates":[-60.203,46.1419]},"properties":{"scalerank":6,"featurecla":"Port","name":"Sydney","website":"www.portofsydney.ca","natlscale":20,"ne_id":1730088589,"tier":3}},{"type":"Feature","geometry":{"type":"Point","coordinates":[-72.539,46.3358]},"properties":{"scalerank":6,"featurecla":"Port","name":"Trois-Rivieres (Three Rivers)","website":"www.porttr.com","natlscale":20,"ne_id":1730088591,"tier":3}},{"type":"Feature","geometry":{"type":"Point","coordinates":[-66.1209,43.8356]},"properties":{"scalerank":6,"featurecla":"Port","name":"Yarmouth","website":"www.portofyarmouth.com","natlscale":20,"ne_id":1730088593,"tier":3}},{"type":"Feature","geometry":{"type":"Point","coordinates":[-68.5081,48.4778]},"properties":{"scalerank":6,"featurecla":"Port","name":"Rimouski","website":null,"natlscale":20,"ne_id":1730088595,"tier":3}},{"type":"Feature","geometry":{"type":"Point","coordinates":[-69.5681,47.8467]},"properties":{"scalerank":6,"featurecla":"Port","name":"Riviere-du-Loup","website":null,"natlscale":20,"ne_id":1730088597,"tier":3}},{"type":"Feature","geometry":{"type":"Point","coordinates":[-55.5771,51.3667]},"properties":{"scalerank":6,"featurecla":"Port","name":"Saint-Anthony","website":null,"natlscale":20,"ne_id":1730088599,"tier":3}},{"type":"Feature","geometry":{"type":"Point","coordinates":[-63.787,46.3886]},"properties":{"scalerank":6,"featurecla":"Port","name":"Summerside","website":null,"natlscale":20,"ne_id":1730088601,"tier":3}},{"type":"Feature","geometry":{"type":"Point","coordinates":[-70.322,-18.4731]},"properties":{"scalerank":6,"featurecla":"Port","name":"Arica","website":"www.puertoarica.cl","natlscale":20,"ne_id":1730088605,"ax":[{"a":"container","u":"roster","y":2024,"s":"cppi-2024","locode":"CLARI"}],"tier":2}},{"type":"Feature","geometry":{"type":"Point","coordinates":[-70.2057,-22.0861]},"properties":{"scalerank":6,"featurecla":"Port","name":"Tocopilla","website":null,"natlscale":20,"ne_id":1730088607,"tier":3}},{"type":"Feature","geometry":{"type":"Point","coordinates":[109.0706,21.4586]},"properties":{"scalerank":6,"featurecla":"Port","name":"Beihai","website":null,"natlscale":20,"ne_id":1730088609,"tier":3}},{"type":"Feature","geometry":{"type":"Point","coordinates":[113.0019,22.5025]},"properties":{"scalerank":6,"featurecla":"Port","name":"Jiangmen","website":"www.jmct.com.cn","natlscale":20,"ne_id":1730088611,"tier":3}},{"type":"Feature","geometry":{"type":"Point","coordinates":[120.8847,27.9983]},"properties":{"scalerank":6,"featurecla":"Port","name":"Wenzhou","website":"www.wzport.com","natlscale":20,"ne_id":1730088613,"tier":3}},{"type":"Feature","geometry":{"type":"Point","coordinates":[121.389,37.5711]},"properties":{"scalerank":6,"featurecla":"Port","name":"Yantai","website":"www.yantaiport.com.cn","natlscale":20,"ne_id":1730088615,"ax":[{"a":"container","v":5.09,"u":"MTEU","y":2024,"r":42,"s":"wsc-top50-2024"}],"tier":1}},{"type":"Feature","geometry":{"type":"Point","coordinates":[113.5842,22.2397]},"properties":{"scalerank":6,"featurecla":"Port","name":"Zhuhai","website":"www.zhuhai-port.com","natlscale":20,"ne_id":1730088617,"tier":3}},{"type":"Feature","geometry":{"type":"Point","coordinates":[-74.217,11.2519]},"properties":{"scalerank":6,"featurecla":"Port","name":"Santa Marta","website":"www.spsm.com.co","natlscale":20,"ne_id":1730088619,"ax":[{"a":"container","u":"roster","y":2024,"s":"cppi-2024","locode":"COSMR"}],"tier":2}},{"type":"Feature","geometry":{"type":"Point","coordinates":[-77.0534,3.8831]},"properties":{"scalerank":6,"featurecla":"Port","name":"Buenaventura","website":"www.puertobuenaventura.com","natlscale":20,"ne_id":1730088623,"ax":[{"a":"container","u":"roster","y":2024,"s":"cppi-2024","locode":"COBUN"}],"tier":2}},{"type":"Feature","geometry":{"type":"Point","coordinates":[-23.5032,14.9447]},"properties":{"scalerank":6,"featurecla":"Port","name":"Praia","website":"www.enapor.cv","natlscale":20,"ne_id":1730088625,"tier":3}},{"type":"Feature","geometry":{"type":"Point","coordinates":[-83.1667,8.6378]},"properties":{"scalerank":6,"featurecla":"Port","name":"Golfito","website":null,"natlscale":20,"ne_id":1730088627,"tier":3}},{"type":"Feature","geometry":{"type":"Point","coordinates":[-80.4537,22.14]},"properties":{"scalerank":6,"featurecla":"Port","name":"Cienfuegos","website":null,"natlscale":20,"ne_id":1730088629,"tier":3}},{"type":"Feature","geometry":{"type":"Point","coordinates":[-77.1335,20.3375]},"properties":{"scalerank":6,"featurecla":"Port","name":"Manzanillo","website":null,"natlscale":20,"ne_id":1730088631,"tier":3}},{"type":"Feature","geometry":{"type":"Point","coordinates":[-81.537,23.0514]},"properties":{"scalerank":6,"featurecla":"Port","name":"Matanzas","website":null,"natlscale":20,"ne_id":1730088633,"tier":3}},{"type":"Feature","geometry":{"type":"Point","coordinates":[-75.8567,20.0017]},"properties":{"scalerank":6,"featurecla":"Port","name":"Santiago de Cuba","website":null,"natlscale":20,"ne_id":1730088635,"tier":3}},{"type":"Feature","geometry":{"type":"Point","coordinates":[7.1929,53.3461]},"properties":{"scalerank":6,"featurecla":"Port","name":"Emden","website":"www.seaport-emden.de","natlscale":20,"ne_id":1730088637,"tier":3}},{"type":"Feature","geometry":{"type":"Point","coordinates":[9.4369,54.8033]},"properties":{"scalerank":6,"featurecla":"Port","name":"Flensburg","website":"www.flensburg-tourismus.de","natlscale":20,"ne_id":1730088641,"tier":3}},{"type":"Feature","geometry":{"type":"Point","coordinates":[8.1221,53.53]},"properties":{"scalerank":6,"featurecla":"Port","name":"Wilhelmshaven","website":"www.wilhelmshaven-port.de","natlscale":20,"ne_id":1730088643,"ax":[{"a":"container","u":"roster","y":2024,"s":"cppi-2024","locode":"DEWVN"}],"tier":2}},{"type":"Feature","geometry":{"type":"Point","coordinates":[8.4339,55.4656]},"properties":{"scalerank":6,"featurecla":"Port","name":"Esbjerg","website":"www.port-of-esbjerg.dk","natlscale":20,"ne_id":1730088645,"tier":3}},{"type":"Feature","geometry":{"type":"Point","coordinates":[10.3869,55.4175]},"properties":{"scalerank":6,"featurecla":"Port","name":"Odense","website":"www.odensehavn.dk","natlscale":20,"ne_id":1730088647,"tier":3}},{"type":"Feature","geometry":{"type":"Point","coordinates":[9.7767,54.9069]},"properties":{"scalerank":6,"featurecla":"Port","name":"Sonderborg","website":"www.sonderborg-kommune.dk","natlscale":20,"ne_id":1730088649,"tier":3}},{"type":"Feature","geometry":{"type":"Point","coordinates":[14.6878,55.0961]},"properties":{"scalerank":6,"featurecla":"Port","name":"Ronne","website":"www.roennehavn.dk","natlscale":20,"ne_id":1730088651,"tier":3}},{"type":"Feature","geometry":{"type":"Point","coordinates":[-71.0865,18.2122]},"properties":{"scalerank":6,"featurecla":"Port","name":"Barahona","website":"www.apordom.gov.do","natlscale":20,"ne_id":1730088653,"tier":3}},{"type":"Feature","geometry":{"type":"Point","coordinates":[-71.6549,17.9253]},"properties":{"scalerank":6,"featurecla":"Port","name":"Cabo Rojo","website":"www.apordom.gov.do","natlscale":20,"ne_id":1730088655,"tier":3}},{"type":"Feature","geometry":{"type":"Point","coordinates":[-0.6367,35.7125]},"properties":{"scalerank":6,"featurecla":"Port","name":"Oran","website":null,"natlscale":20,"ne_id":1730088659,"tier":3}},{"type":"Feature","geometry":{"type":"Point","coordinates":[-8.3879,43.3631]},"properties":{"scalerank":6,"featurecla":"Port","name":"A Coruna","website":"www.puertocoruna.com","natlscale":20,"ne_id":1730088661,"tier":3}},{"type":"Feature","geometry":{"type":"Point","coordinates":[-2.4713,36.8322]},"properties":{"scalerank":6,"featurecla":"Port","name":"Almeria","website":"www.apalmeriamotril.com","natlscale":20,"ne_id":1730088663,"tier":3}},{"type":"Feature","geometry":{"type":"Point","coordinates":[-5.6886,43.5586]},"properties":{"scalerank":6,"featurecla":"Port","name":"Gijon","website":"www.puertogijon.es","natlscale":20,"ne_id":1730088665,"ax":[{"a":"container","u":"roster","y":2024,"s":"cppi-2024","locode":"ESGIJ"}],"tier":2}},{"type":"Feature","geometry":{"type":"Point","coordinates":[-1.9869,43.3228]},"properties":{"scalerank":6,"featurecla":"Port","name":"San Sebastian","website":null,"natlscale":20,"ne_id":1730088667,"tier":3}},{"type":"Feature","geometry":{"type":"Point","coordinates":[-3.8049,43.4422]},"properties":{"scalerank":6,"featurecla":"Port","name":"Santander","website":"www.puertosantander.es","natlscale":20,"ne_id":1730088669,"tier":3}},{"type":"Feature","geometry":{"type":"Point","coordinates":[1.2202,41.0961]},"properties":{"scalerank":6,"featurecla":"Port","name":"Tarragona","website":"www.porttarragona.es","natlscale":20,"ne_id":1730088671,"tier":3}},{"type":"Feature","geometry":{"type":"Point","coordinates":[25.4546,65.0158]},"properties":{"scalerank":6,"featurecla":"Port","name":"Oulu","website":"www.ouluport.com","natlscale":20,"ne_id":1730088673,"tier":3}},{"type":"Feature","geometry":{"type":"Point","coordinates":[-1.4938,43.5197]},"properties":{"scalerank":6,"featurecla":"Port","name":"Bayonne","website":"www.bayonne.cci.fr","natlscale":20,"ne_id":1730088677,"tier":3}},{"type":"Feature","geometry":{"type":"Point","coordinates":[1.5755,50.7236]},"properties":{"scalerank":6,"featurecla":"Port","name":"Boulogne-sur-Mer","website":"www.portboulogne.com","natlscale":20,"ne_id":1730088679,"tier":3}},{"type":"Feature","geometry":{"type":"Point","coordinates":[-4.4714,48.3806]},"properties":{"scalerank":6,"featurecla":"Port","name":"Brest","website":"www.brest.port.fr","natlscale":20,"ne_id":1730088681,"ax":[{"a":"container","u":"roster","y":2024,"s":"cppi-2024","locode":"FRBES"}],"tier":2}},{"type":"Feature","geometry":{"type":"Point","coordinates":[7.0092,43.5481]},"properties":{"scalerank":6,"featurecla":"Port","name":"Cannes","website":"www.riviera-ports.com","natlscale":20,"ne_id":1730088683,"tier":3}},{"type":"Feature","geometry":{"type":"Point","coordinates":[-1.6175,49.6522]},"properties":{"scalerank":6,"featurecla":"Port","name":"Cherbourg","website":"www.port-cherbourg.com","natlscale":20,"ne_id":1730088685,"tier":3}},{"type":"Feature","geometry":{"type":"Point","coordinates":[1.086,49.9264]},"properties":{"scalerank":6,"featurecla":"Port","name":"Dieppe","website":null,"natlscale":20,"ne_id":1730088687,"tier":3}},{"type":"Feature","geometry":{"type":"Point","coordinates":[-1.6011,48.8347]},"properties":{"scalerank":6,"featurecla":"Port","name":"Granville","website":"www.granville.cci.fr","natlscale":20,"ne_id":1730088689,"tier":3}},{"type":"Feature","geometry":{"type":"Point","coordinates":[-1.1578,46.1467]},"properties":{"scalerank":6,"featurecla":"Port","name":"La Rochelle","website":"www.larochelle.port.fr","natlscale":20,"ne_id":1730088691,"tier":3}},{"type":"Feature","geometry":{"type":"Point","coordinates":[-3.3521,47.7342]},"properties":{"scalerank":6,"featurecla":"Port","name":"Lorient","website":"www.lorient.port.fr","natlscale":20,"ne_id":1730088695,"tier":3}},{"type":"Feature","geometry":{"type":"Point","coordinates":[-3.8349,48.5853]},"properties":{"scalerank":6,"featurecla":"Port","name":"Morlaix","website":null,"natlscale":20,"ne_id":1730088697,"tier":3}},{"type":"Feature","geometry":{"type":"Point","coordinates":[-0.953,45.9492]},"properties":{"scalerank":6,"featurecla":"Port","name":"Rochefort","website":"www.rochefort.port.fr","natlscale":20,"ne_id":1730088699,"tier":3}},{"type":"Feature","geometry":{"type":"Point","coordinates":[5.9048,43.1106]},"properties":{"scalerank":6,"featurecla":"Port","name":"Toulon","website":null,"natlscale":20,"ne_id":1730088701,"tier":3}},{"type":"Feature","geometry":{"type":"Point","coordinates":[9.5009,0.2883]},"properties":{"scalerank":6,"featurecla":"Port","name":"Owendo","website":"www.ports-gabon.com","natlscale":20,"ne_id":1730088703,"ax":[{"a":"container","u":"roster","y":2024,"s":"cppi-2024","locode":"GAOWE"}],"tier":2}},{"type":"Feature","geometry":{"type":"Point","coordinates":[-2.0746,57.1422]},"properties":{"scalerank":6,"featurecla":"Port","name":"Aberdeen","website":"www.aberdeen-harbour.co.uk","natlscale":20,"ne_id":1730088705,"tier":3}},{"type":"Feature","geometry":{"type":"Point","coordinates":[-3.0072,53.4364]},"properties":{"scalerank":6,"featurecla":"Port","name":"Liverpool","website":"www.merseydocks.co.uk","natlscale":20,"ne_id":1730088707,"ax":[{"a":"container","u":"roster","y":2024,"s":"cppi-2024","locode":"GBLIV"}],"tier":2}},{"type":"Feature","geometry":{"type":"Point","coordinates":[-4.1541,50.3647]},"properties":{"scalerank":6,"featurecla":"Port","name":"Plymouth","website":"www.abports.co.uk/custinfo/ports/plym.htm","natlscale":20,"ne_id":1730088709,"tier":3}},{"type":"Feature","geometry":{"type":"Point","coordinates":[-1.1,50.8075]},"properties":{"scalerank":6,"featurecla":"Port","name":"Portsmouth","website":"www.portsmouth-port.co.uk","natlscale":20,"ne_id":1730088713,"tier":3}},{"type":"Feature","geometry":{"type":"Point","coordinates":[41.6505,41.6489]},"properties":{"scalerank":6,"featurecla":"Port","name":"Batumi","website":"www.batumiport.com","natlscale":20,"ne_id":1730088715,"ax":[{"a":"container","u":"roster","y":2024,"s":"cppi-2024","locode":"GEBUS"}],"tier":2}},{"type":"Feature","geometry":{"type":"Point","coordinates":[24.4019,40.9314]},"properties":{"scalerank":6,"featurecla":"Port","name":"Kavala","website":null,"natlscale":20,"ne_id":1730088717,"tier":3}},{"type":"Feature","geometry":{"type":"Point","coordinates":[26.1378,38.3772]},"properties":{"scalerank":6,"featurecla":"Port","name":"Chios","website":"www.chiosport.gr","natlscale":20,"ne_id":1730088719,"tier":3}},{"type":"Feature","geometry":{"type":"Point","coordinates":[22.1081,37.0228]},"properties":{"scalerank":6,"featurecla":"Port","name":"Kalamata","website":null,"natlscale":20,"ne_id":1730088721,"tier":3}},{"type":"Feature","geometry":{"type":"Point","coordinates":[21.7349,38.2544]},"properties":{"scalerank":6,"featurecla":"Port","name":"Patras","website":"www.patrasport.gr","natlscale":20,"ne_id":1730088723,"tier":3}},{"type":"Feature","geometry":{"type":"Point","coordinates":[22.9367,39.3528]},"properties":{"scalerank":6,"featurecla":"Port","name":"Volos","website":"www.port-volos.gr","natlscale":20,"ne_id":1730088725,"tier":3}},{"type":"Feature","geometry":{"type":"Point","coordinates":[-52.1191,70.6747]},"properties":{"scalerank":6,"featurecla":"Port","name":"Uummannaq","website":"www.ral.gl","natlscale":20,"ne_id":1730088727,"tier":3}},{"type":"Feature","geometry":{"type":"Point","coordinates":[-88.6041,15.7283]},"properties":{"scalerank":6,"featurecla":"Port","name":"Puerto Barrios","website":"www.puertobarriosonline.com","natlscale":20,"ne_id":1730088731,"ax":[{"a":"container","u":"roster","y":2024,"s":"cppi-2024","locode":"GTPBR"}],"tier":2}},{"type":"Feature","geometry":{"type":"Point","coordinates":[13.8347,44.8717]},"properties":{"scalerank":6,"featurecla":"Port","name":"Pula","website":"www.luckauprava-pula.hr","natlscale":20,"ne_id":1730088733,"tier":3}},{"type":"Feature","geometry":{"type":"Point","coordinates":[14.4223,45.3275]},"properties":{"scalerank":6,"featurecla":"Port","name":"Rijeka","website":"www.portauthority.hr","natlscale":20,"ne_id":1730088735,"ax":[{"a":"container","u":"roster","y":2024,"s":"cppi-2024","locode":"HRRJK"}],"tier":2}},{"type":"Feature","geometry":{"type":"Point","coordinates":[16.4255,43.515]},"properties":{"scalerank":6,"featurecla":"Port","name":"Split","website":"www.portsplit.com","natlscale":20,"ne_id":1730088737,"tier":3}},{"type":"Feature","geometry":{"type":"Point","coordinates":[114.5553,-3.3219]},"properties":{"scalerank":6,"featurecla":"Port","name":"Banjarmasin","website":"www.pp3.co.id","natlscale":20,"ne_id":1730088739,"tier":3}},{"type":"Feature","geometry":{"type":"Point","coordinates":[107.6271,-2.75]},"properties":{"scalerank":6,"featurecla":"Port","name":"Tanjung Pandan","website":"portal.inaport2.co.id","natlscale":20,"ne_id":1730088741,"tier":3}},{"type":"Feature","geometry":{"type":"Point","coordinates":[92.7239,11.6722]},"properties":{"scalerank":6,"featurecla":"Port","name":"Port Blair","website":null,"natlscale":20,"ne_id":1730088743,"tier":3}},{"type":"Feature","geometry":{"type":"Point","coordinates":[70.2223,23.0136]},"properties":{"scalerank":6,"featurecla":"Port","name":"Kandla","website":"www.kandlaport.com","natlscale":20,"ne_id":1730088745,"ax":[{"a":"container","u":"roster","y":2024,"s":"cppi-2024","locode":"INIXY"}],"tier":2}},{"type":"Feature","geometry":{"type":"Point","coordinates":[79.8223,11.9142]},"properties":{"scalerank":6,"featurecla":"Port","name":"Pondicherry","website":"port.pon.nic.in","natlscale":20,"ne_id":1730088749,"tier":3}},{"type":"Feature","geometry":{"type":"Point","coordinates":[-8.4244,51.9011]},"properties":{"scalerank":6,"featurecla":"Port","name":"Cork","website":"www.portofcork.ie","natlscale":20,"ne_id":1730088751,"tier":3}},{"type":"Feature","geometry":{"type":"Point","coordinates":[-9.0438,53.27]},"properties":{"scalerank":6,"featurecla":"Port","name":"Galway","website":"www.galwayharbour.com","natlscale":20,"ne_id":1730088753,"tier":3}},{"type":"Feature","geometry":{"type":"Point","coordinates":[50.8369,28.9847]},"properties":{"scalerank":6,"featurecla":"Port","name":"Bushehr","website":"www.pso.ir","natlscale":20,"ne_id":1730088755,"tier":3}},{"type":"Feature","geometry":{"type":"Point","coordinates":[13.4923,43.6183]},"properties":{"scalerank":6,"featurecla":"Port","name":"Ancona","website":"www.autoritaportuale.ancona.it","natlscale":20,"ne_id":1730088757,"ax":[{"a":"container","u":"roster","y":2024,"s":"cppi-2024","locode":"ITAOI"}],"tier":2}},{"type":"Feature","geometry":{"type":"Point","coordinates":[16.8553,41.1369]},"properties":{"scalerank":6,"featurecla":"Port","name":"Bari","website":"www.porto.bari.it","natlscale":20,"ne_id":1730088759,"ax":[{"a":"container","u":"roster","y":2024,"s":"cppi-2024","locode":"ITBRI"}],"tier":2}},{"type":"Feature","geometry":{"type":"Point","coordinates":[9.1076,39.2042]},"properties":{"scalerank":6,"featurecla":"Port","name":"Cagliari","website":"www.porto.cagliari.it","natlscale":20,"ne_id":1730088761,"tier":3}},{"type":"Feature","geometry":{"type":"Point","coordinates":[9.5179,40.9228]},"properties":{"scalerank":6,"featurecla":"Port","name":"Olbia","website":"www.olbiagolfoaranci.it","natlscale":20,"ne_id":1730088763,"tier":3}},{"type":"Feature","geometry":{"type":"Point","coordinates":[14.2237,42.4678]},"properties":{"scalerank":6,"featurecla":"Port","name":"Pescara","website":null,"natlscale":20,"ne_id":1730088767,"tier":3}},{"type":"Feature","geometry":{"type":"Point","coordinates":[15.6438,38.1244]},"properties":{"scalerank":6,"featurecla":"Port","name":"Reggio Calabria","website":null,"natlscale":20,"ne_id":1730088769,"tier":3}},{"type":"Feature","geometry":{"type":"Point","coordinates":[12.5039,38.0136]},"properties":{"scalerank":6,"featurecla":"Port","name":"Trapani","website":null,"natlscale":20,"ne_id":1730088771,"tier":3}},{"type":"Feature","geometry":{"type":"Point","coordinates":[140.7429,40.8314]},"properties":{"scalerank":6,"featurecla":"Port","name":"Aomori","website":"www.pref.aomori.lg.jp/kowankuko/english/minato/aomori/aomori.htm","natlscale":20,"ne_id":1730088773,"tier":3}},{"type":"Feature","geometry":{"type":"Point","coordinates":[140.709,41.7878]},"properties":{"scalerank":6,"featurecla":"Port","name":"Hakodate","website":"www.hakodate-port.jp","natlscale":20,"ne_id":1730088775,"tier":3}},{"type":"Feature","geometry":{"type":"Point","coordinates":[130.5688,31.5925]},"properties":{"scalerank":6,"featurecla":"Port","name":"Kagoshima","website":"www.pref.kagoshima.jp/home/kowanka/cruise-net/english/01kagoshima","natlscale":20,"ne_id":1730088777,"tier":3}},{"type":"Feature","geometry":{"type":"Point","coordinates":[133.5571,33.5242]},"properties":{"scalerank":6,"featurecla":"Port","name":"Kochi","website":"www.pref.kochi.lg.jp","natlscale":20,"ne_id":1730088779,"tier":3}},{"type":"Feature","geometry":{"type":"Point","coordinates":[144.3523,42.9886]},"properties":{"scalerank":6,"featurecla":"Port","name":"Kushiro","website":"www.city.kushiro.hokkaido.jp","natlscale":20,"ne_id":1730088781,"tier":3}},{"type":"Feature","geometry":{"type":"Point","coordinates":[133.2595,33.9708]},"properties":{"scalerank":6,"featurecla":"Port","name":"Niihama","website":null,"natlscale":20,"ne_id":1730088785,"tier":3}},{"type":"Feature","geometry":{"type":"Point","coordinates":[131.676,33.2722]},"properties":{"scalerank":6,"featurecla":"Port","name":"Oita","website":"www.pref.oita.jp/14300/faz/faz1/english/faz_en.html","natlscale":20,"ne_id":1730088787,"ax":[{"a":"container","u":"roster","y":2024,"s":"cppi-2024","locode":"JPOIT"}],"tier":2}},{"type":"Feature","geometry":{"type":"Point","coordinates":[130.9011,33.9344]},"properties":{"scalerank":6,"featurecla":"Port","name":"Shimonoseki","website":"www.shimonoseki-port.com","natlscale":20,"ne_id":1730088789,"ax":[{"a":"container","u":"roster","y":2024,"s":"cppi-2024","locode":"JPMOJ"}],"tier":2}},{"type":"Feature","geometry":{"type":"Point","coordinates":[141.6534,42.6375]},"properties":{"scalerank":6,"featurecla":"Port","name":"Tomakomai","website":"www.jptmk.com","natlscale":20,"ne_id":1730088791,"tier":3}},{"type":"Feature","geometry":{"type":"Point","coordinates":[137.2227,36.7572]},"properties":{"scalerank":6,"featurecla":"Port","name":"Toyama","website":null,"natlscale":20,"ne_id":1730088793,"tier":3}},{"type":"Feature","geometry":{"type":"Point","coordinates":[131.2378,33.9383]},"properties":{"scalerank":6,"featurecla":"Port","name":"Ube","website":null,"natlscale":20,"ne_id":1730088795,"tier":3}},{"type":"Feature","geometry":{"type":"Point","coordinates":[40.123,-3.2136]},"properties":{"scalerank":6,"featurecla":"Port","name":"Malindi","website":"www.kpa.co.ke","natlscale":20,"ne_id":1730088797,"tier":3}},{"type":"Feature","geometry":{"type":"Point","coordinates":[81.2039,8.5583]},"properties":{"scalerank":6,"featurecla":"Port","name":"Trincomalee","website":"www.slpa.lk","natlscale":20,"ne_id":1730088799,"tier":3}},{"type":"Feature","geometry":{"type":"Point","coordinates":[21.1342,55.6872]},"properties":{"scalerank":6,"featurecla":"Port","name":"Klaipeda","website":"www.portofklaipeda.lt","natlscale":20,"ne_id":1730088803,"ax":[{"a":"container","u":"roster","y":2024,"s":"cppi-2024","locode":"LTKLJ"}],"tier":2}},{"type":"Feature","geometry":{"type":"Point","coordinates":[-9.2427,32.3075]},"properties":{"scalerank":6,"featurecla":"Port","name":"Safi","website":"www.sodep.co.ma","natlscale":20,"ne_id":1730088805,"tier":3}},{"type":"Feature","geometry":{"type":"Point","coordinates":[-116.6228,31.8508]},"properties":{"scalerank":6,"featurecla":"Port","name":"Ensenada","website":"www.puertoensenada.com.mx","natlscale":20,"ne_id":1730088807,"ax":[{"a":"container","u":"roster","y":2024,"s":"cppi-2024","locode":"MXESE"}],"tier":2}},{"type":"Feature","geometry":{"type":"Point","coordinates":[-110.8688,27.9192]},"properties":{"scalerank":6,"featurecla":"Port","name":"Guaymas","website":"www.puertodeguaymas.com","natlscale":20,"ne_id":1730088809,"tier":3}},{"type":"Feature","geometry":{"type":"Point","coordinates":[-104.3009,19.0706]},"properties":{"scalerank":6,"featurecla":"Port","name":"Manzanillo","website":"www.puerto-de-manzanillo.com.mx","natlscale":20,"ne_id":1730088811,"ax":[{"a":"container","u":"roster","y":2024,"s":"cppi-2024","locode":"MXZLO"}],"tier":2}},{"type":"Feature","geometry":{"type":"Point","coordinates":[-95.2019,16.1572]},"properties":{"scalerank":6,"featurecla":"Port","name":"Salina Cruz","website":"www.apisal.com.mx","natlscale":20,"ne_id":1730088813,"tier":3}},{"type":"Feature","geometry":{"type":"Point","coordinates":[145.7349,15.2258]},"properties":{"scalerank":6,"featurecla":"Port","name":"Saipan","website":"www.cpa.gov.mp","natlscale":20,"ne_id":1730088815,"tier":3}},{"type":"Feature","geometry":{"type":"Point","coordinates":[-17.0418,20.9075]},"properties":{"scalerank":6,"featurecla":"Port","name":"Nouadhibou","website":null,"natlscale":20,"ne_id":1730088817,"tier":3}},{"type":"Feature","geometry":{"type":"Point","coordinates":[15.1537,-26.6378]},"properties":{"scalerank":6,"featurecla":"Port","name":"Luderitz","website":"www.namport.com","natlscale":20,"ne_id":1730088821,"tier":3}},{"type":"Feature","geometry":{"type":"Point","coordinates":[-83.7569,12.0119]},"properties":{"scalerank":6,"featurecla":"Port","name":"Bluefields","website":null,"natlscale":20,"ne_id":1730088823,"tier":3}},{"type":"Feature","geometry":{"type":"Point","coordinates":[6.1716,62.4725]},"properties":{"scalerank":6,"featurecla":"Port","name":"Alesund","website":"www.alesund.havn.no","natlscale":20,"ne_id":1730088825,"tier":3}},{"type":"Feature","geometry":{"type":"Point","coordinates":[29.7177,70.6342]},"properties":{"scalerank":6,"featurecla":"Port","name":"Batsfjord","website":null,"natlscale":20,"ne_id":1730088827,"tier":3}},{"type":"Feature","geometry":{"type":"Point","coordinates":[14.3727,67.2889]},"properties":{"scalerank":6,"featurecla":"Port","name":"Bodo","website":"www.bodohavn.no","natlscale":20,"ne_id":1730088829,"tier":3}},{"type":"Feature","geometry":{"type":"Point","coordinates":[23.6711,70.6672]},"properties":{"scalerank":6,"featurecla":"Port","name":"Hammerfest","website":null,"natlscale":20,"ne_id":1730088831,"tier":3}},{"type":"Feature","geometry":{"type":"Point","coordinates":[5.2557,59.4122]},"properties":{"scalerank":6,"featurecla":"Port","name":"Haugesund","website":"www.karmsund-havn.no","natlscale":20,"ne_id":1730088833,"tier":3}},{"type":"Feature","geometry":{"type":"Point","coordinates":[30.0557,69.7283]},"properties":{"scalerank":6,"featurecla":"Port","name":"Kirkenes","website":null,"natlscale":20,"ne_id":1730088835,"tier":3}},{"type":"Feature","geometry":{"type":"Point","coordinates":[7.7333,63.115]},"properties":{"scalerank":6,"featurecla":"Port","name":"Kristiansund","website":"www.knhavn.no","natlscale":20,"ne_id":1730088839,"tier":3}},{"type":"Feature","geometry":{"type":"Point","coordinates":[14.1237,66.315]},"properties":{"scalerank":6,"featurecla":"Port","name":"Mo i Rana","website":"www.portofmoirana.no","natlscale":20,"ne_id":1730088841,"tier":3}},{"type":"Feature","geometry":{"type":"Point","coordinates":[7.1574,62.7364]},"properties":{"scalerank":6,"featurecla":"Port","name":"Molde","website":"www.moldehavn.no","natlscale":20,"ne_id":1730088843,"tier":3}},{"type":"Feature","geometry":{"type":"Point","coordinates":[13.1869,65.8519]},"properties":{"scalerank":6,"featurecla":"Port","name":"Mosjoen","website":null,"natlscale":20,"ne_id":1730088845,"tier":3}},{"type":"Feature","geometry":{"type":"Point","coordinates":[17.4186,68.4386]},"properties":{"scalerank":6,"featurecla":"Port","name":"Narvik","website":"www.portofnarvik.com","natlscale":20,"ne_id":1730088847,"tier":3}},{"type":"Feature","geometry":{"type":"Point","coordinates":[5.7372,58.9789]},"properties":{"scalerank":6,"featurecla":"Port","name":"Stavanger","website":"www.stavanger-havn.no","natlscale":20,"ne_id":1730088849,"tier":3}},{"type":"Feature","geometry":{"type":"Point","coordinates":[29.7376,70.0711]},"properties":{"scalerank":6,"featurecla":"Port","name":"Vadso","website":null,"natlscale":20,"ne_id":1730088851,"tier":3}},{"type":"Feature","geometry":{"type":"Point","coordinates":[31.1039,70.3733]},"properties":{"scalerank":6,"featurecla":"Port","name":"Vardo","website":null,"natlscale":20,"ne_id":1730088853,"tier":3}},{"type":"Feature","geometry":{"type":"Point","coordinates":[174.0378,-39.0572]},"properties":{"scalerank":6,"featurecla":"Port","name":"New Plymouth","website":"www.porttaranaki.co.nz","natlscale":20,"ne_id":1730088857,"tier":3}},{"type":"Feature","geometry":{"type":"Point","coordinates":[178.0225,-38.6725]},"properties":{"scalerank":6,"featurecla":"Port","name":"Gisborne","website":"www.eastland.co.nz","natlscale":20,"ne_id":1730088859,"tier":3}},{"type":"Feature","geometry":{"type":"Point","coordinates":[171.2005,-42.4447]},"properties":{"scalerank":6,"featurecla":"Port","name":"Greymouth","website":"www.greydc.govt.nz","natlscale":20,"ne_id":1730088861,"tier":3}},{"type":"Feature","geometry":{"type":"Point","coordinates":[176.9181,-39.475]},"properties":{"scalerank":6,"featurecla":"Port","name":"Napier","website":"www.portofnapier.co.nz","natlscale":20,"ne_id":1730088863,"ax":[{"a":"container","u":"roster","y":2024,"s":"cppi-2024","locode":"NZNPE"}],"tier":2}},{"type":"Feature","geometry":{"type":"Point","coordinates":[176.1741,-37.6594]},"properties":{"scalerank":6,"featurecla":"Port","name":"Tauranga","website":"www.port-tauranga.co.nz","natlscale":20,"ne_id":1730088865,"ax":[{"a":"container","u":"roster","y":2024,"s":"cppi-2024","locode":"NZTRG"}],"tier":2}},{"type":"Feature","geometry":{"type":"Point","coordinates":[174.9895,-39.9442]},"properties":{"scalerank":6,"featurecla":"Port","name":"Wanganui","website":null,"natlscale":20,"ne_id":1730088867,"tier":3}},{"type":"Feature","geometry":{"type":"Point","coordinates":[171.5913,-41.7503]},"properties":{"scalerank":6,"featurecla":"Port","name":"Westport","website":"www.westportharbour.co.nz","natlscale":20,"ne_id":1730088869,"tier":3}},{"type":"Feature","geometry":{"type":"Point","coordinates":[174.3427,-35.7511]},"properties":{"scalerank":6,"featurecla":"Port","name":"Whangarei","website":"www.nrc.govt.nz","natlscale":20,"ne_id":1730088871,"tier":3}},{"type":"Feature","geometry":{"type":"Point","coordinates":[171.2542,-44.3892]},"properties":{"scalerank":6,"featurecla":"Port","name":"Timaru","website":"www.primeport.co.nz","natlscale":20,"ne_id":1730088875,"ax":[{"a":"container","u":"roster","y":2024,"s":"cppi-2024","locode":"NZTIU"}],"tier":2}},{"type":"Feature","geometry":{"type":"Point","coordinates":[-81.2746,-4.5731]},"properties":{"scalerank":6,"featurecla":"Port","name":"Talara","website":"www.ultramarnetwork.com/TextosPeru/Marc-014.html","natlscale":20,"ne_id":1730088877,"tier":3}},{"type":"Feature","geometry":{"type":"Point","coordinates":[123.6198,12.3681]},"properties":{"scalerank":6,"featurecla":"Port","name":"Masbate","website":"www.ppa.com.ph","natlscale":20,"ne_id":1730088879,"tier":3}},{"type":"Feature","geometry":{"type":"Point","coordinates":[120.2748,14.8083]},"properties":{"scalerank":6,"featurecla":"Port","name":"Subic Bay","website":"www.sbma.com","natlscale":20,"ne_id":1730088881,"ax":[{"a":"container","u":"roster","y":2024,"s":"cppi-2024","locode":"PHSFS"}],"tier":2}},{"type":"Feature","geometry":{"type":"Point","coordinates":[150.4511,-10.3128]},"properties":{"scalerank":6,"featurecla":"Port","name":"Alotau","website":"www.pngports.com.pg","natlscale":20,"ne_id":1730088883,"tier":3}},{"type":"Feature","geometry":{"type":"Point","coordinates":[150.7867,-2.5847]},"properties":{"scalerank":6,"featurecla":"Port","name":"Kavieng","website":"www.pngports.com.pg","natlscale":20,"ne_id":1730088885,"tier":3}},{"type":"Feature","geometry":{"type":"Point","coordinates":[155.6269,-6.2153]},"properties":{"scalerank":6,"featurecla":"Port","name":"Kieta","website":"www.pngports.com.pg","natlscale":20,"ne_id":1730088887,"tier":3}},{"type":"Feature","geometry":{"type":"Point","coordinates":[152.1851,-4.2411]},"properties":{"scalerank":6,"featurecla":"Port","name":"Rabaul","website":"www.pngports.com.pg","natlscale":20,"ne_id":1730088889,"tier":3}},{"type":"Feature","geometry":{"type":"Point","coordinates":[141.2923,-2.6836]},"properties":{"scalerank":6,"featurecla":"Port","name":"Vanimo","website":"www.pngports.com.pg","natlscale":20,"ne_id":1730088893,"tier":3}},{"type":"Feature","geometry":{"type":"Point","coordinates":[-66.6102,17.9681]},"properties":{"scalerank":6,"featurecla":"Port","name":"Ponce","website":"www.puertodelasamericaspr.com","natlscale":20,"ne_id":1730088895,"tier":3}},{"type":"Feature","geometry":{"type":"Point","coordinates":[-8.867,37.9428]},"properties":{"scalerank":6,"featurecla":"Port","name":"Sines","website":"www.portodesines.pt","natlscale":20,"ne_id":1730088897,"ax":[{"a":"container","u":"roster","y":2024,"s":"cppi-2024","locode":"PTSIE"}],"tier":2}},{"type":"Feature","geometry":{"type":"Point","coordinates":[-28.622,38.53]},"properties":{"scalerank":6,"featurecla":"Port","name":"Horta","website":null,"natlscale":20,"ne_id":1730088899,"tier":3}},{"type":"Feature","geometry":{"type":"Point","coordinates":[40.5564,64.5425]},"properties":{"scalerank":6,"featurecla":"Port","name":"Arkhangelsk","website":"www.ascp.ru","natlscale":20,"ne_id":1730088901,"tier":3}},{"type":"Feature","geometry":{"type":"Point","coordinates":[33.0415,68.9725]},"properties":{"scalerank":6,"featurecla":"Port","name":"Murmansk","website":null,"natlscale":20,"ne_id":1730088903,"tier":3}},{"type":"Feature","geometry":{"type":"Point","coordinates":[128.8729,71.6431]},"properties":{"scalerank":6,"featurecla":"Port","name":"Tiksi","website":null,"natlscale":20,"ne_id":1730088905,"tier":3}},{"type":"Feature","geometry":{"type":"Point","coordinates":[42.5353,16.8903]},"properties":{"scalerank":6,"featurecla":"Port","name":"Jizan","website":"www.ports.gov.sa","natlscale":20,"ne_id":1730088907,"tier":3}},{"type":"Feature","geometry":{"type":"Point","coordinates":[45,10.4408]},"properties":{"scalerank":6,"featurecla":"Port","name":"Berbera","website":null,"natlscale":20,"ne_id":1730088911,"ax":[{"a":"container","u":"roster","y":2024,"s":"cppi-2024","locode":"SOBBO"}],"tier":2}},{"type":"Feature","geometry":{"type":"Point","coordinates":[-57.0018,5.9517]},"properties":{"scalerank":6,"featurecla":"Port","name":"Nieuw Nickerie","website":null,"natlscale":20,"ne_id":1730088913,"tier":3}},{"type":"Feature","geometry":{"type":"Point","coordinates":[13.0016,55.6256]},"properties":{"scalerank":6,"featurecla":"Port","name":"Malmo","website":"www.cmport.com","natlscale":20,"ne_id":1730088915,"tier":3}},{"type":"Feature","geometry":{"type":"Point","coordinates":[17.1927,60.6844]},"properties":{"scalerank":6,"featurecla":"Port","name":"Gavle","website":"www.gavle.se","natlscale":20,"ne_id":1730088917,"ax":[{"a":"container","u":"roster","y":2024,"s":"cppi-2024","locode":"SEGVX"}],"tier":2}},{"type":"Feature","geometry":{"type":"Point","coordinates":[12.85,56.655]},"properties":{"scalerank":6,"featurecla":"Port","name":"Halmstad","website":"www.halmstadharbour.se","natlscale":20,"ne_id":1730088919,"ax":[{"a":"container","u":"roster","y":2024,"s":"cppi-2024","locode":"SEHAD"}],"tier":2}},{"type":"Feature","geometry":{"type":"Point","coordinates":[12.6876,56.0333]},"properties":{"scalerank":6,"featurecla":"Port","name":"Helsingborg","website":"www.port.helsingborg.se","natlscale":20,"ne_id":1730088921,"ax":[{"a":"container","u":"roster","y":2024,"s":"cppi-2024","locode":"SEHEL"}],"tier":2}},{"type":"Feature","geometry":{"type":"Point","coordinates":[17.1186,61.7217]},"properties":{"scalerank":6,"featurecla":"Port","name":"Hudiksvall","website":null,"natlscale":20,"ne_id":1730088923,"tier":3}},{"type":"Feature","geometry":{"type":"Point","coordinates":[16.3691,56.6592]},"properties":{"scalerank":6,"featurecla":"Port","name":"Kalmar","website":"www.kalmar.se/kalmarhamn","natlscale":20,"ne_id":1730088925,"tier":3}},{"type":"Feature","geometry":{"type":"Point","coordinates":[18.7259,63.2761]},"properties":{"scalerank":6,"featurecla":"Port","name":"Ornskoldsvik","website":null,"natlscale":20,"ne_id":1730088929,"tier":3}},{"type":"Feature","geometry":{"type":"Point","coordinates":[15.3,56.1747]},"properties":{"scalerank":6,"featurecla":"Port","name":"Ronneby","website":null,"natlscale":20,"ne_id":1730088931,"tier":3}},{"type":"Feature","geometry":{"type":"Point","coordinates":[17.0893,61.3083]},"properties":{"scalerank":6,"featurecla":"Port","name":"Soderhamn","website":"www.sshab.se","natlscale":20,"ne_id":1730088933,"tier":3}},{"type":"Feature","geometry":{"type":"Point","coordinates":[16.6519,57.7558]},"properties":{"scalerank":6,"featurecla":"Port","name":"Vastervik","website":"www.osterstroms.com","natlscale":20,"ne_id":1730088935,"tier":3}},{"type":"Feature","geometry":{"type":"Point","coordinates":[18.2746,57.6356]},"properties":{"scalerank":6,"featurecla":"Port","name":"Visby","website":"www.visbyport.com","natlscale":20,"ne_id":1730088937,"tier":3}},{"type":"Feature","geometry":{"type":"Point","coordinates":[27.508,40.9675]},"properties":{"scalerank":6,"featurecla":"Port","name":"Tekirdag","website":"www.akport.com.tr","natlscale":20,"ne_id":1730088939,"tier":3}},{"type":"Feature","geometry":{"type":"Point","coordinates":[39.1032,-5.0656]},"properties":{"scalerank":6,"featurecla":"Port","name":"Tanga","website":"www.tanzaniaports.com","natlscale":20,"ne_id":1730088941,"tier":3}},{"type":"Feature","geometry":{"type":"Point","coordinates":[32.6074,46.6186]},"properties":{"scalerank":6,"featurecla":"Port","name":"Kherson","website":"www.ukrport.org.ua","natlscale":20,"ne_id":1730088943,"tier":3}},{"type":"Feature","geometry":{"type":"Point","coordinates":[-57.8422,-34.4717]},"properties":{"scalerank":6,"featurecla":"Port","name":"Colonia","website":"www.anp.com.uy","natlscale":20,"ne_id":1730088947,"tier":3}},{"type":"Feature","geometry":{"type":"Point","coordinates":[-145.7564,60.55]},"properties":{"scalerank":6,"featurecla":"Port","name":"Cordova","website":"www.cityofcordova.net","natlscale":20,"ne_id":1730088949,"tier":3}},{"type":"Feature","geometry":{"type":"Point","coordinates":[-131.6713,55.3469]},"properties":{"scalerank":6,"featurecla":"Port","name":"Ketchikan","website":"www.city.ketchikan.ak.us","natlscale":20,"ne_id":1730088951,"tier":3}},{"type":"Feature","geometry":{"type":"Point","coordinates":[-68.7698,44.7919]},"properties":{"scalerank":6,"featurecla":"Port","name":"Bangor","website":"www.bangormaine.gov/cs_inf_harbor.php","natlscale":20,"ne_id":1730088953,"tier":3}},{"type":"Feature","geometry":{"type":"Point","coordinates":[-121.323,37.9506]},"properties":{"scalerank":6,"featurecla":"Port","name":"Stockton","website":"www.portofstockton.com","natlscale":20,"ne_id":1730088955,"tier":3}},{"type":"Feature","geometry":{"type":"Point","coordinates":[-73.1764,41.1725]},"properties":{"scalerank":6,"featurecla":"Port","name":"Bridgeport","website":"www.portofbridgeport.com","natlscale":20,"ne_id":1730088957,"tier":3}},{"type":"Feature","geometry":{"type":"Point","coordinates":[-72.9095,41.2864]},"properties":{"scalerank":6,"featurecla":"Port","name":"New Haven","website":"www.cityofnewhaven.com/PortAuthority","natlscale":20,"ne_id":1730088959,"tier":3}},{"type":"Feature","geometry":{"type":"Point","coordinates":[-80.1087,26.0844]},"properties":{"scalerank":6,"featurecla":"Port","name":"Port Everglades","website":"www.broward.org/port","natlscale":20,"ne_id":1730088961,"ax":[{"a":"container","u":"roster","y":2024,"s":"cppi-2024","locode":"USPEF"}],"tier":2}},{"type":"Feature","geometry":{"type":"Point","coordinates":[-81.1225,32.1108]},"properties":{"scalerank":6,"featurecla":"Port","name":"Savannah","website":"www.gaports.com","natlscale":20,"ne_id":1730088965,"ax":[{"a":"container","v":5.55,"u":"MTEU","y":2024,"r":35,"s":"wsc-top50-2024"},{"a":"container","u":"roster","y":2024,"s":"cppi-2024","locode":"USSAV"}],"tier":1}},{"type":"Feature","geometry":{"type":"Point","coordinates":[-70.2395,43.6533]},"properties":{"scalerank":6,"featurecla":"Port","name":"Portland","website":"www.portofportlandmaine.org","natlscale":20,"ne_id":1730088967,"tier":3}},{"type":"Feature","geometry":{"type":"Point","coordinates":[-89.0885,30.3586]},"properties":{"scalerank":6,"featurecla":"Port","name":"Gulfport","website":"www.shipmspa.com","natlscale":20,"ne_id":1730088969,"tier":3}},{"type":"Feature","geometry":{"type":"Point","coordinates":[-70.7686,43.0875]},"properties":{"scalerank":6,"featurecla":"Port","name":"Portsmouth","website":"www.portofnh.org","natlscale":20,"ne_id":1730088971,"tier":3}},{"type":"Feature","geometry":{"type":"Point","coordinates":[-74.1372,40.7]},"properties":{"scalerank":6,"featurecla":"Port","name":"Newark","website":"www.panynj.gov","natlscale":20,"ne_id":1730088973,"tier":3}},{"type":"Feature","geometry":{"type":"Point","coordinates":[-123.8262,46.1894]},"properties":{"scalerank":6,"featurecla":"Port","name":"Astoria","website":"www.portofastoria.com","natlscale":20,"ne_id":1730088975,"tier":3}},{"type":"Feature","geometry":{"type":"Point","coordinates":[-80.1087,26.0844]},"properties":{"scalerank":6,"featurecla":"Port","name":"Port Everglades","website":"www.broward.org/port","natlscale":20,"ne_id":1730088977,"tier":3}},{"type":"Feature","geometry":{"type":"Point","coordinates":[-97.4046,27.8128]},"properties":{"scalerank":6,"featurecla":"Port","name":"Corpus Christi","website":"www.portofcorpuschristi.com","natlscale":20,"ne_id":1730088979,"tier":3}},{"type":"Feature","geometry":{"type":"Point","coordinates":[-88.5372,30.3514]},"properties":{"scalerank":6,"featurecla":"Port","name":"Pascagoula","website":"www.portofpascagoula.com","natlscale":20,"ne_id":1730088983,"tier":3}},{"type":"Feature","geometry":{"type":"Point","coordinates":[-122.4042,47.2672]},"properties":{"scalerank":6,"featurecla":"Port","name":"Tacoma","website":"www.portoftacoma.com","natlscale":20,"ne_id":1730088985,"ax":[{"a":"container","u":"roster","y":2024,"s":"cppi-2024","locode":"USTIW"}],"tier":2}},{"type":"Feature","geometry":{"type":"Point","coordinates":[-94.0842,30.0778]},"properties":{"scalerank":6,"featurecla":"Port","name":"Beaumont","website":"www.portofbeaumont.com","natlscale":20,"ne_id":1730088987,"tier":3}},{"type":"Feature","geometry":{"type":"Point","coordinates":[-122.9007,47.0533]},"properties":{"scalerank":6,"featurecla":"Port","name":"Olympia","website":"www.portolympia.com","natlscale":20,"ne_id":1730088989,"tier":3}},{"type":"Feature","geometry":{"type":"Point","coordinates":[-123.4351,48.1308]},"properties":{"scalerank":6,"featurecla":"Port","name":"Port Angeles","website":"www.portofpa.com","natlscale":20,"ne_id":1730088991,"tier":3}},{"type":"Feature","geometry":{"type":"Point","coordinates":[-122.7532,48.1144]},"properties":{"scalerank":6,"featurecla":"Port","name":"Port Townsend","website":"www.portofpt.com","natlscale":20,"ne_id":1730088993,"tier":3}},{"type":"Feature","geometry":{"type":"Point","coordinates":[-67.9931,10.4772]},"properties":{"scalerank":6,"featurecla":"Port","name":"Puerto Cabello","website":"www.ipapc.gov.ve","natlscale":20,"ne_id":1730088995,"ax":[{"a":"container","u":"roster","y":2024,"s":"cppi-2024","locode":"VEPBL"}],"tier":2}},{"type":"Feature","geometry":{"type":"Point","coordinates":[49.1438,14.5222]},"properties":{"scalerank":6,"featurecla":"Port","name":"Mukalla","website":"www.portofaden.com","natlscale":20,"ne_id":1730088997,"tier":3}},{"type":"Feature","geometry":{"type":"Point","coordinates":[27.9048,-33.0253]},"properties":{"scalerank":6,"featurecla":"Port","name":"East London","website":"http://www.transnetnationalportsauthority.net","natlscale":20,"ne_id":1730089001,"tier":3}},{"type":"Feature","geometry":{"type":"Point","coordinates":[21.4183,-34.3753]},"properties":{"scalerank":6,"featurecla":"Port","name":"Mossel Bay","website":"www.transnetnationalportsauthority.net","natlscale":20,"ne_id":1730089003,"tier":3}},{"type":"Feature","geometry":{"type":"Point","coordinates":[32.0562,-28.8047]},"properties":{"scalerank":6,"featurecla":"Port","name":"Richards Bay","website":"www.transnetnationalportsauthority.net","natlscale":20,"ne_id":1730089005,"tier":3}},{"type":"Feature","geometry":{"type":"Point","coordinates":[-80.1,42.15]},"properties":{"scalerank":6,"featurecla":"Port","name":"Erie","website":null,"natlscale":20,"ne_id":1730089007,"tier":3}},{"type":"Feature","geometry":{"type":"Point","coordinates":[-83.86,43.6]},"properties":{"scalerank":6,"featurecla":"Port","name":"Bay City","website":null,"natlscale":20,"ne_id":1730089009,"tier":3}},{"type":"Feature","geometry":{"type":"Point","coordinates":[-87.88,43.03]},"properties":{"scalerank":6,"featurecla":"Port","name":"Milwaukee","website":null,"natlscale":20,"ne_id":1730089011,"tier":3}},{"type":"Feature","geometry":{"type":"Point","coordinates":[-124.21,43.36]},"properties":{"scalerank":6,"featurecla":"Port","name":"Coos Bay","website":null,"natlscale":20,"ne_id":1730089013,"tier":3}},{"type":"Feature","geometry":{"type":"Point","coordinates":[-135.33,57.05]},"properties":{"scalerank":6,"featurecla":"Port","name":"Sitka","website":null,"natlscale":20,"ne_id":1730089015,"tier":3}},{"type":"Feature","geometry":{"type":"Point","coordinates":[-152.4,57.78]},"properties":{"scalerank":6,"featurecla":"Port","name":"Kodiak","website":null,"natlscale":20,"ne_id":1730089019,"tier":3}},{"type":"Feature","geometry":{"type":"Point","coordinates":[13.5693,-12.3369]},"properties":{"scalerank":5,"featurecla":"Port","name":"Lobito","website":null,"natlscale":30,"ne_id":1730089021,"tier":3}},{"type":"Feature","geometry":{"type":"Point","coordinates":[54.3727,24.525]},"properties":{"scalerank":5,"featurecla":"Port","name":"Abu Dhabi","website":"www.portzayed.gov.ae","natlscale":30,"ne_id":1730089023,"ax":[{"a":"container","v":5.42,"u":"MTEU","y":2024,"r":39,"s":"wsc-top50-2024"}],"tier":1}},{"type":"Feature","geometry":{"type":"Point","coordinates":[-67.4599,-45.8558]},"properties":{"scalerank":5,"featurecla":"Port","name":"Comodoro Rivadavia","website":null,"natlscale":30,"ne_id":1730089025,"tier":3}},{"type":"Feature","geometry":{"type":"Point","coordinates":[-57.5333,-38.0428]},"properties":{"scalerank":5,"featurecla":"Port","name":"Mar del Plata","website":"www.consejoportuario.com.ar","natlscale":30,"ne_id":1730089027,"tier":3}},{"type":"Feature","geometry":{"type":"Point","coordinates":[145.7755,-16.9297]},"properties":{"scalerank":5,"featurecla":"Port","name":"Cairns","website":"www.cairnsport.com.au","natlscale":30,"ne_id":1730089029,"tier":3}},{"type":"Feature","geometry":{"type":"Point","coordinates":[122.2092,-18.0025]},"properties":{"scalerank":5,"featurecla":"Port","name":"Broome","website":"www.broomeport.com","natlscale":30,"ne_id":1730089031,"tier":3}},{"type":"Feature","geometry":{"type":"Point","coordinates":[146.3676,-41.1678]},"properties":{"scalerank":5,"featurecla":"Port","name":"Devonport","website":"www.tasports.com.au","natlscale":30,"ne_id":1730089033,"tier":3}},{"type":"Feature","geometry":{"type":"Point","coordinates":[147.3358,-42.8803]},"properties":{"scalerank":5,"featurecla":"Port","name":"Hobart","website":"www.tasports.com.au","natlscale":30,"ne_id":1730089037,"tier":3}},{"type":"Feature","geometry":{"type":"Point","coordinates":[4.2938,51.2978]},"properties":{"scalerank":5,"featurecla":"Port","name":"Antwerpen","website":"www.portofantwerp.be","natlscale":30,"ne_id":1730089039,"ax":[{"a":"container","v":13.5,"u":"MTEU","y":2024,"r":13,"s":"wsc-top50-2024"},{"a":"container","u":"roster","y":2024,"s":"cppi-2024","locode":"BEANR"}],"tier":1}},{"type":"Feature","geometry":{"type":"Point","coordinates":[27.8886,43.1944]},"properties":{"scalerank":5,"featurecla":"Port","name":"Varna","website":"www.port-varna.bg","natlscale":30,"ne_id":1730089041,"ax":[{"a":"container","u":"roster","y":2024,"s":"cppi-2024","locode":"BGVAR"}],"tier":2}},{"type":"Feature","geometry":{"type":"Point","coordinates":[-88.2019,17.4797]},"properties":{"scalerank":5,"featurecla":"Port","name":"Belize City","website":null,"natlscale":30,"ne_id":1730089043,"tier":3}},{"type":"Feature","geometry":{"type":"Point","coordinates":[-64.7764,32.2911]},"properties":{"scalerank":5,"featurecla":"Port","name":"Hamilton","website":null,"natlscale":30,"ne_id":1730089045,"tier":3}},{"type":"Feature","geometry":{"type":"Point","coordinates":[-48.4847,-1.4517]},"properties":{"scalerank":5,"featurecla":"Port","name":"Belem","website":"www.cdp.com.br","natlscale":30,"ne_id":1730089047,"tier":3}},{"type":"Feature","geometry":{"type":"Point","coordinates":[-48.5191,-25.5008]},"properties":{"scalerank":5,"featurecla":"Port","name":"Paranagua","website":"www.portosdoparana.pr.gov.br","natlscale":30,"ne_id":1730089049,"ax":[{"a":"container","u":"roster","y":2024,"s":"cppi-2024","locode":"BRPNG"}],"tier":2}},{"type":"Feature","geometry":{"type":"Point","coordinates":[-51.2241,-30.0175]},"properties":{"scalerank":5,"featurecla":"Port","name":"Porto Alegre","website":null,"natlscale":30,"ne_id":1730089051,"tier":3}},{"type":"Feature","geometry":{"type":"Point","coordinates":[-34.869,-8.0536]},"properties":{"scalerank":5,"featurecla":"Port","name":"Recife","website":"www.portodorecife.pe.gov.br","natlscale":30,"ne_id":1730089055,"tier":3}},{"type":"Feature","geometry":{"type":"Point","coordinates":[-38.5048,-12.9586]},"properties":{"scalerank":5,"featurecla":"Port","name":"Salvador","website":"www.codeba.com.br","natlscale":30,"ne_id":1730089057,"ax":[{"a":"container","u":"roster","y":2024,"s":"cppi-2024","locode":"BRSSA"}],"tier":2}},{"type":"Feature","geometry":{"type":"Point","coordinates":[-46.3005,-23.9689]},"properties":{"scalerank":5,"featurecla":"Port","name":"Santos","website":"www.portodesantos.com","natlscale":30,"ne_id":1730089059,"ax":[{"a":"container","v":5.48,"u":"MTEU","y":2024,"r":37,"s":"wsc-top50-2024"},{"a":"container","u":"roster","y":2024,"s":"cppi-2024","locode":"BRSSZ"}],"tier":1}},{"type":"Feature","geometry":{"type":"Point","coordinates":[-63.119,46.2317]},"properties":{"scalerank":5,"featurecla":"Port","name":"Charlottetown","website":null,"natlscale":30,"ne_id":1730089061,"tier":3}},{"type":"Feature","geometry":{"type":"Point","coordinates":[-63.5744,44.6569]},"properties":{"scalerank":5,"featurecla":"Port","name":"Halifax","website":"www.portofhalifax.ca","natlscale":30,"ne_id":1730089063,"ax":[{"a":"container","u":"roster","y":2024,"s":"cppi-2024","locode":"CAHAL"}],"tier":2}},{"type":"Feature","geometry":{"type":"Point","coordinates":[-123.9264,49.1694]},"properties":{"scalerank":5,"featurecla":"Port","name":"Nanaimo","website":"www.npa.ca","natlscale":30,"ne_id":1730089065,"tier":3}},{"type":"Feature","geometry":{"type":"Point","coordinates":[-71.209,46.8058]},"properties":{"scalerank":5,"featurecla":"Port","name":"Quebec","website":"www.portquebec.ca","natlscale":30,"ne_id":1730089067,"tier":3}},{"type":"Feature","geometry":{"type":"Point","coordinates":[-123.4065,48.4311]},"properties":{"scalerank":5,"featurecla":"Port","name":"Victoria","website":"www.victoriaharbour.org","natlscale":30,"ne_id":1730089069,"tier":3}},{"type":"Feature","geometry":{"type":"Point","coordinates":[-130.337,54.3097]},"properties":{"scalerank":5,"featurecla":"Port","name":"Prince Rupert","website":"www.rupertport.com","natlscale":30,"ne_id":1730089073,"ax":[{"a":"container","u":"roster","y":2024,"s":"cppi-2024","locode":"CAPRR"}],"tier":2}},{"type":"Feature","geometry":{"type":"Point","coordinates":[-66.0599,45.2678]},"properties":{"scalerank":5,"featurecla":"Port","name":"Saint-John","website":"www.sjport.com","natlscale":30,"ne_id":1730089075,"ax":[{"a":"container","u":"roster","y":2024,"s":"cppi-2024","locode":"CASJB"}],"tier":2}},{"type":"Feature","geometry":{"type":"Point","coordinates":[-70.4037,-23.6503]},"properties":{"scalerank":5,"featurecla":"Port","name":"Antofagasta","website":"www.puertoantofagasta.cl","natlscale":30,"ne_id":1730089077,"ax":[{"a":"container","u":"roster","y":2024,"s":"cppi-2024","locode":"CLANF"}],"tier":2}},{"type":"Feature","geometry":{"type":"Point","coordinates":[-70.1518,-20.2028]},"properties":{"scalerank":5,"featurecla":"Port","name":"Iquique","website":"www.epi.cl","natlscale":30,"ne_id":1730089079,"ax":[{"a":"container","u":"roster","y":2024,"s":"cppi-2024","locode":"CLIQQ"}],"tier":2}},{"type":"Feature","geometry":{"type":"Point","coordinates":[-72.9544,-41.4836]},"properties":{"scalerank":5,"featurecla":"Port","name":"Puerto Montt","website":"www.empormontt.cl","natlscale":30,"ne_id":1730089081,"tier":3}},{"type":"Feature","geometry":{"type":"Point","coordinates":[110.275,20.0278]},"properties":{"scalerank":5,"featurecla":"Port","name":"Haikou","website":null,"natlscale":30,"ne_id":1730089083,"tier":3}},{"type":"Feature","geometry":{"type":"Point","coordinates":[121.5534,29.8667]},"properties":{"scalerank":5,"featurecla":"Port","name":"Ningbo","website":"www.nbport.com.cn/wps/portal","natlscale":30,"ne_id":1730089085,"ax":[{"a":"container","v":39.3,"u":"MTEU","y":2024,"r":3,"s":"wsc-top50-2024"},{"a":"container","u":"roster","y":2024,"s":"cppi-2024","locode":"CNNBO"}],"tier":1}},{"type":"Feature","geometry":{"type":"Point","coordinates":[118.02,24.45]},"properties":{"scalerank":5,"featurecla":"Port","name":"Xiamen","website":"www.portxiamen.com.cn","natlscale":30,"ne_id":1730089087,"ax":[{"a":"container","v":12.26,"u":"MTEU","y":2024,"r":14,"s":"wsc-top50-2024"}],"tier":1}},{"type":"Feature","geometry":{"type":"Point","coordinates":[-3.9667,5.2331]},"properties":{"scalerank":5,"featurecla":"Port","name":"Abidjan","website":"www.paa-ci.org","natlscale":30,"ne_id":1730089091,"tier":3}},{"type":"Feature","geometry":{"type":"Point","coordinates":[9.6856,4.055]},"properties":{"scalerank":5,"featurecla":"Port","name":"Douala","website":"www.otal.com/cameroon/index.htm","natlscale":30,"ne_id":1730089093,"ax":[{"a":"container","u":"roster","y":2024,"s":"cppi-2024","locode":"CMDLA"}],"tier":2}},{"type":"Feature","geometry":{"type":"Point","coordinates":[11.8269,-4.7844]},"properties":{"scalerank":5,"featurecla":"Port","name":"Pointe Noire","website":null,"natlscale":30,"ne_id":1730089095,"ax":[{"a":"container","u":"roster","y":2024,"s":"cppi-2024","locode":"CGPNR"}],"tier":2}},{"type":"Feature","geometry":{"type":"Point","coordinates":[-74.7562,10.9672]},"properties":{"scalerank":5,"featurecla":"Port","name":"Barranquilla","website":"www.spdelnorte.com","natlscale":30,"ne_id":1730089097,"ax":[{"a":"container","u":"roster","y":2024,"s":"cppi-2024","locode":"COBAQ"}],"tier":2}},{"type":"Feature","geometry":{"type":"Point","coordinates":[43.2432,-11.7014]},"properties":{"scalerank":5,"featurecla":"Port","name":"Moroni","website":null,"natlscale":30,"ne_id":1730089099,"tier":3}},{"type":"Feature","geometry":{"type":"Point","coordinates":[-82.756,23.0064]},"properties":{"scalerank":5,"featurecla":"Port","name":"Mariel","website":null,"natlscale":30,"ne_id":1730089101,"ax":[{"a":"container","u":"roster","y":2024,"s":"cppi-2024","locode":"CUMAR"}],"tier":2}},{"type":"Feature","geometry":{"type":"Point","coordinates":[33.6393,34.9242]},"properties":{"scalerank":5,"featurecla":"Port","name":"Larnaca","website":"www.cpa.gov.cy","natlscale":30,"ne_id":1730089103,"tier":3}},{"type":"Feature","geometry":{"type":"Point","coordinates":[33.0177,34.65]},"properties":{"scalerank":5,"featurecla":"Port","name":"Limassol","website":"www.cpa.gov.cy","natlscale":30,"ne_id":1730089105,"ax":[{"a":"container","u":"roster","y":2024,"s":"cppi-2024","locode":"CYLMS"}],"tier":2}},{"type":"Feature","geometry":{"type":"Point","coordinates":[8.7511,53.0975]},"properties":{"scalerank":5,"featurecla":"Port","name":"Bremen","website":"www.bremen-ports.de","natlscale":30,"ne_id":1730089109,"ax":[{"a":"container","v":4.45,"u":"MTEU","y":2024,"r":46,"s":"wsc-top50-2024"}],"tier":1}},{"type":"Feature","geometry":{"type":"Point","coordinates":[9.9585,53.5247]},"properties":{"scalerank":5,"featurecla":"Port","name":"Hamburg","website":"www.hafen-hamburg.de","natlscale":30,"ne_id":1730089111,"ax":[{"a":"container","v":7.8,"u":"MTEU","y":2024,"r":26,"s":"wsc-top50-2024"},{"a":"container","u":"roster","y":2024,"s":"cppi-2024","locode":"DEHAM"}],"tier":1}},{"type":"Feature","geometry":{"type":"Point","coordinates":[43.1356,11.6019]},"properties":{"scalerank":5,"featurecla":"Port","name":"Djibouti","website":"www.dpworld-djiboutiport.com","natlscale":30,"ne_id":1730089113,"ax":[{"a":"container","u":"roster","y":2024,"s":"cppi-2024","locode":"DJJIB"}],"tier":2}},{"type":"Feature","geometry":{"type":"Point","coordinates":[10.0053,57.0611]},"properties":{"scalerank":5,"featurecla":"Port","name":"Aalborg","website":"www.aalborghavn.dk","natlscale":30,"ne_id":1730089115,"tier":3}},{"type":"Feature","geometry":{"type":"Point","coordinates":[9.7406,55.5581]},"properties":{"scalerank":5,"featurecla":"Port","name":"Fredericia","website":"www.adp-as.com","natlscale":30,"ne_id":1730089117,"ax":[{"a":"container","u":"roster","y":2024,"s":"cppi-2024","locode":"DKFRC"}],"tier":2}},{"type":"Feature","geometry":{"type":"Point","coordinates":[-0.4883,38.3353]},"properties":{"scalerank":5,"featurecla":"Port","name":"Alicante","website":"www.puertoalicante.com","natlscale":30,"ne_id":1730089119,"ax":[{"a":"container","u":"roster","y":2024,"s":"cppi-2024","locode":"ESALC"}],"tier":2}},{"type":"Feature","geometry":{"type":"Point","coordinates":[-3.0269,43.3425]},"properties":{"scalerank":5,"featurecla":"Port","name":"Bilbao","website":"www.bilbaoport.es","natlscale":30,"ne_id":1730089121,"ax":[{"a":"container","u":"roster","y":2024,"s":"cppi-2024","locode":"ESBIO"}],"tier":2}},{"type":"Feature","geometry":{"type":"Point","coordinates":[-0.3184,39.4442]},"properties":{"scalerank":5,"featurecla":"Port","name":"Valencia","website":"www.valenciaport.com","natlscale":30,"ne_id":1730089123,"ax":[{"a":"container","v":5.48,"u":"MTEU","y":2024,"r":38,"s":"wsc-top50-2024"},{"a":"container","u":"roster","y":2024,"s":"cppi-2024","locode":"ESVLC"}],"tier":1}},{"type":"Feature","geometry":{"type":"Point","coordinates":[-60.0707,-51.9556]},"properties":{"scalerank":5,"featurecla":"Port","name":"Fox Bay","website":null,"natlscale":30,"ne_id":1730089127,"tier":3}},{"type":"Feature","geometry":{"type":"Point","coordinates":[8.7388,41.92]},"properties":{"scalerank":5,"featurecla":"Port","name":"Ajaccio","website":"www.corse-du-sud.cci.fr","natlscale":30,"ne_id":1730089129,"tier":3}},{"type":"Feature","geometry":{"type":"Point","coordinates":[9.4519,42.7]},"properties":{"scalerank":5,"featurecla":"Port","name":"Bastia","website":"www.port-de-bastia.net","natlscale":30,"ne_id":1730089131,"tier":3}},{"type":"Feature","geometry":{"type":"Point","coordinates":[-0.5532,44.8653]},"properties":{"scalerank":5,"featurecla":"Port","name":"Bordeaux","website":"www.bordeaux-port.fr","natlscale":30,"ne_id":1730089133,"ax":[{"a":"container","u":"roster","y":2024,"s":"cppi-2024","locode":"FRBOD"}],"tier":2}},{"type":"Feature","geometry":{"type":"Point","coordinates":[1.8502,50.9658]},"properties":{"scalerank":5,"featurecla":"Port","name":"Calais","website":"www.calais-port.com","natlscale":30,"ne_id":1730089135,"tier":3}},{"type":"Feature","geometry":{"type":"Point","coordinates":[2.1709,51.0217]},"properties":{"scalerank":5,"featurecla":"Port","name":"Dunkerque","website":"www.portdedunkerque.fr","natlscale":30,"ne_id":1730089137,"ax":[{"a":"container","u":"roster","y":2024,"s":"cppi-2024","locode":"FRDKK"}],"tier":2}},{"type":"Feature","geometry":{"type":"Point","coordinates":[0.2351,49.4222]},"properties":{"scalerank":5,"featurecla":"Port","name":"Honfleur","website":"www.pays-auge.cci.fr/port/index.html","natlscale":30,"ne_id":1730089139,"tier":3}},{"type":"Feature","geometry":{"type":"Point","coordinates":[9.4337,0.4008]},"properties":{"scalerank":5,"featurecla":"Port","name":"Libreville","website":"www.ports-gabon.com","natlscale":30,"ne_id":1730089141,"tier":3}},{"type":"Feature","geometry":{"type":"Point","coordinates":[8.7853,-0.7119]},"properties":{"scalerank":5,"featurecla":"Port","name":"Port Gentil","website":"www.ports-gabon.com","natlscale":30,"ne_id":1730089145,"tier":3}},{"type":"Feature","geometry":{"type":"Point","coordinates":[-5.8911,54.6206]},"properties":{"scalerank":5,"featurecla":"Port","name":"Belfast","website":"www.belfast-harbour.co.uk","natlscale":30,"ne_id":1730089147,"ax":[{"a":"container","u":"roster","y":2024,"s":"cppi-2024","locode":"GBBEL"}],"tier":2}},{"type":"Feature","geometry":{"type":"Point","coordinates":[1.3221,51.1208]},"properties":{"scalerank":5,"featurecla":"Port","name":"Dover","website":"www.doverport.co.uk","natlscale":30,"ne_id":1730089149,"tier":3}},{"type":"Feature","geometry":{"type":"Point","coordinates":[-4.2347,57.4867]},"properties":{"scalerank":5,"featurecla":"Port","name":"Inverness","website":"www.invernessharbour.co.uk","natlscale":30,"ne_id":1730089151,"tier":3}},{"type":"Feature","geometry":{"type":"Point","coordinates":[-1.7385,4.8842]},"properties":{"scalerank":5,"featurecla":"Port","name":"Takoradi","website":"www.ghanaports.gov.gh","natlscale":30,"ne_id":1730089153,"tier":3}},{"type":"Feature","geometry":{"type":"Point","coordinates":[-61.7271,15.9964]},"properties":{"scalerank":5,"featurecla":"Port","name":"Basse-Terre","website":"www.port-guadeloupe.com","natlscale":30,"ne_id":1730089155,"tier":3}},{"type":"Feature","geometry":{"type":"Point","coordinates":[-61.5385,16.2339]},"properties":{"scalerank":5,"featurecla":"Port","name":"Pointe-a-Pitre","website":"www.port-guadeloupe.com","natlscale":30,"ne_id":1730089157,"ax":[{"a":"container","u":"roster","y":2024,"s":"cppi-2024","locode":"GPPTP"}],"tier":2}},{"type":"Feature","geometry":{"type":"Point","coordinates":[-16.5704,13.4444]},"properties":{"scalerank":5,"featurecla":"Port","name":"Banjul","website":"www.gambiaports.com","natlscale":30,"ne_id":1730089159,"tier":3}},{"type":"Feature","geometry":{"type":"Point","coordinates":[9.7381,1.8242]},"properties":{"scalerank":5,"featurecla":"Port","name":"Bata","website":null,"natlscale":30,"ne_id":1730089163,"ax":[{"a":"container","u":"roster","y":2024,"s":"cppi-2024","locode":"GQBSG"}],"tier":2}},{"type":"Feature","geometry":{"type":"Point","coordinates":[25.1411,35.3456]},"properties":{"scalerank":5,"featurecla":"Port","name":"Iraklion","website":"www.portheraklion.gr","natlscale":30,"ne_id":1730089165,"ax":[{"a":"container","u":"roster","y":2024,"s":"cppi-2024","locode":"GRHER"}],"tier":2}},{"type":"Feature","geometry":{"type":"Point","coordinates":[22.9177,40.635]},"properties":{"scalerank":5,"featurecla":"Port","name":"Thessaloniki","website":"www.thpa.gr","natlscale":30,"ne_id":1730089167,"ax":[{"a":"container","u":"roster","y":2024,"s":"cppi-2024","locode":"GRSKG"}],"tier":2}},{"type":"Feature","geometry":{"type":"Point","coordinates":[-52.3362,4.9353]},"properties":{"scalerank":5,"featurecla":"Port","name":"Cayenne","website":"www.guyane.cci.fr","natlscale":30,"ne_id":1730089169,"tier":3}},{"type":"Feature","geometry":{"type":"Point","coordinates":[-52.6243,5.1589]},"properties":{"scalerank":5,"featurecla":"Port","name":"Kourou","website":null,"natlscale":30,"ne_id":1730089171,"tier":3}},{"type":"Feature","geometry":{"type":"Point","coordinates":[-58.1672,6.8194]},"properties":{"scalerank":5,"featurecla":"Port","name":"Georgetown","website":"www.gnsc.com","natlscale":30,"ne_id":1730089173,"ax":[{"a":"container","u":"roster","y":2024,"s":"cppi-2024","locode":"GYGEO"}],"tier":2}},{"type":"Feature","geometry":{"type":"Point","coordinates":[-87.9402,15.8333]},"properties":{"scalerank":5,"featurecla":"Port","name":"Puerto Cortes","website":"www.enp.hn","natlscale":30,"ne_id":1730089175,"ax":[{"a":"container","u":"roster","y":2024,"s":"cppi-2024","locode":"HNPCR"}],"tier":2}},{"type":"Feature","geometry":{"type":"Point","coordinates":[15.2193,44.1175]},"properties":{"scalerank":5,"featurecla":"Port","name":"Zadar","website":"www.port-authority-zadar.hr","natlscale":30,"ne_id":1730089177,"tier":3}},{"type":"Feature","geometry":{"type":"Point","coordinates":[113.9167,-7.6167]},"properties":{"scalerank":5,"featurecla":"Port","name":"Surabaya","website":null,"natlscale":30,"ne_id":1730089181,"tier":3}},{"type":"Feature","geometry":{"type":"Point","coordinates":[124.8259,1.4819]},"properties":{"scalerank":5,"featurecla":"Port","name":"Manado","website":null,"natlscale":30,"ne_id":1730089183,"tier":3}},{"type":"Feature","geometry":{"type":"Point","coordinates":[117.2167,-1.05]},"properties":{"scalerank":5,"featurecla":"Port","name":"Senipah","website":"www.pertamina.com","natlscale":30,"ne_id":1730089185,"tier":3}},{"type":"Feature","geometry":{"type":"Point","coordinates":[72.206,21.77]},"properties":{"scalerank":5,"featurecla":"Port","name":"Bhavnagar","website":"www.gmbports.org","natlscale":30,"ne_id":1730089187,"tier":3}},{"type":"Feature","geometry":{"type":"Point","coordinates":[83.2872,17.6933]},"properties":{"scalerank":5,"featurecla":"Port","name":"Visakhapatnam","website":"www.vizagport.com","natlscale":30,"ne_id":1730089189,"tier":3}},{"type":"Feature","geometry":{"type":"Point","coordinates":[-8.6333,52.6628]},"properties":{"scalerank":5,"featurecla":"Port","name":"Limerick","website":"www.sfpc.ie","natlscale":30,"ne_id":1730089191,"tier":3}},{"type":"Feature","geometry":{"type":"Point","coordinates":[56.2042,27.1408]},"properties":{"scalerank":5,"featurecla":"Port","name":"Bandar Abbas","website":null,"natlscale":30,"ne_id":1730089193,"tier":3}},{"type":"Feature","geometry":{"type":"Point","coordinates":[-21.8379,64.1483]},"properties":{"scalerank":5,"featurecla":"Port","name":"Reykjavik","website":"www.reykjavik.is","natlscale":30,"ne_id":1730089195,"tier":3}},{"type":"Feature","geometry":{"type":"Point","coordinates":[-14.0042,65.2628]},"properties":{"scalerank":5,"featurecla":"Port","name":"Seydisfjordur","website":null,"natlscale":30,"ne_id":1730089199,"tier":3}},{"type":"Feature","geometry":{"type":"Point","coordinates":[13.7542,45.645]},"properties":{"scalerank":5,"featurecla":"Port","name":"Trieste","website":"www.porto.trieste.it","natlscale":30,"ne_id":1730089201,"ax":[{"a":"container","u":"roster","y":2024,"s":"cppi-2024","locode":"SIKOP"},{"a":"container","u":"roster","y":2024,"s":"cppi-2024","locode":"ITTRS"}],"tier":2}},{"type":"Feature","geometry":{"type":"Point","coordinates":[132.4214,34.3653]},"properties":{"scalerank":5,"featurecla":"Port","name":"Hiroshima","website":"www.pref.hiroshima.lg.jp","natlscale":30,"ne_id":1730089203,"tier":3}},{"type":"Feature","geometry":{"type":"Point","coordinates":[135.2381,34.6842]},"properties":{"scalerank":5,"featurecla":"Port","name":"Kobe","website":"www.kptc.or.jp","natlscale":30,"ne_id":1730089205,"ax":[{"a":"container","u":"roster","y":2024,"s":"cppi-2024","locode":"JPUKB"}],"tier":2}},{"type":"Feature","geometry":{"type":"Point","coordinates":[129.8595,32.7403]},"properties":{"scalerank":5,"featurecla":"Port","name":"Nagasaki","website":"www.doboku.pref.nagasaki.jp/~rinkai/kakukou/nagasaki.htm","natlscale":30,"ne_id":1730089207,"tier":3}},{"type":"Feature","geometry":{"type":"Point","coordinates":[141.0167,43.1969]},"properties":{"scalerank":5,"featurecla":"Port","name":"Otaru","website":null,"natlscale":30,"ne_id":1730089209,"tier":3}},{"type":"Feature","geometry":{"type":"Point","coordinates":[139.7885,35.6247]},"properties":{"scalerank":5,"featurecla":"Port","name":"Tokyo","website":"www.kouwan.metro.tokyo.jp","natlscale":30,"ne_id":1730089211,"ax":[{"a":"container","v":4.7,"u":"MTEU","y":2024,"r":45,"s":"wsc-top50-2024"},{"a":"container","u":"roster","y":2024,"s":"cppi-2024","locode":"JPTYO"}],"tier":1}},{"type":"Feature","geometry":{"type":"Point","coordinates":[-10.7938,6.3456]},"properties":{"scalerank":5,"featurecla":"Port","name":"Monrovia","website":"www.nationalportauthorityliberia.org","natlscale":30,"ne_id":1730089213,"ax":[{"a":"container","u":"roster","y":2024,"s":"cppi-2024","locode":"LRMLW"}],"tier":2}},{"type":"Feature","geometry":{"type":"Point","coordinates":[79.8502,6.9514]},"properties":{"scalerank":5,"featurecla":"Port","name":"Colombo","website":"www.slpa.lk","natlscale":30,"ne_id":1730089217,"ax":[{"a":"container","v":7.79,"u":"MTEU","y":2024,"r":28,"s":"wsc-top50-2024"},{"a":"container","u":"roster","y":2024,"s":"cppi-2024","locode":"LKCMB"}],"tier":1}},{"type":"Feature","geometry":{"type":"Point","coordinates":[-7.6002,33.6089]},"properties":{"scalerank":5,"featurecla":"Port","name":"Casablanca","website":"www.marsamaroc.co.ma","natlscale":30,"ne_id":1730089219,"ax":[{"a":"container","u":"roster","y":2024,"s":"cppi-2024","locode":"MACAS"}],"tier":2}},{"type":"Feature","geometry":{"type":"Point","coordinates":[7.4209,43.7319]},"properties":{"scalerank":5,"featurecla":"Port","name":"Monaco","website":null,"natlscale":30,"ne_id":1730089221,"tier":3}},{"type":"Feature","geometry":{"type":"Point","coordinates":[-99.9025,16.8444]},"properties":{"scalerank":5,"featurecla":"Port","name":"Acapulco","website":"www.apiacapulcoport.com","natlscale":30,"ne_id":1730089223,"tier":3}},{"type":"Feature","geometry":{"type":"Point","coordinates":[-106.3934,23.1922]},"properties":{"scalerank":5,"featurecla":"Port","name":"Mazatlan","website":"www.apimazatlan.com.mx","natlscale":30,"ne_id":1730089225,"ax":[{"a":"container","u":"roster","y":2024,"s":"cppi-2024","locode":"MXMZT"}],"tier":2}},{"type":"Feature","geometry":{"type":"Point","coordinates":[-97.8337,22.2369]},"properties":{"scalerank":5,"featurecla":"Port","name":"Tampico","website":"www.puertodetampico.com.mx","natlscale":30,"ne_id":1730089227,"tier":3}},{"type":"Feature","geometry":{"type":"Point","coordinates":[34.8335,-19.8192]},"properties":{"scalerank":5,"featurecla":"Port","name":"Beira","website":"www.cfmnet.co.mz","natlscale":30,"ne_id":1730089229,"ax":[{"a":"container","u":"roster","y":2024,"s":"cppi-2024","locode":"MZBEW"}],"tier":2}},{"type":"Feature","geometry":{"type":"Point","coordinates":[32.5571,-25.9728]},"properties":{"scalerank":5,"featurecla":"Port","name":"Maputo","website":"www.portmaputo.com","natlscale":30,"ne_id":1730089231,"ax":[{"a":"container","u":"roster","y":2024,"s":"cppi-2024","locode":"MZMPM"}],"tier":2}},{"type":"Feature","geometry":{"type":"Point","coordinates":[-16.0214,18.0353]},"properties":{"scalerank":5,"featurecla":"Port","name":"Nouakchott","website":null,"natlscale":30,"ne_id":1730089235,"ax":[{"a":"container","u":"roster","y":2024,"s":"cppi-2024","locode":"MRNKC"}],"tier":2}},{"type":"Feature","geometry":{"type":"Point","coordinates":[-62.2198,16.7033]},"properties":{"scalerank":5,"featurecla":"Port","name":"Plymouth","website":"www.giu.gov.ms","natlscale":30,"ne_id":1730089237,"tier":3}},{"type":"Feature","geometry":{"type":"Point","coordinates":[-61.0569,14.5992]},"properties":{"scalerank":5,"featurecla":"Port","name":"Fort-de-France","website":"www.martinique.cci.fr/port.asp","natlscale":30,"ne_id":1730089239,"ax":[{"a":"container","u":"roster","y":2024,"s":"cppi-2024","locode":"MQFDF"}],"tier":2}},{"type":"Feature","geometry":{"type":"Point","coordinates":[166.4259,-22.2597]},"properties":{"scalerank":5,"featurecla":"Port","name":"Noumea","website":null,"natlscale":30,"ne_id":1730089241,"ax":[{"a":"container","u":"roster","y":2024,"s":"cppi-2024","locode":"NCNOU"}],"tier":2}},{"type":"Feature","geometry":{"type":"Point","coordinates":[7.0032,4.7692]},"properties":{"scalerank":5,"featurecla":"Port","name":"Port Harcourt","website":"www.nigerianports.org","natlscale":30,"ne_id":1730089243,"ax":[{"a":"container","u":"roster","y":2024,"s":"cppi-2024","locode":"NGONN"}],"tier":2}},{"type":"Feature","geometry":{"type":"Point","coordinates":[-87.1691,12.4819]},"properties":{"scalerank":5,"featurecla":"Port","name":"Corinto","website":"www.epn.com.ni","natlscale":30,"ne_id":1730089245,"ax":[{"a":"container","u":"roster","y":2024,"s":"cppi-2024","locode":"NICIO"}],"tier":2}},{"type":"Feature","geometry":{"type":"Point","coordinates":[4.2929,51.9272]},"properties":{"scalerank":5,"featurecla":"Port","name":"Rotterdam","website":"www.portofrotterdam.com","natlscale":30,"ne_id":1730089247,"ax":[{"a":"container","v":13.82,"u":"MTEU","y":2024,"r":11,"s":"wsc-top50-2024"},{"a":"container","u":"roster","y":2024,"s":"cppi-2024","locode":"NLRTM"}],"tier":1}},{"type":"Feature","geometry":{"type":"Point","coordinates":[5.3197,60.3969]},"properties":{"scalerank":5,"featurecla":"Port","name":"Bergen","website":"www.bergenhavn.no","natlscale":30,"ne_id":1730089249,"tier":3}},{"type":"Feature","geometry":{"type":"Point","coordinates":[18.9688,69.6558]},"properties":{"scalerank":5,"featurecla":"Port","name":"Tromso","website":"www.tromso.havn.no","natlscale":30,"ne_id":1730089253,"tier":3}},{"type":"Feature","geometry":{"type":"Point","coordinates":[10.389,63.4378]},"properties":{"scalerank":5,"featurecla":"Port","name":"Trondheim","website":"www.trondheim.havn.no","natlscale":30,"ne_id":1730089255,"tier":3}},{"type":"Feature","geometry":{"type":"Point","coordinates":[173.272,-41.2597]},"properties":{"scalerank":5,"featurecla":"Port","name":"Nelson","website":"www.portnelson.co.nz","natlscale":30,"ne_id":1730089257,"ax":[{"a":"container","u":"roster","y":2024,"s":"cppi-2024","locode":"NZNSN"}],"tier":2}},{"type":"Feature","geometry":{"type":"Point","coordinates":[58.409,23.6067]},"properties":{"scalerank":5,"featurecla":"Port","name":"Muscat","website":"www.pscoman.com","natlscale":30,"ne_id":1730089259,"tier":3}},{"type":"Feature","geometry":{"type":"Point","coordinates":[123.9227,10.3064]},"properties":{"scalerank":5,"featurecla":"Port","name":"Cebu","website":null,"natlscale":30,"ne_id":1730089261,"ax":[{"a":"container","u":"roster","y":2024,"s":"cppi-2024","locode":"PHCEB"}],"tier":2}},{"type":"Feature","geometry":{"type":"Point","coordinates":[122.0714,6.9028]},"properties":{"scalerank":5,"featurecla":"Port","name":"Zamboanga","website":"www.ppa.com.ph","natlscale":30,"ne_id":1730089263,"tier":3}},{"type":"Feature","geometry":{"type":"Point","coordinates":[147.1511,-9.4672]},"properties":{"scalerank":5,"featurecla":"Port","name":"Port Moresby","website":"www.pngports.com.pg","natlscale":30,"ne_id":1730089265,"ax":[{"a":"container","u":"roster","y":2024,"s":"cppi-2024","locode":"PGPOM"}],"tier":2}},{"type":"Feature","geometry":{"type":"Point","coordinates":[143.6505,-3.57]},"properties":{"scalerank":5,"featurecla":"Port","name":"Wewak","website":"www.pngports.com.pg","natlscale":30,"ne_id":1730089267,"tier":3}},{"type":"Feature","geometry":{"type":"Point","coordinates":[-8.6186,41.1411]},"properties":{"scalerank":5,"featurecla":"Port","name":"Porto","website":null,"natlscale":30,"ne_id":1730089271,"tier":3}},{"type":"Feature","geometry":{"type":"Point","coordinates":[-25.6588,37.7369]},"properties":{"scalerank":5,"featurecla":"Port","name":"Ponta Delgada","website":null,"natlscale":30,"ne_id":1730089273,"tier":3}},{"type":"Feature","geometry":{"type":"Point","coordinates":[-149.5697,-17.5311]},"properties":{"scalerank":5,"featurecla":"Port","name":"Papeete","website":"www.portdepapeete.pf","natlscale":30,"ne_id":1730089275,"ax":[{"a":"container","u":"roster","y":2024,"s":"cppi-2024","locode":"PFPPT"}],"tier":2}},{"type":"Feature","geometry":{"type":"Point","coordinates":[51.5557,25.2981]},"properties":{"scalerank":5,"featurecla":"Port","name":"Doha","website":null,"natlscale":30,"ne_id":1730089277,"tier":3}},{"type":"Feature","geometry":{"type":"Point","coordinates":[20.4555,54.7]},"properties":{"scalerank":5,"featurecla":"Port","name":"Kaliningrad","website":"www.transmarine.ru/PORTINFO.HTM","natlscale":30,"ne_id":1730089279,"tier":3}},{"type":"Feature","geometry":{"type":"Point","coordinates":[131.8878,43.0944]},"properties":{"scalerank":5,"featurecla":"Port","name":"Vladivostok","website":"www.vmtp.ru","natlscale":30,"ne_id":1730089281,"tier":3}},{"type":"Feature","geometry":{"type":"Point","coordinates":[28.7264,60.705]},"properties":{"scalerank":5,"featurecla":"Port","name":"Vyborg","website":null,"natlscale":30,"ne_id":1730089283,"tier":3}},{"type":"Feature","geometry":{"type":"Point","coordinates":[37.2216,19.6158]},"properties":{"scalerank":5,"featurecla":"Port","name":"Port Sudan","website":"www.sudanports.gov.sd","natlscale":30,"ne_id":1730089285,"tier":3}},{"type":"Feature","geometry":{"type":"Point","coordinates":[45.3409,2.0289]},"properties":{"scalerank":5,"featurecla":"Port","name":"Mogadishu","website":null,"natlscale":30,"ne_id":1730089289,"ax":[{"a":"container","u":"roster","y":2024,"s":"cppi-2024","locode":"SOMGQ"}],"tier":2}},{"type":"Feature","geometry":{"type":"Point","coordinates":[-55.139,5.82]},"properties":{"scalerank":5,"featurecla":"Port","name":"Paramaribo","website":null,"natlscale":30,"ne_id":1730089291,"tier":3}},{"type":"Feature","geometry":{"type":"Point","coordinates":[11.87,57.6892]},"properties":{"scalerank":5,"featurecla":"Port","name":"Goteborg","website":null,"natlscale":30,"ne_id":1730089293,"ax":[{"a":"container","u":"roster","y":2024,"s":"cppi-2024","locode":"SEGOT"}],"tier":2}},{"type":"Feature","geometry":{"type":"Point","coordinates":[22.1583,65.5789]},"properties":{"scalerank":5,"featurecla":"Port","name":"Lulea","website":"www.lulea.se/hamnen","natlscale":30,"ne_id":1730089295,"tier":3}},{"type":"Feature","geometry":{"type":"Point","coordinates":[16.2257,58.6103]},"properties":{"scalerank":5,"featurecla":"Port","name":"Norrkoping","website":"www.norrkoping-port.se","natlscale":30,"ne_id":1730089297,"ax":[{"a":"container","u":"roster","y":2024,"s":"cppi-2024","locode":"SENRK"}],"tier":2}},{"type":"Feature","geometry":{"type":"Point","coordinates":[1.2849,6.1392]},"properties":{"scalerank":5,"featurecla":"Port","name":"Lome","website":"www.togoport.tg","natlscale":30,"ne_id":1730089299,"ax":[{"a":"container","u":"roster","y":2024,"s":"cppi-2024","locode":"TGLFW"}],"tier":2}},{"type":"Feature","geometry":{"type":"Point","coordinates":[27.1539,38.4439]},"properties":{"scalerank":5,"featurecla":"Port","name":"Izmir","website":"www.tcdd.gov.tr","natlscale":30,"ne_id":1730089301,"ax":[{"a":"container","u":"roster","y":2024,"s":"cppi-2024","locode":"TRIZM"}],"tier":2}},{"type":"Feature","geometry":{"type":"Point","coordinates":[120.3071,22.5653]},"properties":{"scalerank":5,"featurecla":"Port","name":"Kaohsiung","website":"www.khb.gov.tw","natlscale":30,"ne_id":1730089303,"ax":[{"a":"container","v":9.23,"u":"MTEU","y":2024,"r":21,"s":"wsc-top50-2024"},{"a":"container","u":"roster","y":2024,"s":"cppi-2024","locode":"TWKHH"}],"tier":1}},{"type":"Feature","geometry":{"type":"Point","coordinates":[120.5039,24.2583]},"properties":{"scalerank":5,"featurecla":"Port","name":"Taichung","website":"www.tchb.gov.tw","natlscale":30,"ne_id":1730089307,"ax":[{"a":"container","u":"roster","y":2024,"s":"cppi-2024","locode":"TWTXG"}],"tier":2}},{"type":"Feature","geometry":{"type":"Point","coordinates":[30.737,46.5011]},"properties":{"scalerank":5,"featurecla":"Port","name":"Odessa","website":"www.port.odessa.ua","natlscale":30,"ne_id":1730089309,"tier":3}},{"type":"Feature","geometry":{"type":"Point","coordinates":[-56.2042,-34.9006]},"properties":{"scalerank":5,"featurecla":"Port","name":"Montevideo","website":"www.anp.com.uy","natlscale":30,"ne_id":1730089311,"ax":[{"a":"container","u":"roster","y":2024,"s":"cppi-2024","locode":"UYMVD"}],"tier":2}},{"type":"Feature","geometry":{"type":"Point","coordinates":[-134.67,58.3792]},"properties":{"scalerank":5,"featurecla":"Port","name":"Juneau","website":"www.juneau.org","natlscale":30,"ne_id":1730089313,"tier":3}},{"type":"Feature","geometry":{"type":"Point","coordinates":[-165.4251,64.4983]},"properties":{"scalerank":5,"featurecla":"Port","name":"Nome","website":"www.nomealaska.org/port","natlscale":30,"ne_id":1730089315,"tier":3}},{"type":"Feature","geometry":{"type":"Point","coordinates":[-155.0686,19.7333]},"properties":{"scalerank":5,"featurecla":"Port","name":"Hilo","website":"www.state.hi.us/dot/harbors","natlscale":30,"ne_id":1730089317,"tier":3}},{"type":"Feature","geometry":{"type":"Point","coordinates":[-122.5004,48.7406]},"properties":{"scalerank":5,"featurecla":"Port","name":"Bellingham","website":"www.portofbellingham.com","natlscale":30,"ne_id":1730089319,"tier":3}},{"type":"Feature","geometry":{"type":"Point","coordinates":[-95.2021,29.7392]},"properties":{"scalerank":5,"featurecla":"Port","name":"Houston","website":"www.portofhouston.com","natlscale":30,"ne_id":1730089321,"ax":[{"a":"container","v":4.14,"u":"MTEU","y":2024,"r":48,"s":"wsc-top50-2024"},{"a":"container","u":"roster","y":2024,"s":"cppi-2024","locode":"USHOU"}],"tier":1}},{"type":"Feature","geometry":{"type":"Point","coordinates":[-97.3846,25.9572]},"properties":{"scalerank":5,"featurecla":"Port","name":"Brownsville","website":"www.portofbrownsville.com","natlscale":30,"ne_id":1730089325,"tier":3}},{"type":"Feature","geometry":{"type":"Point","coordinates":[-122.967,46.1128]},"properties":{"scalerank":5,"featurecla":"Port","name":"Longview","website":"www.portoflongview.com","natlscale":30,"ne_id":1730089327,"tier":3}},{"type":"Feature","geometry":{"type":"Point","coordinates":[-61.2429,13.1692]},"properties":{"scalerank":5,"featurecla":"Port","name":"Kingstown","website":"www.svgpa.com","natlscale":30,"ne_id":1730089329,"tier":3}},{"type":"Feature","geometry":{"type":"Point","coordinates":[-66.9402,10.6028]},"properties":{"scalerank":5,"featurecla":"Port","name":"La Guaira","website":"www.plcsa.gob.ve","natlscale":30,"ne_id":1730089331,"ax":[{"a":"container","u":"roster","y":2024,"s":"cppi-2024","locode":"VELAG"}],"tier":2}},{"type":"Feature","geometry":{"type":"Point","coordinates":[-71.5883,10.6836]},"properties":{"scalerank":5,"featurecla":"Port","name":"Maracaibo","website":"www.puertodemaracaibo.com","natlscale":30,"ne_id":1730089333,"tier":3}},{"type":"Feature","geometry":{"type":"Point","coordinates":[108.2232,16.0822]},"properties":{"scalerank":5,"featurecla":"Port","name":"Da Nang","website":"www.danangportvn.com","natlscale":30,"ne_id":1730089335,"ax":[{"a":"container","u":"roster","y":2024,"s":"cppi-2024","locode":"VNDAD"}],"tier":2}},{"type":"Feature","geometry":{"type":"Point","coordinates":[168.3058,-17.7472]},"properties":{"scalerank":5,"featurecla":"Port","name":"Port Vila","website":"www.vanuatugovernment.gov.vu","natlscale":30,"ne_id":1730089337,"tier":3}},{"type":"Feature","geometry":{"type":"Point","coordinates":[-171.7579,-13.8283]},"properties":{"scalerank":5,"featurecla":"Port","name":"Apia","website":"www.spasamoa.ws","natlscale":30,"ne_id":1730089339,"tier":3}},{"type":"Feature","geometry":{"type":"Point","coordinates":[42.9353,14.8336]},"properties":{"scalerank":5,"featurecla":"Port","name":"Hodeidah","website":null,"natlscale":30,"ne_id":1730089343,"tier":3}},{"type":"Feature","geometry":{"type":"Point","coordinates":[-75.7,45.43]},"properties":{"scalerank":5,"featurecla":"Port","name":"Ottawa","website":null,"natlscale":30,"ne_id":1730089345,"tier":3}},{"type":"Feature","geometry":{"type":"Point","coordinates":[-78.88,42.88]},"properties":{"scalerank":5,"featurecla":"Port","name":"Buffalo","website":null,"natlscale":30,"ne_id":1730089347,"tier":3}},{"type":"Feature","geometry":{"type":"Point","coordinates":[-81.71,41.5]},"properties":{"scalerank":5,"featurecla":"Port","name":"Cleveland","website":null,"natlscale":30,"ne_id":1730089349,"tier":3}},{"type":"Feature","geometry":{"type":"Point","coordinates":[-88.01,44.51]},"properties":{"scalerank":5,"featurecla":"Port","name":"Green Bay","website":null,"natlscale":30,"ne_id":1730089351,"tier":3}},{"type":"Feature","geometry":{"type":"Point","coordinates":[-92.1,46.76]},"properties":{"scalerank":5,"featurecla":"Port","name":"Duluth","website":null,"natlscale":30,"ne_id":1730089353,"tier":3}},{"type":"Feature","geometry":{"type":"Point","coordinates":[-124.18,40.8]},"properties":{"scalerank":5,"featurecla":"Port","name":"Eureka","website":null,"natlscale":30,"ne_id":1730089355,"tier":3}},{"type":"Feature","geometry":{"type":"Point","coordinates":[13.2509,-8.7839]},"properties":{"scalerank":4,"featurecla":"Port","name":"Luanda","website":"www.otal.com/angola","natlscale":50,"ne_id":1730089357,"ax":[{"a":"container","u":"roster","y":2024,"s":"cppi-2024","locode":"AOLAD"}],"tier":2}},{"type":"Feature","geometry":{"type":"Point","coordinates":[-68.2736,12.1483]},"properties":{"scalerank":4,"featurecla":"Port","name":"Kralendijk, Bonaire","website":null,"natlscale":50,"ne_id":1730089361,"tier":3}},{"type":"Feature","geometry":{"type":"Point","coordinates":[-63.0438,18.0144]},"properties":{"scalerank":4,"featurecla":"Port","name":"Philipsburg","website":null,"natlscale":50,"ne_id":1730089363,"ax":[{"a":"container","u":"roster","y":2024,"s":"cppi-2024","locode":"SXPHI"}],"tier":2}},{"type":"Feature","geometry":{"type":"Point","coordinates":[138.508,-34.7992]},"properties":{"scalerank":4,"featurecla":"Port","name":"Adelaide","website":"www.flindersports.com.au","natlscale":50,"ne_id":1730089365,"tier":3}},{"type":"Feature","geometry":{"type":"Point","coordinates":[153.1684,-27.3825]},"properties":{"scalerank":4,"featurecla":"Port","name":"Brisbane","website":"www.portbris.com.au","natlscale":50,"ne_id":1730089367,"ax":[{"a":"container","u":"roster","y":2024,"s":"cppi-2024","locode":"AUBNE"}],"tier":2}},{"type":"Feature","geometry":{"type":"Point","coordinates":[118.5732,-20.3175]},"properties":{"scalerank":4,"featurecla":"Port","name":"Port Hedland","website":"www.phpa.com.au","natlscale":50,"ne_id":1730089369,"tier":3}},{"type":"Feature","geometry":{"type":"Point","coordinates":[91.8259,22.2689]},"properties":{"scalerank":4,"featurecla":"Port","name":"Chittagong","website":"www.cpa.gov.bd","natlscale":50,"ne_id":1730089371,"ax":[{"a":"container","u":"roster","y":2024,"s":"cppi-2024","locode":"BDCGP"}],"tier":2}},{"type":"Feature","geometry":{"type":"Point","coordinates":[-59.6241,13.1069]},"properties":{"scalerank":4,"featurecla":"Port","name":"Bridgetown","website":"www.barbadosport.com","natlscale":50,"ne_id":1730089373,"ax":[{"a":"container","u":"roster","y":2024,"s":"cppi-2024","locode":"BBBGI"}],"tier":2}},{"type":"Feature","geometry":{"type":"Point","coordinates":[-73.5246,45.5436]},"properties":{"scalerank":4,"featurecla":"Port","name":"Montreal","website":"www.port-montreal.com","natlscale":50,"ne_id":1730089375,"ax":[{"a":"container","u":"roster","y":2024,"s":"cppi-2024","locode":"CAMTR"}],"tier":2}},{"type":"Feature","geometry":{"type":"Point","coordinates":[-70.9048,-53.1683]},"properties":{"scalerank":4,"featurecla":"Port","name":"Punta Arenas","website":"www.epa.co.cl","natlscale":50,"ne_id":1730089379,"tier":3}},{"type":"Feature","geometry":{"type":"Point","coordinates":[-73.2266,-39.8167]},"properties":{"scalerank":4,"featurecla":"Port","name":"Valdivia","website":null,"natlscale":50,"ne_id":1730089381,"tier":3}},{"type":"Feature","geometry":{"type":"Point","coordinates":[121.6504,38.9336]},"properties":{"scalerank":4,"featurecla":"Port","name":"Dalian","website":"www.portdalian.com","natlscale":50,"ne_id":1730089383,"ax":[{"a":"container","v":5.4,"u":"MTEU","y":2024,"r":40,"s":"wsc-top50-2024"}],"tier":1}},{"type":"Feature","geometry":{"type":"Point","coordinates":[119.3005,26.0475]},"properties":{"scalerank":4,"featurecla":"Port","name":"Fuzhou","website":null,"natlscale":50,"ne_id":1730089385,"ax":[{"a":"container","u":"roster","y":2024,"s":"cppi-2024","locode":"CNFZG"}],"tier":2}},{"type":"Feature","geometry":{"type":"Point","coordinates":[120.317,36.0958]},"properties":{"scalerank":4,"featurecla":"Port","name":"Qingdao","website":"www.qdport.com","natlscale":50,"ne_id":1730089387,"ax":[{"a":"container","v":30.87,"u":"MTEU","y":2024,"r":5,"s":"wsc-top50-2024"},{"a":"container","u":"roster","y":2024,"s":"cppi-2024","locode":"CNQIN"}],"tier":1}},{"type":"Feature","geometry":{"type":"Point","coordinates":[121.4872,31.2219]},"properties":{"scalerank":4,"featurecla":"Port","name":"Shanghai","website":"www.portshanghai.com.cn","natlscale":50,"ne_id":1730089389,"ax":[{"a":"container","v":51.51,"u":"MTEU","y":2024,"r":1,"s":"wsc-top50-2024"}],"tier":1}},{"type":"Feature","geometry":{"type":"Point","coordinates":[116.7041,23.3547]},"properties":{"scalerank":4,"featurecla":"Port","name":"Shantou","website":null,"natlscale":50,"ne_id":1730089391,"ax":[{"a":"container","u":"roster","y":2024,"s":"cppi-2024","locode":"CNSTG"}],"tier":2}},{"type":"Feature","geometry":{"type":"Point","coordinates":[-84.8042,9.9817]},"properties":{"scalerank":4,"featurecla":"Port","name":"Puntarenas","website":null,"natlscale":50,"ne_id":1730089393,"ax":[{"a":"container","u":"roster","y":2024,"s":"cppi-2024","locode":"CRCAL"}],"tier":2}},{"type":"Feature","geometry":{"type":"Point","coordinates":[10.1569,54.3308]},"properties":{"scalerank":4,"featurecla":"Port","name":"Kiel","website":"www.port-of-kiel.de","natlscale":50,"ne_id":1730089397,"tier":3}},{"type":"Feature","geometry":{"type":"Point","coordinates":[-61.386,15.2964]},"properties":{"scalerank":4,"featurecla":"Port","name":"Roseau","website":null,"natlscale":50,"ne_id":1730089399,"tier":3}},{"type":"Feature","geometry":{"type":"Point","coordinates":[-69.8759,18.4753]},"properties":{"scalerank":4,"featurecla":"Port","name":"Santo Domingo","website":"www.apordom.gov.do","natlscale":50,"ne_id":1730089401,"tier":3}},{"type":"Feature","geometry":{"type":"Point","coordinates":[-0.986,37.5894]},"properties":{"scalerank":4,"featurecla":"Port","name":"Cartagena","website":"www.apc.es","natlscale":50,"ne_id":1730089403,"tier":3}},{"type":"Feature","geometry":{"type":"Point","coordinates":[-8.7262,42.2425]},"properties":{"scalerank":4,"featurecla":"Port","name":"Vigo","website":"www.apvigo.com","natlscale":50,"ne_id":1730089405,"ax":[{"a":"container","u":"roster","y":2024,"s":"cppi-2024","locode":"ESVGO"}],"tier":2}},{"type":"Feature","geometry":{"type":"Point","coordinates":[-16.2266,28.4747]},"properties":{"scalerank":4,"featurecla":"Port","name":"Santa Cruz de Tenerife","website":"www.puertosdetenerife.org","natlscale":50,"ne_id":1730089407,"ax":[{"a":"container","u":"roster","y":2024,"s":"cppi-2024","locode":"ESSCT"}],"tier":2}},{"type":"Feature","geometry":{"type":"Point","coordinates":[24.6908,59.46]},"properties":{"scalerank":4,"featurecla":"Port","name":"Tallinn","website":"www.portoftallinn.com","natlscale":50,"ne_id":1730089409,"ax":[{"a":"container","u":"roster","y":2024,"s":"cppi-2024","locode":"EETLL"}],"tier":2}},{"type":"Feature","geometry":{"type":"Point","coordinates":[178.4211,-18.1325]},"properties":{"scalerank":4,"featurecla":"Port","name":"Suva","website":"www.fijiports.com.fj","natlscale":50,"ne_id":1730089411,"tier":3}},{"type":"Feature","geometry":{"type":"Point","coordinates":[6.6333,43.2706]},"properties":{"scalerank":4,"featurecla":"Port","name":"Saint-Tropez","website":null,"natlscale":50,"ne_id":1730089415,"tier":3}},{"type":"Feature","geometry":{"type":"Point","coordinates":[-4.3032,55.8631]},"properties":{"scalerank":4,"featurecla":"Port","name":"Glasgow","website":"www.glasgowharbour.com","natlscale":50,"ne_id":1730089417,"tier":3}},{"type":"Feature","geometry":{"type":"Point","coordinates":[-1.4244,50.9025]},"properties":{"scalerank":4,"featurecla":"Port","name":"Southampton","website":"www.abports.co.uk/custinfo/ports/soton.htm","natlscale":50,"ne_id":1730089419,"ax":[{"a":"container","u":"roster","y":2024,"s":"cppi-2024","locode":"GBSOU"}],"tier":2}},{"type":"Feature","geometry":{"type":"Point","coordinates":[-5.3572,36.1369]},"properties":{"scalerank":4,"featurecla":"Port","name":"Gibraltar","website":"www.gibraltarport.com","natlscale":50,"ne_id":1730089421,"tier":3}},{"type":"Feature","geometry":{"type":"Point","coordinates":[-13.7099,9.5164]},"properties":{"scalerank":4,"featurecla":"Port","name":"Conakry","website":null,"natlscale":50,"ne_id":1730089423,"ax":[{"a":"container","u":"roster","y":2024,"s":"cppi-2024","locode":"GNCKY"}],"tier":2}},{"type":"Feature","geometry":{"type":"Point","coordinates":[-15.5727,11.8583]},"properties":{"scalerank":4,"featurecla":"Port","name":"Bissau","website":null,"natlscale":50,"ne_id":1730089425,"tier":3}},{"type":"Feature","geometry":{"type":"Point","coordinates":[24.0097,35.5181]},"properties":{"scalerank":4,"featurecla":"Port","name":"Canea","website":null,"natlscale":50,"ne_id":1730089427,"tier":3}},{"type":"Feature","geometry":{"type":"Point","coordinates":[21.3186,37.6464]},"properties":{"scalerank":4,"featurecla":"Port","name":"Katakolon","website":null,"natlscale":50,"ne_id":1730089429,"tier":3}},{"type":"Feature","geometry":{"type":"Point","coordinates":[-90.8413,13.9156]},"properties":{"scalerank":4,"featurecla":"Port","name":"San Jose","website":"www.cocatram.org.ni/puertosca/pto_sanjose_guatemala.html","natlscale":50,"ne_id":1730089433,"ax":[{"a":"container","u":"roster","y":2024,"s":"cppi-2024","locode":"GTPRQ"}],"tier":2}},{"type":"Feature","geometry":{"type":"Point","coordinates":[114.1562,22.3211]},"properties":{"scalerank":4,"featurecla":"Port","name":"Hong Kong","website":"www.mardep.gov.hk","natlscale":50,"ne_id":1730089435,"ax":[{"a":"container","v":13.69,"u":"MTEU","y":2024,"r":12,"s":"wsc-top50-2024"},{"a":"container","u":"roster","y":2024,"s":"cppi-2024","locode":"HKHKG"}],"tier":1}},{"type":"Feature","geometry":{"type":"Point","coordinates":[-72.3397,18.5658]},"properties":{"scalerank":4,"featurecla":"Port","name":"Port-au-Prince","website":"www.apn.gouv.ht","natlscale":50,"ne_id":1730089437,"tier":3}},{"type":"Feature","geometry":{"type":"Point","coordinates":[112.7239,-7.2064]},"properties":{"scalerank":4,"featurecla":"Port","name":"Surabaya","website":"www.tps.co.id","natlscale":50,"ne_id":1730089439,"ax":[{"a":"container","v":4.3,"u":"MTEU","y":2024,"r":47,"s":"wsc-top50-2024"},{"a":"container","u":"roster","y":2024,"s":"cppi-2024","locode":"IDSUB"}],"tier":1}},{"type":"Feature","geometry":{"type":"Point","coordinates":[-6.206,53.3444]},"properties":{"scalerank":4,"featurecla":"Port","name":"Dublin","website":"www.dublinport.ie","natlscale":50,"ne_id":1730089441,"tier":3}},{"type":"Feature","geometry":{"type":"Point","coordinates":[-7.1188,52.2664]},"properties":{"scalerank":4,"featurecla":"Port","name":"Waterford","website":"www.portofwaterford.com","natlscale":50,"ne_id":1730089443,"tier":3}},{"type":"Feature","geometry":{"type":"Point","coordinates":[35.0183,32.8225]},"properties":{"scalerank":4,"featurecla":"Port","name":"Haifa","website":"www.haifaport.org.il","natlscale":50,"ne_id":1730089445,"ax":[{"a":"container","u":"roster","y":2024,"s":"cppi-2024","locode":"ILHFA"}],"tier":2}},{"type":"Feature","geometry":{"type":"Point","coordinates":[10.3019,43.5558]},"properties":{"scalerank":4,"featurecla":"Port","name":"Livorno","website":"www.porto.livorno.it","natlscale":50,"ne_id":1730089447,"ax":[{"a":"container","u":"roster","y":2024,"s":"cppi-2024","locode":"ITLIV"}],"tier":2}},{"type":"Feature","geometry":{"type":"Point","coordinates":[13.9381,40.7453]},"properties":{"scalerank":4,"featurecla":"Port","name":"Ischia","website":null,"natlscale":50,"ne_id":1730089451,"tier":3}},{"type":"Feature","geometry":{"type":"Point","coordinates":[-76.8248,17.9817]},"properties":{"scalerank":4,"featurecla":"Port","name":"Kingston","website":"www.portjam.com","natlscale":50,"ne_id":1730089453,"ax":[{"a":"container","u":"roster","y":2024,"s":"cppi-2024","locode":"JMKIN"}],"tier":2}},{"type":"Feature","geometry":{"type":"Point","coordinates":[130.8542,33.9225]},"properties":{"scalerank":4,"featurecla":"Port","name":"Kitakyushu","website":"www.kitaqport.or.jp","natlscale":50,"ne_id":1730089455,"tier":3}},{"type":"Feature","geometry":{"type":"Point","coordinates":[39.6221,-4.0531]},"properties":{"scalerank":4,"featurecla":"Port","name":"Mombasa","website":"www.kpa.co.ke","natlscale":50,"ne_id":1730089457,"ax":[{"a":"container","u":"roster","y":2024,"s":"cppi-2024","locode":"KEMBA"}],"tier":2}},{"type":"Feature","geometry":{"type":"Point","coordinates":[104.9209,11.5831]},"properties":{"scalerank":4,"featurecla":"Port","name":"Phnom Penh","website":"www.ppap.com.kh","natlscale":50,"ne_id":1730089459,"tier":3}},{"type":"Feature","geometry":{"type":"Point","coordinates":[35.5195,33.905]},"properties":{"scalerank":4,"featurecla":"Port","name":"Beirut","website":"www.portdebeyrouth.com","natlscale":50,"ne_id":1730089461,"ax":[{"a":"container","u":"roster","y":2024,"s":"cppi-2024","locode":"LBBEY"}],"tier":2}},{"type":"Feature","geometry":{"type":"Point","coordinates":[73.5071,4.175]},"properties":{"scalerank":4,"featurecla":"Port","name":"Male","website":"www.maldport.com.mv","natlscale":50,"ne_id":1730089463,"tier":3}},{"type":"Feature","geometry":{"type":"Point","coordinates":[-96.1337,19.2083]},"properties":{"scalerank":4,"featurecla":"Port","name":"Veracruz","website":"www.puertodeveracruz.com.mx","natlscale":50,"ne_id":1730089465,"ax":[{"a":"container","u":"roster","y":2024,"s":"cppi-2024","locode":"MXVER"}],"tier":2}},{"type":"Feature","geometry":{"type":"Point","coordinates":[96.1688,16.7658]},"properties":{"scalerank":4,"featurecla":"Port","name":"Yangon","website":"www.mot.gov.mm/mpa/index.html","natlscale":50,"ne_id":1730089469,"ax":[{"a":"container","u":"roster","y":2024,"s":"cppi-2024","locode":"MMRGN"}],"tier":2}},{"type":"Feature","geometry":{"type":"Point","coordinates":[174.7899,-41.2775]},"properties":{"scalerank":4,"featurecla":"Port","name":"Wellington","website":"www.centreport.co.nz","natlscale":50,"ne_id":1730089471,"ax":[{"a":"container","u":"roster","y":2024,"s":"cppi-2024","locode":"NZWLG"}],"tier":2}},{"type":"Feature","geometry":{"type":"Point","coordinates":[14.5858,53.4306]},"properties":{"scalerank":4,"featurecla":"Port","name":"Szczecin","website":"www.port.szczecin.pl","natlscale":50,"ne_id":1730089473,"tier":3}},{"type":"Feature","geometry":{"type":"Point","coordinates":[39.159,21.4586]},"properties":{"scalerank":4,"featurecla":"Port","name":"Jeddah","website":"www.ports.gov.sa","natlscale":50,"ne_id":1730089475,"ax":[{"a":"container","u":"roster","y":2024,"s":"cppi-2024","locode":"SAJED"}],"tier":2}},{"type":"Feature","geometry":{"type":"Point","coordinates":[-17.4251,14.6822]},"properties":{"scalerank":4,"featurecla":"Port","name":"Dakar","website":"www.portdakar.sn","natlscale":50,"ne_id":1730089477,"ax":[{"a":"container","u":"roster","y":2024,"s":"cppi-2024","locode":"SNDKR"}],"tier":2}},{"type":"Feature","geometry":{"type":"Point","coordinates":[103.7221,1.2928]},"properties":{"scalerank":4,"featurecla":"Port","name":"Singapore","website":"www.mpa.gov.sg","natlscale":50,"ne_id":1730089479,"ax":[{"a":"container","v":41.12,"u":"MTEU","y":2024,"r":2,"s":"wsc-top50-2024"}],"tier":1}},{"type":"Feature","geometry":{"type":"Point","coordinates":[-13.208,8.4942]},"properties":{"scalerank":4,"featurecla":"Port","name":"Freetown","website":null,"natlscale":50,"ne_id":1730089481,"ax":[{"a":"container","u":"roster","y":2024,"s":"cppi-2024","locode":"SLFNA"}],"tier":2}},{"type":"Feature","geometry":{"type":"Point","coordinates":[18.1094,59.335]},"properties":{"scalerank":4,"featurecla":"Port","name":"Stockholm","website":"www.stoports.com","natlscale":50,"ne_id":1730089483,"tier":3}},{"type":"Feature","geometry":{"type":"Point","coordinates":[100.5691,13.6069]},"properties":{"scalerank":4,"featurecla":"Port","name":"Bangkok","website":"www.bmt.co.th","natlscale":50,"ne_id":1730089487,"tier":3}},{"type":"Feature","geometry":{"type":"Point","coordinates":[26.522,40.2647]},"properties":{"scalerank":4,"featurecla":"Port","name":"Canakkale","website":"www.canakkale.gov.tr","natlscale":50,"ne_id":1730089489,"tier":3}},{"type":"Feature","geometry":{"type":"Point","coordinates":[-149.8877,61.2356]},"properties":{"scalerank":4,"featurecla":"Port","name":"Anchorage","website":"www.muni.org","natlscale":50,"ne_id":1730089491,"tier":3}},{"type":"Feature","geometry":{"type":"Point","coordinates":[-118.2007,33.7489]},"properties":{"scalerank":4,"featurecla":"Port","name":"Long Beach","website":"www.polb.com","natlscale":50,"ne_id":1730089493,"ax":[{"a":"container","v":9.65,"u":"MTEU","y":2024,"r":19,"s":"wsc-top50-2024"},{"a":"container","u":"roster","y":2024,"s":"cppi-2024","locode":"USLGB"}],"tier":1}},{"type":"Feature","geometry":{"type":"Point","coordinates":[-122.3012,37.7994]},"properties":{"scalerank":4,"featurecla":"Port","name":"Oakland","website":"www.portofoakland.com","natlscale":50,"ne_id":1730089495,"ax":[{"a":"container","u":"roster","y":2024,"s":"cppi-2024","locode":"USOAK"}],"tier":2}},{"type":"Feature","geometry":{"type":"Point","coordinates":[-81.5592,30.3808]},"properties":{"scalerank":4,"featurecla":"Port","name":"Jacksonville","website":"www.jaxport.com","natlscale":50,"ne_id":1730089497,"tier":3}},{"type":"Feature","geometry":{"type":"Point","coordinates":[-75.1346,39.8953]},"properties":{"scalerank":4,"featurecla":"Port","name":"Philadelphia","website":"www.philaport.com","natlscale":50,"ne_id":1730089499,"tier":3}},{"type":"Feature","geometry":{"type":"Point","coordinates":[-79.9236,32.8222]},"properties":{"scalerank":4,"featurecla":"Port","name":"Charleston","website":"www.scspa.com","natlscale":50,"ne_id":1730089501,"ax":[{"a":"container","u":"roster","y":2024,"s":"cppi-2024","locode":"USCHS"}],"tier":2}},{"type":"Feature","geometry":{"type":"Point","coordinates":[-71.3244,41.4825]},"properties":{"scalerank":4,"featurecla":"Port","name":"Newport","website":null,"natlscale":50,"ne_id":1730089505,"tier":3}},{"type":"Feature","geometry":{"type":"Point","coordinates":[106.7218,10.7939]},"properties":{"scalerank":4,"featurecla":"Port","name":"Ho Chi Minh City","website":"www.vpa.org.vn/english/members/south/saigonnew.htm","natlscale":50,"ne_id":1730089507,"ax":[{"a":"container","v":9.16,"u":"MTEU","y":2024,"r":22,"s":"wsc-top50-2024"},{"a":"container","u":"roster","y":2024,"s":"cppi-2024","locode":"VNCLI"},{"a":"container","u":"roster","y":2024,"s":"cppi-2024","locode":"VNSGN"}],"tier":1}},{"type":"Feature","geometry":{"type":"Point","coordinates":[44.9897,12.7956]},"properties":{"scalerank":4,"featurecla":"Port","name":"Aden","website":"www.portofaden.com","natlscale":50,"ne_id":1730089509,"ax":[{"a":"container","u":"roster","y":2024,"s":"cppi-2024","locode":"YEADE"}],"tier":2}},{"type":"Feature","geometry":{"type":"Point","coordinates":[31.0234,-29.8811]},"properties":{"scalerank":4,"featurecla":"Port","name":"Durban","website":"www.transnetnationalportsauthority.net","natlscale":50,"ne_id":1730089511,"ax":[{"a":"container","u":"roster","y":2024,"s":"cppi-2024","locode":"ZADUR"}],"tier":2}},{"type":"Feature","geometry":{"type":"Point","coordinates":[25.6353,-33.9614]},"properties":{"scalerank":4,"featurecla":"Port","name":"Port Elizabeth","website":"www.transnetnationalportsauthority.net","natlscale":50,"ne_id":1730089513,"ax":[{"a":"container","u":"roster","y":2024,"s":"cppi-2024","locode":"ZAPLZ"}],"tier":2}},{"type":"Feature","geometry":{"type":"Point","coordinates":[25.6353,-33.9614]},"properties":{"scalerank":4,"featurecla":"Port","name":"Port Elizabeth","website":"www.transnetnationalportsauthority.net","natlscale":50,"ne_id":1730089515,"tier":3}},{"type":"Feature","geometry":{"type":"Point","coordinates":[-83.03,42.33]},"properties":{"scalerank":4,"featurecla":"Port","name":"Detroit","website":null,"natlscale":50,"ne_id":1730089517,"tier":3}},{"type":"Feature","geometry":{"type":"Point","coordinates":[-90.16,35.06]},"properties":{"scalerank":4,"featurecla":"Port","name":"Port Of Memphis","website":null,"natlscale":50,"ne_id":1730089519,"tier":3}},{"type":"Feature","geometry":{"type":"Point","coordinates":[-90.2,38.71]},"properties":{"scalerank":4,"featurecla":"Port","name":"Tri-City Port","website":null,"natlscale":50,"ne_id":1730089523,"tier":3}},{"type":"Feature","geometry":{"type":"Point","coordinates":[24.96,60.16]},"properties":{"scalerank":4,"featurecla":"Port","name":"Helsinki","website":null,"natlscale":50,"ne_id":1730089525,"ax":[{"a":"container","u":"roster","y":2024,"s":"cppi-2024","locode":"FIHEL"}],"tier":2}},{"type":"Feature","geometry":{"type":"Point","coordinates":[30.3,59.93]},"properties":{"scalerank":4,"featurecla":"Port","name":"Sankt-Peterburg","website":null,"natlscale":50,"ne_id":1730089527,"tier":3}},{"type":"Feature","geometry":{"type":"Point","coordinates":[-70.0388,12.52]},"properties":{"scalerank":3,"featurecla":"Port","name":"Oranjestad","website":"www.arubaports.com","natlscale":75,"ne_id":1730089529,"tier":3}},{"type":"Feature","geometry":{"type":"Point","coordinates":[55.2693,25.2672]},"properties":{"scalerank":3,"featurecla":"Port","name":"Dubai","website":"www.dpa.ae","natlscale":75,"ne_id":1730089531,"ax":[{"a":"container","u":"roster","y":2024,"s":"cppi-2024","locode":"AESHJ"}],"tier":2}},{"type":"Feature","geometry":{"type":"Point","coordinates":[-58.3697,-34.5992]},"properties":{"scalerank":3,"featurecla":"Port","name":"Buenos Aires","website":"www.puertobuenosaires.gov.ar","natlscale":75,"ne_id":1730089533,"ax":[{"a":"container","u":"roster","y":2024,"s":"cppi-2024","locode":"ARBUE"}],"tier":2}},{"type":"Feature","geometry":{"type":"Point","coordinates":[130.8549,-12.4703]},"properties":{"scalerank":3,"featurecla":"Port","name":"Darwin","website":"www.darwinport.nt.gov.au","natlscale":75,"ne_id":1730089535,"tier":3}},{"type":"Feature","geometry":{"type":"Point","coordinates":[144.9172,-37.8328]},"properties":{"scalerank":3,"featurecla":"Port","name":"Melbourne","website":"www.portofmelbourne.com","natlscale":75,"ne_id":1730089537,"ax":[{"a":"container","u":"roster","y":2024,"s":"cppi-2024","locode":"AUMEL"}],"tier":2}},{"type":"Feature","geometry":{"type":"Point","coordinates":[115.8555,-31.9653]},"properties":{"scalerank":3,"featurecla":"Port","name":"Perth","website":null,"natlscale":75,"ne_id":1730089541,"tier":3}},{"type":"Feature","geometry":{"type":"Point","coordinates":[151.1892,-33.8622]},"properties":{"scalerank":3,"featurecla":"Port","name":"Sydney","website":"www.sydneyports.com.au","natlscale":75,"ne_id":1730089543,"tier":3}},{"type":"Feature","geometry":{"type":"Point","coordinates":[2.4223,6.3467]},"properties":{"scalerank":3,"featurecla":"Port","name":"Cotonou","website":"www.portdecotonou.com","natlscale":75,"ne_id":1730089545,"ax":[{"a":"container","u":"roster","y":2024,"s":"cppi-2024","locode":"BJCOO"}],"tier":2}},{"type":"Feature","geometry":{"type":"Point","coordinates":[-77.3213,25.0767]},"properties":{"scalerank":3,"featurecla":"Port","name":"Nassau","website":null,"natlscale":75,"ne_id":1730089547,"ax":[{"a":"container","u":"roster","y":2024,"s":"cppi-2024","locode":"BSNAS"}],"tier":2}},{"type":"Feature","geometry":{"type":"Point","coordinates":[-43.1918,-22.8831]},"properties":{"scalerank":3,"featurecla":"Port","name":"Rio de Janeiro","website":"www.portosrio.gov.br","natlscale":75,"ne_id":1730089549,"ax":[{"a":"container","u":"roster","y":2024,"s":"cppi-2024","locode":"BRRIO"}],"tier":2}},{"type":"Feature","geometry":{"type":"Point","coordinates":[-123.0714,49.2978]},"properties":{"scalerank":3,"featurecla":"Port","name":"Vancouver","website":"www.portmetrovancouver.com","natlscale":75,"ne_id":1730089551,"ax":[{"a":"container","u":"roster","y":2024,"s":"cppi-2024","locode":"CAVAN"}],"tier":2}},{"type":"Feature","geometry":{"type":"Point","coordinates":[-64.7037,44.0433]},"properties":{"scalerank":3,"featurecla":"Port","name":"Liverpool","website":null,"natlscale":75,"ne_id":1730089553,"tier":3}},{"type":"Feature","geometry":{"type":"Point","coordinates":[-71.6191,-33.0353]},"properties":{"scalerank":3,"featurecla":"Port","name":"Valparaiso","website":"www.portvalparaiso.cl","natlscale":75,"ne_id":1730089555,"ax":[{"a":"container","u":"roster","y":2024,"s":"cppi-2024","locode":"CLVAP"}],"tier":2}},{"type":"Feature","geometry":{"type":"Point","coordinates":[113.4094,23.0942]},"properties":{"scalerank":3,"featurecla":"Port","name":"Guangzhou","website":"www.gzport.com","natlscale":75,"ne_id":1730089559,"ax":[{"a":"container","v":26.07,"u":"MTEU","y":2024,"r":6,"s":"wsc-top50-2024"},{"a":"container","u":"roster","y":2024,"s":"cppi-2024","locode":"CNGGZ"}],"tier":1}},{"type":"Feature","geometry":{"type":"Point","coordinates":[117.4565,39.0094]},"properties":{"scalerank":3,"featurecla":"Port","name":"Tianjin","website":"www.ptacn.com","natlscale":75,"ne_id":1730089561,"ax":[{"a":"container","v":23.29,"u":"MTEU","y":2024,"r":8,"s":"wsc-top50-2024"}],"tier":1}},{"type":"Feature","geometry":{"type":"Point","coordinates":[-4.0213,5.2833]},"properties":{"scalerank":3,"featurecla":"Port","name":"Abidjan","website":"www.paa-ci.org","natlscale":75,"ne_id":1730089563,"ax":[{"a":"container","u":"roster","y":2024,"s":"cppi-2024","locode":"CIABJ"}],"tier":2}},{"type":"Feature","geometry":{"type":"Point","coordinates":[8.553,53.5636]},"properties":{"scalerank":3,"featurecla":"Port","name":"Bremerhaven","website":"www.bremen-ports.de","natlscale":75,"ne_id":1730089565,"ax":[{"a":"container","u":"roster","y":2024,"s":"cppi-2024","locode":"DEBRV"}],"tier":2}},{"type":"Feature","geometry":{"type":"Point","coordinates":[12.1179,54.1525]},"properties":{"scalerank":3,"featurecla":"Port","name":"Rostock","website":"www.rostock-port.de","natlscale":75,"ne_id":1730089567,"tier":3}},{"type":"Feature","geometry":{"type":"Point","coordinates":[12.584,55.7261]},"properties":{"scalerank":3,"featurecla":"Port","name":"Tuborg","website":null,"natlscale":75,"ne_id":1730089569,"ax":[{"a":"container","u":"roster","y":2024,"s":"cppi-2024","locode":"DKCPH"}],"tier":2}},{"type":"Feature","geometry":{"type":"Point","coordinates":[-79.9025,-2.2842]},"properties":{"scalerank":3,"featurecla":"Port","name":"Guayaquil","website":"www.puertodeguayaquil.com","natlscale":75,"ne_id":1730089571,"ax":[{"a":"container","u":"roster","y":2024,"s":"cppi-2024","locode":"ECGYE"}],"tier":2}},{"type":"Feature","geometry":{"type":"Point","coordinates":[32.306,31.2533]},"properties":{"scalerank":3,"featurecla":"Port","name":"Port Said","website":"www.psdports.org","natlscale":75,"ne_id":1730089573,"ax":[{"a":"container","u":"roster","y":2024,"s":"cppi-2024","locode":"EGPSD"}],"tier":2}},{"type":"Feature","geometry":{"type":"Point","coordinates":[2.1688,41.3547]},"properties":{"scalerank":3,"featurecla":"Port","name":"Barcelona","website":"www.apb.es","natlscale":75,"ne_id":1730089577,"ax":[{"a":"container","u":"roster","y":2024,"s":"cppi-2024","locode":"ESBCN"}],"tier":2}},{"type":"Feature","geometry":{"type":"Point","coordinates":[-4.4183,36.7094]},"properties":{"scalerank":3,"featurecla":"Port","name":"Malaga","website":"www.puertomalaga.com","natlscale":75,"ne_id":1730089579,"ax":[{"a":"container","u":"roster","y":2024,"s":"cppi-2024","locode":"ESAGP"}],"tier":2}},{"type":"Feature","geometry":{"type":"Point","coordinates":[2.6253,39.5511]},"properties":{"scalerank":3,"featurecla":"Port","name":"Palma de Mallorca","website":"www.portdemallorca.com","natlscale":75,"ne_id":1730089581,"tier":3}},{"type":"Feature","geometry":{"type":"Point","coordinates":[0.1737,49.4669]},"properties":{"scalerank":3,"featurecla":"Port","name":"Le Havre","website":"www.havre-port.net","natlscale":75,"ne_id":1730089583,"ax":[{"a":"container","u":"roster","y":2024,"s":"cppi-2024","locode":"FRLEH"}],"tier":2}},{"type":"Feature","geometry":{"type":"Point","coordinates":[5.3413,43.3294]},"properties":{"scalerank":3,"featurecla":"Port","name":"Marseille","website":"www.marseille-port.fr","natlscale":75,"ne_id":1730089585,"ax":[{"a":"container","u":"roster","y":2024,"s":"cppi-2024","locode":"FRMRS"}],"tier":2}},{"type":"Feature","geometry":{"type":"Point","coordinates":[7.2856,43.6939]},"properties":{"scalerank":3,"featurecla":"Port","name":"Nice","website":"www.riviera-ports.com","natlscale":75,"ne_id":1730089587,"tier":3}},{"type":"Feature","geometry":{"type":"Point","coordinates":[-0.0672,51.5028]},"properties":{"scalerank":3,"featurecla":"Port","name":"London","website":"www.pla.co.uk","natlscale":75,"ne_id":1730089589,"ax":[{"a":"container","u":"roster","y":2024,"s":"cppi-2024","locode":"GBLON"}],"tier":2}},{"type":"Feature","geometry":{"type":"Point","coordinates":[22.5676,36.76]},"properties":{"scalerank":3,"featurecla":"Port","name":"Gythion","website":null,"natlscale":75,"ne_id":1730089591,"tier":3}},{"type":"Feature","geometry":{"type":"Point","coordinates":[28.2335,36.4436]},"properties":{"scalerank":3,"featurecla":"Port","name":"Rhodes","website":null,"natlscale":75,"ne_id":1730089595,"tier":3}},{"type":"Feature","geometry":{"type":"Point","coordinates":[18.0764,42.66]},"properties":{"scalerank":3,"featurecla":"Port","name":"Dubrovnik","website":"www.portdubrovnik.hr","natlscale":75,"ne_id":1730089597,"tier":3}},{"type":"Feature","geometry":{"type":"Point","coordinates":[11.7757,42.0989]},"properties":{"scalerank":3,"featurecla":"Port","name":"Civitavecchia","website":"www.portidiroma.it","natlscale":75,"ne_id":1730089599,"tier":3}},{"type":"Feature","geometry":{"type":"Point","coordinates":[13.3698,38.1308]},"properties":{"scalerank":3,"featurecla":"Port","name":"Palermo","website":"www.autport.pa.it","natlscale":75,"ne_id":1730089601,"ax":[{"a":"container","u":"roster","y":2024,"s":"cppi-2024","locode":"ITPMO"}],"tier":2}},{"type":"Feature","geometry":{"type":"Point","coordinates":[8.4895,44.3117]},"properties":{"scalerank":3,"featurecla":"Port","name":"Savona","website":"www.porto.sv.it","natlscale":75,"ne_id":1730089603,"ax":[{"a":"container","u":"roster","y":2024,"s":"cppi-2024","locode":"ITSVN"}],"tier":2}},{"type":"Feature","geometry":{"type":"Point","coordinates":[12.2406,45.4531]},"properties":{"scalerank":3,"featurecla":"Port","name":"Marghera","website":"www.port.venice.it","natlscale":75,"ne_id":1730089605,"ax":[{"a":"container","u":"roster","y":2024,"s":"cppi-2024","locode":"ITVCE"}],"tier":2}},{"type":"Feature","geometry":{"type":"Point","coordinates":[-77.9355,18.4675]},"properties":{"scalerank":3,"featurecla":"Port","name":"Montego Bay","website":"www.portjam.com","natlscale":75,"ne_id":1730089607,"tier":3}},{"type":"Feature","geometry":{"type":"Point","coordinates":[135.4339,34.6358]},"properties":{"scalerank":3,"featurecla":"Port","name":"Osaka","website":"www.optc.or.jp","natlscale":75,"ne_id":1730089609,"ax":[{"a":"container","u":"roster","y":2024,"s":"cppi-2024","locode":"JPOSA"}],"tier":2}},{"type":"Feature","geometry":{"type":"Point","coordinates":[139.6674,35.4364]},"properties":{"scalerank":3,"featurecla":"Port","name":"Yokohama","website":"www.city.yokohama.jp/me/port/en/index.html","natlscale":75,"ne_id":1730089613,"ax":[{"a":"container","u":"roster","y":2024,"s":"cppi-2024","locode":"JPYOK"}],"tier":2}},{"type":"Feature","geometry":{"type":"Point","coordinates":[24.0881,57.0078]},"properties":{"scalerank":3,"featurecla":"Port","name":"Riga","website":"www.rop.lv","natlscale":75,"ne_id":1730089615,"ax":[{"a":"container","u":"roster","y":2024,"s":"cppi-2024","locode":"LVRIX"}],"tier":2}},{"type":"Feature","geometry":{"type":"Point","coordinates":[-109.9007,22.8839]},"properties":{"scalerank":3,"featurecla":"Port","name":"Cabo San Lucas","website":null,"natlscale":75,"ne_id":1730089617,"tier":3}},{"type":"Feature","geometry":{"type":"Point","coordinates":[14.5413,35.8261]},"properties":{"scalerank":3,"featurecla":"Port","name":"Marsaxlokk","website":"www.maltafreeport.com.mt","natlscale":75,"ne_id":1730089619,"ax":[{"a":"container","u":"roster","y":2024,"s":"cppi-2024","locode":"MTMAR"}],"tier":2}},{"type":"Feature","geometry":{"type":"Point","coordinates":[4.8241,52.4131]},"properties":{"scalerank":3,"featurecla":"Port","name":"Amsterdam","website":"www.amsterdamports.nl","natlscale":75,"ne_id":1730089621,"tier":3}},{"type":"Feature","geometry":{"type":"Point","coordinates":[10.7346,59.8972]},"properties":{"scalerank":3,"featurecla":"Port","name":"Oslo","website":"www.ohv.oslo.no","natlscale":75,"ne_id":1730089623,"ax":[{"a":"container","u":"roster","y":2024,"s":"cppi-2024","locode":"NOOSL"}],"tier":2}},{"type":"Feature","geometry":{"type":"Point","coordinates":[174.7695,-36.8364]},"properties":{"scalerank":3,"featurecla":"Port","name":"Auckland","website":"www.poal.co.nz","natlscale":75,"ne_id":1730089625,"ax":[{"a":"container","u":"roster","y":2024,"s":"cppi-2024","locode":"NZAKL"}],"tier":2}},{"type":"Feature","geometry":{"type":"Point","coordinates":[66.9737,24.835]},"properties":{"scalerank":3,"featurecla":"Port","name":"Karachi","website":"www.kpt.gov.pk","natlscale":75,"ne_id":1730089627,"ax":[{"a":"container","u":"roster","y":2024,"s":"cppi-2024","locode":"PKKHI"}],"tier":2}},{"type":"Feature","geometry":{"type":"Point","coordinates":[-79.8851,9.3733]},"properties":{"scalerank":3,"featurecla":"Port","name":"Colon","website":"www.cct-pa.com","natlscale":75,"ne_id":1730089631,"ax":[{"a":"container","u":"roster","y":2024,"s":"cppi-2024","locode":"PAONX"}],"tier":2}},{"type":"Feature","geometry":{"type":"Point","coordinates":[120.9434,14.5242]},"properties":{"scalerank":3,"featurecla":"Port","name":"Manila","website":"www.ppa.com.ph","natlscale":75,"ne_id":1730089633,"ax":[{"a":"container","v":5.5,"u":"MTEU","y":2024,"r":36,"s":"wsc-top50-2024"},{"a":"container","u":"roster","y":2024,"s":"cppi-2024","locode":"PHMNL"}],"tier":1}},{"type":"Feature","geometry":{"type":"Point","coordinates":[-66.0913,18.4361]},"properties":{"scalerank":3,"featurecla":"Port","name":"San Juan","website":"www.prpa.gobierno.pr","natlscale":75,"ne_id":1730089635,"ax":[{"a":"container","u":"roster","y":2024,"s":"cppi-2024","locode":"PRSJU"}],"tier":2}},{"type":"Feature","geometry":{"type":"Point","coordinates":[28.9934,41.0128]},"properties":{"scalerank":3,"featurecla":"Port","name":"Istanbul","website":"www.tdi.com.tr","natlscale":75,"ne_id":1730089637,"tier":3}},{"type":"Feature","geometry":{"type":"Point","coordinates":[121.3746,25.1519]},"properties":{"scalerank":3,"featurecla":"Port","name":"Taipei","website":"www.tpport.gov.tw","natlscale":75,"ne_id":1730089639,"ax":[{"a":"container","u":"roster","y":2024,"s":"cppi-2024","locode":"TWTPE"}],"tier":2}},{"type":"Feature","geometry":{"type":"Point","coordinates":[39.2934,-6.8344]},"properties":{"scalerank":3,"featurecla":"Port","name":"Dar es Salaam","website":"www.tanzaniaports.com","natlscale":75,"ne_id":1730089641,"ax":[{"a":"container","u":"roster","y":2024,"s":"cppi-2024","locode":"TZDAR"}],"tier":2}},{"type":"Feature","geometry":{"type":"Point","coordinates":[-88.0377,30.7114]},"properties":{"scalerank":3,"featurecla":"Port","name":"Mobile","website":"www.asdd.com","natlscale":75,"ne_id":1730089643,"ax":[{"a":"container","u":"roster","y":2024,"s":"cppi-2024","locode":"USMOB"}],"tier":2}},{"type":"Feature","geometry":{"type":"Point","coordinates":[-118.2597,33.7319]},"properties":{"scalerank":3,"featurecla":"Port","name":"Los Angeles","website":"www.portoflosangeles.org","natlscale":75,"ne_id":1730089645,"ax":[{"a":"container","v":10.3,"u":"MTEU","y":2024,"r":16,"s":"wsc-top50-2024"},{"a":"container","u":"roster","y":2024,"s":"cppi-2024","locode":"USLAX"}],"tier":1}},{"type":"Feature","geometry":{"type":"Point","coordinates":[-117.1572,32.6844]},"properties":{"scalerank":3,"featurecla":"Port","name":"San Diego","website":"www.portofsandiego.org","natlscale":75,"ne_id":1730089649,"tier":3}},{"type":"Feature","geometry":{"type":"Point","coordinates":[-122.4009,37.7886]},"properties":{"scalerank":3,"featurecla":"Port","name":"San Francisco","website":"www.sfport.com","natlscale":75,"ne_id":1730089651,"tier":3}},{"type":"Feature","geometry":{"type":"Point","coordinates":[-80.167,25.775]},"properties":{"scalerank":3,"featurecla":"Port","name":"Miami","website":"www.miamidade.gov/portofmiami","natlscale":75,"ne_id":1730089653,"ax":[{"a":"container","u":"roster","y":2024,"s":"cppi-2024","locode":"USMIA"}],"tier":2}},{"type":"Feature","geometry":{"type":"Point","coordinates":[-82.4362,27.93]},"properties":{"scalerank":3,"featurecla":"Port","name":"Tampa","website":"www.tampaport.com","natlscale":75,"ne_id":1730089655,"ax":[{"a":"container","u":"roster","y":2024,"s":"cppi-2024","locode":"USTPA"}],"tier":2}},{"type":"Feature","geometry":{"type":"Point","coordinates":[-157.8737,21.3094]},"properties":{"scalerank":3,"featurecla":"Port","name":"Honolulu","website":"www.state.hi.us/dot/harbors","natlscale":75,"ne_id":1730089657,"ax":[{"a":"container","u":"roster","y":2024,"s":"cppi-2024","locode":"USHNL"}],"tier":2}},{"type":"Feature","geometry":{"type":"Point","coordinates":[-71.0355,42.3636]},"properties":{"scalerank":3,"featurecla":"Port","name":"Boston","website":"www.massport.com/ports","natlscale":75,"ne_id":1730089659,"ax":[{"a":"container","u":"roster","y":2024,"s":"cppi-2024","locode":"USBOS"}],"tier":2}},{"type":"Feature","geometry":{"type":"Point","coordinates":[-76.5557,39.2325]},"properties":{"scalerank":3,"featurecla":"Port","name":"Baltimore","website":"www.mpa.state.md.us","natlscale":75,"ne_id":1730089661,"tier":3}},{"type":"Feature","geometry":{"type":"Point","coordinates":[-74.0243,40.6883]},"properties":{"scalerank":3,"featurecla":"Port","name":"New York","website":"www.panynj.gov","natlscale":75,"ne_id":1730089663,"ax":[{"a":"container","v":8.7,"u":"MTEU","y":2024,"r":24,"s":"wsc-top50-2024"},{"a":"container","u":"roster","y":2024,"s":"cppi-2024","locode":"USNYC"}],"tier":1}},{"type":"Feature","geometry":{"type":"Point","coordinates":[-94.8179,29.3042]},"properties":{"scalerank":3,"featurecla":"Port","name":"Galveston","website":"www.portofgalveston.com","natlscale":75,"ne_id":1730089667,"tier":3}},{"type":"Feature","geometry":{"type":"Point","coordinates":[-76.2925,36.9019]},"properties":{"scalerank":3,"featurecla":"Port","name":"Norfolk","website":"www.vaports.com","natlscale":75,"ne_id":1730089669,"tier":3}},{"type":"Feature","geometry":{"type":"Point","coordinates":[-122.3597,47.6022]},"properties":{"scalerank":3,"featurecla":"Port","name":"Seattle","website":"www.portseattle.org","natlscale":75,"ne_id":1730089671,"ax":[{"a":"container","u":"roster","y":2024,"s":"cppi-2024","locode":"USSEA"}],"tier":2}},{"type":"Feature","geometry":{"type":"Point","coordinates":[18.4353,-33.9092]},"properties":{"scalerank":3,"featurecla":"Port","name":"Cape Town","website":"www.transnetnationalportsauthority.net","natlscale":75,"ne_id":1730089673,"ax":[{"a":"container","u":"roster","y":2024,"s":"cppi-2024","locode":"ZACPT"}],"tier":2}},{"type":"Feature","geometry":{"type":"Point","coordinates":[-79.38,43.61]},"properties":{"scalerank":3,"featurecla":"Port","name":"Toronto","website":null,"natlscale":75,"ne_id":1730089675,"tier":3}},{"type":"Feature","geometry":{"type":"Point","coordinates":[-87.6,41.88]},"properties":{"scalerank":3,"featurecla":"Port","name":"Chicago","website":null,"natlscale":75,"ne_id":1730089677,"tier":3}},{"type":"Feature","geometry":{"type":"Point","coordinates":[113.8833,22.5]},"properties":{"name":"Shenzhen","featurecla":"Port","scalerank":3,"natlscale":75,"ne_id":null,"website":null,"tier":1,"ax":[{"a":"container","v":33.4,"u":"MTEU","y":2024,"r":4,"s":"wsc-top50-2024"},{"a":"container","u":"roster","y":2024,"s":"cppi-2024","locode":"CNSHK"}],"added":"wsc-top50-2024","addedFrom":"wikidata","addedAs":"Port of Shenzhen"}},{"type":"Feature","geometry":{"type":"Point","coordinates":[129.0333,35.1]},"properties":{"name":"Busan","featurecla":"Port","scalerank":3,"natlscale":75,"ne_id":null,"website":null,"tier":1,"ax":[{"a":"container","v":24.4,"u":"MTEU","y":2024,"r":7,"s":"wsc-top50-2024"},{"a":"container","u":"roster","y":2024,"s":"cppi-2024","locode":"KRPUS"}],"added":"wsc-top50-2024","addedFrom":"world-port-index","addedAs":"Busan"}},{"type":"Feature","geometry":{"type":"Point","coordinates":[55.05,25.0167]},"properties":{"name":"Jebel Ali, Dubai","featurecla":"Port","scalerank":3,"natlscale":75,"ne_id":null,"website":null,"tier":1,"ax":[{"a":"container","v":15.54,"u":"MTEU","y":2024,"r":9,"s":"wsc-top50-2024"},{"a":"container","u":"roster","y":2024,"s":"cppi-2024","locode":"AEJEA"}],"added":"wsc-top50-2024","addedFrom":"world-port-index","addedAs":"Mina Jabal Ali"}},{"type":"Feature","geometry":{"type":"Point","coordinates":[101.4,3.0]},"properties":{"name":"Port Klang","featurecla":"Port","scalerank":3,"natlscale":75,"ne_id":null,"website":null,"tier":1,"ax":[{"a":"container","v":14.64,"u":"MTEU","y":2024,"r":10,"s":"wsc-top50-2024"},{"a":"container","u":"roster","y":2024,"s":"cppi-2024","locode":"MYPKG"}],"added":"wsc-top50-2024","addedFrom":"world-port-index","addedAs":"Port Klang"}},{"type":"Feature","geometry":{"type":"Point","coordinates":[103.55,1.35]},"properties":{"name":"Tanjung Pelepas","featurecla":"Port","scalerank":3,"natlscale":75,"ne_id":null,"website":null,"tier":1,"ax":[{"a":"container","v":12.25,"u":"MTEU","y":2024,"r":15,"s":"wsc-top50-2024"},{"a":"container","u":"roster","y":2024,"s":"cppi-2024","locode":"MYTPP"}],"added":"wsc-top50-2024","addedFrom":"world-port-index","addedAs":"Tanjung Pelepas"}},{"type":"Feature","geometry":{"type":"Point","coordinates":[120.8592,31.7994]},"properties":{"name":"Suzhou","featurecla":"Port","scalerank":3,"natlscale":75,"ne_id":null,"website":null,"tier":1,"ax":[{"a":"container","v":9.67,"u":"MTEU","y":2024,"r":18,"s":"wsc-top50-2024"}],"added":"wsc-top50-2024","addedFrom":"wikidata","addedAs":"Port of Suzhou"}},{"type":"Feature","geometry":{"type":"Point","coordinates":[108.6131,21.7017]},"properties":{"name":"Guangxi Beibu","featurecla":"Port","scalerank":3,"natlscale":75,"ne_id":null,"website":null,"tier":1,"ax":[{"a":"container","v":9.02,"u":"MTEU","y":2024,"r":23,"s":"wsc-top50-2024"},{"a":"container","u":"roster","y":2024,"s":"cppi-2024","locode":"CNQZH"}],"added":"wsc-top50-2024","addedFrom":"wikidata","addedAs":"Port of Beibu Gulf"}},{"type":"Feature","geometry":{"type":"Point","coordinates":[69.7067,22.7283]},"properties":{"name":"Mundra","featurecla":"Port","scalerank":3,"natlscale":75,"ne_id":null,"website":null,"tier":1,"ax":[{"a":"container","v":8.5,"u":"MTEU","y":2024,"r":25,"s":"wsc-top50-2024"},{"a":"container","u":"roster","y":2024,"s":"cppi-2024","locode":"INMUN"}],"added":"wsc-top50-2024","addedFrom":"world-port-index","addedAs":"Mundra"}},{"type":"Feature","geometry":{"type":"Point","coordinates":[107.0333,10.5833]},"properties":{"name":"Cai Mep","featurecla":"Port","scalerank":3,"natlscale":75,"ne_id":null,"website":null,"tier":1,"ax":[{"a":"container","v":7.08,"u":"MTEU","y":2024,"r":30,"s":"wsc-top50-2024"}],"added":"wsc-top50-2024","addedFrom":"world-port-index","addedAs":"Phu My"}},{"type":"Feature","geometry":{"type":"Point","coordinates":[119.5667,35.3833]},"properties":{"name":"Rizhao","featurecla":"Port","scalerank":3,"natlscale":75,"ne_id":null,"website":null,"tier":1,"ax":[{"a":"container","v":6.71,"u":"MTEU","y":2024,"r":32,"s":"wsc-top50-2024"},{"a":"container","u":"roster","y":2024,"s":"cppi-2024","locode":"CNRZH"}],"added":"wsc-top50-2024","addedFrom":"world-port-index","addedAs":"Rizhao"}},{"type":"Feature","geometry":{"type":"Point","coordinates":[-58.1333,-32.2167]},"properties":{"name":"Colon","featurecla":"Port","scalerank":3,"natlscale":75,"ne_id":null,"website":null,"tier":1,"ax":[{"a":"container","v":5.4,"u":"MTEU","y":2024,"r":41,"s":"wsc-top50-2024"}],"added":"wsc-top50-2024","addedFrom":"world-port-index","addedAs":"Colon"}},{"type":"Feature","geometry":{"type":"Point","coordinates":[113.408,22.8642]},"properties":{"name":"Dongguan","featurecla":"Port","scalerank":3,"natlscale":75,"ne_id":null,"website":null,"tier":1,"ax":[{"a":"container","v":4.02,"u":"MTEU","y":2024,"r":49,"s":"wsc-top50-2024"}],"added":"wsc-top50-2024","addedFrom":"wikidata","addedAs":"Port of Humen"}},{"type":"Feature","geometry":{"type":"Point","coordinates":[10.2167,56.15]},"properties":{"name":"Aarhus","featurecla":"Port","scalerank":5,"natlscale":30,"ne_id":null,"website":null,"tier":2,"ax":[{"a":"container","u":"roster","y":2024,"s":"cppi-2024","locode":"DKAAR"}],"added":"cppi-2024","addedFrom":"world-port-index","addedAs":"Arhus"}},{"type":"Feature","geometry":{"type":"Point","coordinates":[-89.8333,13.5833]},"properties":{"name":"Acajutla","featurecla":"Port","scalerank":5,"natlscale":30,"ne_id":null,"website":null,"tier":2,"ax":[{"a":"container","u":"roster","y":2024,"s":"cppi-2024","locode":"SVAQJ"}],"added":"cppi-2024","addedFrom":"world-port-index","addedAs":"Acajutla"}},{"type":"Feature","geometry":{"type":"Point","coordinates":[-97.85,22.4833]},"properties":{"name":"Altamira","featurecla":"Port","scalerank":5,"natlscale":30,"ne_id":null,"website":null,"tier":2,"ax":[{"a":"container","u":"roster","y":2024,"s":"cppi-2024","locode":"MXATM"}],"added":"cppi-2024","addedFrom":"world-port-index","addedAs":"Altamira"}},{"type":"Feature","geometry":{"type":"Point","coordinates":[28.7,40.9667]},"properties":{"name":"Ambarli","featurecla":"Port","scalerank":5,"natlscale":30,"ne_id":null,"website":null,"tier":2,"ax":[{"a":"container","u":"roster","y":2024,"s":"cppi-2024","locode":"TRAMR"}],"added":"cppi-2024","addedFrom":"world-port-index","addedAs":"Ambarli"}},{"type":"Feature","geometry":{"type":"Point","coordinates":[144.6167,13.45]},"properties":{"name":"Apra Harbor","featurecla":"Port","scalerank":5,"natlscale":30,"ne_id":null,"website":null,"tier":2,"ax":[{"a":"container","u":"roster","y":2024,"s":"cppi-2024","locode":"GUAPR"}],"added":"cppi-2024","addedFrom":"world-port-index","addedAs":"Apra Harbor"}},{"type":"Feature","geometry":{"type":"Point","coordinates":[34.65,31.8167]},"properties":{"name":"Ashdod","featurecla":"Port","scalerank":5,"natlscale":30,"ne_id":null,"website":null,"tier":2,"ax":[{"a":"container","u":"roster","y":2024,"s":"cppi-2024","locode":"ILASH"}],"added":"cppi-2024","addedFrom":"world-port-index","addedAs":"Ashdod"}},{"type":"Feature","geometry":{"type":"Point","coordinates":[19.0833,42.0833]},"properties":{"name":"Bar","featurecla":"Port","scalerank":5,"natlscale":30,"ne_id":null,"website":null,"tier":2,"ax":[{"a":"container","u":"roster","y":2024,"s":"cppi-2024","locode":"MEBAR"}],"added":"cppi-2024","addedFrom":"world-port-index","addedAs":"Bar"}},{"type":"Feature","geometry":{"type":"Point","coordinates":[121.05,13.75]},"properties":{"name":"Batangas","featurecla":"Port","scalerank":5,"natlscale":30,"ne_id":null,"website":null,"tier":2,"ax":[{"a":"container","u":"roster","y":2024,"s":"cppi-2024","locode":"PHBTG"}],"added":"cppi-2024","addedFrom":"world-port-index","addedAs":"Batangas City"}},{"type":"Feature","geometry":{"type":"Point","coordinates":[-88.4,16.5167]},"properties":{"name":"Big Creek","featurecla":"Port","scalerank":5,"natlscale":30,"ne_id":null,"website":null,"tier":2,"ax":[{"a":"container","u":"roster","y":2024,"s":"cppi-2024","locode":"BZBGK"}],"added":"cppi-2024","addedFrom":"world-port-index","addedAs":"Big Creek"}},{"type":"Feature","geometry":{"type":"Point","coordinates":[113.0667,3.2667]},"properties":{"name":"Bintulu","featurecla":"Port","scalerank":5,"natlscale":30,"ne_id":null,"website":null,"tier":2,"ax":[{"a":"container","u":"roster","y":2024,"s":"cppi-2024","locode":"MYBTU"}],"added":"cppi-2024","addedFrom":"world-port-index","addedAs":"Bintulu Port"}},{"type":"Feature","geometry":{"type":"Point","coordinates":[168.3333,-46.6]},"properties":{"name":"Bluff","featurecla":"Port","scalerank":5,"natlscale":30,"ne_id":null,"website":null,"tier":2,"ax":[{"a":"container","u":"roster","y":2024,"s":"cppi-2024","locode":"NZBLU"}],"added":"cppi-2024","addedFrom":"world-port-index","addedAs":"Bluff Harbor"}},{"type":"Feature","geometry":{"type":"Point","coordinates":[124.6667,8.5]},"properties":{"name":"Cagayan De Oro","featurecla":"Port","scalerank":5,"natlscale":30,"ne_id":null,"website":null,"tier":2,"ax":[{"a":"container","u":"roster","y":2024,"s":"cppi-2024","locode":"PHCGY"}],"added":"cppi-2024","addedFrom":"world-port-index","addedAs":"Cagayan De Oro"}},{"type":"Feature","geometry":{"type":"Point","coordinates":[-61.0,14.0167]},"properties":{"name":"Castries","featurecla":"Port","scalerank":5,"natlscale":30,"ne_id":null,"website":null,"tier":2,"ax":[{"a":"container","u":"roster","y":2024,"s":"cppi-2024","locode":"LCCAS"}],"added":"cppi-2024","addedFrom":"world-port-index","addedAs":"Castries"}},{"type":"Feature","geometry":{"type":"Point","coordinates":[110.0333,19.9667]},"properties":{"name":"Chiwan","featurecla":"Port","scalerank":5,"natlscale":30,"ne_id":null,"website":null,"tier":2,"ax":[{"a":"container","u":"roster","y":2024,"s":"cppi-2024","locode":"CNCWN"}],"added":"cppi-2024","addedFrom":"world-port-index","addedAs":"Chiwan"}},{"type":"Feature","geometry":{"type":"Point","coordinates":[28.65,44.1667]},"properties":{"name":"Constantza","featurecla":"Port","scalerank":5,"natlscale":30,"ne_id":null,"website":null,"tier":2,"ax":[{"a":"container","u":"roster","y":2024,"s":"cppi-2024","locode":"ROCND"}],"added":"cppi-2024","addedFrom":"world-port-index","addedAs":"Constanta"}},{"type":"Feature","geometry":{"type":"Point","coordinates":[50.2,26.5]},"properties":{"name":"Dammam","featurecla":"Port","scalerank":5,"natlscale":30,"ne_id":null,"website":null,"tier":2,"ax":[{"a":"container","u":"roster","y":2024,"s":"cppi-2024","locode":"SADMM"}],"added":"cppi-2024","addedFrom":"world-port-index","addedAs":"Dammam"}},{"type":"Feature","geometry":{"type":"Point","coordinates":[29.8167,40.75]},"properties":{"name":"Derince","featurecla":"Port","scalerank":5,"natlscale":30,"ne_id":null,"website":null,"tier":2,"ax":[{"a":"container","u":"roster","y":2024,"s":"cppi-2024","locode":"TRDRC"},{"a":"container","u":"roster","y":2024,"s":"cppi-2024","locode":"TRYAR"}],"added":"cppi-2024","addedFrom":"world-port-index","addedAs":"Derince Burnu"}},{"type":"Feature","geometry":{"type":"Point","coordinates":[1.3167,51.95]},"properties":{"name":"Felixstowe","featurecla":"Port","scalerank":5,"natlscale":30,"ne_id":null,"website":null,"tier":2,"ax":[{"a":"container","u":"roster","y":2024,"s":"cppi-2024","locode":"GBFXT"}],"added":"cppi-2024","addedFrom":"world-port-index","addedAs":"Felixstowe"}},{"type":"Feature","geometry":{"type":"Point","coordinates":[29.1167,40.4167]},"properties":{"name":"Gemlik","featurecla":"Port","scalerank":5,"natlscale":30,"ne_id":null,"website":null,"tier":2,"ax":[{"a":"container","u":"roster","y":2024,"s":"cppi-2024","locode":"TRGEM"}],"added":"cppi-2024","addedFrom":"world-port-index","addedAs":"Gemlik"}},{"type":"Feature","geometry":{"type":"Point","coordinates":[8.8614,44.4067]},"properties":{"name":"Genoa","featurecla":"Port","scalerank":5,"natlscale":30,"ne_id":null,"website":null,"tier":2,"ax":[{"a":"container","u":"roster","y":2024,"s":"cppi-2024","locode":"ITGOA"}],"added":"cppi-2024","addedFrom":"world-port-index","addedAs":"Genova"}},{"type":"Feature","geometry":{"type":"Point","coordinates":[15.89,38.444]},"properties":{"name":"Gioia Tauro","featurecla":"Port","scalerank":5,"natlscale":30,"ne_id":null,"website":null,"tier":2,"ax":[{"a":"container","u":"roster","y":2024,"s":"cppi-2024","locode":"ITGIT"}],"added":"cppi-2024","addedFrom":"world-port-index","addedAs":"Gioia Tauro"}},{"type":"Feature","geometry":{"type":"Point","coordinates":[-3.7167,56.0167]},"properties":{"name":"Grangemouth","featurecla":"Port","scalerank":5,"natlscale":30,"ne_id":null,"website":null,"tier":2,"ax":[{"a":"container","u":"roster","y":2024,"s":"cppi-2024","locode":"GBGRG"}],"added":"cppi-2024","addedFrom":"world-port-index","addedAs":"Grangemouth"}},{"type":"Feature","geometry":{"type":"Point","coordinates":[130.4,33.6]},"properties":{"name":"Hakata","featurecla":"Port","scalerank":5,"natlscale":30,"ne_id":null,"website":null,"tier":2,"ax":[{"a":"container","u":"roster","y":2024,"s":"cppi-2024","locode":"JPHKT"}],"added":"cppi-2024","addedFrom":"world-port-index","addedAs":"Hakata"}},{"type":"Feature","geometry":{"type":"Point","coordinates":[72.6333,21.0833]},"properties":{"name":"Hazira","featurecla":"Port","scalerank":5,"natlscale":30,"ne_id":null,"website":null,"tier":2,"ax":[{"a":"container","u":"roster","y":2024,"s":"cppi-2024","locode":"INHZA"}],"added":"cppi-2024","addedFrom":"world-port-index","addedAs":"Hazira"}},{"type":"Feature","geometry":{"type":"Point","coordinates":[-119.2,34.15]},"properties":{"name":"Hueneme","featurecla":"Port","scalerank":5,"natlscale":30,"ne_id":null,"website":null,"tier":2,"ax":[{"a":"container","u":"roster","y":2024,"s":"cppi-2024","locode":"USNTD"}],"added":"cppi-2024","addedFrom":"world-port-index","addedAs":"Port Hueneme"}},{"type":"Feature","geometry":{"type":"Point","coordinates":[122.5833,10.7]},"properties":{"name":"Iloilo","featurecla":"Port","scalerank":5,"natlscale":30,"ne_id":null,"website":null,"tier":2,"ax":[{"a":"container","u":"roster","y":2024,"s":"cppi-2024","locode":"PHILO"}],"added":"cppi-2024","addedFrom":"world-port-index","addedAs":"Iloilo"}},{"type":"Feature","geometry":{"type":"Point","coordinates":[-48.6667,-28.2333]},"properties":{"name":"Imbituba","featurecla":"Port","scalerank":5,"natlscale":30,"ne_id":null,"website":null,"tier":2,"ax":[{"a":"container","u":"roster","y":2024,"s":"cppi-2024","locode":"BRIBB"}],"added":"cppi-2024","addedFrom":"world-port-index","addedAs":"Imbituba"}},{"type":"Feature","geometry":{"type":"Point","coordinates":[126.6167,37.4667]},"properties":{"name":"Incheon","featurecla":"Port","scalerank":5,"natlscale":30,"ne_id":null,"website":null,"tier":2,"ax":[{"a":"container","u":"roster","y":2024,"s":"cppi-2024","locode":"KRINC"}],"added":"cppi-2024","addedFrom":"world-port-index","addedAs":"Inchon"}},{"type":"Feature","geometry":{"type":"Point","coordinates":[36.1667,36.6]},"properties":{"name":"Iskenderun","featurecla":"Port","scalerank":5,"natlscale":30,"ne_id":null,"website":null,"tier":2,"ax":[{"a":"container","u":"roster","y":2024,"s":"cppi-2024","locode":"TRISK"}],"added":"cppi-2024","addedFrom":"world-port-index","addedAs":"Iskenderun"}},{"type":"Feature","geometry":{"type":"Point","coordinates":[103.5,10.6333]},"properties":{"name":"Kompong Som","featurecla":"Port","scalerank":5,"natlscale":30,"ne_id":null,"website":null,"tier":2,"ax":[{"a":"container","u":"roster","y":2024,"s":"cppi-2024","locode":"KHKOS"}],"added":"cppi-2024","addedFrom":"world-port-index","addedAs":"Kampong Saom"}},{"type":"Feature","geometry":{"type":"Point","coordinates":[9.8605,2.7185]},"properties":{"name":"Kribi Deep Sea Port","featurecla":"Port","scalerank":5,"natlscale":30,"ne_id":null,"website":null,"tier":2,"ax":[{"a":"container","u":"roster","y":2024,"s":"cppi-2024","locode":"CMKBI"}],"added":"cppi-2024","addedFrom":"world-port-index","addedAs":"Kribi Deep Sea Port"}},{"type":"Feature","geometry":{"type":"Point","coordinates":[80.1333,14.25]},"properties":{"name":"Krishnapatnam","featurecla":"Port","scalerank":5,"natlscale":30,"ne_id":null,"website":null,"tier":2,"ax":[{"a":"container","u":"roster","y":2024,"s":"cppi-2024","locode":"INKRI"}],"added":"cppi-2024","addedFrom":"world-port-index","addedAs":"Krishnapatnam"}},{"type":"Feature","geometry":{"type":"Point","coordinates":[103.4333,3.9667]},"properties":{"name":"Kuantan","featurecla":"Port","scalerank":5,"natlscale":30,"ne_id":null,"website":null,"tier":2,"ax":[{"a":"container","u":"roster","y":2024,"s":"cppi-2024","locode":"MYKUA"}],"added":"cppi-2024","addedFrom":"world-port-index","addedAs":"Kuantan New Port"}},{"type":"Feature","geometry":{"type":"Point","coordinates":[-15.4167,28.15]},"properties":{"name":"Las Palmas","featurecla":"Port","scalerank":5,"natlscale":30,"ne_id":null,"website":null,"tier":2,"ax":[{"a":"container","u":"roster","y":2024,"s":"cppi-2024","locode":"ESLPA"}],"added":"cppi-2024","addedFrom":"world-port-index","addedAs":"Las Palmas"}},{"type":"Feature","geometry":{"type":"Point","coordinates":[-102.1667,17.9333]},"properties":{"name":"Lazaro Cardenas","featurecla":"Port","scalerank":5,"natlscale":30,"ne_id":null,"website":null,"tier":2,"ax":[{"a":"container","u":"roster","y":2024,"s":"cppi-2024","locode":"MXLZC"}],"added":"cppi-2024","addedFrom":"world-port-index","addedAs":"Lazaro Cardenas"}},{"type":"Feature","geometry":{"type":"Point","coordinates":[4.0082,6.4232]},"properties":{"name":"Lekki","featurecla":"Port","scalerank":5,"natlscale":30,"ne_id":null,"website":null,"tier":2,"ax":[{"a":"container","u":"roster","y":2024,"s":"cppi-2024","locode":"NGLKK"}],"added":"cppi-2024","addedFrom":"world-port-index","addedAs":"Lekki"}},{"type":"Feature","geometry":{"type":"Point","coordinates":[8.7833,3.75]},"properties":{"name":"Malabo","featurecla":"Port","scalerank":5,"natlscale":30,"ne_id":null,"website":null,"tier":2,"ax":[{"a":"container","u":"roster","y":2024,"s":"cppi-2024","locode":"GQSSG"}],"added":"cppi-2024","addedFrom":"world-port-index","addedAs":"Malabo"}},{"type":"Feature","geometry":{"type":"Point","coordinates":[-60.0167,-3.1333]},"properties":{"name":"Manaus","featurecla":"Port","scalerank":5,"natlscale":30,"ne_id":null,"website":null,"tier":2,"ax":[{"a":"container","u":"roster","y":2024,"s":"cppi-2024","locode":"BRMAO"}],"added":"cppi-2024","addedFrom":"world-port-index","addedAs":"Manaus"}},{"type":"Feature","geometry":{"type":"Point","coordinates":[13.45,-5.8167]},"properties":{"name":"Matadi","featurecla":"Port","scalerank":5,"natlscale":30,"ne_id":null,"website":null,"tier":2,"ax":[{"a":"container","u":"roster","y":2024,"s":"cppi-2024","locode":"CDMAT"}],"added":"cppi-2024","addedFrom":"world-port-index","addedAs":"Matadi"}},{"type":"Feature","geometry":{"type":"Point","coordinates":[-70.4667,-23.1]},"properties":{"name":"Mejillones","featurecla":"Port","scalerank":5,"natlscale":30,"ne_id":null,"website":null,"tier":2,"ax":[{"a":"container","u":"roster","y":2024,"s":"cppi-2024","locode":"CLMJS"}],"added":"cppi-2024","addedFrom":"world-port-index","addedAs":"Mejillones"}},{"type":"Feature","geometry":{"type":"Point","coordinates":[115.0667,5.0333]},"properties":{"name":"Muara","featurecla":"Port","scalerank":5,"natlscale":30,"ne_id":null,"website":null,"tier":2,"ax":[{"a":"container","u":"roster","y":2024,"s":"cppi-2024","locode":"BNMUA"}],"added":"cppi-2024","addedFrom":"world-port-index","addedAs":"Muara Harbor"}},{"type":"Feature","geometry":{"type":"Point","coordinates":[136.8667,35.0667]},"properties":{"name":"Nagoya","featurecla":"Port","scalerank":5,"natlscale":30,"ne_id":null,"website":null,"tier":2,"ax":[{"a":"container","u":"roster","y":2024,"s":"cppi-2024","locode":"JPNGO"}],"added":"cppi-2024","addedFrom":"world-port-index","addedAs":"Nagoya Ko"}},{"type":"Feature","geometry":{"type":"Point","coordinates":[127.6833,26.2167]},"properties":{"name":"Naha","featurecla":"Port","scalerank":5,"natlscale":30,"ne_id":null,"website":null,"tier":2,"ax":[{"a":"container","u":"roster","y":2024,"s":"cppi-2024","locode":"JPNAH"}],"added":"cppi-2024","addedFrom":"world-port-index","addedAs":"Naha Ko"}},{"type":"Feature","geometry":{"type":"Point","coordinates":[-1.5667,47.2]},"properties":{"name":"Nantes-St Nazaire","featurecla":"Port","scalerank":5,"natlscale":30,"ne_id":null,"website":null,"tier":2,"ax":[{"a":"container","u":"roster","y":2024,"s":"cppi-2024","locode":"FRNTE"}],"added":"cppi-2024","addedFrom":"world-port-index","addedAs":"Nantes"}},{"type":"Feature","geometry":{"type":"Point","coordinates":[26.9167,38.7667]},"properties":{"name":"Nemrut Bay","featurecla":"Port","scalerank":5,"natlscale":30,"ne_id":null,"website":null,"tier":2,"ax":[{"a":"container","u":"roster","y":2024,"s":"cppi-2024","locode":"TRNEM"}],"added":"cppi-2024","addedFrom":"world-port-index","addedAs":"Nemrut Limani Bay"}},{"type":"Feature","geometry":{"type":"Point","coordinates":[138.2333,34.6]},"properties":{"name":"Omaezaki","featurecla":"Port","scalerank":5,"natlscale":30,"ne_id":null,"website":null,"tier":2,"ax":[{"a":"container","u":"roster","y":2024,"s":"cppi-2024","locode":"JPOMZ"}],"added":"cppi-2024","addedFrom":"world-port-index","addedAs":"Omaezaki Ko"}},{"type":"Feature","geometry":{"type":"Point","coordinates":[-81.1167,-5.0833]},"properties":{"name":"Paita","featurecla":"Port","scalerank":5,"natlscale":30,"ne_id":null,"website":null,"tier":2,"ax":[{"a":"container","u":"roster","y":2024,"s":"cppi-2024","locode":"PEPAI"}],"added":"cppi-2024","addedFrom":"world-port-index","addedAs":"Paita"}},{"type":"Feature","geometry":{"type":"Point","coordinates":[71.5167,20.9167]},"properties":{"name":"Pipavav","featurecla":"Port","scalerank":5,"natlscale":30,"ne_id":null,"website":null,"tier":2,"ax":[{"a":"container","u":"roster","y":2024,"s":"cppi-2024","locode":"INPAV"}],"added":"cppi-2024","addedFrom":"world-port-index","addedAs":"Pipavav Bandar"}},{"type":"Feature","geometry":{"type":"Point","coordinates":[17.4333,43.05]},"properties":{"name":"Ploce","featurecla":"Port","scalerank":5,"natlscale":30,"ne_id":null,"website":null,"tier":2,"ax":[{"a":"container","u":"roster","y":2024,"s":"cppi-2024","locode":"HRPLE"}],"added":"cppi-2024","addedFrom":"world-port-index","addedAs":"Ploce"}},{"type":"Feature","geometry":{"type":"Point","coordinates":[30.6167,36.8333]},"properties":{"name":"Port Akdeniz","featurecla":"Port","scalerank":5,"natlscale":30,"ne_id":null,"website":null,"tier":2,"ax":[{"a":"container","u":"roster","y":2024,"s":"cppi-2024","locode":"TRAYT"}],"added":"cppi-2024","addedFrom":"world-port-index","addedAs":"Antalya"}},{"type":"Feature","geometry":{"type":"Point","coordinates":[-61.5167,10.65]},"properties":{"name":"Port Of Spain","featurecla":"Port","scalerank":5,"natlscale":30,"ne_id":null,"website":null,"tier":2,"ax":[{"a":"container","u":"roster","y":2024,"s":"cppi-2024","locode":"TTPOS"}],"added":"cppi-2024","addedFrom":"world-port-index","addedAs":"Port Of Spain"}},{"type":"Feature","geometry":{"type":"Point","coordinates":[55.4642,-4.6233]},"properties":{"name":"Port Victoria","featurecla":"Port","scalerank":5,"natlscale":30,"ne_id":null,"website":null,"tier":2,"ax":[{"a":"container","u":"roster","y":2024,"s":"cppi-2024","locode":"SCPOV"}],"added":"cppi-2024","addedFrom":"world-port-index","addedAs":"Victoria"}},{"type":"Feature","geometry":{"type":"Point","coordinates":[14.85,36.7167]},"properties":{"name":"Pozzallo","featurecla":"Port","scalerank":5,"natlscale":30,"ne_id":null,"website":null,"tier":2,"ax":[{"a":"container","u":"roster","y":2024,"s":"cppi-2024","locode":"ITPZL"}],"added":"cppi-2024","addedFrom":"world-port-index","addedAs":"Pozzallo"}},{"type":"Feature","geometry":{"type":"Point","coordinates":[-80.0,-3.2667]},"properties":{"name":"Puerto Bolivar","featurecla":"Port","scalerank":5,"natlscale":30,"ne_id":null,"website":null,"tier":2,"ax":[{"a":"container","u":"roster","y":2024,"s":"cppi-2024","locode":"ECPBO"}],"added":"cppi-2024","addedFrom":"world-port-index","addedAs":"Puerto Bolivar"}},{"type":"Feature","geometry":{"type":"Point","coordinates":[126.8,37.0]},"properties":{"name":"Pyeong Taek","featurecla":"Port","scalerank":5,"natlscale":30,"ne_id":null,"website":null,"tier":2,"ax":[{"a":"container","u":"roster","y":2024,"s":"cppi-2024","locode":"KRPTK"}],"added":"cppi-2024","addedFrom":"world-port-index","addedAs":"Pyeongtaek Hang"}},{"type":"Feature","geometry":{"type":"Point","coordinates":[118.6,24.8833]},"properties":{"name":"Quanzhou","featurecla":"Port","scalerank":5,"natlscale":30,"ne_id":null,"website":null,"tier":2,"ax":[{"a":"container","u":"roster","y":2024,"s":"cppi-2024","locode":"CNQZL"}],"added":"cppi-2024","addedFrom":"world-port-index","addedAs":"Quanzhou"}},{"type":"Feature","geometry":{"type":"Point","coordinates":[109.2333,13.7667]},"properties":{"name":"Quy Nhon","featurecla":"Port","scalerank":5,"natlscale":30,"ne_id":null,"website":null,"tier":2,"ax":[{"a":"container","u":"roster","y":2024,"s":"cppi-2024","locode":"VNUIH"}],"added":"cppi-2024","addedFrom":"world-port-index","addedAs":"Qui Nhon"}},{"type":"Feature","geometry":{"type":"Point","coordinates":[21.4461,61.125]},"properties":{"name":"Rauma","featurecla":"Port","scalerank":5,"natlscale":30,"ne_id":null,"website":null,"tier":2,"ax":[{"a":"container","u":"roster","y":2024,"s":"cppi-2024","locode":"FIRAU"}],"added":"cppi-2024","addedFrom":"world-port-index","addedAs":"Rauma"}},{"type":"Feature","geometry":{"type":"Point","coordinates":[-60.6333,-32.95]},"properties":{"name":"Rosario","featurecla":"Port","scalerank":5,"natlscale":30,"ne_id":null,"website":null,"tier":2,"ax":[{"a":"container","u":"roster","y":2024,"s":"cppi-2024","locode":"ARROS"}],"added":"cppi-2024","addedFrom":"world-port-index","addedAs":"Rosario"}},{"type":"Feature","geometry":{"type":"Point","coordinates":[-0.2167,39.65]},"properties":{"name":"Sagunto","featurecla":"Port","scalerank":5,"natlscale":30,"ne_id":null,"website":null,"tier":2,"ax":[{"a":"container","u":"roster","y":2024,"s":"cppi-2024","locode":"ESSAG"}],"added":"cppi-2024","addedFrom":"world-port-index","addedAs":"Sagunto"}},{"type":"Feature","geometry":{"type":"Point","coordinates":[14.75,40.6667]},"properties":{"name":"Salerno","featurecla":"Port","scalerank":5,"natlscale":30,"ne_id":null,"website":null,"tier":2,"ax":[{"a":"container","u":"roster","y":2024,"s":"cppi-2024","locode":"ITSAL"}],"added":"cppi-2024","addedFrom":"world-port-index","addedAs":"Salerno"}},{"type":"Feature","geometry":{"type":"Point","coordinates":[-6.0,37.3667]},"properties":{"name":"Seville","featurecla":"Port","scalerank":5,"natlscale":30,"ne_id":null,"website":null,"tier":2,"ax":[{"a":"container","u":"roster","y":2024,"s":"cppi-2024","locode":"ESSVQ"}],"added":"cppi-2024","addedFrom":"world-port-index","addedAs":"Sevilla"}},{"type":"Feature","geometry":{"type":"Point","coordinates":[131.1,31.4667]},"properties":{"name":"Shibushi","featurecla":"Port","scalerank":5,"natlscale":30,"ne_id":null,"website":null,"tier":2,"ax":[{"a":"container","u":"roster","y":2024,"s":"cppi-2024","locode":"JPSBS"}],"added":"cppi-2024","addedFrom":"world-port-index","addedAs":"Shibushi Wan"}},{"type":"Feature","geometry":{"type":"Point","coordinates":[48.1667,29.0333]},"properties":{"name":"Shuaiba","featurecla":"Port","scalerank":5,"natlscale":30,"ne_id":null,"website":null,"tier":2,"ax":[{"a":"container","u":"roster","y":2024,"s":"cppi-2024","locode":"KWSAA"}],"added":"cppi-2024","addedFrom":"world-port-index","addedAs":"Mina Ash Shuaybah"}},{"type":"Feature","geometry":{"type":"Point","coordinates":[32.3667,29.6833]},"properties":{"name":"Sokhna","featurecla":"Port","scalerank":5,"natlscale":30,"ne_id":null,"website":null,"tier":2,"ax":[{"a":"container","u":"roster","y":2024,"s":"cppi-2024","locode":"EGSOK"}],"added":"cppi-2024","addedFrom":"world-port-index","addedAs":"Sokhna Port Gas Tanker Terminal"}},{"type":"Feature","geometry":{"type":"Point","coordinates":[-34.9667,-8.4]},"properties":{"name":"Suape","featurecla":"Port","scalerank":5,"natlscale":30,"ne_id":null,"website":null,"tier":2,"ax":[{"a":"container","u":"roster","y":2024,"s":"cppi-2024","locode":"BRSUA"}],"added":"cppi-2024","addedFrom":"world-port-index","addedAs":"Porto De Suape"}},{"type":"Feature","geometry":{"type":"Point","coordinates":[117.8833,4.25]},"properties":{"name":"Tawau","featurecla":"Port","scalerank":5,"natlscale":30,"ne_id":null,"website":null,"tier":2,"ax":[{"a":"container","u":"roster","y":2024,"s":"cppi-2024","locode":"MYTWU"}],"added":"cppi-2024","addedFrom":"world-port-index","addedAs":"Tawa"}},{"type":"Feature","geometry":{"type":"Point","coordinates":[47.95,30.0167]},"properties":{"name":"Umm Qasr","featurecla":"Port","scalerank":5,"natlscale":30,"ne_id":null,"website":null,"tier":2,"ax":[{"a":"container","u":"roster","y":2024,"s":"cppi-2024","locode":"IQUQR"}],"added":"cppi-2024","addedFrom":"world-port-index","addedAs":"Umm Qasr"}},{"type":"Feature","geometry":{"type":"Point","coordinates":[-48.75,-1.55]},"properties":{"name":"Vila Do Conde","featurecla":"Port","scalerank":5,"natlscale":30,"ne_id":null,"website":null,"tier":2,"ax":[{"a":"container","u":"roster","y":2024,"s":"cppi-2024","locode":"BRVDC"}],"added":"cppi-2024","addedFrom":"world-port-index","addedAs":"Vila Do Conde"}},{"type":"Feature","geometry":{"type":"Point","coordinates":[3.6,51.45]},"properties":{"name":"Vlissingen","featurecla":"Port","scalerank":5,"natlscale":30,"ne_id":null,"website":null,"tier":2,"ax":[{"a":"container","u":"roster","y":2024,"s":"cppi-2024","locode":"NLVLI"}],"added":"cppi-2024","addedFrom":"world-port-index","addedAs":"Vlissingen"}},{"type":"Feature","geometry":{"type":"Point","coordinates":[136.6333,34.9667]},"properties":{"name":"Yokkaichi","featurecla":"Port","scalerank":5,"natlscale":30,"ne_id":null,"website":null,"tier":2,"ax":[{"a":"container","u":"roster","y":2024,"s":"cppi-2024","locode":"JPYKK"}],"added":"cppi-2024","addedFrom":"world-port-index","addedAs":"Yokkaichi"}}]}