{"type":"FeatureCollection", "features": [
{"type":"Feature","geometry":{"type":"Polygon","coordinates":[[[25.409,-24.998],[26.158,-25.882],[26.992,-26.106],[27.931,-26.57],[28.354,-26.867],[28.824,-26.887],[28.811,-25.974],[28.493,-25.531],[27.865,-25.061],[26.866,-24.691],[25.425,-24.484],[24.749,-24.565],[24.855,-24.909],[25.409,-24.998]]]},"properties":{"NAME":"Witwatersrand","NAME_JA":"ウィットウォーターズランド","FEATURECLA":"Range/mtn","REGION":"Africa","SUBREGION":null,"SCALERANK":6,"NE_ID":1159102603,"WIKIDATAID":"Q587808"}},
{"type":"Feature","geometry":{"type":"Polygon","coordinates":[[[13.984,23.619],[13.247,22.795],[13.392,21.909],[14.027,21.988],[15.152,22.98],[15.535,23.774],[17.096,25.679],[17.229,26.155],[16.818,26.341],[16.355,26.261],[15.178,25.071],[14.036,23.678],[13.984,23.619]]]},"properties":{"NAME":"Jabal bin Ghunaymah","NAME_JA":"ジャバル・ビン・グナイマー","FEATURECLA":"Range/mtn","REGION":"Africa","SUBREGION":null,"SCALERANK":6,"NE_ID":1159102605,"WIKIDATAID":"Q27496722"}},
{"type":"Feature","geometry":{"type":"Polygon","coordinates":[[[-111.843,39.266],[-111.663,39.279],[-111.452,39.795],[-110.942,42.061],[-111.705,42.641],[-111.756,41.872],[-111.994,41.567],[-111.822,40.853],[-111.822,40.836],[-111.675,40.211],[-111.843,39.266]]]},"properties":{"NAME":"Wasatch Range","NAME_JA":"ワサッチ山脈","FEATURECLA":"Range/mtn","REGION":"North America","SUBREGION":null,"SCALERANK":6,"NE_ID":1159102607,"WIKIDATAID":"Q1544388"}},
{"type":"Feature","geometry":{"type":"Polygon","coordinates":[[[32.145,-27.482],[32.349,-25.809],[32.138,-24.195],[31.728,-23.877],[31.886,-25.2],[31.781,-26.113],[31.797,-27.108],[32.145,-27.482]]]},"properties":{"NAME":"Lebombo Mts.","NAME_JA":"レボンボマウンテンズ","FEATURECLA":"Range/mtn","REGION":"Africa","SUBREGION":null,"SCALERANK":6,"NE_ID":1159102609,"WIKIDATAID":"Q1501766"}},
{"type":"Feature","geometry":{"type":"Polygon","coordinates":[[[29.757,-0.004],[30.246,0.266],[30.312,0.673],[30.414,1.166],[30.233,1.108],[29.704,0.477],[29.734,0.011],[29.757,-0.004]]]},"properties":{"NAME":"Ruwenzori Range","NAME_JA":"ルウェンゾリ山地","FEATURECLA":"Range/mtn","REGION":"Africa","SUBREGION":null,"SCALERANK":6,"NE_ID":1730070733,"WIKIDATAID":"Q106540"}},
{"type":"Feature","geometry":{"type":"Polygon","coordinates":[[[-3.475,33.881],[-3.422,34.252],[-4.216,34.285],[-4.963,33.941],[-5.671,33.028],[-5.01,32.757],[-4.467,32.816],[-4.084,33.048],[-3.475,33.881]]]},"properties":{"NAME":"Moyen Atlas","NAME_JA":"中央アトラス","FEATURECLA":"Range/mtn","REGION":"Africa","SUBREGION":null,"SCALERANK":6,"NE_ID":1159102615,"WIKIDATAID":"Q1433137"}},
{"type":"Feature","geometry":{"type":"Polygon","coordinates":[[[-10.632,8.243],[-10.116,9.182],[-10.328,9.407],[-11.201,9.526],[-11.69,9.301],[-11.876,8.891],[-11.836,8.296],[-11.241,7.952],[-10.632,8.243]]]},"properties":{"NAME":"Loma Mts.","NAME_JA":"ロマ山地","FEATURECLA":"Range/mtn","REGION":"Africa","SUBREGION":null,"SCALERANK":6,"NE_ID":1159102617,"WIKIDATAID":"Q1868712"}},
{"type":"Feature","geometry":{"type":"Polygon","coordinates":[[[15.252,8.377],[14.331,8.247],[13.379,7.718],[13.441,7.251],[13.829,7.515],[15.16,7.868],[15.593,7.886],[15.533,8.292],[15.252,8.377]]]},"properties":{"NAME":"Mbang Mts.","NAME_JA":"ムバング山脈","FEATURECLA":"Range/mtn","REGION":"Africa","SUBREGION":null,"SCALERANK":6,"NE_ID":1730070745,"WIKIDATAID":null}},
{"type":"Feature","geometry":{"type":"Polygon","coordinates":[[[18.449,27.924],[18.075,28.298],[17.176,28.47],[16.144,27.743],[15.972,27.478],[16.223,26.923],[16.99,26.658],[17.559,26.182],[18.102,26.221],[18.472,27.002],[18.496,27.85],[18.449,27.924]]]},"properties":{"NAME":"Al Harüj al Aswad","NAME_JA":"ハルジュ","FEATURECLA":"Plateau","REGION":"Africa","SUBREGION":null,"SCALERANK":6,"NE_ID":1159102637,"WIKIDATAID":"Q1067917"}},
{"type":"Feature","geometry":{"type":"Polygon","coordinates":[[[-117.749,62.284],[-119.759,62.566],[-120.5,62.39],[-120.253,61.984],[-117.943,62.09],[-117.749,62.284]]]},"properties":{"NAME":"Horn Plat.","NAME_JA":"ホルン低地","FEATURECLA":"Plateau","REGION":"North America","SUBREGION":null,"SCALERANK":6,"NE_ID":1730070787,"WIKIDATAID":null}},
{"type":"Feature","geometry":{"type":"Polygon","coordinates":[[[16.898,-23.136],[17.206,-23.115],[17.837,-23.362],[18.155,-23.044],[18.34,-22.435],[17.784,-21.681],[17.427,-21.602],[16.492,-21.88],[16.058,-21.482],[15.672,-21.386],[15.16,-21.704],[15.038,-22],[14.913,-22.524],[15.417,-22.768],[15.451,-23.534],[15.48,-23.631],[15.609,-24.218],[15.639,-24.538],[16.369,-24.587],[16.766,-23.838],[16.633,-23.485],[16.898,-23.136]]]},"properties":{"NAME":"Khomas Highland","NAME_JA":"クホマス高原","FEATURECLA":"Plateau","REGION":"Africa","SUBREGION":null,"SCALERANK":6,"NE_ID":1159102641,"WIKIDATAID":"Q1740661"}},
{"type":"Feature","geometry":{"type":"Polygon","coordinates":[[[24.263,17.743],[23.671,18.112],[22.692,17.861],[20.986,18.046],[21.025,17.279],[21.66,16.617],[23.023,15.837],[23.751,16.194],[24.261,17.728],[24.263,17.743]]]},"properties":{"NAME":"Ennedi Plat.","NAME_JA":"エネディ台地","FEATURECLA":"Plateau","REGION":"Africa","SUBREGION":null,"SCALERANK":6,"NE_ID":1159102643,"WIKIDATAID":"Q1343339"}},
{"type":"Feature","geometry":{"type":"Polygon","coordinates":[[[9.335,10.382],[9.044,10.673],[8.281,9.667],[8.656,8.975],[9.609,9.05],[9.9,9.301],[9.551,9.689],[9.741,10.311],[9.335,10.382]]]},"properties":{"NAME":"Jos Plateau","NAME_JA":"ジョス高原","FEATURECLA":"Plateau","REGION":"Africa","SUBREGION":null,"SCALERANK":6,"NE_ID":1159102645,"WIKIDATAID":"Q811142"}},
{"type":"Feature","geometry":{"type":"Polygon","coordinates":[[[-88.981,16.24],[-88.375,16.744],[-88.375,17.253],[-89.011,17.251],[-89.318,16.617],[-89.665,16.181],[-88.981,16.24]]]},"properties":{"NAME":"Maya Mts.","NAME_JA":"マヤ山脈","FEATURECLA":"Range/mtn","REGION":"North America","SUBREGION":"Central America","SCALERANK":5,"NE_ID":1159102981,"WIKIDATAID":"Q765874"}},
{"type":"Feature","geometry":{"type":"Polygon","coordinates":[[[-104.956,38.564],[-104.572,39.014],[-105.062,39.398],[-105.194,39.874],[-105.075,40.588],[-105.525,41.002],[-105.908,40.893],[-106.381,40.38],[-105.988,39.504],[-106.168,38.939],[-105.781,38.406],[-104.956,38.564]]]},"properties":{"NAME":"Front Range","NAME_JA":"フロントレンジ","FEATURECLA":"Range/mtn","REGION":"North America","SUBREGION":null,"SCALERANK":5,"NE_ID":1159102983,"WIKIDATAID":"Q1470027"}},
{"type":"Feature","geometry":{"type":"Polygon","coordinates":[[[-111.625,44.465],[-111.584,44.703],[-112.761,44.716],[-112.907,45.033],[-113.456,45.357],[-113.515,45.774],[-114.097,46.171],[-113.981,46.867],[-114.687,47.02],[-115.692,47.943],[-115.964,48.088],[-116.122,48.126],[-116.306,48.181],[-116.73,47.851],[-116.677,47.428],[-115.936,47.335],[-115.328,47.018],[-114.693,46.343],[-114.812,45.827],[-114.658,45.377],[-113.898,45.345],[-113.608,44.808],[-112.766,43.98],[-112.681,44.033],[-112.31,44.268],[-112.006,44.425],[-111.901,44.479],[-111.625,44.465]]]},"properties":{"NAME":"Bitterroot Range","NAME_JA":"ビタールート山脈","FEATURECLA":"Range/mtn","REGION":"North America","SUBREGION":null,"SCALERANK":5,"NE_ID":1159102985,"WIKIDATAID":"Q879014"}},
{"type":"Feature","geometry":{"type":"Polygon","coordinates":[[[9.43,60.715],[9.044,61.04],[7.826,61.014],[7.323,60.725],[6.689,59.979],[6.949,59.2],[8.127,59.319],[9.26,60.133],[9.43,60.715]]]},"properties":{"NAME":"Hardanger-vidda","NAME_JA":"ハダンゲルヴィッダ","FEATURECLA":"Range/mtn","REGION":"Europe","SUBREGION":null,"SCALERANK":5,"NE_ID":1159102987,"WIKIDATAID":"Q1585051"}},
{"type":"Feature","geometry":{"type":"Polygon","coordinates":[[[21.394,7.595],[22.454,7.714],[23.645,8.23],[25.285,8.322],[25.332,8.622],[25.457,9.42],[24.161,9.95],[22.796,10.151],[22.665,10.171],[22.661,10.171],[21.974,10.195],[21.956,10.195],[21.903,10.197],[21.33,10.214],[19.742,9.248],[19.491,8.481],[21.039,7.555],[21.394,7.595]]]},"properties":{"NAME":"Chaîne des Mongos","NAME_JA":"ボンゴ山地","FEATURECLA":"Range/mtn","REGION":"Africa","SUBREGION":null,"SCALERANK":5,"NE_ID":1730071499,"WIKIDATAID":null}},
{"type":"Feature","geometry":{"type":"Polygon","coordinates":[[[50.996,11.137],[51.084,11.336],[51.136,11.505],[51.186,11.603],[51.196,11.69],[51.209,11.793],[51.191,11.842],[51.051,11.886],[50.528,11.823],[50.466,11.728],[50.11,11.529],[49.482,11.379],[49.476,11.377],[49.388,11.343],[48.903,11.255],[48.439,11.29],[47.713,11.112],[46.973,10.925],[46.65,10.73],[46.388,10.718],[46.369,10.723],[46.025,10.794],[45.791,10.829],[45.599,10.757],[45.486,10.512],[44.626,10.062],[44.633,9.725],[45.493,9.877],[45.837,9.659],[46.339,9.824],[46.485,9.559],[47.1,9.791],[47.391,10.545],[47.854,10.829],[48.555,10.69],[49.309,10.922],[50.017,10.618],[50.89,10.922],[50.996,11.137]]]},"properties":{"NAME":"Ogo Mts.","NAME_JA":"オゴ山脈","FEATURECLA":"Range/mtn","REGION":"Africa","SUBREGION":null,"SCALERANK":5,"NE_ID":1730071505,"WIKIDATAID":null}},
{"type":"Feature","geometry":{"type":"Polygon","coordinates":[[[18.664,-25.657],[18.256,-25.09],[18,-25.196],[18.044,-25.884],[17.806,-26.431],[17.586,-27.515],[17.18,-28.027],[17.418,-28.671],[18.926,-28.856],[19.261,-28.83],[19.5,-28.556],[20.002,-28.38],[20.085,-28.371],[20.505,-28.327],[20.285,-27.26],[20.558,-26.792],[20.02,-26.281],[18.664,-25.657]]]},"properties":{"NAME":"Groot Karasberge","NAME_JA":"グレートカラスベルグ山脈","FEATURECLA":"Range/mtn","REGION":"Africa","SUBREGION":null,"SCALERANK":5,"NE_ID":1159102995,"WIKIDATAID":"Q1464606"}},
{"type":"Feature","geometry":{"type":"Polygon","coordinates":[[[-7.118,7.127],[-7.118,7.921],[-7.338,8.724],[-7.753,9.306],[-8.793,9.614],[-9.746,9.491],[-10.151,9.103],[-10.522,8.274],[-10.204,7.851],[-9.763,7.533],[-9.111,7.304],[-7.947,7.021],[-7.276,6.951],[-7.118,7.127]]]},"properties":{"NAME":"Guinea Highlands","NAME_JA":"ギニア高原","FEATURECLA":"Range/mtn","REGION":"Africa","SUBREGION":null,"SCALERANK":5,"NE_ID":1730071513,"WIKIDATAID":"Q5616476"}},
{"type":"Feature","geometry":{"type":"Polygon","coordinates":[[[25.426,13.327],[25.753,14.006],[26.679,14.606],[27.252,14.853],[27.587,15.373],[27.481,15.656],[26.908,16.15],[25.929,15.929],[25.232,15.391],[24.686,15.082],[23.883,14.421],[23.504,13.407],[23.865,12.534],[24.888,12.392],[25.426,13.327]]]},"properties":{"NAME":"Marrah Mts.","NAME_JA":"マッラ山脈","FEATURECLA":"Range/mtn","REGION":"Africa","SUBREGION":null,"SCALERANK":5,"NE_ID":1159102999,"WIKIDATAID":"Q886772"}},
{"type":"Feature","geometry":{"type":"Polygon","coordinates":[[[40.667,9.144],[40.455,8.574],[40.631,8.344],[41.306,8.721],[41.725,8.784],[43.15,9.464],[42.828,9.753],[42.468,9.736],[42.367,9.724],[41.831,9.658],[41.731,9.639],[40.722,9.177],[40.667,9.144]]]},"properties":{"NAME":"Ahmar Mts.","NAME_JA":"アフマール山地","FEATURECLA":"Range/mtn","REGION":"Africa","SUBREGION":null,"SCALERANK":5,"NE_ID":1730071517,"WIKIDATAID":"Q2895205"}},
{"type":"Feature","geometry":{"type":"Polygon","coordinates":[[[23.061,32.38],[23.052,32.475],[22.8,32.724],[22.754,32.741],[22.523,32.794],[21.839,32.909],[21.425,32.799],[21.319,32.778],[20.449,32.477],[19.972,31.907],[19.997,31.874],[20.165,31.645],[20.764,31.983],[20.803,32.007],[21.283,32.333],[23.061,32.38]]]},"properties":{"NAME":"Al Jabal al Akhdar","NAME_JA":"アル・ジャバル・アル・アフダル山地","FEATURECLA":"Range/mtn","REGION":"Africa","SUBREGION":null,"SCALERANK":5,"NE_ID":1730071523,"WIKIDATAID":"Q310342"}},
{"type":"Feature","geometry":{"type":"Polygon","coordinates":[[[-4.33,35.161],[-4.798,35.171],[-5.129,35.464],[-5.253,35.615],[-5.338,35.745],[-5.379,35.916],[-5.522,35.862],[-5.623,35.829],[-5.882,35.773],[-5.882,35.769],[-5.85,34.9],[-5.635,34.457],[-5.748,34.341],[-5.4,34.086],[-4.262,34.298],[-3.336,34.41],[-2.8,34.774],[-2.637,35.113],[-2.84,35.128],[-2.893,35.164],[-2.966,35.328],[-3.063,35.317],[-3.206,35.239],[-3.395,35.212],[-3.591,35.228],[-3.788,35.245],[-4.33,35.161]]]},"properties":{"NAME":"Er Rif","NAME_JA":"リーフ地方","FEATURECLA":"Range/mtn","REGION":"Africa","SUBREGION":null,"SCALERANK":5,"NE_ID":1159103005,"WIKIDATAID":"Q275491"}},
{"type":"Feature","geometry":{"type":"Polygon","coordinates":[[[-3.475,33.881],[-2.628,33.921],[-2.112,34.199],[-0.856,34.582],[0.983,34.807],[1.671,35.522],[2.412,35.918],[4.158,35.945],[5.428,35.601],[6.143,35.879],[5.295,36.648],[5.196,36.677],[4.995,36.808],[4.874,36.861],[4.87,36.862],[3.779,36.896],[3.521,36.795],[2.984,36.785],[2.861,36.736],[2.785,36.705],[2.593,36.601],[1.257,36.52],[0.972,36.444],[0.815,36.368],[0.048,35.901],[-0.048,35.833],[-0.189,35.819],[-0.426,35.862],[-0.702,35.75],[-0.917,35.668],[-1.088,35.579],[-1.265,35.404],[-1.279,35.397],[-1.336,35.364],[-1.674,35.183],[-1.913,35.094],[-2.005,35.086],[-2.018,35.085],[-2.22,35.104],[-2.436,35.112],[-2.642,34.979],[-3.475,33.881]]]},"properties":{"NAME":"Atlas Tellien","NAME_JA":"テル・アトラス山脈","FEATURECLA":"Range/mtn","REGION":"Africa","SUBREGION":null,"SCALERANK":5,"NE_ID":1730071533,"WIKIDATAID":"Q1478180"}},
{"type":"Feature","geometry":{"type":"Polygon","coordinates":[[[32.971,-20.742],[33.276,-20.504],[33.792,-19.115],[33.593,-18.864],[33.368,-17.501],[33.196,-16.985],[32.799,-16.8],[32.072,-16.892],[31.701,-17.316],[31.754,-17.792],[32.138,-18.202],[32.349,-18.969],[32.442,-20.054],[32.297,-20.795],[32.971,-20.742]]]},"properties":{"NAME":"Inyanga Mts.","NAME_JA":"ンヤンガニ山","FEATURECLA":"Range/mtn","REGION":"Africa","SUBREGION":null,"SCALERANK":5,"NE_ID":1159103011,"WIKIDATAID":"Q152294"}},
{"type":"Feature","geometry":{"type":"Polygon","coordinates":[[[147.219,-37.608],[148.102,-37.135],[148.804,-36.422],[149.102,-35.812],[148.789,-35.502],[147.998,-36.464],[147.072,-37.054],[146.888,-37.311],[147.219,-37.608]]]},"properties":{"NAME":"Australian Alps","NAME_JA":"オーストラリアアルプス山脈","FEATURECLA":"Range/mtn","REGION":"Oceania","SUBREGION":"Australasia","SCALERANK":5,"NE_ID":1159103013,"WIKIDATAID":"Q390226"}},
{"type":"Feature","geometry":{"type":"Polygon","coordinates":[[[139.647,-30.281],[139.79,-29.964],[139.699,-29.832],[139.376,-29.799],[138.741,-30.564],[138.077,-32.113],[138.016,-32.724],[138.315,-33.306],[138.709,-33.262],[139.085,-32.653],[139.231,-31.207],[139.592,-30.404],[139.647,-30.281]]]},"properties":{"NAME":"Flinders Ranges","NAME_JA":"フリンダーズ山脈","FEATURECLA":"Range/mtn","REGION":"Oceania","SUBREGION":"Australasia","SCALERANK":5,"NE_ID":1159103015,"WIKIDATAID":"Q745846"}},
{"type":"Feature","geometry":{"type":"Polygon","coordinates":[[[150.58,-33.932],[150.663,-33.668],[150.264,-32.977],[149.908,-32.918],[150.223,-33.783],[150.58,-33.932]]]},"properties":{"NAME":"Blue Mts.","NAME_JA":"ブルーマウンテン山脈","FEATURECLA":"Range/mtn","REGION":"Oceania","SUBREGION":"Australasia","SCALERANK":5,"NE_ID":1159103017,"WIKIDATAID":"Q667529"}},
{"type":"Feature","geometry":{"type":"Polygon","coordinates":[[[143.536,-19.499],[143.682,-19.273],[143.094,-18.83],[142.694,-18.199],[142.218,-18.415],[143.057,-19.328],[143.536,-19.499]]]},"properties":{"NAME":"Gregory Ra.","NAME_JA":"グレゴリー山","FEATURECLA":"Range/mtn","REGION":"Oceania","SUBREGION":"Australasia","SCALERANK":5,"NE_ID":1159103019,"WIKIDATAID":"Q18346196"}},
{"type":"Feature","geometry":{"type":"Polygon","coordinates":[[[141.184,-21.66],[141.151,-21.273],[140.01,-20.077],[139.402,-19.859],[139.219,-20.233],[140.157,-21.12],[140.884,-21.602],[141.184,-21.66]]]},"properties":{"NAME":"Selwyn Ra.","NAME_JA":"セルウィン・レンジ","FEATURECLA":"Range/mtn","REGION":"Oceania","SUBREGION":"Australasia","SCALERANK":5,"NE_ID":1730071561,"WIKIDATAID":null}},
{"type":"Feature","geometry":{"type":"Polygon","coordinates":[[[135.495,-23.083],[134.868,-22.951],[133.601,-23.157],[131.974,-23.163],[130.349,-22.946],[130.308,-23.289],[130.844,-23.596],[132.62,-23.785],[134.156,-23.829],[134.702,-23.772],[135.457,-23.352],[135.495,-23.083]]]},"properties":{"NAME":"MacDonnell Ranges","NAME_JA":"マクドネル山脈","FEATURECLA":"Range/mtn","REGION":"Oceania","SUBREGION":"Australasia","SCALERANK":5,"NE_ID":1159103023,"WIKIDATAID":"Q1475441"}},
{"type":"Feature","geometry":{"type":"Polygon","coordinates":[[[116.117,-33.883],[116.38,-33.607],[116.725,-32.282],[116.572,-30.439],[116.42,-29.851],[116.084,-29.401],[115.617,-29.589],[115.85,-30.352],[115.902,-30.908],[115.878,-33.838],[116.117,-33.883]]]},"properties":{"NAME":"Darling Range","NAME_JA":"ダーリング山地","FEATURECLA":"Range/mtn","REGION":"Oceania","SUBREGION":"Australasia","SCALERANK":5,"NE_ID":1159103027,"WIKIDATAID":"Q21961599"}},
{"type":"Feature","geometry":{"type":"Polygon","coordinates":[[[118.714,-22.342],[116.52,-21.681],[116.218,-21.931],[117.353,-22.406],[117.905,-22.48],[119.283,-22.913],[119.462,-22.601],[118.714,-22.342]]]},"properties":{"NAME":"Hamersley Ra.","NAME_JA":"ヘイマースレイ山地","FEATURECLA":"Range/mtn","REGION":"Oceania","SUBREGION":"Australasia","SCALERANK":5,"NE_ID":1730071573,"WIKIDATAID":"Q1573394"}},
{"type":"Feature","geometry":{"type":"Polygon","coordinates":[[[147.927,-9.558],[149.066,-10.09],[149.521,-10.217],[149.535,-9.775],[149.137,-9.589],[148.893,-9.431],[148.299,-9.04],[148.26,-9.002],[147.65,-8.283],[147.044,-7.625],[146.775,-7.665],[146.866,-8.421],[147.127,-8.755],[147.236,-8.904],[147.677,-9.409],[147.927,-9.558]]]},"properties":{"NAME":"Owen Stanley Ra.","NAME_JA":"オーエン・スタンリー山脈","FEATURECLA":"Range/mtn","REGION":"Oceania","SUBREGION":"Melanesia","SCALERANK":5,"NE_ID":1730071579,"WIKIDATAID":"Q633771"}},
{"type":"Feature","geometry":{"type":"Polygon","coordinates":[[[138.926,-4.58],[140.566,-4.808],[140.712,-4.412],[140.428,-4.009],[139.781,-3.652],[138.447,-3.243],[137.202,-3.207],[136.98,-3.103],[136.487,-2.956],[135.551,-3.82],[135.491,-4.088],[135.829,-4.266],[136.433,-4.28],[138.189,-4.461],[138.926,-4.58]]]},"properties":{"NAME":"Maoke Mts.","NAME_JA":"マオケ山脈","FEATURECLA":"Range/mtn","REGION":"Oceania","SUBREGION":"Melanesia","SCALERANK":5,"NE_ID":1730071583,"WIKIDATAID":null}},
{"type":"Feature","geometry":{"type":"Polygon","coordinates":[[[104.745,-5.281],[104.73,-4.839],[103.826,-3.903],[102.685,-2.919],[102.039,-2.19],[101.6,-1.406],[101.067,-0.717],[100.641,0.036],[100.324,0.376],[100.077,-0.104],[100.597,-1.26],[101.335,-2.412],[101.817,-3.059],[102.377,-3.619],[102.56,-3.956],[103.218,-4.454],[103.86,-5.061],[104.745,-5.281]]]},"properties":{"NAME":"Barisan Mountains","NAME_JA":"バリサーン山脈","FEATURECLA":"Range/mtn","REGION":"Asia","SUBREGION":"Malay Archipelago","SCALERANK":5,"NE_ID":1159103035,"WIKIDATAID":"Q649051"}},
{"type":"Feature","geometry":{"type":"Polygon","coordinates":[[[106.838,49.882],[106.402,49.297],[105.64,48.87],[105.714,48.1],[106.942,47.701],[108.114,47.712],[109.067,47.049],[109.975,47.096],[110.601,47.474],[111.424,47.572],[112.22,48.112],[112.506,49.089],[112.435,49.44],[112.122,49.63],[110.645,49.735],[110.603,49.738],[108.959,50.529],[108.756,50.617],[107.812,50.572],[107.13,50.287],[106.838,49.882]]]},"properties":{"NAME":"Hentiyn Mts.","NAME_JA":"ヘンティー山脈","FEATURECLA":"Range/mtn","REGION":"Asia","SUBREGION":null,"SCALERANK":5,"NE_ID":1159103037,"WIKIDATAID":"Q748435"}},
{"type":"Feature","geometry":{"type":"Polygon","coordinates":[[[133.335,50.392],[134.291,51.03],[135.765,51.802],[135.886,52.147],[134.988,52.063],[134.328,51.755],[133.093,50.909],[133.335,50.392]]]},"properties":{"NAME":"Bureinskiy Ra.","NAME_JA":"ブレヤ山脈","FEATURECLA":"Range/mtn","REGION":"Asia","SUBREGION":null,"SCALERANK":5,"NE_ID":1159103039,"WIKIDATAID":"Q893279"}},
{"type":"Feature","geometry":{"type":"Polygon","coordinates":[[[135.18,52.268],[135.548,52.552],[135.098,54.128],[134.238,54.216],[134.166,53.483],[134.51,52.411],[135.18,52.268]]]},"properties":{"NAME":"Yam Alin’ Range","NAME_JA":"ヤム＝アリニ山脈","FEATURECLA":"Range/mtn","REGION":"Asia","SUBREGION":null,"SCALERANK":5,"NE_ID":1159103041,"WIKIDATAID":"Q4537513"}},
{"type":"Feature","geometry":{"type":"Polygon","coordinates":[[[179.925,66.865],[179.935,67.632],[179.59,68.052],[177.69,68.802],[175.388,69.182],[173.678,69.631],[171.882,69.875],[171.602,69.664],[172.146,69.068],[173.47,68.726],[175.18,67.917],[177.282,67.157],[179.261,66.761],[179.925,66.865]]]},"properties":{"NAME":"Chukchi Range","NAME_JA":"チュクチ山地","FEATURECLA":"Range/mtn","REGION":"Asia","SUBREGION":null,"SCALERANK":5,"NE_ID":1730071603,"WIKIDATAID":null}},
{"type":"Feature","geometry":{"type":"Polygon","coordinates":[[[144.78,61.001],[145.19,61.409],[144.938,61.719],[142.037,62.555],[140.388,63.049],[139.602,62.982],[139.544,62.446],[141.448,61.553],[143.667,60.999],[144.78,61.001]]]},"properties":{"NAME":"Suntar-Khayata Range","NAME_JA":"スンタルハヤタ山脈","FEATURECLA":"Range/mtn","REGION":"Asia","SUBREGION":null,"SCALERANK":5,"NE_ID":1159103047,"WIKIDATAID":"Q733842"}},
{"type":"Feature","geometry":{"type":"Polygon","coordinates":[[[136.38,56.899],[134.015,56.149],[133.834,55.551],[134.085,55.298],[135.521,55.302],[136.511,55.792],[137.052,55.989],[138.099,56.686],[138.294,56.871],[139.61,57.734],[140.209,58.571],[139.854,59.016],[139.011,58.668],[136.38,56.899]]]},"properties":{"NAME":"Dzhugdzhur Range","NAME_JA":"ジュグジュル山地","FEATURECLA":"Range/mtn","REGION":"Asia","SUBREGION":null,"SCALERANK":5,"NE_ID":1730071613,"WIKIDATAID":null}},
{"type":"Feature","geometry":{"type":"Polygon","coordinates":[[[149.454,64.666],[149.589,65.125],[149.146,65.597],[147.137,66.577],[144.564,67.336],[142.98,67.425],[142.862,66.862],[143.809,66.335],[146.302,65.88],[148.109,64.956],[149.454,64.666]]]},"properties":{"NAME":"Momskiy Mts.","NAME_JA":"モムスキー山地","FEATURECLA":"Range/mtn","REGION":"Asia","SUBREGION":null,"SCALERANK":5,"NE_ID":1159103051,"WIKIDATAID":"Q1557099"}},
{"type":"Feature","geometry":{"type":"Polygon","coordinates":[[[66.455,28.505],[67.289,28.731],[67.493,29.185],[67.589,30.008],[67.236,30.414],[66.933,30.289],[66.447,29.419],[66.305,28.731],[66.455,28.505]]]},"properties":{"NAME":"Central Bruhui Range","NAME_JA":"中央ブラーフイ山脈","FEATURECLA":"Range/mtn","REGION":"Asia","SUBREGION":null,"SCALERANK":5,"NE_ID":1159103053,"WIKIDATAID":"Q11948856"}},
{"type":"Feature","geometry":{"type":"Polygon","coordinates":[[[68.571,43.505],[69.098,43.349],[70.026,42.668],[70.679,42.575],[71.255,42.773],[70.105,43.47],[68.994,43.929],[68.216,44.255],[66.893,45.065],[66.265,44.869],[67.422,44.075],[68.571,43.505]]]},"properties":{"NAME":"Karatau Range","NAME_JA":"カラタウ山地","FEATURECLA":"Range/mtn","REGION":"Asia","SUBREGION":null,"SCALERANK":5,"NE_ID":1159103055,"WIKIDATAID":"Q2062939"}},
{"type":"Feature","geometry":{"type":"Polygon","coordinates":[[[72.611,26.038],[72.503,25.622],[72.207,25.32],[72.271,24.642],[72.822,24.669],[73.398,25.251],[74.464,26.45],[74.525,26.846],[74.055,27.1],[72.717,26.159],[72.611,26.038]]]},"properties":{"NAME":"Arvalli Ra.","NAME_JA":"アラーヴァリー山脈","FEATURECLA":"Range/mtn","REGION":"Asia","SUBREGION":null,"SCALERANK":5,"NE_ID":1730071631,"WIKIDATAID":null}},
{"type":"Feature","geometry":{"type":"Polygon","coordinates":[[[70.437,33.402],[70.037,33.686],[69.368,33.639],[68.952,33.278],[69.067,32.6],[69.305,32.294],[69.431,29.797],[69.853,29.141],[70.21,29.201],[70.641,30.189],[70.619,30.998],[70.388,31.698],[70.58,33.136],[70.437,33.402]]]},"properties":{"NAME":"Sulaiman Ra.","NAME_JA":"スライマーン山脈","FEATURECLA":"Range/mtn","REGION":"Asia","SUBREGION":null,"SCALERANK":5,"NE_ID":1159103059,"WIKIDATAID":"Q784189"}},
{"type":"Feature","geometry":{"type":"Polygon","coordinates":[[[64.358,26.11],[64.614,26.196],[65.63,26.966],[65.969,27.56],[66.067,28.232],[65.782,28.267],[64.383,27.433],[63.744,27.279],[62.846,27.225],[62.439,27.026],[62.879,26.454],[63.875,26.142],[64.358,26.11]]]},"properties":{"NAME":"Central Makran","NAME_JA":"中央マクラーン山脈","FEATURECLA":"Range/mtn","REGION":"Asia","SUBREGION":null,"SCALERANK":5,"NE_ID":1159103063,"WIKIDATAID":"Q5061389"}},
{"type":"Feature","geometry":{"type":"Polygon","coordinates":[[[66.858,26.209],[66.925,25.639],[67.393,25.507],[67.484,25.854],[67.194,28.094],[66.451,28.305],[66.345,27.915],[66.432,27.116],[66.858,26.209]]]},"properties":{"NAME":"Kirthar Ra.","NAME_JA":"キルタル山脈","FEATURECLA":"Range/mtn","REGION":"Asia","SUBREGION":null,"SCALERANK":5,"NE_ID":1159103065,"WIKIDATAID":"Q2140102"}},
{"type":"Feature","geometry":{"type":"Polygon","coordinates":[[[35.458,33.247],[36.029,33.808],[36.34,34.32],[36.066,34.501],[35.35,33.506],[35.458,33.247]]]},"properties":{"NAME":"Lebanon Mts.","NAME_JA":"レバノン山脈","FEATURECLA":"Range/mtn","REGION":"Asia","SUBREGION":null,"SCALERANK":5,"NE_ID":1730071649,"WIKIDATAID":null}},
{"type":"Feature","geometry":{"type":"Polygon","coordinates":[[[58.436,38.159],[57.576,38.361],[56.95,38.698],[56.501,39.127],[55.903,39.383],[55.463,39.011],[56.111,38.331],[56.895,37.832],[58.448,37.297],[59.636,36.512],[60.465,36.211],[60.511,36.683],[59.128,37.669],[58.436,38.159]]]},"properties":{"NAME":"Kopet Dag Mts .","NAME_JA":"コペトダグ山脈","FEATURECLA":"Range/mtn","REGION":"Asia","SUBREGION":null,"SCALERANK":5,"NE_ID":1159103069,"WIKIDATAID":"Q328072"}},
{"type":"Feature","geometry":{"type":"Polygon","coordinates":[[[61.871,35.321],[61.579,34.99],[61.985,34.569],[62.789,34.285],[63.318,34.383],[64.836,34.392],[66.592,34.868],[66.673,35.135],[65.699,35.306],[63.75,35.048],[62.883,35.046],[61.871,35.321]]]},"properties":{"NAME":"Paropamisus Ra.","NAME_JA":"パロパミソス山脈","FEATURECLA":"Range/mtn","REGION":"Asia","SUBREGION":null,"SCALERANK":5,"NE_ID":1730071657,"WIKIDATAID":null}},
{"type":"Feature","geometry":{"type":"Polygon","coordinates":[[[59.402,22.604],[59.03,23.131],[58.773,23.517],[58.393,23.618],[58.325,23.624],[57.509,23.805],[57.22,23.923],[56.913,24.15],[56.49,24.716],[56.38,24.926],[56.359,25.078],[56.361,25.207],[56.298,25.651],[56.307,25.709],[56.145,26.034],[56.067,25.117],[55.862,24.544],[56.022,24.095],[57.08,22.732],[57.589,22.899],[58.046,22.877],[59.402,22.604]]]},"properties":{"NAME":"Al Hajar Mts.","NAME_JA":"ハジャル山地","FEATURECLA":"Range/mtn","REGION":"Asia","SUBREGION":null,"SCALERANK":5,"NE_ID":1730071661,"WIKIDATAID":"Q1422726"}},
{"type":"Feature","geometry":{"type":"Polygon","coordinates":[[[45.948,20.388],[46.494,21.177],[46.954,22.98],[47.054,23.841],[47.011,24.428],[46.82,24.799],[46.269,25.29],[45.907,25.203],[45.872,24.85],[46.168,23.79],[46.159,23.159],[45.977,22.425],[45.512,21.101],[45.547,20.423],[45.948,20.388]]]},"properties":{"NAME":"Tuwayq Mts.","NAME_JA":"トゥワイク山","FEATURECLA":"Range/mtn","REGION":"Asia","SUBREGION":null,"SCALERANK":5,"NE_ID":1730071667,"WIKIDATAID":null}},
{"type":"Feature","geometry":{"type":"Polygon","coordinates":[[[34.31,36.611],[34.99,37.263],[35.004,37.821],[33.274,37.514],[31.944,37.706],[31.585,37.612],[31.349,36.979],[32.65,36.15],[33.641,36.299],[34.301,36.606],[34.31,36.611]]]},"properties":{"NAME":"Taurus Mts.","NAME_JA":"トロス山脈","FEATURECLA":"Range/mtn","REGION":"Asia","SUBREGION":null,"SCALERANK":5,"NE_ID":1159103077,"WIKIDATAID":"Q172556"}},
{"type":"Feature","geometry":{"type":"Polygon","coordinates":[[[14.002,48.468],[14.16,48.727],[12.961,49.75],[12.366,49.729],[12.585,49.189],[13.476,48.606],[14.002,48.468]]]},"properties":{"NAME":"Böhmerwald","NAME_JA":"ベーマーの森","FEATURECLA":"Range/mtn","REGION":"Europe","SUBREGION":null,"SCALERANK":5,"NE_ID":1159103081,"WIKIDATAID":"Q23821373"}},
{"type":"Feature","geometry":{"type":"Polygon","coordinates":[[[25.47,45.025],[26.576,45.176],[26.457,45.793],[25.557,45.957],[22.776,45.808],[21.993,45.59],[21.628,45.186],[21.77,44.821],[21.929,44.732],[22.28,44.639],[22.632,44.638],[23.428,44.751],[23.666,44.821],[25.048,45.026],[25.47,45.025]]]},"properties":{"NAME":"Transylvanian Alps","NAME_JA":"トランシルヴァニアアルプス山脈","FEATURECLA":"Range/mtn","REGION":"Europe","SUBREGION":null,"SCALERANK":5,"NE_ID":1730071679,"WIKIDATAID":"Q217202"}},
{"type":"Feature","geometry":{"type":"Polygon","coordinates":[[[18.516,49.968],[18.148,49.788],[18.013,49.236],[18.659,48.82],[19.895,49.071],[21.744,49.066],[22.855,48.869],[22.784,49.4],[22.018,49.748],[20.746,49.94],[19.768,50.047],[18.791,50.018],[18.516,49.968]]]},"properties":{"NAME":"Tatra Mts.","NAME_JA":"タトラ山脈","FEATURECLA":"Range/mtn","REGION":"Europe","SUBREGION":null,"SCALERANK":5,"NE_ID":1159103085,"WIKIDATAID":"Q11748964"}},
{"type":"Feature","geometry":{"type":"Polygon","coordinates":[[[21.358,38.471],[22.02,38.606],[21.921,39.347],[21.235,40.026],[20.507,41.367],[19.968,41.276],[19.934,40.477],[20.279,39.664],[20.887,39.068],[20.923,39.037],[21.034,39.026],[21.152,38.922],[21.112,38.896],[21.074,38.885],[21.314,38.484],[21.331,38.487],[21.355,38.475],[21.358,38.471]]]},"properties":{"NAME":"Pindus Mts.","NAME_JA":"ピンドス山脈","FEATURECLA":"Range/mtn","REGION":"Europe","SUBREGION":null,"SCALERANK":5,"NE_ID":1159103087,"WIKIDATAID":"Q201582"}},
{"type":"Feature","geometry":{"type":"Polygon","coordinates":[[[15.757,40.007],[15.764,39.87],[16.197,38.759],[15.972,38.713],[15.725,37.939],[16.057,37.942],[16.546,38.409],[16.559,38.715],[17.175,38.998],[17.115,39.381],[16.598,39.639],[16.67,40.137],[16.148,40.053],[15.757,40.007]]]},"properties":{"NAME":"Calabria","NAME_JA":"カラブリア山","FEATURECLA":"Range/mtn","REGION":"Europe","SUBREGION":null,"SCALERANK":5,"NE_ID":1159103089,"WIKIDATAID":"Q859018"}},
{"type":"Feature","geometry":{"type":"Polygon","coordinates":[[[9.601,51.967],[9.692,51.625],[10.756,51.296],[11.32,51.386],[11.518,51.691],[10.828,52.025],[10.145,52.152],[9.601,51.967]]]},"properties":{"NAME":"Harz","NAME_JA":"ハルツ山地","FEATURECLA":"Range/mtn","REGION":"Europe","SUBREGION":null,"SCALERANK":5,"NE_ID":1159103091,"WIKIDATAID":"Q4186"}},
{"type":"Feature","geometry":{"type":"Polygon","coordinates":[[[7.142,47.879],[7.506,48.739],[8.137,49.396],[7.545,49.69],[6.87,48.925],[6.522,48.314],[6.651,47.896],[7.142,47.879]]]},"properties":{"NAME":"Vosges","NAME_JA":"ヴォージュ山脈","FEATURECLA":"Range/mtn","REGION":"Europe","SUBREGION":null,"SCALERANK":5,"NE_ID":1159103093,"WIKIDATAID":"Q187843"}},
{"type":"Feature","geometry":{"type":"Polygon","coordinates":[[[17.283,49.91],[17.388,50.354],[16.079,51.019],[14.345,51.304],[14.301,50.885],[15.542,50.728],[17.283,49.91]]]},"properties":{"NAME":"Sudetes Mts.","NAME_JA":"ズデーテン山地","FEATURECLA":"Range/mtn","REGION":"Europe","SUBREGION":null,"SCALERANK":5,"NE_ID":1159103095,"WIKIDATAID":"Q152131"}},
{"type":"Feature","geometry":{"type":"Polygon","coordinates":[[[12.177,50.006],[13.936,50.715],[13.434,50.834],[12.451,50.544],[12.177,50.006]]]},"properties":{"NAME":"Erzgebirge","NAME_JA":"エルツ山地","FEATURECLA":"Range/mtn","REGION":"Europe","SUBREGION":null,"SCALERANK":5,"NE_ID":1159103099,"WIKIDATAID":"Q4198"}},
{"type":"Feature","geometry":{"type":"Polygon","coordinates":[[[5.416,49.577],[6.154,50.078],[5.906,50.352],[4.447,50.322],[4.164,49.925],[4.368,49.492],[5.416,49.577]]]},"properties":{"NAME":"Ardennes","NAME_JA":"アルデンヌ","FEATURECLA":"Range/mtn","REGION":"Europe","SUBREGION":null,"SCALERANK":5,"NE_ID":1159103101,"WIKIDATAID":"Q151985"}},
{"type":"Feature","geometry":{"type":"Polygon","coordinates":[[[5.825,46.06],[6.667,46.85],[8.008,47.362],[7.404,47.652],[6.622,47.484],[5.877,46.864],[5.825,46.06]]]},"properties":{"NAME":"Jura","NAME_JA":"ジュラ山脈","FEATURECLA":"Range/mtn","REGION":"Europe","SUBREGION":null,"SCALERANK":5,"NE_ID":1159103103,"WIKIDATAID":"Q178611"}},
{"type":"Feature","geometry":{"type":"Polygon","coordinates":[[[-2.09,57.103],[-3.03,57.238],[-4.059,56.938],[-4.931,56.472],[-5.474,56.073],[-5.428,55.944],[-5.383,56.019],[-5.282,56.09],[-5.176,56.117],[-5.247,56],[-4.896,56.117],[-4.881,56.122],[-4.819,56.15],[-4.793,56.156],[-2.09,57.103]]]},"properties":{"NAME":"Grampian Mts.","NAME_JA":"グランピアン山脈","FEATURECLA":"Range/mtn","REGION":"Europe","SUBREGION":"British Isles","SCALERANK":5,"NE_ID":1159103105,"WIKIDATAID":"Q5189745"}},
{"type":"Feature","geometry":{"type":"Polygon","coordinates":[[[-4.004,52.551],[-4.097,51.727],[-3.29,51.621],[-3.05,51.899],[-3.105,52.997],[-3.906,53.242],[-4.023,52.73],[-4.022,52.716],[-4.004,52.551]]]},"properties":{"NAME":"Cambrian Mts.","NAME_JA":"カンブリア山地","FEATURECLA":"Range/mtn","REGION":"Europe","SUBREGION":"British Isles","SCALERANK":5,"NE_ID":1159103107,"WIKIDATAID":"Q1028218"}},
{"type":"Feature","geometry":{"type":"Polygon","coordinates":[[[-16.961,64.901],[-17.939,64.701],[-18.007,64.165],[-16.572,63.995],[-15.666,64.35],[-15.352,64.782],[-16.961,64.901]]]},"properties":{"NAME":"Vatnajökull","NAME_JA":"ヴァトナヨークトル氷河","FEATURECLA":"Range/mtn","REGION":"Europe","SUBREGION":"Iceland","SCALERANK":5,"NE_ID":1159103109,"WIKIDATAID":"Q179734"}},
{"type":"Feature","geometry":{"type":"Polygon","coordinates":[[[-115.153,58.369],[-115.438,57.451],[-114.644,57.028],[-113.321,56.992],[-111.664,57.308],[-111.346,58.016],[-111.652,58.943],[-112.676,59.16],[-113.8,58.675],[-115.153,58.369]]]},"properties":{"NAME":"Birch Mts.","NAME_JA":"バーチ山","FEATURECLA":"Range/mtn","REGION":"North America","SUBREGION":null,"SCALERANK":5,"NE_ID":1730071739,"WIKIDATAID":null}},
{"type":"Feature","geometry":{"type":"Polygon","coordinates":[[[-113.8,58.675],[-113.815,59.374],[-114.697,60.167],[-115.05,60.644],[-115.861,60.503],[-116.479,58.845],[-115.818,58.467],[-115.153,58.369],[-113.8,58.675]]]},"properties":{"NAME":"Caribou Mts.","NAME_JA":"カリブー山脈","FEATURECLA":"Range/mtn","REGION":"North America","SUBREGION":null,"SCALERANK":5,"NE_ID":1159103113,"WIKIDATAID":"Q3658589"}},
{"type":"Feature","geometry":{"type":"Polygon","coordinates":[[[-129.21,61.293],[-130.131,62.037],[-130.903,62.044],[-131.593,61.776],[-131.697,61.784],[-132.563,62.007],[-134.307,61.902],[-134.493,61.595],[-134.228,61.069],[-132.439,60.026],[-131.911,59.239],[-130.672,58.301],[-129.66,57.964],[-129.157,57.476],[-127.707,56.654],[-127.236,56.816],[-126.126,57.604],[-125.645,57.423],[-126.471,58.249],[-127.643,59.243],[-127.499,59.787],[-128.469,59.94],[-129.071,60.213],[-129.164,60.41],[-129.163,60.43],[-129.163,60.632],[-129.231,61.009],[-129.231,61.049],[-129.21,61.293]]]},"properties":{"NAME":"Cassiar Mts.","NAME_JA":"キャシア山脈","FEATURECLA":"Range/mtn","REGION":"North America","SUBREGION":null,"SCALERANK":5,"NE_ID":1159103117,"WIKIDATAID":"Q22449163"}},
{"type":"Feature","geometry":{"type":"Polygon","coordinates":[[[-137.129,64.889],[-138.082,64.758],[-139.021,65.102],[-141,64.82],[-140.448,64.392],[-139.035,64.184],[-138.442,64.001],[-138.181,63.915],[-137.254,63.675],[-135.158,64.335],[-135.211,64.48],[-137.129,64.889]]]},"properties":{"NAME":"Ogilvie Mts.","NAME_JA":"オギルビー山脈","FEATURECLA":"Range/mtn","REGION":"North America","SUBREGION":null,"SCALERANK":5,"NE_ID":1159103119,"WIKIDATAID":"Q283784"}},
{"type":"Feature","geometry":{"type":"Polygon","coordinates":[[[-143.392,61.359],[-142.249,61.57],[-141.951,62.265],[-141.382,62.688],[-142.578,63.239],[-143.654,62.71],[-144.474,62.661],[-145.38,62.269],[-145.004,61.835],[-143.392,61.359]]]},"properties":{"NAME":"Wrangell Mts.","NAME_JA":"ランゲル山地","FEATURECLA":"Range/mtn","REGION":"North America","SUBREGION":null,"SCALERANK":5,"NE_ID":1159103121,"WIKIDATAID":"Q616559"}},
{"type":"Feature","geometry":{"type":"Polygon","coordinates":[[[-74.855,43.062],[-73.705,42.795],[-73.431,43.411],[-73.297,44.885],[-73.457,45.121],[-73.61,45.138],[-74.313,45.051],[-75.018,44.742],[-75.819,44.181],[-75.449,43.469],[-74.855,43.062]]]},"properties":{"NAME":"Adirondack Mts.","NAME_JA":"アディロンダック山地","FEATURECLA":"Range/mtn","REGION":"North America","SUBREGION":null,"SCALERANK":5,"NE_ID":1730071761,"WIKIDATAID":"Q357546"}},
{"type":"Feature","geometry":{"type":"Polygon","coordinates":[[[-77.789,39.139],[-78.523,39.055],[-79.225,38.022],[-79.878,37.418],[-81.42,37.01],[-82.806,36.232],[-83.723,35.962],[-84.729,35.226],[-84.746,34.803],[-84.235,34.573],[-83.471,34.684],[-83.172,34.823],[-82.349,35.206],[-82.009,35.276],[-81.088,36.185],[-80.521,36.605],[-79.907,37.06],[-79.525,37.365],[-78.934,37.77],[-78.537,38.128],[-78.3,38.471],[-78.298,38.472],[-77.789,39.139]]]},"properties":{"NAME":"Blue Ridge","NAME_JA":"ブルーリッジ山脈","FEATURECLA":"Range/mtn","REGION":"North America","SUBREGION":null,"SCALERANK":5,"NE_ID":1159103123,"WIKIDATAID":"Q166755"}},
{"type":"Feature","geometry":{"type":"Polygon","coordinates":[[[-122.38,41.425],[-122.985,42.456],[-123.866,42.749],[-124.041,42.59],[-124.393,42.45],[-124.278,42.069],[-124.183,41.992],[-124.21,41.845],[-124.186,41.763],[-124.163,41.719],[-124.118,41.622],[-124.069,41.375],[-124.14,41.156],[-124.11,41.112],[-123.53,40.549],[-122.776,40.288],[-122.745,40.456],[-122.727,40.554],[-122.685,40.603],[-122.513,40.736],[-122.384,41.092],[-122.38,41.425]]]},"properties":{"NAME":"Klamath Mts.","NAME_JA":"クラマス山脈","FEATURECLA":"Range/mtn","REGION":"North America","SUBREGION":null,"SCALERANK":5,"NE_ID":1159103125,"WIKIDATAID":"Q1744263"}},
{"type":"Feature","geometry":{"type":"Polygon","coordinates":[[[-93.9,35.487],[-94.118,35.434],[-94.332,35.382],[-94.512,35.354],[-94.663,35.306],[-95.075,35.473],[-95.766,35.142],[-95.999,34.61],[-95.859,34.301],[-93.916,33.909],[-93.383,33.563],[-92.785,33.629],[-92.487,33.928],[-92.365,34.283],[-92.374,34.563],[-92.307,34.793],[-92.701,35.087],[-92.947,35.155],[-93.203,35.283],[-93.582,35.42],[-93.9,35.487]]]},"properties":{"NAME":"Ouachita Mts.","NAME_JA":"ウォシタ山脈","FEATURECLA":"Range/mtn","REGION":"North America","SUBREGION":null,"SCALERANK":5,"NE_ID":1159103127,"WIKIDATAID":"Q2033447"}},
{"type":"Feature","geometry":{"type":"Polygon","coordinates":[[[-114.658,45.377],[-115.17,45.584],[-115.879,45.473],[-116.226,45.224],[-116.316,45.117],[-116.355,44.893],[-116.315,44.612],[-116.068,44.134],[-115.5,44.12],[-114.285,44.319],[-113.979,44.845],[-113.898,45.345],[-114.658,45.377]]]},"properties":{"NAME":"Salmon River Mts.","NAME_JA":"サーモンリバー山地","FEATURECLA":"Range/mtn","REGION":"North America","SUBREGION":null,"SCALERANK":5,"NE_ID":1159103129,"WIKIDATAID":"Q7405538"}},
{"type":"Feature","geometry":{"type":"Polygon","coordinates":[[[-103.108,43.622],[-103.267,44.451],[-103.796,44.751],[-104.643,44.751],[-104.855,44.522],[-104.237,43.657],[-103.549,43.411],[-103.108,43.622]]]},"properties":{"NAME":"Black Hills","NAME_JA":"ブラックヒルズ","FEATURECLA":"Range/mtn","REGION":"North America","SUBREGION":null,"SCALERANK":5,"NE_ID":1159103131,"WIKIDATAID":"Q250937"}},
{"type":"Feature","geometry":{"type":"Polygon","coordinates":[[[-109.3,34.463],[-109.375,35.006],[-110.023,34.979],[-110.831,34.787],[-111.584,34.728],[-111.928,34.331],[-111.213,33.749],[-110.592,33.789],[-110.102,33.537],[-109.811,34.093],[-109.3,34.463]]]},"properties":{"NAME":"Mogollon Rim","NAME_JA":"モゴヨンリム","FEATURECLA":"Range/mtn","REGION":"North America","SUBREGION":null,"SCALERANK":5,"NE_ID":1159103135,"WIKIDATAID":"Q186910"}},
{"type":"Feature","geometry":{"type":"Polygon","coordinates":[[[-71.552,8.838],[-72.364,8.08],[-72.082,7.533],[-71.494,7.645],[-71.432,7.682],[-71.318,7.749],[-70.591,8.387],[-69.806,8.927],[-69.433,9.349],[-69.002,9.818],[-68.289,10.531],[-68.271,10.549],[-68.331,10.654],[-68.352,10.677],[-68.519,10.865],[-68.75,11.028],[-69.348,10.902],[-70.76,9.459],[-70.784,9.436],[-71.552,8.838]]]},"properties":{"NAME":"Cord. de Mérida","NAME_JA":"メリダ山脈","FEATURECLA":"Range/mtn","REGION":"South America","SUBREGION":null,"SCALERANK":5,"NE_ID":1159103137,"WIKIDATAID":"Q931210"}},
{"type":"Feature","geometry":{"type":"Polygon","coordinates":[[[-54.339,-34.577],[-53.863,-34.26],[-53.581,-33.836],[-53.704,-32.919],[-53.528,-32.178],[-53.881,-32.037],[-54.551,-32.531],[-55.239,-32.884],[-55.627,-33.254],[-55.874,-34.295],[-56.085,-34.771],[-55.697,-34.736],[-55.221,-34.824],[-54.339,-34.577]]]},"properties":{"NAME":"Cuchilla Grande","NAME_JA":"グランデ山地","FEATURECLA":"Range/mtn","REGION":"South America","SUBREGION":null,"SCALERANK":5,"NE_ID":1159103139,"WIKIDATAID":"Q1143026"}},
{"type":"Feature","geometry":{"type":"Polygon","coordinates":[[[-52.652,2.336],[-52.62,2.633],[-54.112,2.538],[-54.693,2.799],[-54.79,3.269],[-55.255,3.109],[-55.142,2.849],[-55.865,2.552],[-56.069,2.413],[-56.285,2.267],[-56.182,1.906],[-55.893,1.675],[-53.9,1.781],[-52.691,1.967],[-52.652,2.336]]]},"properties":{"NAME":"Tumuc-Humac Mts.","NAME_JA":"トゥムクマケ山脈","FEATURECLA":"Range/mtn","REGION":"South America","SUBREGION":null,"SCALERANK":5,"NE_ID":1730071801,"WIKIDATAID":"Q1457996"}},
{"type":"Feature","geometry":{"type":"Polygon","coordinates":[[[-56.061,2.381],[-55.711,2.559],[-55.142,2.849],[-55.453,3.126],[-55.956,3.867],[-56.088,4.581],[-56.591,4.899],[-57.04,4.978],[-57.411,4.449],[-57.014,4.105],[-56.591,2.809],[-56.285,2.267],[-56.061,2.381]]]},"properties":{"NAME":"Wilhelmina Gebergte","NAME_JA":"ウィルヘルミーナヘベルグテ","FEATURECLA":"Range/mtn","REGION":"South America","SUBREGION":null,"SCALERANK":5,"NE_ID":1159103143,"WIKIDATAID":"Q2120979"}},
{"type":"Feature","geometry":{"type":"Polygon","coordinates":[[[-44.272,-9.925],[-44.089,-9.947],[-42.872,-9.127],[-41.707,-8.651],[-41.549,-8.333],[-42.09,-8.118],[-42.898,-8.095],[-43.295,-8.333],[-44.561,-9.327],[-44.649,-9.412],[-44.75,-9.868],[-44.272,-9.925]]]},"properties":{"NAME":"S. do Piaui","NAME_JA":"ピアウイ山","FEATURECLA":"Range/mtn","REGION":"South America","SUBREGION":null,"SCALERANK":5,"NE_ID":1730071811,"WIKIDATAID":null}},
{"type":"Feature","geometry":{"type":"Polygon","coordinates":[[[-41.305,-6.451],[-40.631,-6.79],[-40.629,-6.274],[-40.684,-5.802],[-40.543,-3.95],[-40.208,-3.297],[-41.037,-3.138],[-41.408,-3.28],[-41.213,-3.632],[-41.249,-4.338],[-41.478,-5.237],[-41.46,-6.313],[-41.305,-6.451]]]},"properties":{"NAME":"Serra da Ibiapaba","NAME_JA":"イビアパバ山地","FEATURECLA":"Range/mtn","REGION":"South America","SUBREGION":null,"SCALERANK":5,"NE_ID":1730071815,"WIKIDATAID":"Q7455221"}},
{"type":"Feature","geometry":{"type":"Polygon","coordinates":[[[-59.701,1.83],[-60.096,1.562],[-60.035,1.265],[-59.103,0.938],[-57.979,0.769],[-57.45,1.033],[-57.45,1.351],[-57.745,1.709],[-58.244,1.959],[-59.701,1.83]]]},"properties":{"NAME":"Serra Acaraí","NAME_JA":"アカライ山脈","FEATURECLA":"Range/mtn","REGION":"South America","SUBREGION":null,"SCALERANK":5,"NE_ID":1159103149,"WIKIDATAID":"Q3621380"}},
{"type":"Feature","geometry":{"type":"Polygon","coordinates":[[[-63.493,2.405],[-64.015,2.201],[-64.768,2.396],[-65.497,2.133],[-65.936,1.788],[-65.984,1.204],[-66.339,0.752],[-66.102,0.395],[-65.644,0.28],[-65.109,0.426],[-65.133,0.742],[-64.404,1.204],[-63.251,0.721],[-63.164,1.131],[-63.65,1.35],[-63.966,1.715],[-62.994,2.153],[-63.067,2.444],[-63.493,2.405]]]},"properties":{"NAME":"Serra de Curupira","NAME_JA":"クルピラ山脈","FEATURECLA":"Range/mtn","REGION":"South America","SUBREGION":null,"SCALERANK":5,"NE_ID":1730071825,"WIKIDATAID":null}},
{"type":"Feature","geometry":{"type":"Polygon","coordinates":[[[-53.896,-9.824],[-54.037,-8.906],[-54.637,-8.448],[-55.66,-7.531],[-56.365,-6.437],[-56.859,-6.19],[-57.6,-6.437],[-57.882,-6.719],[-57.847,-7.425],[-57.247,-8.871],[-56.401,-9.259],[-55.272,-10.106],[-54.425,-10.564],[-53.896,-9.824]]]},"properties":{"NAME":"S. do Cachimbo","NAME_JA":"カチンボ山","FEATURECLA":"Range/mtn","REGION":"South America","SUBREGION":null,"SCALERANK":5,"NE_ID":1159103155,"WIKIDATAID":"Q5761832"}},
{"type":"Feature","geometry":{"type":"Polygon","coordinates":[[[-51.066,-15.474],[-50.31,-16.384],[-49.929,-15.42],[-48.924,-13.753],[-48.703,-12.97],[-48.751,-12.721],[-48.864,-12.126],[-49.145,-11.443],[-49.35,-11.585],[-49.667,-11.805],[-49.949,-12.749],[-50.39,-13.492],[-51.122,-15.157],[-51.129,-15.173],[-51.066,-15.474]]]},"properties":{"NAME":"S. Dourada","NAME_JA":"ドラダ山","FEATURECLA":"Range/mtn","REGION":"South America","SUBREGION":null,"SCALERANK":5,"NE_ID":1730071835,"WIKIDATAID":null}},
{"type":"Feature","geometry":{"type":"Polygon","coordinates":[[[-50.942,-10.938],[-50.789,-9.749],[-50.606,-8.805],[-50.119,-7.922],[-49.327,-6.216],[-50.515,-5.759],[-51.795,-7.891],[-51.703,-8.653],[-51.795,-9.536],[-52.099,-10.602],[-51.49,-11.09],[-50.942,-10.938]]]},"properties":{"NAME":"S. dos Gradaús","NAME_JA":"グラダウス山","FEATURECLA":"Range/mtn","REGION":"South America","SUBREGION":null,"SCALERANK":5,"NE_ID":1730071839,"WIKIDATAID":null}},
{"type":"Feature","geometry":{"type":"Polygon","coordinates":[[[-49.5,-17.77],[-49.645,-18.784],[-49.169,-19.895],[-48.375,-19.26],[-48.168,-18.019],[-47.708,-15.82],[-47.211,-13.757],[-47.581,-12.91],[-48.057,-13.334],[-48.692,-14.498],[-49.38,-15.874],[-49.397,-17.048],[-49.5,-17.77]]]},"properties":{"NAME":"Serra do Espinhaço","NAME_JA":"エスピニャソ山地","FEATURECLA":"Range/mtn","REGION":"South America","SUBREGION":null,"SCALERANK":5,"NE_ID":1159103161,"WIKIDATAID":"Q22024985"}},
{"type":"Feature","geometry":{"type":"Polygon","coordinates":[[[-60.701,4.728],[-61.389,4.9],[-61.802,4.633],[-62.507,4.633],[-62.775,4.438],[-63.164,4.487],[-63.31,4.803],[-63.845,5.022],[-63.869,4.608],[-64.159,4.152],[-64.483,3.855],[-64.987,3.393],[-64.841,2.979],[-64.212,3.352],[-63.504,3.636],[-62.677,3.393],[-61.997,3.393],[-61.219,4.073],[-60.222,4.025],[-59.906,4.511],[-60.701,4.728]]]},"properties":{"NAME":"S. de Pakaraima","NAME_JA":"パカライマ山脈","FEATURECLA":"Range/mtn","REGION":"South America","SUBREGION":null,"SCALERANK":5,"NE_ID":1730071849,"WIKIDATAID":null}},
{"type":"Feature","geometry":{"type":"Polygon","coordinates":[[[23.46,-31.868],[22.348,-32.066],[20.258,-31.921],[20.134,-31.815],[19.729,-31.471],[19.173,-31.617],[19.226,-32.053],[19.835,-33.495],[21.039,-33.601],[21.951,-33.508],[22.772,-33.588],[23.883,-33.363],[25.087,-32.781],[24.865,-32.441],[24.833,-32.431],[23.98,-32.258],[23.622,-31.99],[23.46,-31.868]]]},"properties":{"NAME":"Great Karroo","NAME_JA":"カルー地域","FEATURECLA":"Plateau","REGION":"Africa","SUBREGION":null,"SCALERANK":5,"NE_ID":1730071943,"WIKIDATAID":null}},
{"type":"Feature","geometry":{"type":"Polygon","coordinates":[[[-8.385,18.623],[-8.326,18.866],[-8.811,19.289],[-9.869,19.73],[-10.687,19.79],[-11.086,19.819],[-11.818,19.219],[-12.647,18.901],[-12.33,17.799],[-12.277,17.058],[-12.127,16.776],[-12.021,15.515],[-11.836,15.515],[-11.632,15.74],[-11.594,16.024],[-11.536,16.943],[-11.501,17.367],[-11.21,17.623],[-11.236,18.09],[-10.09,18.434],[-8.467,18.293],[-8.385,18.623]]]},"properties":{"NAME":"Tagant","NAME_JA":"タガント州","FEATURECLA":"Plateau","REGION":"Africa","SUBREGION":null,"SCALERANK":5,"NE_ID":1730071945,"WIKIDATAID":"Q843903"}},
{"type":"Feature","geometry":{"type":"Polygon","coordinates":[[[-12.524,9.539],[-10.936,10.122],[-10.579,11.074],[-10.381,11.934],[-11.545,12.648],[-13.026,12.45],[-13.635,12.238],[-14.111,11.788],[-14.429,11.008],[-13.622,9.963],[-13.079,9.473],[-12.524,9.539]]]},"properties":{"NAME":"Fouta Djallon","NAME_JA":"フータ・ジャロン","FEATURECLA":"Plateau","REGION":"Africa","SUBREGION":null,"SCALERANK":5,"NE_ID":1159103211,"WIKIDATAID":"Q850245"}},
{"type":"Feature","geometry":{"type":"Polygon","coordinates":[[[4.828,28.665],[4.753,28.876],[4.233,28.999],[3.819,29.299],[3.334,29.978],[2.99,30.111],[2.39,30.023],[1.464,29.67],[0.308,28.62],[0.141,27.915],[1.411,27.394],[1.728,27.474],[2.213,28.091],[3.016,28.056],[3.492,27.641],[4.154,27.897],[4.85,28.603],[4.828,28.665]]]},"properties":{"NAME":"Plat. du Tademaït","NAME_JA":"プラナウト・ド・タデマイト","FEATURECLA":"Plateau","REGION":"Africa","SUBREGION":null,"SCALERANK":5,"NE_ID":1730071959,"WIKIDATAID":"Q3513709"}},
{"type":"Feature","geometry":{"type":"Polygon","coordinates":[[[25.087,25.508],[24.73,25.481],[24.822,23.999],[25.166,23.708],[25.854,23.377],[25.947,22.782],[26.238,22.755],[26.674,23.205],[27.402,23.073],[27.825,23.377],[27.666,23.84],[28.222,24.383],[28.07,24.849],[28.037,24.951],[26.873,25.269],[25.431,25.534],[25.087,25.508]]]},"properties":{"NAME":"Jilf al Kabir Plateau","NAME_JA":"ジルフ・カビール台地","FEATURECLA":"Plateau","REGION":"Africa","SUBREGION":null,"SCALERANK":5,"NE_ID":1159103215,"WIKIDATAID":"Q1462530"}},
{"type":"Feature","geometry":{"type":"Polygon","coordinates":[[[24.261,17.728],[24.174,17.133],[24.809,16.379],[26.158,16.392],[27.15,16.485],[27.64,17.424],[27.588,18.015],[27.468,19.382],[27.203,20.229],[26.476,20.559],[25.034,19.633],[24.386,18.575],[24.351,18.342],[24.263,17.743],[24.261,17.728]]]},"properties":{"NAME":"Jabal al Abyad Plateau","NAME_JA":"ジャバルアブヤド台地","FEATURECLA":"Plateau","REGION":"Africa","SUBREGION":null,"SCALERANK":5,"NE_ID":1730071967,"WIKIDATAID":null}},
{"type":"Feature","geometry":{"type":"Polygon","coordinates":[[[25.382,31.513],[25.159,31.5],[24.928,31.91],[24.671,31.972],[24.48,31.997],[24.039,32.037],[23.898,32.127],[23.286,32.214],[23.106,32.331],[23.063,32.36],[21.283,32.3],[20.803,32.007],[20.764,31.983],[20.377,31.606],[20.754,31.271],[21.621,30.501],[22.067,30.335],[22.686,30.104],[24.607,29.744],[25.238,29.575],[25.768,29.403],[26.423,29.357],[26.482,29.701],[27.22,30.242],[27.336,30.335],[27.858,30.468],[28.811,30.514],[28.665,30.779],[28.116,31.05],[25.893,31.621],[25.382,31.513]]]},"properties":{"NAME":"Libyan Plateau","NAME_JA":"リビア高原","FEATURECLA":"Plateau","REGION":"Africa","SUBREGION":null,"SCALERANK":5,"NE_ID":1159103219,"WIKIDATAID":"Q27489229"}},
{"type":"Feature","geometry":{"type":"Polygon","coordinates":[[[148.5,-24.886],[148.082,-24.252],[147.756,-24.042],[147.026,-23.986],[146.835,-24.433],[147.031,-24.879],[148.328,-25.078],[148.5,-24.886]]]},"properties":{"NAME":"Buckland Tableland","NAME_JA":"バックランド高原","FEATURECLA":"Plateau","REGION":"Oceania","SUBREGION":"Australasia","SCALERANK":5,"NE_ID":1159103221,"WIKIDATAID":"Q21914849"}},
{"type":"Feature","geometry":{"type":"Polygon","coordinates":[[[145.614,-16.796],[145.282,-16.605],[144.758,-16.589],[144.376,-17.108],[144.367,-17.775],[144.646,-18.191],[145.398,-18.217],[145.89,-18.097],[146.126,-17.635],[146.05,-17.381],[145.614,-16.796]]]},"properties":{"NAME":"Atherton Tableland","NAME_JA":"アサートン高原","FEATURECLA":"Plateau","REGION":"Oceania","SUBREGION":"Australasia","SCALERANK":5,"NE_ID":1159103225,"WIKIDATAID":"Q755509"}},
{"type":"Feature","geometry":{"type":"Polygon","coordinates":[[[138.756,-19.342],[138.98,-19.019],[138.846,-18.385],[138.048,-17.378],[137.303,-16.824],[136.045,-16.059],[134.498,-15.456],[133.825,-15.373],[133.609,-15.564],[133.474,-16.076],[133.902,-16.713],[135.892,-18.069],[136.064,-18.26],[137.209,-19.034],[137.835,-19.318],[138.756,-19.342]]]},"properties":{"NAME":"Barkly Tableland","NAME_JA":"バークリー台地","FEATURECLA":"Plateau","REGION":"Oceania","SUBREGION":"Australasia","SCALERANK":5,"NE_ID":1730071987,"WIKIDATAID":null}},
{"type":"Feature","geometry":{"type":"Polygon","coordinates":[[[152.97,62.234],[152.481,62.496],[151.025,62.721],[148.373,62.713],[147.038,62.382],[146.324,61.843],[146.262,61.091],[147.271,60.526],[148.393,60.196],[150.44,60.038],[152.511,60.326],[153.471,60.724],[153.559,61.694],[152.97,62.234]]]},"properties":{"NAME":"Okhotsk-Kolyma Upland","NAME_JA":"オホーツク・コリマ台地","FEATURECLA":"Plateau","REGION":"Asia","SUBREGION":null,"SCALERANK":5,"NE_ID":1730071991,"WIKIDATAID":null}},
{"type":"Feature","geometry":{"type":"Polygon","coordinates":[[[80.01,22.562],[80.231,21.937],[80.548,21.41],[80.934,21.346],[81.466,22.318],[82.99,22.132],[83.516,22.291],[84.028,22.124],[84.628,21.444],[85.035,21.19],[85.804,21.041],[86.33,21.059],[86.721,21.25],[86.88,21.899],[86.497,23.54],[86.054,24.072],[85.59,24.381],[81.3,25.166],[81.118,25.2],[80.868,25.245],[79.998,24.922],[79.87,24.765],[79.745,23.539],[79.93,22.787],[80.01,22.562]]]},"properties":{"NAME":"Chota Nägpur Plateau","NAME_JA":"チョタナグプル高原","FEATURECLA":"Plateau","REGION":"Asia","SUBREGION":null,"SCALERANK":5,"NE_ID":1159103231,"WIKIDATAID":"Q1881042"}},
{"type":"Feature","geometry":{"type":"Polygon","coordinates":[[[43.851,44.506],[44.852,44.978],[45.103,45.378],[44.822,45.769],[43.683,46.103],[42.325,46.068],[41.484,45.857],[41.292,45.548],[41.622,45.06],[42.304,44.714],[43.23,44.449],[43.851,44.506]]]},"properties":{"NAME":"Stavropol’ Plateau","NAME_JA":"スタブロポリ丘陵","FEATURECLA":"Plateau","REGION":"Europe","SUBREGION":null,"SCALERANK":5,"NE_ID":1730071999,"WIKIDATAID":null}},
{"type":"Feature","geometry":{"type":"Polygon","coordinates":[[[46.234,54.051],[45.192,52.361],[44.199,50.244],[44.034,49.466],[44.641,49.166],[45.286,50.054],[45.839,51.43],[46.537,52.567],[48.048,54.619],[48.389,55.245],[47.857,55.568],[47.295,55.347],[46.234,54.051]]]},"properties":{"NAME":"Volga Upland","NAME_JA":"プリヴォールシスク丘陵","FEATURECLA":"Plateau","REGION":"Europe","SUBREGION":null,"SCALERANK":5,"NE_ID":1159103235,"WIKIDATAID":"Q1414064"}},
{"type":"Feature","geometry":{"type":"Polygon","coordinates":[[[30.875,48.326],[32.187,47.555],[32.669,47.392],[33.163,47.666],[33.182,48.005],[31.546,49.263],[30.365,49.987],[29.852,50.104],[29.492,49.849],[29.605,49.48],[30.147,48.849],[30.875,48.326]]]},"properties":{"NAME":"Dnieper Upland","NAME_JA":"ドニプロ高地","FEATURECLA":"Plateau","REGION":"Europe","SUBREGION":null,"SCALERANK":5,"NE_ID":1159103237,"WIKIDATAID":"Q906924"}},
{"type":"Feature","geometry":{"type":"Polygon","coordinates":[[[36.454,46.803],[38.617,48.115],[38.815,48.619],[38.589,48.785],[37.694,48.707],[36.796,48.074],[35.655,47.444],[35.668,46.884],[36.454,46.803]]]},"properties":{"NAME":"Azov Upland","NAME_JA":"アゾフ高地","FEATURECLA":"Plateau","REGION":"Europe","SUBREGION":null,"SCALERANK":5,"NE_ID":1730072015,"WIKIDATAID":"Q786792"}},
{"type":"Feature","geometry":{"type":"Polygon","coordinates":[[[4.125,45.947],[2.996,46.086],[1.888,45.236],[1.435,44.719],[1.81,44.35],[1.962,43.459],[2.694,43.448],[3.445,43.82],[3.967,43.842],[4.528,44.164],[4.892,44.951],[4.76,45.446],[4.24,45.579],[4.125,45.947]]]},"properties":{"NAME":"Massif Central","NAME_JA":"中央高地","FEATURECLA":"Plateau","REGION":"Europe","SUBREGION":null,"SCALERANK":5,"NE_ID":1159103243,"WIKIDATAID":"Q190695"}},
{"type":"Feature","geometry":{"type":"Polygon","coordinates":[[[23.72,68.856],[24.289,68.467],[25.807,68.399],[26.51,68.859],[26.473,69.178],[25.998,69.554],[24.838,69.768],[23.772,69.395],[23.72,68.856]]]},"properties":{"NAME":"Finnmarks-vidda","NAME_JA":"フィンマルク高原","FEATURECLA":"Plateau","REGION":"Europe","SUBREGION":null,"SCALERANK":5,"NE_ID":1159103245,"WIKIDATAID":"Q940402"}},
{"type":"Feature","geometry":{"type":"Polygon","coordinates":[[[-40.629,-6.274],[-41.305,-6.451],[-41.972,-6.508],[-41.945,-7.143],[-41.31,-8.016],[-40.728,-8.386],[-40.067,-8.095],[-39.088,-8.042],[-38.77,-7.354],[-38.805,-6.673],[-38.823,-6.296],[-40.629,-6.274]]]},"properties":{"NAME":"Chapada do Araripe","NAME_JA":"アラリペ台地","FEATURECLA":"Plateau","REGION":"South America","SUBREGION":null,"SCALERANK":5,"NE_ID":1159103247,"WIKIDATAID":"Q5072889"}},
{"type":"Feature","geometry":{"type":"Polygon","coordinates":[[[-35.419,-6.96],[-35.516,-6.428],[-35.834,-5.687],[-36.733,-5.872],[-37.051,-5.634],[-37.5,-5.899],[-38.4,-5.661],[-38.718,-6.137],[-38.805,-6.673],[-39.088,-8.042],[-38.162,-9.259],[-36.945,-9.444],[-36.552,-9.373],[-36.072,-9.286],[-35.622,-8.809],[-35.357,-7.301],[-35.419,-6.96]]]},"properties":{"NAME":"Planalto da Borborema","NAME_JA":"ボルボレマ高原","FEATURECLA":"Plateau","REGION":"South America","SUBREGION":null,"SCALERANK":5,"NE_ID":1159103249,"WIKIDATAID":"Q2740752"}},
{"type":"Feature","geometry":{"type":"Polygon","coordinates":[[[21.533,-28.407],[21.468,-28.423],[20.774,-28.732],[20.569,-28.732],[19.954,-28.402],[19.239,-28.904],[18.313,-28.891],[17.524,-28.741],[18.23,-29.641],[18.406,-30.294],[19.826,-30.638],[20.134,-31.815],[20.161,-31.952],[21.907,-32.093],[22.648,-32.049],[23.46,-31.868],[24.337,-31.449],[25.333,-31.009],[26.308,-30.858],[26.344,-30.532],[25.417,-30.624],[24.73,-29.976],[23.618,-29.103],[22.712,-29.585],[21.973,-28.846],[21.533,-28.407]]]},"properties":{"NAME":"Northern Karroo","NAME_JA":"カルー","FEATURECLA":"Plateau","REGION":"Africa","SUBREGION":null,"SCALERANK":5,"NE_ID":1159103251,"WIKIDATAID":"Q916997"}},
{"type":"Feature","geometry":{"type":"Polygon","coordinates":[[[-10.589,28.974],[-10.83,28.594],[-10.434,28.4],[-9.578,28.567],[-8.273,29.167],[-8.114,29.511],[-7.585,29.767],[-6.624,30.014],[-5.415,30.164],[-4.313,31.531],[-4.613,31.698],[-5.945,31.319],[-7.25,31.09],[-8.255,30.719],[-9.199,30.146],[-10.543,29.012],[-10.589,28.974]]]},"properties":{"NAME":"Anti Atlas","NAME_JA":"アンティアトラス山脈","FEATURECLA":"Range/mtn","REGION":"Africa","SUBREGION":null,"SCALERANK":4,"NE_ID":1159103521,"WIKIDATAID":"Q574853"}},
{"type":"Feature","geometry":{"type":"Polygon","coordinates":[[[28.617,-14.868],[28.54,-15.274],[28.055,-15.627],[26.934,-17.117],[26.652,-17.717],[26.996,-17.735],[27.94,-16.526],[28.522,-16.385],[28.936,-15.847],[29.66,-15.565],[30.268,-15.168],[30.418,-14.657],[31.159,-13.704],[31.741,-12.787],[32.702,-11.076],[32.537,-10.909],[31.256,-12.117],[30.93,-12.725],[30.039,-13.836],[28.945,-14.436],[28.617,-14.868]]]},"properties":{"NAME":"Muchinga Mts.","NAME_JA":"ムチンガ山地","FEATURECLA":"Range/mtn","REGION":"Africa","SUBREGION":null,"SCALERANK":4,"NE_ID":1730072577,"WIKIDATAID":null}},
{"type":"Feature","geometry":{"type":"Polygon","coordinates":[[[-50.033,-29.801],[-49.592,-28.838],[-48.797,-28.443],[-48.655,-28.221],[-48.616,-26.878],[-48.545,-25.816],[-48.186,-25.31],[-47.959,-25.065],[-47.914,-25],[-47.934,-24.64],[-48.776,-24.64],[-49.119,-24.699],[-49.77,-25.109],[-49.779,-25.127],[-49.222,-25.452],[-49.565,-26.378],[-49.911,-26.54],[-50.2,-27.198],[-49.637,-27.685],[-49.81,-28.031],[-49.975,-28.308],[-50.194,-28.678],[-50.239,-28.964],[-50.28,-29.764],[-50.033,-29.801]]]},"properties":{"NAME":"Serra do Mar","NAME_JA":"セーハ・ド・マール","FEATURECLA":"Range/mtn","REGION":"South America","SUBREGION":null,"SCALERANK":4,"NE_ID":1730072581,"WIKIDATAID":"Q559784"}},
{"type":"Feature","geometry":{"type":"Polygon","coordinates":[[[-49.77,-25.109],[-49.38,-24.34],[-49.713,-24.054],[-50.196,-23.174],[-51.301,-23.605],[-51.974,-23.191],[-52.888,-23.174],[-53.458,-23.743],[-53.923,-24.657],[-53.544,-25.814],[-53.043,-26.262],[-52.992,-27.021],[-53.665,-27.487],[-53.544,-27.97],[-53.009,-28.523],[-54.113,-29.403],[-53.942,-29.524],[-53.527,-29.817],[-52.433,-29.709],[-51.887,-29.506],[-51.283,-29.54],[-50.359,-29.738],[-50.239,-28.964],[-50.194,-28.678],[-49.975,-28.308],[-49.81,-28.031],[-49.637,-27.685],[-50.2,-27.198],[-49.911,-26.54],[-49.565,-26.378],[-49.354,-25.399],[-49.779,-25.127],[-49.77,-25.109]]]},"properties":{"NAME":"Serra Geral","NAME_JA":"ジェラル山地","FEATURECLA":"Range/mtn","REGION":"South America","SUBREGION":null,"SCALERANK":4,"NE_ID":1159103527,"WIKIDATAID":"Q22041906"}},
{"type":"Feature","geometry":{"type":"Polygon","coordinates":[[[-41.345,-21.36],[-43.295,-21.06],[-44.23,-21.465],[-45.182,-21.783],[-46.452,-22.594],[-47.405,-23.511],[-49.31,-24.323],[-49.345,-24.64],[-48.776,-24.64],[-47.934,-24.64],[-47.581,-24.64],[-46.593,-23.899],[-45.429,-23.582],[-44.674,-23.207],[-44.368,-23.005],[-43.018,-22.606],[-42.572,-22.559],[-42.043,-22.277],[-41.61,-21.983],[-41.232,-21.377],[-41.345,-21.36]]]},"properties":{"NAME":"Serra da Mantiqueira","NAME_JA":"マンチケーラ山脈","FEATURECLA":"Range/mtn","REGION":"South America","SUBREGION":null,"SCALERANK":4,"NE_ID":1159103531,"WIKIDATAID":"Q22071997"}},
{"type":"Feature","geometry":{"type":"Polygon","coordinates":[[[-59.608,3.808],[-58.694,4.146],[-58.376,4.746],[-58.517,5.734],[-58.835,6.228],[-59.646,6.581],[-60.034,7.11],[-60.74,7.074],[-61.692,6.792],[-63.703,7.039],[-64.303,7.427],[-65.726,7.846],[-65.739,7.85],[-65.748,7.846],[-66.124,7.697],[-67.031,7.11],[-67.374,6.154],[-67.797,5.173],[-67.609,4.218],[-66.896,3.882],[-66.372,3.209],[-65.39,3.115],[-64.62,2.735],[-64.127,3.055],[-63.491,3.511],[-62.045,3.229],[-61.128,3.794],[-60.457,3.97],[-59.608,3.808]]]},"properties":{"NAME":"GUIANA HIGHLANDS","NAME_JA":"ギアナ高地","FEATURECLA":"Range/mtn","REGION":"South America","SUBREGION":null,"SCALERANK":4,"NE_ID":1730072595,"WIKIDATAID":"Q208807"}},
{"type":"Feature","geometry":{"type":"Polygon","coordinates":[[[-94.529,16.584],[-93.767,16.161],[-92.501,15.195],[-91.951,14.962],[-91.26,15.286],[-91.002,15.795],[-90.919,16.83],[-91.48,17.395],[-92.247,17.751],[-92.718,17.65],[-93.909,17.671],[-94.252,17.518],[-94.757,16.788],[-94.529,16.584]]]},"properties":{"NAME":"Sierra Chiapas","NAME_JA":"シエラマドレ","FEATURECLA":"Range/mtn","REGION":"North America","SUBREGION":"Central America","SCALERANK":4,"NE_ID":1159103533,"WIKIDATAID":"Q27036"}},
{"type":"Feature","geometry":{"type":"Polygon","coordinates":[[[-123.426,61.051],[-123.697,61.411],[-124.514,61.457],[-126.454,62.048],[-127.303,62.2],[-129.484,62.946],[-129.887,63.724],[-131.147,64.587],[-131.89,64.263],[-133.236,64.188],[-134.139,63.572],[-133.616,63.241],[-132.452,63.052],[-132.706,62.69],[-132.398,62.205],[-131.667,61.936],[-130.903,62.203],[-130.131,62.196],[-129.21,61.293],[-129.231,61.049],[-129.231,61.009],[-129.163,60.632],[-129.163,60.43],[-128.28,60.021],[-126.528,59.756],[-125.387,59.458],[-124.529,59.908],[-123.988,59.839],[-123.723,60.179],[-123.528,60.511],[-123.528,60.749],[-123.427,61.047],[-123.426,61.051]]]},"properties":{"NAME":"SELWYN MTS.","NAME_JA":"セルウィン山","FEATURECLA":"Range/mtn","REGION":"North America","SUBREGION":null,"SCALERANK":4,"NE_ID":1159103535,"WIKIDATAID":"Q7448930"}},
{"type":"Feature","geometry":{"type":"Polygon","coordinates":[[[-115.692,47.943],[-115.288,48.473],[-115.182,49.267],[-115.764,49.928],[-116.388,50.914],[-117.747,51.84],[-118.515,52.222],[-120.606,53.808],[-121.797,54.4],[-122.602,55.059],[-123.181,55.474],[-123.674,55.752],[-123.873,55.564],[-123.728,55.035],[-122.405,54.029],[-121.876,53.447],[-121.664,52.918],[-120.474,52.098],[-120.024,52.045],[-119.574,51.569],[-119.29,50.976],[-119.378,50.347],[-119.689,49.736],[-119.698,49.633],[-119.601,48.737],[-119.715,48.337],[-119.798,48.081],[-119.779,48.08],[-119.162,48.134],[-118.572,47.926],[-117.325,47.811],[-116.911,47.794],[-116.518,48.286],[-116.508,48.305],[-116.306,48.181],[-116.122,48.126],[-115.964,48.088],[-115.692,47.943]]]},"properties":{"NAME":"COLUMBIA MTS.","NAME_JA":"コロンビア山脈","FEATURECLA":"Range/mtn","REGION":"North America","SUBREGION":null,"SCALERANK":4,"NE_ID":1159103537,"WIKIDATAID":"Q22529966"}},
{"type":"Feature","geometry":{"type":"MultiPolygon","coordinates":[[[[-63.85,59.448],[-63.841,59.574],[-63.979,59.754],[-64.151,59.794],[-64.169,59.847],[-64.183,59.973],[-64.408,60.065],[-64.733,59.998],[-64.81,59.639],[-64.032,58.522],[-63.102,58.546],[-62.929,58.646],[-62.926,58.765],[-63.008,58.855],[-63.185,58.858],[-63.304,59.034],[-63.326,59.082],[-63.399,59.08],[-63.506,59.115],[-63.752,59.277],[-63.85,59.448]]],[[[-64.845,60.308],[-64.713,60.037],[-64.528,60.095],[-64.706,60.336],[-64.845,60.308]]],[[[-64.558,60.323],[-64.809,60.41],[-64.738,60.376],[-64.558,60.323]]]]},"properties":{"NAME":"TORNGAT MTS.","NAME_JA":"トーンガット山脈","FEATURECLA":"Range/mtn","REGION":"North America","SUBREGION":null,"SCALERANK":4,"NE_ID":1730072611,"WIKIDATAID":"Q1839756"}},
{"type":"Feature","geometry":{"type":"Polygon","coordinates":[[[147.65,-8.283],[147.532,-8.023],[146.856,-7.227],[146.439,-6.513],[145.999,-6.064],[145.407,-5.722],[144.291,-4.844],[143.302,-4.548],[142.75,-4.466],[141.142,-4.075],[140.047,-3.739],[139.012,-3.254],[136.98,-3.103],[136.487,-2.956],[135.444,-3.883],[135.491,-4.088],[136.433,-4.28],[138.189,-4.461],[138.926,-4.58],[140.477,-4.969],[141.155,-5.384],[143.82,-6.683],[144.855,-6.983],[146.285,-7.848],[146.866,-8.421],[147.127,-8.755],[147.236,-8.904],[147.677,-9.409],[147.927,-9.558],[148.898,-9.877],[149.137,-9.589],[148.893,-9.431],[148.299,-9.04],[148.26,-9.002],[147.65,-8.283]]]},"properties":{"NAME":"NEW GUINEA HIGHLANDS","NAME_JA":"ニューギニア高地","FEATURECLA":"Range/mtn","REGION":"Oceania","SUBREGION":"Melanesia","SCALERANK":4,"NE_ID":1730072617,"WIKIDATAID":"Q2961771"}},
{"type":"Feature","geometry":{"type":"Polygon","coordinates":[[[101.985,45.659],[102.584,45.584],[103.47,45.9],[103.77,46.249],[103.709,46.75],[102.608,47.509],[101.792,47.749],[98.86,48.707],[97.114,48.751],[96.201,48.373],[95.843,48.054],[95.84,47.595],[96.66,46.864],[98.553,46.506],[99.364,46.139],[100.721,45.739],[101.985,45.659]]]},"properties":{"NAME":"Hangayn Mts.","NAME_JA":"ハンガイ山脈","FEATURECLA":"Range/mtn","REGION":"Asia","SUBREGION":null,"SCALERANK":4,"NE_ID":1159103543,"WIKIDATAID":"Q747843"}},
{"type":"Feature","geometry":{"type":"Polygon","coordinates":[[[129.682,41.494],[129.756,41.712],[130.007,41.991],[130.068,42.046],[130.458,42.302],[130.465,42.637],[130.032,42.885],[128.924,42.678],[128.218,42.367],[127.761,41.661],[126.752,41.35],[126.521,40.984],[126.607,40.398],[127.016,40.002],[127.08,39.653],[127.547,39.563],[127.568,39.782],[128.304,40.036],[128.945,40.428],[129.245,40.661],[129.341,40.726],[129.603,40.82],[129.682,41.494]]]},"properties":{"NAME":"Hamgyong Mts.","NAME_JA":"咸鏡山地","FEATURECLA":"Range/mtn","REGION":"Asia","SUBREGION":null,"SCALERANK":4,"NE_ID":1159103545,"WIKIDATAID":"Q5644542"}},
{"type":"Feature","geometry":{"type":"Polygon","coordinates":[[[157.228,53.359],[157.375,53.459],[158.97,55.607],[160.047,56.391],[161.275,57.885],[162.737,59.347],[163.92,60.308],[163.697,60.715],[162.318,59.968],[161.761,59.824],[160.273,58.183],[157.617,55.756],[156.926,54.29],[156.955,53.509],[157.228,53.359]]]},"properties":{"NAME":"SREDINNYY RANGE","NAME_JA":"スレジンヌイ山脈","FEATURECLA":"Range/mtn","REGION":"Asia","SUBREGION":null,"SCALERANK":4,"NE_ID":1159103549,"WIKIDATAID":"Q1429556"}},
{"type":"Feature","geometry":{"type":"Polygon","coordinates":[[[166.167,61.779],[165.324,61.476],[165.297,60.776],[166.305,60.643],[170.02,61.543],[174.183,62.592],[176.845,63.058],[177.092,63.468],[176.415,63.638],[175.187,63.64],[170.518,63.147],[169.75,62.977],[166.167,61.779]]]},"properties":{"NAME":"Koryak Range","NAME_JA":"コリャーク山脈","FEATURECLA":"Range/mtn","REGION":"Asia","SUBREGION":null,"SCALERANK":4,"NE_ID":1159103551,"WIKIDATAID":"Q644145"}},
{"type":"Feature","geometry":{"type":"Polygon","coordinates":[[[155.198,60.751],[156.755,61.645],[161.095,63.204],[163.879,64.039],[164.413,64.305],[164.217,65.032],[163.435,65.032],[161.582,64.319],[158.655,63.394],[158.214,63.134],[155.824,62.095],[154.553,61.269],[154.476,60.912],[155.198,60.751]]]},"properties":{"NAME":"KOLYMA RANGE","NAME_JA":"コリマ・レンジ","FEATURECLA":"Range/mtn","REGION":"Asia","SUBREGION":null,"SCALERANK":4,"NE_ID":1159103553,"WIKIDATAID":"Q1245603"}},
{"type":"Feature","geometry":{"type":"Polygon","coordinates":[[[146.728,64.083],[146.999,64.22],[146.866,64.992],[146.034,65.538],[143.925,66.088],[142.527,66.338],[140.461,67.111],[138.512,68.587],[137.204,68.821],[136.936,68.397],[137.176,67.861],[138.205,66.851],[139.618,66.057],[142.554,65.202],[144.861,64.715],[146.728,64.083]]]},"properties":{"NAME":"CHERSKIY RANGE","NAME_JA":"チェルスキー山脈","FEATURECLA":"Range/mtn","REGION":"Asia","SUBREGION":null,"SCALERANK":4,"NE_ID":1159103555,"WIKIDATAID":"Q683923"}},
{"type":"Feature","geometry":{"type":"Polygon","coordinates":[[[93.563,21.491],[93.775,22.513],[93.31,23.263],[92.669,23.819],[92.419,22.381],[92.59,21.736],[92.984,21.374],[93.563,21.491]]]},"properties":{"NAME":"Chin Hills","NAME_JA":"チン丘陵","FEATURECLA":"Range/mtn","REGION":"Asia","SUBREGION":null,"SCALERANK":4,"NE_ID":1159103557,"WIKIDATAID":"Q2597340"}},
{"type":"Feature","geometry":{"type":"Polygon","coordinates":[[[111.703,41.235],[111.557,41.682],[111.098,41.964],[107.683,42.404],[106.564,42.326],[106.018,42.141],[105.701,41.541],[106.548,41.047],[107.35,41.34],[110.816,40.835],[111.434,41.061],[111.632,41.179],[111.703,41.235]]]},"properties":{"NAME":"Yin Mts.","NAME_JA":"陰山山脈","FEATURECLA":"Range/mtn","REGION":"Asia","SUBREGION":null,"SCALERANK":4,"NE_ID":1730072653,"WIKIDATAID":"Q1152132"}},
{"type":"Feature","geometry":{"type":"Polygon","coordinates":[[[90.852,51.548],[91.068,51.337],[92.09,51.508],[94.645,51.627],[95.308,51.489],[95.779,51.631],[95.941,52.365],[95.703,53.036],[95.182,53.214],[93.999,53.131],[91.199,52.937],[91.058,52.77],[90.97,52.433],[90.939,51.863],[90.852,51.548]]]},"properties":{"NAME":"Western Sayan Mts.","NAME_JA":"西サヤン山脈","FEATURECLA":"Range/mtn","REGION":"Asia","SUBREGION":null,"SCALERANK":4,"NE_ID":1730072659,"WIKIDATAID":"Q1974954"}},
{"type":"Feature","geometry":{"type":"Polygon","coordinates":[[[88.72,50.159],[90.355,49.249],[90.962,49.159],[90.991,49.892],[90.67,50.538],[90.564,50.823],[90.852,51.548],[90.939,51.863],[90.97,52.433],[91.058,52.77],[91.183,53.494],[90.77,54.142],[90.177,54.077],[89.675,53.666],[89.029,53.557],[88.549,53.074],[88.368,51.823],[88.539,50.671],[88.521,50.527],[88.571,50.244],[88.72,50.159]]]},"properties":{"NAME":"Abakanskiy Ra.","NAME_JA":"アバカンスキ山脈","FEATURECLA":"Range/mtn","REGION":"Asia","SUBREGION":null,"SCALERANK":4,"NE_ID":1730072663,"WIKIDATAID":null}},
{"type":"Feature","geometry":{"type":"Polygon","coordinates":[[[96.633,50.296],[96.618,50.538],[95.8,51.209],[94.245,51.597],[92.349,51.507],[91.342,51.287],[90.564,50.823],[90.261,50.554],[90.187,50.205],[90.991,49.892],[91.59,50.096],[91.945,50.486],[92.523,50.684],[94.089,50.741],[94.907,50.612],[95.464,50.343],[95.837,50.024],[96.633,50.296]]]},"properties":{"NAME":"Tannu-Ola Ra.","NAME_JA":"タンドゥ山脈","FEATURECLA":"Range/mtn","REGION":"Asia","SUBREGION":null,"SCALERANK":4,"NE_ID":1159103567,"WIKIDATAID":"Q620493"}},
{"type":"Feature","geometry":{"type":"Polygon","coordinates":[[[114.436,38.971],[114.687,39.728],[114.603,40.12],[114.893,40.98],[114.758,41.423],[114.224,41.662],[113.387,41.436],[113.325,39.117],[112.876,38.209],[113.053,37.725],[112.989,37.075],[113.171,36.071],[113.06,35.507],[113.863,35.477],[114.347,36.039],[114.413,36.757],[114.411,37.027],[114.403,37.908],[114.436,38.971]]]},"properties":{"NAME":"Taihang Mts.","NAME_JA":"太行山脈","FEATURECLA":"Range/mtn","REGION":"Asia","SUBREGION":null,"SCALERANK":4,"NE_ID":1159103569,"WIKIDATAID":"Q284226"}},
{"type":"Feature","geometry":{"type":"Polygon","coordinates":[[[112.518,34.784],[112.824,34.852],[113.034,35.506],[112.96,37.334],[112.829,37.765],[112.733,39.017],[112.593,39.368],[112.333,40.719],[111.671,40.571],[111.554,39.879],[111.165,38.702],[111.299,37.877],[111.217,37.359],[111.264,36.095],[111.268,35.991],[111.291,35.385],[111.497,34.984],[112.217,34.718],[112.518,34.784]]]},"properties":{"NAME":"Lüliang Mts.","NAME_JA":"呂梁山脈","FEATURECLA":"Range/mtn","REGION":"Asia","SUBREGION":null,"SCALERANK":4,"NE_ID":1159103571,"WIKIDATAID":"Q1538623"}},
{"type":"Feature","geometry":{"type":"Polygon","coordinates":[[[112.518,34.784],[112.075,34.672],[111.14,34.801],[109.214,34.347],[107.848,34.358],[107.349,34.539],[105.771,34.642],[105.292,34.441],[105.032,33.976],[105.243,33.482],[105.889,33.198],[107.598,33.272],[108.931,32.701],[109.793,32.634],[110.774,32.849],[111.568,32.662],[112.163,33.222],[112.764,33.513],[113.87,32.545],[114.169,32.942],[113.326,33.858],[113.391,34.117],[112.824,34.852],[112.518,34.784]]]},"properties":{"NAME":"Qinling Mountains","NAME_JA":"秦嶺山脈","FEATURECLA":"Range/mtn","REGION":"Asia","SUBREGION":null,"SCALERANK":4,"NE_ID":1159103573,"WIKIDATAID":"Q863798"}},
{"type":"Feature","geometry":{"type":"Polygon","coordinates":[[[106.567,27.295],[107.454,27.381],[108.074,27.808],[108.337,28.583],[108.15,29.241],[107.6,29.349],[107.39,29.598],[106.973,29.555],[106.916,29.537],[106.167,29.023],[105.926,28.828],[105.768,28.814],[105.344,28.779],[104.281,28.629],[103.852,28.052],[104.006,27.61],[104.767,26.777],[105.819,26.395],[106.567,27.295]]]},"properties":{"NAME":"Dalou Mts.","NAME_JA":"大婁山","FEATURECLA":"Range/mtn","REGION":"Asia","SUBREGION":null,"SCALERANK":4,"NE_ID":1159103575,"WIKIDATAID":"Q1158071"}},
{"type":"Feature","geometry":{"type":"Polygon","coordinates":[[[101.683,15.096],[101.084,15.545],[100.654,14.933],[100.785,14.614],[101.23,14.256],[102.473,13.883],[102.879,13.887],[103.207,14.157],[104.308,14.257],[105.036,14.06],[105.434,14.092],[105.76,14.672],[105.476,15.078],[104.869,14.923],[101.683,15.096]]]},"properties":{"NAME":"Dângrêk Ra.","NAME_JA":"ダンレク山地","FEATURECLA":"Range/mtn","REGION":"Asia","SUBREGION":null,"SCALERANK":4,"NE_ID":1159103577,"WIKIDATAID":"Q939398"}},
{"type":"Feature","geometry":{"type":"Polygon","coordinates":[[[93.968,23.393],[94.641,24.297],[94.867,25.191],[95.202,25.814],[95.706,26.343],[95.853,26.494],[95.8,27.185],[95.494,27.286],[94.704,26.865],[93.848,25.986],[93.305,24.376],[93.62,23.495],[93.968,23.393]]]},"properties":{"NAME":"Naga Hills","NAME_JA":"ナガ丘陵","FEATURECLA":"Range/mtn","REGION":"Asia","SUBREGION":null,"SCALERANK":4,"NE_ID":1159103579,"WIKIDATAID":"Q3109835"}},
{"type":"Feature","geometry":{"type":"Polygon","coordinates":[[[94.765,17.276],[95.107,17.609],[94.992,19.542],[94.749,20.081],[94.415,20.42],[94.144,21.233],[93.646,21.325],[93.267,21.046],[93.424,20.575],[93.707,19.912],[94.038,19.474],[94.276,18.744],[94.266,18.507],[94.418,18.231],[94.461,18.178],[94.624,17.517],[94.765,17.276]]]},"properties":{"NAME":"Arakan Yoma","NAME_JA":"アラカン山脈","FEATURECLA":"Range/mtn","REGION":"Asia","SUBREGION":null,"SCALERANK":4,"NE_ID":1159103581,"WIKIDATAID":"Q625425"}},
{"type":"Feature","geometry":{"type":"Polygon","coordinates":[[[76.366,10.624],[76.534,9.615],[77.162,8.396],[77.737,8.328],[77.745,8.664],[77.361,9.097],[77.532,9.482],[78.424,9.921],[78.591,10.178],[78.481,10.726],[77.826,10.724],[77.269,10.513],[76.765,10.552],[76.366,10.624]]]},"properties":{"NAME":"Southern Ghats","NAME_JA":"西ガーツ山脈","FEATURECLA":"Range/mtn","REGION":"Asia","SUBREGION":null,"SCALERANK":4,"NE_ID":1730072703,"WIKIDATAID":null}},
{"type":"Feature","geometry":{"type":"Polygon","coordinates":[[[79.93,22.787],[79.673,22.978],[78.764,22.915],[77.564,22.44],[75.248,22.004],[74.868,21.533],[75.307,21.07],[76.558,21.064],[77.629,21.221],[78.319,21.565],[79.366,21.705],[80.01,22.562],[79.93,22.787]]]},"properties":{"NAME":"Satpura Range","NAME_JA":"サトプラ山脈","FEATURECLA":"Range/mtn","REGION":"Asia","SUBREGION":null,"SCALERANK":4,"NE_ID":1159103587,"WIKIDATAID":"Q1145416"}},
{"type":"Feature","geometry":{"type":"Polygon","coordinates":[[[73.131,34.095],[72.693,34.031],[72.627,33.238],[72.743,33.015],[73.407,32.96],[73.921,33.02],[74.516,33.061],[74.713,33.075],[75.266,33.362],[75.167,33.918],[74.406,34.104],[73.967,34.149],[73.913,34.155],[73.813,34.152],[73.739,34.146],[73.556,34.13],[73.506,34.126],[73.131,34.095]]]},"properties":{"NAME":"Salt Ra.","NAME_JA":"ソルト・レンジ","FEATURECLA":"Range/mtn","REGION":"Asia","SUBREGION":null,"SCALERANK":4,"NE_ID":1730072715,"WIKIDATAID":null}},
{"type":"Feature","geometry":{"type":"Polygon","coordinates":[[[85.676,44.061],[84.67,44.341],[83.637,44.498],[83.024,44.591],[82.14,44.902],[81.608,44.96],[81.235,44.709],[81.243,44.107],[82.237,43.739],[83.58,43.599],[85.704,42.978],[86.743,43.107],[86.771,43.605],[85.676,44.061]]]},"properties":{"NAME":"Borohoro Mts.","NAME_JA":"ボロホロ山脈","FEATURECLA":"Range/mtn","REGION":"Asia","SUBREGION":null,"SCALERANK":4,"NE_ID":1159103591,"WIKIDATAID":"Q9177711"}},
{"type":"Feature","geometry":{"type":"Polygon","coordinates":[[[82.049,45.672],[81.43,45.908],[80.966,46.275],[80.521,46.182],[79.907,45.702],[78.704,45.647],[78.176,45.476],[77.454,44.815],[76.859,44.59],[76.835,44.287],[77.53,44.266],[77.737,43.94],[78.807,43.935],[79.861,44.367],[80.906,44.437],[81.479,45.139],[83.189,45.12],[83.076,45.926],[82.713,45.966],[82.049,45.672]]]},"properties":{"NAME":"Alataw Mts.","NAME_JA":"アラタウ山脈","FEATURECLA":"Range/mtn","REGION":"Asia","SUBREGION":null,"SCALERANK":4,"NE_ID":1730072723,"WIKIDATAID":null}},
{"type":"Feature","geometry":{"type":"Polygon","coordinates":[[[93.932,26.487],[93.767,26.66],[93.062,26.656],[92.736,26.339],[91.838,26.261],[90.475,25.96],[90.402,25.38],[90.668,25.289],[91.982,25.318],[92.984,25.095],[93.362,25.223],[93.382,25.726],[93.932,26.487]]]},"properties":{"NAME":"Khasi Hills","NAME_JA":"カーシ丘陵","FEATURECLA":"Range/mtn","REGION":"Asia","SUBREGION":null,"SCALERANK":4,"NE_ID":1159103595,"WIKIDATAID":"Q3182012"}},
{"type":"Feature","geometry":{"type":"Polygon","coordinates":[[[42.716,41.254],[43.836,41.093],[44.03,40.622],[44.665,40.448],[45.216,39.718],[46.333,39.054],[47.043,39.078],[47.223,39.329],[47.183,39.932],[46.44,40.693],[45.592,41.203],[44.787,41.52],[44.487,41.908],[43.048,42.246],[42.129,42.049],[41.889,41.746],[42,41.386],[42.027,41.366],[42.716,41.254]]]},"properties":{"NAME":"Lesser Caucasus","NAME_JA":"小コーカサス山脈","FEATURECLA":"Range/mtn","REGION":"Asia","SUBREGION":null,"SCALERANK":4,"NE_ID":1159103597,"WIKIDATAID":"Q216593"}},
{"type":"Feature","geometry":{"type":"Polygon","coordinates":[[[36.341,41.3],[35.597,41.632],[35.558,41.634],[35.209,41.794],[35.133,41.869],[34.309,41.767],[34.051,41.378],[34.263,41.145],[35.593,40.896],[37.308,40.345],[39.087,40.143],[40.118,40.213],[41.002,40.449],[41.579,40.801],[41.99,41.364],[42,41.386],[41.889,41.746],[41.503,41.331],[40.265,40.961],[40,40.977],[39.808,40.983],[39.545,41.058],[39.28,41.053],[39.264,41.053],[38.733,40.967],[38.557,40.937],[38.381,40.925],[38.053,40.973],[37.898,40.984],[37.894,40.985],[37.618,41.065],[37.422,41.087],[37.187,41.148],[37.066,41.184],[37.033,41.213],[36.519,41.265],[36.51,41.263],[36.405,41.275],[36.341,41.3]]]},"properties":{"NAME":"PONTIC MOUNTAINS","NAME_JA":"ポントス山脈","FEATURECLA":"Range/mtn","REGION":"Asia","SUBREGION":null,"SCALERANK":4,"NE_ID":1159103599,"WIKIDATAID":"Q519263"}},
{"type":"Feature","geometry":{"type":"Polygon","coordinates":[[[55.923,28.914],[56.185,29.156],[56.128,29.55],[54.448,30.634],[53.326,31.634],[52.463,32.693],[52.264,33.299],[51.231,33.906],[50.785,34.526],[50.22,34.902],[49.953,34.67],[50.129,34.248],[50.726,33.4],[51.535,33.049],[51.876,32.712],[52.057,32.048],[53.027,30.799],[53.972,29.783],[54.478,29.438],[55.418,29.025],[55.923,28.914]]]},"properties":{"NAME":"KUH RUD MOUNTAINS","NAME_JA":"クーフ・ラッド山脈","FEATURECLA":"Range/mtn","REGION":"Asia","SUBREGION":null,"SCALERANK":4,"NE_ID":1730072741,"WIKIDATAID":null}},
{"type":"Feature","geometry":{"type":"Polygon","coordinates":[[[23.585,43.506],[22.38,43.814],[22.654,43.132],[22.919,42.891],[23.832,42.626],[24.995,42.506],[26.142,42.529],[27.301,42.911],[27.414,43.3],[26.769,43.504],[25.222,43.373],[23.585,43.506]]]},"properties":{"NAME":"Balkan Mts.","NAME_JA":"バルカン山脈","FEATURECLA":"Range/mtn","REGION":"Europe","SUBREGION":null,"SCALERANK":4,"NE_ID":1159103605,"WIKIDATAID":"Q170427"}},
{"type":"Feature","geometry":{"type":"Polygon","coordinates":[[[19.929,44.643],[19.508,44.763],[17.144,45.049],[16.564,45.164],[14.454,46.098],[13.939,46.22],[13.602,45.976],[13.718,45.711],[13.754,45.655],[13.783,45.627],[13.778,45.613],[14.322,45.351],[14.386,45.342],[14.55,45.298],[14.632,45.223],[14.885,44.818],[15.104,44.533],[15.3,44.436],[15.36,44.375],[15.366,44.336],[15.381,44.328],[15.471,44.272],[15.373,44.288],[15.636,43.838],[15.662,43.814],[15.821,43.736],[15.949,43.607],[16.131,43.506],[16.6,43.464],[16.903,43.392],[17.129,43.211],[17.537,42.962],[17.668,42.897],[17.724,42.851],[17.773,42.811],[17.785,42.806],[17.824,42.797],[17.98,42.722],[18.035,42.698],[18.047,42.692],[18.209,42.622],[18.223,42.617],[18.545,42.453],[18.592,42.444],[18.633,42.423],[18.63,42.417],[18.854,42.325],[18.996,42.231],[19.03,42.141],[19.122,42.06],[19.186,41.949],[19.342,41.869],[19.468,41.856],[19.592,41.819],[19.656,42.071],[20.54,42.725],[21.128,42.584],[21.611,42.953],[21.538,43.531],[20.782,44.383],[19.95,44.636],[19.929,44.643]]]},"properties":{"NAME":"Dinaric Alps","NAME_JA":"ディナル・アルプス山脈","FEATURECLA":"Range/mtn","REGION":"Europe","SUBREGION":null,"SCALERANK":4,"NE_ID":1730072751,"WIKIDATAID":"Q189915"}},
{"type":"Feature","geometry":{"type":"Polygon","coordinates":[[[-2.278,43.268],[-5.666,43.428],[-6.948,43.357],[-7.323,42.882],[-6.401,42.682],[-5.514,42.798],[-2.359,42.772],[-1.946,42.984],[-1.97,43.198],[-2.192,43.27],[-2.278,43.268]]]},"properties":{"NAME":"Cord. Cantábrica","NAME_JA":"カンタブリア山脈","FEATURECLA":"Range/mtn","REGION":"Europe","SUBREGION":null,"SCALERANK":4,"NE_ID":1159103609,"WIKIDATAID":"Q208076"}},
{"type":"Feature","geometry":{"type":"Polygon","coordinates":[[[-2.942,36.841],[-2.274,36.963],[-1.971,37.551],[-2.25,37.774],[-3.4,37.884],[-4.321,37.568],[-4.686,37.249],[-4.375,36.937],[-2.942,36.841]]]},"properties":{"NAME":"S. Nevada","NAME_JA":"シエラネバダ山脈","FEATURECLA":"Range/mtn","REGION":"Europe","SUBREGION":null,"SCALERANK":4,"NE_ID":1159103611,"WIKIDATAID":"Q26955"}},
{"type":"Feature","geometry":{"type":"Polygon","coordinates":[[[-2.908,38.734],[-3.923,38.837],[-4.874,38.699],[-5.355,38.411],[-5.85,38.4],[-6.984,37.906],[-6.918,37.36],[-4.707,37.957],[-4.096,38.167],[-3.461,38.084],[-2.581,38.313],[-2.908,38.734]]]},"properties":{"NAME":"Sierra Morena","NAME_JA":"シエラ・モレナ山脈","FEATURECLA":"Range/mtn","REGION":"Europe","SUBREGION":null,"SCALERANK":4,"NE_ID":1159103613,"WIKIDATAID":"Q686362"}},
{"type":"Feature","geometry":{"type":"Polygon","coordinates":[[[48.594,14.046],[48.929,14.267],[49.048,14.456],[49.103,14.5],[49.546,14.792],[50.191,14.924],[50.542,15.054],[51.322,15.226],[51.604,15.337],[51.749,15.44],[51.874,16.085],[51.694,16.807],[51.211,16.873],[49.326,16.552],[48.678,16.346],[47.483,15.74],[46.66,14.863],[46.524,13.999],[46.602,13.7],[47.057,13.646],[47.99,14.048],[48.449,14.006],[48.594,14.046]]]},"properties":{"NAME":"Hadhramaut","NAME_JA":"ハドラマウト","FEATURECLA":"Range/mtn","REGION":"Asia","SUBREGION":null,"SCALERANK":4,"NE_ID":1730072769,"WIKIDATAID":"Q1517159"}},
{"type":"Feature","geometry":{"type":"Polygon","coordinates":[[[15.252,8.377],[14.146,8.821],[13.414,8.873],[12.541,9.262],[11.589,9.244],[11.165,9.015],[11.139,8.468],[10.619,8.142],[10.513,7.815],[10.116,7.427],[9.701,7.33],[8.74,6.475],[8.264,5.699],[9.225,4.72],[9.975,4.684],[10.195,4.041],[10.768,4.138],[11.324,4.614],[11.58,5.355],[12.241,5.469],[12.576,5.672],[14.093,6.325],[14.887,7.03],[15.381,7.295],[15.69,7.992],[15.533,8.292],[15.252,8.377]]]},"properties":{"NAME":"Adamawa Plateau","NAME_JA":"アダマワ高地","FEATURECLA":"Plateau","REGION":"Africa","SUBREGION":null,"SCALERANK":4,"NE_ID":1159103689,"WIKIDATAID":"Q482274"}},
{"type":"Feature","geometry":{"type":"Polygon","coordinates":[[[13.65,-16.694],[14.402,-16.809],[15.884,-16.526],[15.826,-16.232],[15.601,-15.08],[14.473,-14.798],[12.991,-15.186],[12.779,-16.562],[13.65,-16.694]]]},"properties":{"NAME":"Huíla Plateau","NAME_JA":"ウイラ低地","FEATURECLA":"Plateau","REGION":"Africa","SUBREGION":null,"SCALERANK":4,"NE_ID":1730072935,"WIKIDATAID":null}},
{"type":"Feature","geometry":{"type":"Polygon","coordinates":[[[17.825,-10.611],[17.917,-11.865],[17.546,-13.175],[17.07,-13.638],[16.607,-13.678],[16.726,-14.405],[17.282,-14.974],[18.208,-15.398],[18.975,-14.935],[19.517,-14.842],[20.298,-15.239],[21.568,-14.458],[21.555,-13.4],[20.652,-11.804],[20.324,-11.244],[19.941,-10.833],[18.803,-10.503],[18.459,-9.96],[17.93,-9.868],[17.758,-10.093],[17.825,-10.611]]]},"properties":{"NAME":"Bié Plateau","NAME_JA":"ビエ高原","FEATURECLA":"Plateau","REGION":"Africa","SUBREGION":null,"SCALERANK":4,"NE_ID":1159103695,"WIKIDATAID":"Q776345"}},
{"type":"Feature","geometry":{"type":"Polygon","coordinates":[[[-46.917,-18.108],[-46.064,-18.608],[-45.394,-18.255],[-45.041,-17.303],[-45.253,-16.279],[-44.618,-15.292],[-43.63,-13.246],[-43.595,-12.187],[-44.089,-11.729],[-45.016,-11.994],[-46.276,-12.928],[-46.417,-14.374],[-46.805,-15.009],[-47.087,-16.209],[-47.193,-17.832],[-46.917,-18.108]]]},"properties":{"NAME":"Campos Sertão","NAME_JA":"セルトン台地","FEATURECLA":"Plateau","REGION":"South America","SUBREGION":null,"SCALERANK":4,"NE_ID":1730072941,"WIKIDATAID":null}},
{"type":"Feature","geometry":{"type":"Polygon","coordinates":[[[-89.187,36.95],[-89.524,37.269],[-89.554,37.695],[-90.373,38.255],[-90.181,38.825],[-90.757,38.64],[-91.86,38.674],[-92.858,38.153],[-93.596,38.189],[-93.971,37.89],[-94.677,36.725],[-95.426,35.805],[-95.188,35.579],[-94.8,35.385],[-94.512,35.354],[-94.332,35.382],[-94.118,35.434],[-93.9,35.487],[-93.582,35.42],[-93.203,35.283],[-92.947,35.155],[-92.701,35.087],[-92.384,34.909],[-92.26,34.75],[-92.066,34.397],[-91.134,33.857],[-90.975,34.068],[-90.743,34.313],[-90.543,34.613],[-90.222,35.048],[-90.182,35.147],[-89.681,36.1],[-89.542,36.354],[-89.412,36.521],[-89.184,36.839],[-89.187,36.95]]]},"properties":{"NAME":"Ozark Plateau","NAME_JA":"オザーク高原","FEATURECLA":"Plateau","REGION":"North America","SUBREGION":null,"SCALERANK":4,"NE_ID":1159103699,"WIKIDATAID":"Q1321468"}},
{"type":"Feature","geometry":{"type":"Polygon","coordinates":[[[-100.784,29.547],[-100.649,29.338],[-98.522,29.297],[-97.958,29.474],[-97.305,30.285],[-96.903,30.886],[-96.774,31.165],[-97.826,32.656],[-98.555,33.025],[-99.213,33.592],[-99.964,33.417],[-99.977,33.106],[-100.533,32.999],[-101.52,32.095],[-101.874,31.59],[-101.878,31.229],[-101.879,31.102],[-101.349,30.862],[-100.674,30.152],[-100.784,29.547]]]},"properties":{"NAME":"Edwards Plateau","NAME_JA":"エドワーズ高原","FEATURECLA":"Plateau","REGION":"North America","SUBREGION":null,"SCALERANK":4,"NE_ID":1730072951,"WIKIDATAID":"Q1294308"}},
{"type":"Feature","geometry":{"type":"Polygon","coordinates":[[[-123.873,55.564],[-124.522,55.197],[-125.342,55.171],[-126.497,55.637],[-127.035,54.959],[-127.327,54.086],[-127.088,53.662],[-126.229,52.776],[-124.813,51.599],[-124.31,51.527],[-123.62,51.409],[-123.246,51.265],[-122.432,51.043],[-120.712,50.99],[-120.474,52.098],[-121.664,52.918],[-121.876,53.447],[-122.405,54.029],[-123.728,55.035],[-123.873,55.564]]]},"properties":{"NAME":"FRASER PLATEAU","NAME_JA":"フレイザー・プラトー","FEATURECLA":"Plateau","REGION":"North America","SUBREGION":null,"SCALERANK":4,"NE_ID":1159103703,"WIKIDATAID":"Q4492616"}},
{"type":"Feature","geometry":{"type":"Polygon","coordinates":[[[-83.838,45.86],[-84.317,46.523],[-86.051,47.399],[-88.369,48.31],[-89.353,47.982],[-89.49,48.003],[-89.755,48.029],[-90.062,48.109],[-91.417,48.04],[-92.036,48.347],[-93.453,48.574],[-93.724,48.288],[-94.191,47.677],[-94.191,47.676],[-94.422,47.129],[-94.416,46.753],[-94.387,46.337],[-94.38,46.086],[-94.33,45.817],[-94.31,45.785],[-94.064,45.482],[-93.895,45.376],[-92.764,45.266],[-91.994,45.111],[-91.415,45.044],[-89.875,44.901],[-88.327,44.584],[-88.024,44.617],[-87.833,44.648],[-87.706,44.905],[-87.472,45.139],[-87.104,45.431],[-86.241,45.235],[-85.885,45.774],[-85.447,46.045],[-84.859,45.891],[-83.838,45.86]]]},"properties":{"NAME":"Superior Upland","NAME_JA":"スペリオール・アップランド","FEATURECLA":"Plateau","REGION":"North America","SUBREGION":null,"SCALERANK":4,"NE_ID":1159103705,"WIKIDATAID":"Q15241934"}},
{"type":"Feature","geometry":{"type":"Polygon","coordinates":[[[127.102,-17.987],[127.848,-17.789],[128.368,-17.243],[128.43,-16.707],[128.34,-16.144],[128.063,-15.664],[127.729,-14.623],[127.434,-14.249],[126.83,-14.182],[125.471,-15.177],[125.296,-15.383],[124.729,-16.933],[125.595,-17.654],[126.667,-17.982],[127.102,-17.987]]]},"properties":{"NAME":"KIMBERLEY PLATEAU","NAME_JA":"キンバリー台地","FEATURECLA":"Plateau","REGION":"Oceania","SUBREGION":"Australasia","SCALERANK":4,"NE_ID":1730072967,"WIKIDATAID":null}},
{"type":"Feature","geometry":{"type":"Polygon","coordinates":[[[77.978,47.316],[78.197,47.778],[78.102,48.976],[78.355,49.789],[77.186,50.324],[76.595,50.448],[74.841,50.501],[74.183,50.66],[71.235,50.684],[70.35,50.227],[69.318,48.936],[69.205,47.818],[69.254,47.037],[69.525,46.876],[69.906,46.705],[71.438,46.437],[72.69,46.314],[73.886,46.389],[74.846,46.945],[76.121,46.95],[76.915,46.852],[77.712,46.956],[77.978,47.316]]]},"properties":{"NAME":"KAZAKH UPLAND","NAME_JA":"カザフ高地","FEATURECLA":"Plateau","REGION":"Asia","SUBREGION":null,"SCALERANK":4,"NE_ID":1730072971,"WIKIDATAID":null}},
{"type":"Feature","geometry":{"type":"Polygon","coordinates":[[[54.473,44.968],[53.686,44.734],[53.323,44.351],[53.172,43.834],[53.348,43.048],[54.678,42.72],[55.535,42.868],[56.527,42.77],[57.166,43.35],[57.356,44.258],[57.241,44.698],[56.884,44.943],[55.788,45.262],[54.764,45.138],[54.473,44.968]]]},"properties":{"NAME":"Ustyurt Plateau","NAME_JA":"ウスチュルト台地","FEATURECLA":"Plateau","REGION":"Asia","SUBREGION":null,"SCALERANK":4,"NE_ID":1159103713,"WIKIDATAID":"Q913329"}},
{"type":"Feature","geometry":{"type":"Polygon","coordinates":[[[112.823,58.989],[110.714,57.901],[109.657,57.794],[108.782,57.156],[108.381,56.481],[108.31,56.002],[108.559,55.034],[109.068,55.103],[109.377,55.639],[109.853,55.341],[109.571,54.645],[109.884,54.172],[110.622,53.941],[111.265,54.087],[112.459,54.107],[113.182,53.711],[113.694,53.897],[114.471,54.622],[114.367,54.962],[114.501,56.007],[115.04,56.57],[115.044,57.389],[115.966,58.146],[116.246,58.527],[116.319,59.63],[115.852,59.85],[115.014,59.891],[113.653,59.416],[112.823,58.989]]]},"properties":{"NAME":"STANOVOY UPLAND","NAME_JA":"スタノヴォイ高地","FEATURECLA":"Plateau","REGION":"Asia","SUBREGION":null,"SCALERANK":4,"NE_ID":1730072981,"WIKIDATAID":null}},
{"type":"Feature","geometry":{"type":"Polygon","coordinates":[[[107.539,37.519],[107.161,37.456],[104.256,37.772],[103.692,37.48],[103.649,36.664],[103.844,35.884],[104.141,35.561],[104.819,35.401],[105.519,34.901],[106.237,34.884],[107.306,34.628],[108.435,34.563],[109.201,34.689],[110.344,34.685],[111.167,35.108],[111.268,35.991],[111.264,36.095],[110.688,36.586],[110.202,37.247],[109.863,37.524],[109.288,37.589],[107.573,37.528],[107.539,37.519]]]},"properties":{"NAME":"Loess Plateau","NAME_JA":"黄土高原","FEATURECLA":"Plateau","REGION":"Asia","SUBREGION":null,"SCALERANK":4,"NE_ID":1159103717,"WIKIDATAID":"Q293730"}},
{"type":"Feature","geometry":{"type":"Polygon","coordinates":[[[2.748,33.852],[3.722,34.265],[4.859,34.893],[4.548,35.515],[3.98,35.608],[3.649,35.31],[2.782,34.807],[2.326,34.701],[1.777,34.291],[1.175,34.066],[0.877,33.683],[-0.042,33.438],[-0.677,33.134],[-1.074,32.77],[-1.96,32.519],[-2.351,32.042],[-1.954,31.837],[-0.487,32.403],[0.685,32.995],[1.135,33.154],[2.061,33.676],[2.748,33.852]]]},"properties":{"NAME":"ATLAS SAHARIEN","NAME_JA":"サハラ・アトラス山脈","FEATURECLA":"Range/mtn","REGION":"Africa","SUBREGION":null,"SCALERANK":3,"NE_ID":1730073315,"WIKIDATAID":"Q1898305"}},
{"type":"Feature","geometry":{"type":"Polygon","coordinates":[[[-3.197,32.717],[-3.998,32.75],[-5.016,32.671],[-5.698,32.75],[-6.981,32.003],[-7.166,31.758],[-7.953,31.295],[-8.899,31.229],[-9.488,30.752],[-7.794,30.964],[-7.45,31.176],[-5.777,31.454],[-4.024,32.194],[-3.819,32.082],[-2.536,32.28],[-3.197,32.717]]]},"properties":{"NAME":"HAUT ATLAS","NAME_JA":"高アトラス","FEATURECLA":"Range/mtn","REGION":"Africa","SUBREGION":null,"SCALERANK":3,"NE_ID":1159103879,"WIKIDATAID":"Q584279"}},
{"type":"Feature","geometry":{"type":"Polygon","coordinates":[[[29.533,-31.298],[30.114,-30.69],[30.22,-30.32],[30.881,-29.738],[31.341,-29.079],[31.615,-28.778],[32.336,-27.701],[32.145,-27.482],[31.797,-27.108],[31.595,-26.907],[31.542,-25.703],[31.622,-25.24],[30.643,-23.944],[30.603,-23.52],[31.132,-22.383],[30.577,-22.422],[29.757,-22.819],[29.889,-23.229],[29.638,-24.089],[29.902,-24.274],[29.836,-24.896],[30.378,-26.259],[30.14,-27.079],[29.32,-27.806],[29.135,-28.256],[28.037,-28.468],[27.891,-28.971],[27.455,-29.566],[27.018,-29.936],[27.217,-30.757],[26.754,-30.942],[25.333,-31.009],[25.06,-30.995],[24.337,-31.449],[23.622,-31.99],[23.98,-32.258],[24.833,-32.431],[24.865,-32.441],[25.06,-32.503],[25.14,-33.204],[26.357,-33.508],[26.711,-33.411],[27.124,-33.297],[27.799,-32.873],[28.738,-32.106],[29.533,-31.298]]]},"properties":{"NAME":"DRAKENSBERG","NAME_JA":"ドラケンスバーグ山脈","FEATURECLA":"Range/mtn","REGION":"Africa","SUBREGION":null,"SCALERANK":3,"NE_ID":1159103881,"WIKIDATAID":"Q183295"}},
{"type":"Feature","geometry":{"type":"Polygon","coordinates":[[[13.514,-4.774],[13.286,-4.457],[12.651,-4.192],[12.175,-3.663],[12.479,-3.332],[13.366,-4.007],[13.789,-3.69],[13.273,-2.724],[12.545,-1.229],[12.294,-0.382],[11.262,0.028],[11.104,0.61],[10.23,1.218],[10.111,0.795],[10.548,0.173],[10.746,-0.753],[10.085,-1.335],[10.363,-2.578],[10.865,-3.094],[12.307,-4.417],[12.795,-5.028],[13.061,-5.462],[13.286,-6.19],[13.306,-6.757],[13.405,-7.143],[14.331,-8.69],[14.781,-9.021],[15.231,-8.796],[14.993,-7.685],[14.437,-7.01],[13.855,-6.666],[13.617,-6.044],[13.842,-5.621],[13.514,-4.774]]]},"properties":{"NAME":"CRYSTAL MOUNTAINS","NAME_JA":"クリスタル山","FEATURECLA":"Range/mtn","REGION":"Africa","SUBREGION":null,"SCALERANK":3,"NE_ID":1159103883,"WIKIDATAID":"Q5191296"}},
{"type":"Feature","geometry":{"type":"Polygon","coordinates":[[[16.168,20.099],[16.686,20.357],[17.066,20.374],[17.41,19.845],[18.38,19.492],[18.882,19.519],[19.315,19.872],[19.376,20.842],[19.579,21.847],[19.615,22.535],[19.764,22.95],[19.78,23.972],[19.224,24.078],[18.609,23.805],[18.309,23.214],[18.327,22.72],[17.56,22.614],[17.163,22.024],[16.21,22.006],[15.681,22.226],[15.946,21.194],[16.228,20.709],[16.148,20.135],[16.168,20.099]]]},"properties":{"NAME":"TIBESTI MTS.","NAME_JA":"ティベスティ山地","FEATURECLA":"Range/mtn","REGION":"Africa","SUBREGION":null,"SCALERANK":3,"NE_ID":1159103885,"WIKIDATAID":"Q309104"}},
{"type":"Feature","geometry":{"type":"Polygon","coordinates":[[[4.92,26.73],[4.657,26.984],[3.836,26.799],[3.219,26.129],[3.157,25.423],[2.751,25.238],[2.408,24.78],[1.958,25.115],[1.067,24.85],[1.667,24.374],[2.531,24.189],[4.251,24.233],[4.683,23.796],[4.432,23.399],[4.423,22.883],[4.983,22.447],[5.362,22.319],[5.891,22.31],[5.884,21.984],[5.979,21.923],[6.53,21.699],[6.833,21.85],[7.17,22.381],[7.549,22.681],[7.927,22.321],[8.59,22.801],[8.8,23.155],[8.762,23.468],[8.431,23.492],[8.634,24.112],[8.48,24.387],[7.108,24.533],[6.65,24.718],[6.147,25.232],[5.742,25.245],[5.212,25.547],[4.95,26.627],[4.92,26.73]]]},"properties":{"NAME":"AHAGGAR MTS.","NAME_JA":"ホガール山地","FEATURECLA":"Range/mtn","REGION":"Africa","SUBREGION":null,"SCALERANK":3,"NE_ID":1159103887,"WIKIDATAID":"Q23836082"}},
{"type":"Feature","geometry":{"type":"Polygon","coordinates":[[[7.466,19.741],[7.311,19.589],[7.682,18.99],[8.096,18.769],[8.387,18.116],[8.264,17.728],[8.634,17.261],[9.357,17.711],[9.838,18.507],[9.838,18.575],[9.534,19.069],[8.81,19.519],[8.67,20.352],[8.651,20.357],[8.351,20.329],[8.221,20.312],[7.751,20.02],[7.466,19.741]]]},"properties":{"NAME":"AÏR MTS.","NAME_JA":"アイル山地","FEATURECLA":"Range/mtn","REGION":"Africa","SUBREGION":null,"SCALERANK":3,"NE_ID":1159103891,"WIKIDATAID":"Q170383"}},
{"type":"Feature","geometry":{"type":"Polygon","coordinates":[[[28.823,-4.893],[29.033,-4.964],[29.192,-4.338],[29.06,-4.021],[29.201,-3.297],[28.857,-2.451],[29.122,-1.498],[29.36,-1.304],[29.439,-0.731],[29.607,-0.052],[29.757,-0.004],[29.835,0.06],[30.18,0.574],[30.414,1.166],[30.542,1.624],[31.15,2.127],[31.353,2.471],[31.097,2.717],[30.494,1.888],[30.162,1.624],[29.466,0.707],[29.078,0.407],[28.663,-0.44],[28.498,-1.131],[28.407,-1.531],[28.39,-2.61],[28.266,-2.671],[28.011,-3.756],[28.451,-4.127],[28.652,-4.55],[28.685,-4.622],[28.823,-4.893]]]},"properties":{"NAME":"MITUMBA MTS.","NAME_JA":"ミトゥンバ山地","FEATURECLA":"Range/mtn","REGION":"Africa","SUBREGION":null,"SCALERANK":3,"NE_ID":1730073347,"WIKIDATAID":null}},
{"type":"Feature","geometry":{"type":"Polygon","coordinates":[[[124.559,49.71],[125.003,49.342],[126.952,48.852],[127.271,48.571],[128.193,47.207],[128.206,47.003],[128.595,46.521],[130.069,46.882],[130.962,47.214],[130.765,48.13],[130.44,48.765],[130.078,49.099],[128.782,49.573],[127.746,49.782],[127.281,50.135],[126.922,51.172],[126.328,51.613],[125.267,51.551],[124.611,51.194],[124.413,50.864],[124.362,50.17],[124.559,49.71]]]},"properties":{"NAME":"Lesser Khingan Range","NAME_JA":"小興安嶺山脈","FEATURECLA":"Range/mtn","REGION":"Asia","SUBREGION":null,"SCALERANK":3,"NE_ID":1159103895,"WIKIDATAID":"Q404600"}},
{"type":"Feature","geometry":{"type":"Polygon","coordinates":[[[132.709,42.876],[133.617,42.96],[134.766,43.452],[136.551,44.981],[138.397,46.938],[139.327,48.152],[140.195,49.045],[140.554,51.324],[139.631,51.402],[138.153,50.096],[137.427,48.783],[135.922,47.002],[134.906,45.92],[133.663,44.878],[132.588,43.625],[132.709,42.876]]]},"properties":{"NAME":"SIKHOTE-ALIN’ RANGE","NAME_JA":"シホテアリニ山脈","FEATURECLA":"Range/mtn","REGION":"Asia","SUBREGION":null,"SCALERANK":3,"NE_ID":1159103897,"WIKIDATAID":"Q155322"}},
{"type":"Feature","geometry":{"type":"Polygon","coordinates":[[[139.213,62.725],[139.515,63.307],[138.808,63.948],[135.873,64.569],[134.749,64.668],[131.682,65.243],[130.862,65.662],[130.44,66.113],[130.013,67.32],[130.358,68.747],[130.182,69.991],[129.043,70.608],[127.806,70.421],[127.209,69.898],[126.481,68.217],[126.299,67.153],[126.396,66.058],[126.941,65.058],[127.41,64.643],[128.748,64.177],[130.348,63.923],[132.161,63.831],[136.896,63.241],[139.213,62.725]]]},"properties":{"NAME":"VERKHOYANSK RANGE","NAME_JA":"ベルホヤンスク山脈","FEATURECLA":"Range/mtn","REGION":"Asia","SUBREGION":null,"SCALERANK":3,"NE_ID":1159103899,"WIKIDATAID":"Q215917"}},
{"type":"Feature","geometry":{"type":"Polygon","coordinates":[[[108.543,11.73],[108.784,12.355],[108.781,12.83],[107.987,15.52],[107.464,15.93],[106.8,15.754],[106.813,15.119],[107.037,14.447],[107.077,13.779],[107.357,13.009],[107.399,11.997],[107.734,11.721],[108.543,11.73]]]},"properties":{"NAME":"Central Highlands","NAME_JA":"セントラル・ハイランズ山地","FEATURECLA":"Range/mtn","REGION":"Asia","SUBREGION":null,"SCALERANK":3,"NE_ID":1730073365,"WIKIDATAID":null}},
{"type":"Feature","geometry":{"type":"Polygon","coordinates":[[[95.635,40.141],[95.026,40.037],[94.454,39.672],[94.493,39.246],[95.193,39.085],[94.656,38.785],[94.582,38.459],[96.673,37.544],[97.485,37.525],[98.082,37.021],[98.993,36.963],[100.79,36.204],[101.879,36.188],[102.462,36.44],[102.957,37.451],[102.864,37.709],[102.375,38.192],[102.238,38.243],[102.014,38.265],[101.113,38.355],[99.711,39.391],[99.697,39.402],[99.527,39.477],[99.427,39.506],[98.53,39.768],[97.436,39.935],[96.269,40.068],[95.656,40.138],[95.635,40.141]]]},"properties":{"NAME":"QUILIAN MOUNTAINS","NAME_JA":"祁連山脈","FEATURECLA":"Range/mtn","REGION":"Asia","SUBREGION":null,"SCALERANK":3,"NE_ID":1159103903,"WIKIDATAID":"Q1072879"}},
{"type":"Feature","geometry":{"type":"Polygon","coordinates":[[[95.941,52.365],[96.611,52.01],[98.388,51.716],[100.985,51.705],[101.681,51.883],[103.198,51.758],[103.719,52.03],[103.432,52.357],[99.816,54.037],[98.958,54.633],[96.725,55.48],[95.928,55.507],[95.016,55.193],[94.255,55.294],[93.136,55.836],[92.676,55.88],[92.213,55.689],[91.669,55.222],[91.824,54.606],[92.845,53.838],[93.999,53.131],[95.094,52.812],[95.941,52.365]]]},"properties":{"NAME":"EASTERN SAYAN MTS.","NAME_JA":"東方サヤン山脈","FEATURECLA":"Range/mtn","REGION":"Asia","SUBREGION":null,"SCALERANK":3,"NE_ID":1730073373,"WIKIDATAID":null}},
{"type":"Feature","geometry":{"type":"Polygon","coordinates":[[[114.585,49.488],[114.888,49.866],[115.129,50.668],[115.506,50.986],[116.439,51.286],[117.059,51.266],[117.701,51.749],[117.868,52.114],[118.685,52.708],[119.129,53.48],[119.935,54.021],[121.074,55.675],[121.397,56.957],[121.092,57.8],[120.599,58.184],[119.696,58.341],[118.86,58.79],[117.654,58.851],[116.791,58.341],[116.194,57.31],[115.433,56.404],[114.871,54.859],[113.921,53.866],[113.486,52.896],[111.898,51.405],[111.473,50.673],[111.088,50.303],[111.263,49.942],[112.864,49.679],[113.371,49.461],[114.2,49.37],[114.585,49.488]]]},"properties":{"NAME":"YABLONOVYY RANGE","NAME_JA":"ヤブロノヴイ山脈","FEATURECLA":"Range/mtn","REGION":"Asia","SUBREGION":null,"SCALERANK":3,"NE_ID":1730073379,"WIKIDATAID":"Q201678"}},
{"type":"Feature","geometry":{"type":"Polygon","coordinates":[[[117.201,31.207],[116.504,31.737],[115.637,32.091],[114.203,32.198],[113.627,32.551],[113.055,32.555],[112.826,32.286],[112.861,31.677],[113.248,31.239],[114.932,30.983],[115.473,30.535],[115.709,30.079],[116.022,30.079],[117.201,31.207]]]},"properties":{"NAME":"Dabie Mts.","NAME_JA":"大別山脈","FEATURECLA":"Range/mtn","REGION":"Asia","SUBREGION":null,"SCALERANK":3,"NE_ID":1159103911,"WIKIDATAID":"Q1156557"}},
{"type":"Feature","geometry":{"type":"Polygon","coordinates":[[[113.089,23.653],[113.663,24.301],[113.772,24.646],[114.119,24.907],[113.909,25.243],[113.514,25.396],[112.041,25.602],[111.557,25.869],[110.306,25.87],[109.824,25.614],[109.469,24.922],[109.458,24.617],[109.8,24.387],[110.007,23.853],[111.197,23.605],[111.859,23.263],[112.302,23.296],[113.089,23.653]]]},"properties":{"NAME":"Nan Ling Mts.","NAME_JA":"南嶺山脈","FEATURECLA":"Range/mtn","REGION":"Asia","SUBREGION":null,"SCALERANK":3,"NE_ID":1159103913,"WIKIDATAID":"Q1195285"}},
{"type":"Feature","geometry":{"type":"Polygon","coordinates":[[[76.765,10.552],[77.389,11.785],[77.21,12.04],[76.339,12.26],[75.859,13.184],[74.083,18.525],[73.916,20.73],[73.389,20.726],[72.948,19.948],[72.987,19.277],[72.901,19.015],[72.899,18.779],[73.637,16.035],[73.932,15.585],[74.223,14.709],[74.382,14.495],[74.863,13.551],[75.136,12.494],[75.563,11.703],[75.646,11.468],[75.724,11.362],[76.041,10.839],[76.366,10.624],[76.765,10.552]]]},"properties":{"NAME":"WESTERN GHATS","NAME_JA":"西ガーツ山脈","FEATURECLA":"Range/mtn","REGION":"Asia","SUBREGION":null,"SCALERANK":3,"NE_ID":1159103915,"WIKIDATAID":"Q4527"}},
{"type":"Feature","geometry":{"type":"Polygon","coordinates":[[[79.799,17.134],[78.829,16.022],[78.668,15.555],[78.68,14.15],[78.182,12.681],[77.679,11.804],[78.036,11.327],[78.937,11.413],[79.508,12.231],[79.856,13.345],[79.752,13.968],[79.513,14.209],[79.749,15.742],[80.725,16.95],[81.387,17.349],[82.458,17.421],[83.134,17.71],[84.163,18.626],[85.195,20.196],[84.517,20.647],[83.713,20.738],[83.133,20.584],[82.372,19.955],[81.961,19.867],[81.358,19.276],[81.2,18.584],[80.325,17.571],[79.939,17.27],[79.799,17.134]]]},"properties":{"NAME":"EASTERN GHATS","NAME_JA":"東ガーツ山脈","FEATURECLA":"Range/mtn","REGION":"Asia","SUBREGION":null,"SCALERANK":3,"NE_ID":1159103917,"WIKIDATAID":"Q465055"}},
{"type":"Feature","geometry":{"type":"Polygon","coordinates":[[[76.879,22.714],[77.789,22.857],[78.29,23.204],[79.191,23.258],[79.612,23.645],[79.509,24.326],[78.951,24.541],[78.399,24.489],[76.08,23.192],[74.774,22.861],[74.408,22.641],[73.824,22.717],[73.537,22.416],[73.645,21.926],[73.9,21.846],[75.287,22.253],[75.912,22.223],[76.879,22.714]]]},"properties":{"NAME":"Vindhya Range","NAME_JA":"ヴィンディヤ山脈","FEATURECLA":"Range/mtn","REGION":"Asia","SUBREGION":null,"SCALERANK":3,"NE_ID":1159103919,"WIKIDATAID":"Q271435"}},
{"type":"Feature","geometry":{"type":"Polygon","coordinates":[[[116.91,25.368],[117.582,25.508],[117.868,25.824],[118.334,28.094],[118.243,28.286],[117.577,28.461],[117.158,28.398],[116.381,27.827],[115.914,26.918],[115.772,26.308],[115.896,25.91],[116.306,25.554],[116.91,25.368]]]},"properties":{"NAME":"Wuyi Mts.","NAME_JA":"武夷山","FEATURECLA":"Range/mtn","REGION":"Asia","SUBREGION":null,"SCALERANK":3,"NE_ID":1159103921,"WIKIDATAID":"Q207692"}},
{"type":"Feature","geometry":{"type":"Polygon","coordinates":[[[80.107,47.322],[80.485,47.206],[81.977,47.158],[82.513,46.907],[83.256,47.003],[84.062,46.848],[84.043,46.38],[85.036,46.396],[85.549,46.615],[85.767,47.139],[85.476,47.424],[83.864,47.583],[82.758,48.11],[81.806,48.564],[81.162,48.715],[79.493,48.838],[79.055,48.347],[79.059,48.059],[79.521,47.605],[80.107,47.322]]]},"properties":{"NAME":"Tarbagatay Ra.","NAME_JA":"タルバガタイ山脈","FEATURECLA":"Range/mtn","REGION":"Asia","SUBREGION":null,"SCALERANK":3,"NE_ID":1159103923,"WIKIDATAID":"Q128500"}},
{"type":"Feature","geometry":{"type":"Polygon","coordinates":[[[91.85,38.221],[91.276,38.67],[92.625,38.758],[93.542,38.4],[94.024,38.403],[94.051,38.875],[93.837,39.518],[89.93,39.215],[89.261,39.106],[87.913,38.641],[87.174,38.386],[86.472,37.923],[86.869,37.627],[87.587,37.505],[88.979,37.59],[89.219,37.527],[89.513,37.531],[90.309,37.735],[91.814,37.722],[91.92,37.956],[91.85,38.221]]]},"properties":{"NAME":"ALTUN MTS.","NAME_JA":"アルチン山脈","FEATURECLA":"Range/mtn","REGION":"Asia","SUBREGION":null,"SCALERANK":3,"NE_ID":1159103927,"WIKIDATAID":"Q682334"}},
{"type":"Feature","geometry":{"type":"Polygon","coordinates":[[[39.917,22.758],[40.02,23.225],[39.573,24.466],[38.354,26.6],[37.746,27.398],[37.136,27.922],[36.809,28.547],[36.03,28.874],[35.493,28.766],[35.568,27.968],[36.003,27.048],[36.775,26.149],[37.564,24.985],[38.805,23.644],[39.322,22.81],[39.917,22.758]]]},"properties":{"NAME":"HEJAZ MTS.","NAME_JA":"ヒジャーズ山地","FEATURECLA":"Range/mtn","REGION":"Asia","SUBREGION":null,"SCALERANK":3,"NE_ID":1730073417,"WIKIDATAID":null}},
{"type":"Feature","geometry":{"type":"Polygon","coordinates":[[[43.336,16.756],[43.744,16.36],[43.886,16.759],[43.817,17.245],[43.407,18.719],[42.654,20.321],[42.384,20.706],[41.72,21.305],[40.926,21.524],[40.694,21.073],[41.138,20.297],[41.468,19.542],[41.977,18.92],[43.044,17.308],[43.336,16.756]]]},"properties":{"NAME":"ASIR MTS.","NAME_JA":"アスィール山脈","FEATURECLA":"Range/mtn","REGION":"Asia","SUBREGION":null,"SCALERANK":3,"NE_ID":1730073421,"WIKIDATAID":"Q730673"}},
{"type":"Feature","geometry":{"type":"Polygon","coordinates":[[[53.679,36.853],[52.669,36.615],[52.007,36.568],[51.37,36.651],[50.758,36.851],[49.342,37.469],[48.732,37.848],[48.185,37.426],[48.386,37.121],[49.335,36.788],[50.052,36.417],[51.137,35.996],[51.436,35.782],[52.593,35.38],[53.091,35.46],[53.451,35.822],[54.899,36.31],[55.141,36.797],[54.744,36.948],[54.016,36.85],[53.679,36.853]]]},"properties":{"NAME":"ELBURZ MTS.","NAME_JA":"エルブルス山","FEATURECLA":"Range/mtn","REGION":"Asia","SUBREGION":null,"SCALERANK":3,"NE_ID":1730073425,"WIKIDATAID":"Q484725"}},
{"type":"Feature","geometry":{"type":"Polygon","coordinates":[[[6.137,58.875],[6.362,58.635],[7.267,58.519],[8.127,59.319],[8.79,60.186],[9.43,60.715],[11.719,62.127],[12.875,62.996],[17.196,66.634],[19.653,68.143],[21.034,68.708],[24.282,69.7],[23.4,70.02],[23.177,70.029],[21.893,70.004],[21.59,69.938],[20.533,69.692],[20.338,69.617],[19.642,69.424],[17.846,68.86],[17.202,68.459],[16.865,68.355],[16.26,68.145],[16.121,68.027],[15.346,67.734],[15.121,67.555],[14.824,67.268],[14.473,67.143],[13.352,66.237],[13.387,66.183],[13.033,65.956],[12.263,65.256],[12.16,65.179],[10.516,63.96],[9.893,63.576],[9.832,63.524],[8.609,62.881],[8.623,62.846],[8.096,62.732],[7.691,62.586],[7.653,62.564],[6.131,61.852],[6.016,61.788],[5.647,61.148],[5.984,61.117],[5.648,60.688],[5.658,60.154],[5.689,60.123],[5.699,60.01],[5.772,59.661],[5.845,59.353],[5.949,59.135],[6.017,58.988],[6.137,58.875]]]},"properties":{"NAME":"KJØLEN MOUNTAINS","NAME_JA":"スカンディナヴィア山脈","FEATURECLA":"Range/mtn","REGION":"Europe","SUBREGION":null,"SCALERANK":3,"NE_ID":1159103935,"WIKIDATAID":"Q186547"}},
{"type":"Feature","geometry":{"type":"Polygon","coordinates":[[[20.746,49.94],[19.768,50.047],[18.791,50.018],[18.516,49.968],[17.868,49.79],[17.483,49.121],[17.73,48.765],[18.349,48.392],[20.077,47.968],[20.114,47.974],[20.2,47.993],[20.537,48.066],[20.57,48.072],[21.024,48.154],[21.781,48.637],[22.669,48.633],[23.251,48.325],[23.185,47.768],[22.13,47.205],[21.585,45.711],[21.584,45.321],[21.604,45.081],[21.77,44.821],[21.929,44.732],[22.277,44.635],[22.739,44.605],[23.428,44.751],[23.666,44.821],[25.048,45.026],[25.47,45.025],[26.576,45.176],[27.153,45.746],[27.156,46.481],[26.909,47.11],[26.034,48.141],[24.818,48.597],[22.958,49.679],[22.175,49.941],[20.746,49.94]]]},"properties":{"NAME":"CARPATHIAN MOUNTAINS","NAME_JA":"カルパティア山脈","FEATURECLA":"Range/mtn","REGION":"Europe","SUBREGION":null,"SCALERANK":3,"NE_ID":1159103937,"WIKIDATAID":"Q1288"}},
{"type":"Feature","geometry":{"type":"Polygon","coordinates":[[[15.757,40.007],[16.148,40.053],[16.156,40.508],[15.037,41.655],[13.839,42.372],[13.496,43.066],[12.859,43.75],[12.334,44.028],[9.509,45.02],[8.992,44.689],[9.52,44.335],[10.985,43.988],[12.056,43.428],[12.488,42.914],[12.916,41.845],[13.515,41.391],[14.662,41.012],[15.757,40.007]]]},"properties":{"NAME":"APPENNINI","NAME_JA":"アペニン山脈","FEATURECLA":"Range/mtn","REGION":"Europe","SUBREGION":null,"SCALERANK":3,"NE_ID":1159103939,"WIKIDATAID":"Q377264"}},
{"type":"Feature","geometry":{"type":"Polygon","coordinates":[[[3.15,42.162],[2.849,42.794],[-0.009,43.308],[-1.631,43.438],[-2.197,43.322],[-2.285,43.315],[-2.278,43.268],[-1.946,42.984],[-1.163,42.628],[0.447,42.369],[1.313,42.145],[2.865,41.955],[3.175,42.136],[3.15,42.162]]]},"properties":{"NAME":"PYRENEES","NAME_JA":"ピレネー山脈","FEATURECLA":"Range/mtn","REGION":"Europe","SUBREGION":null,"SCALERANK":3,"NE_ID":1159103941,"WIKIDATAID":"Q12431"}},
{"type":"Feature","geometry":{"type":"Polygon","coordinates":[[[-102.731,20.214],[-103.067,20.223],[-103.651,20.391],[-104.671,20.913],[-104.959,20.926],[-105.26,20.579],[-105.377,20.512],[-105.543,20.498],[-105.433,19.966],[-104.744,19.241],[-104.405,19.091],[-103.78,18.801],[-103.461,18.368],[-102.547,18.041],[-102.217,17.957],[-101.835,17.948],[-100.921,17.267],[-99.841,16.889],[-99.654,16.726],[-98.738,16.565],[-98.476,16.318],[-97.686,15.978],[-97.172,15.931],[-96.584,15.689],[-96.253,15.691],[-95.695,15.916],[-95.446,15.986],[-95.283,16.086],[-95.2,16.161],[-95.083,17.056],[-95.081,17.065],[-95.076,17.443],[-95.346,17.384],[-95.753,17.538],[-96.532,18.185],[-96.785,18.565],[-96.777,19.207],[-96.456,19.87],[-96.709,20.188],[-97.006,20.107],[-97.324,19.313],[-97.8,19.048],[-98.717,18.982],[-99.7,19.506],[-100.085,20.063],[-100.296,19.951],[-100.77,20.106],[-101.27,20.555],[-101.437,20.363],[-101.446,20.347],[-101.687,20.22],[-102.359,20.352],[-102.731,20.214]]]},"properties":{"NAME":"Sierra Madre del Sur","NAME_JA":"南シエラマドレ山脈","FEATURECLA":"Range/mtn","REGION":"North America","SUBREGION":null,"SCALERANK":3,"NE_ID":1159103945,"WIKIDATAID":"Q1029702"}},
{"type":"Feature","geometry":{"type":"MultiPolygon","coordinates":[[[[-124.099,48.2],[-124.46,47.784],[-124.376,47.659],[-124.199,47.209],[-124.045,46.373],[-123.96,46.301],[-123.947,46.141],[-123.94,45.192],[-124.047,44.425],[-124.131,44.056],[-124.347,43.342],[-124.444,42.67],[-124.406,42.584],[-124.393,42.45],[-124.278,42.069],[-124.212,41.985],[-124.209,41.889],[-124.21,41.845],[-124.186,41.763],[-124.163,41.719],[-124.118,41.622],[-124.069,41.375],[-124.11,41.112],[-124.19,40.772],[-124.22,40.696],[-124.372,40.491],[-124.108,40.095],[-123.884,39.861],[-123.778,39.515],[-123.675,39.002],[-122.987,38.277],[-122.978,38.227],[-122.584,37.874],[-122.467,37.838],[-121.993,38.12],[-122.002,38.314],[-122.061,38.842],[-122.416,39.284],[-122.614,39.785],[-122.723,40.059],[-122.738,40.334],[-122.745,40.456],[-122.727,40.554],[-122.686,40.589],[-122.513,40.736],[-122.384,41.092],[-122.38,41.425],[-122.379,41.541],[-123.225,42.837],[-123.331,43.234],[-123.207,44.398],[-122.974,45.243],[-122.641,45.725],[-122.758,46.662],[-122.914,47.131],[-122.92,47.29],[-122.913,47.607],[-123.051,47.552],[-122.974,48.073],[-123.024,48.082],[-123.25,48.124],[-123.294,48.12],[-123.976,48.168],[-124.099,48.2]]],[[[-121.78,38.005],[-122.087,38.05],[-122.446,37.798],[-122.408,37.373],[-121.807,36.851],[-121.79,36.732],[-121.919,36.572],[-121.867,36.323],[-121.344,35.792],[-121.023,35.481],[-120.86,35.365],[-120.634,35.076],[-120.609,34.708],[-119.856,34.786],[-119.135,35.067],[-119.601,35.362],[-119.9,35.78],[-120.236,36.216],[-120.391,36.535],[-120.807,37.044],[-120.808,37.045],[-121.003,37.258],[-121.241,37.573],[-121.297,37.637],[-121.526,37.898],[-121.78,38.005]]]]},"properties":{"NAME":"COAST RANGES","NAME_JA":"太平洋岸山脈","FEATURECLA":"Range/mtn","REGION":"North America","SUBREGION":null,"SCALERANK":3,"NE_ID":1159103947,"WIKIDATAID":"Q660304"}},
{"type":"Feature","geometry":{"type":"Polygon","coordinates":[[[-99.492,20.666],[-98.593,20.162],[-98.137,20.201],[-97.773,20.93],[-98.264,21.211],[-98.566,21.671],[-98.91,23.576],[-99.281,24.74],[-100.492,26.913],[-100.606,27.06],[-101.159,27.941],[-101.214,28.979],[-101.32,29.649],[-101.851,29.8],[-102.678,29.72],[-103.099,29.087],[-103.188,28.992],[-103.223,27.888],[-103.382,27.359],[-103.408,26.698],[-103.281,26.297],[-102.499,25.465],[-102.254,25.175],[-101.33,24.886],[-100.683,24.396],[-100.571,23.905],[-100.095,23.243],[-100.07,22.513],[-99.81,21.221],[-99.492,20.666]]]},"properties":{"NAME":"SIERRA MADRE ORIENTAL","NAME_JA":"東シエラマドレ山脈","FEATURECLA":"Range/mtn","REGION":"North America","SUBREGION":null,"SCALERANK":3,"NE_ID":1159103949,"WIKIDATAID":"Q144040"}},
{"type":"Feature","geometry":{"type":"Polygon","coordinates":[[[-118.595,34.873],[-117.934,35.482],[-117.881,35.932],[-118.145,36.831],[-118.886,38.022],[-119.938,39.094],[-120.95,40.588],[-121.082,40.403],[-121.559,40.271],[-121.77,40.112],[-121.605,39.605],[-121.232,38.89],[-120.871,38.11],[-120.391,37.619],[-120.275,37.513],[-119.848,37.047],[-119.418,36.828],[-118.855,36.096],[-118.799,35.752],[-118.87,35.152],[-118.595,34.873]]]},"properties":{"NAME":"SIERRA NEVADA","NAME_JA":"シエラネバダ山脈","FEATURECLA":"Range/mtn","REGION":"North America","SUBREGION":null,"SCALERANK":3,"NE_ID":1159103951,"WIKIDATAID":"Q26777"}},
{"type":"Feature","geometry":{"type":"Polygon","coordinates":[[[-104.671,20.913],[-104.26,20.894],[-103.053,21.053],[-102.297,21.882],[-102.222,22.376],[-102.614,22.835],[-103.197,22.941],[-103.461,23.443],[-104.326,23.927],[-105.339,25.561],[-105.351,25.587],[-105.978,26.674],[-106.401,27.038],[-106.441,27.072],[-106.781,27.364],[-107.774,28.947],[-107.721,29.37],[-108.019,30.116],[-108.144,30.428],[-108.784,31.086],[-110.196,31.143],[-110.578,31.143],[-110.752,30.721],[-110.711,29.476],[-110.431,29.017],[-109.573,27.253],[-108.965,26.473],[-107.245,24.766],[-106.874,24.105],[-106.266,23.311],[-105.572,22.735],[-105.182,22.007],[-105.209,21.491],[-105.237,21.119],[-105.511,20.809],[-105.42,20.775],[-104.959,20.926],[-104.671,20.913]]]},"properties":{"NAME":"SIERRA MADRE OCCIDENTAL","NAME_JA":"シエラ・マドレ・オクシデンタル","FEATURECLA":"Range/mtn","REGION":"North America","SUBREGION":null,"SCALERANK":3,"NE_ID":1159103953,"WIKIDATAID":"Q1124584"}},
{"type":"Feature","geometry":{"type":"Polygon","coordinates":[[[-143.392,61.359],[-145.004,61.835],[-145.927,61.967],[-147.012,61.729],[-148.44,61.887],[-149.786,61.334],[-149.142,60.936],[-149.043,60.882],[-148.556,60.827],[-147.523,60.97],[-146.716,61.078],[-146.636,60.993],[-146.392,60.811],[-146.251,60.749],[-146.166,60.692],[-145.675,60.651],[-145.811,60.525],[-145.563,60.441],[-145.248,60.38],[-144.984,60.537],[-144.901,60.335],[-144.333,60.191],[-144.084,60.063],[-143.506,60.055],[-142.946,60.097],[-141.422,60.085],[-141.362,60.105],[-140.996,60.329],[-140.996,60.928],[-143.392,61.359]]]},"properties":{"NAME":"CHUGACH MTS.","NAME_JA":"チュガッチ山地","FEATURECLA":"Range/mtn","REGION":"North America","SUBREGION":null,"SCALERANK":3,"NE_ID":1159103955,"WIKIDATAID":"Q1089367"}},
{"type":"Feature","geometry":{"type":"Polygon","coordinates":[[[-123.426,61.051],[-123.199,61.649],[-123.249,62.995],[-125.055,64.72],[-125.989,64.93],[-127.97,65.594],[-132.544,65.83],[-133.474,65.946],[-135.185,65.618],[-136.158,65.671],[-137.129,64.889],[-137.354,63.713],[-137.254,63.675],[-136.931,63.554],[-135.793,63.634],[-134.576,63.66],[-134.139,63.572],[-133.616,63.241],[-133.174,62.288],[-132.563,62.007],[-131.697,61.784],[-131.593,61.776],[-130.607,61.623],[-129.47,61.065],[-129.164,60.41],[-129.071,60.213],[-128.469,59.94],[-127.499,59.787],[-126.571,59.578],[-125.359,59.345],[-124.739,59.549],[-124.565,59.711],[-123.988,59.839],[-123.723,60.179],[-123.528,60.511],[-123.528,60.749],[-123.427,61.047],[-123.426,61.051]]]},"properties":{"NAME":"MACKENZIE MTS.","NAME_JA":"マッケンジー山脈","FEATURECLA":"Range/mtn","REGION":"North America","SUBREGION":null,"SCALERANK":3,"NE_ID":1159103957,"WIKIDATAID":"Q1817102"}},
{"type":"Feature","geometry":{"type":"Polygon","coordinates":[[[-69.473,-18.544],[-69.289,-18.767],[-68.571,-18.553],[-69.054,-17.641],[-70.364,-16.374],[-72.787,-14.71],[-74.586,-13.51],[-75.648,-12.479],[-76.323,-11.57],[-77.356,-10.053],[-77.518,-9.678],[-77.867,-8.871],[-78.018,-8.789],[-78.537,-8.765],[-77.849,-10.388],[-77.018,-11.75],[-76.454,-12.814],[-75.257,-14.551],[-74.251,-15.592],[-72.24,-16.562],[-71.552,-16.967],[-70.617,-17.973],[-69.873,-18.061],[-69.512,-18.497],[-69.473,-18.544]]]},"properties":{"NAME":"CORDILLERA OCCIDENTAL","NAME_JA":"オクシデンタル山脈","FEATURECLA":"Range/mtn","REGION":"South America","SUBREGION":null,"SCALERANK":3,"NE_ID":1159103969,"WIKIDATAID":"Q8463325"}},
{"type":"Feature","geometry":{"type":"Polygon","coordinates":[[[-65.836,-21.978],[-65.481,-21.776],[-65.426,-19.335],[-65.426,-19.297],[-65.954,-18.003],[-65.978,-17.954],[-66.32,-17.266],[-67.14,-16.627],[-67.337,-16.657],[-67.471,-16.678],[-67.699,-17.247],[-67.064,-17.685],[-66.861,-18.164],[-66.861,-18.608],[-66.674,-19.633],[-66.578,-20.611],[-66.577,-21.087],[-66.656,-21.59],[-66.325,-21.943],[-66.21,-22.067],[-65.836,-21.978]]]},"properties":{"NAME":"CORDILLERA  REAL","NAME_JA":"コルディジェラ・レアル山脈","FEATURECLA":"Range/mtn","REGION":"South America","SUBREGION":null,"SCALERANK":3,"NE_ID":1159103963,"WIKIDATAID":"Q1132302"}},
{"type":"Feature","geometry":{"type":"Polygon","coordinates":[[[-75.639,-7.491],[-75.759,-6.455],[-76.568,-5.58],[-77.152,-5.19],[-77.43,-4.146],[-77.823,-2.539],[-77.611,-1.295],[-78.154,-1.864],[-78.285,-2.83],[-78.542,-3.576],[-78.59,-4.372],[-78.561,-4.564],[-78.502,-4.698],[-78.239,-5.299],[-78.207,-5.356],[-77.135,-6.243],[-76.765,-7.857],[-75.577,-10.146],[-75.467,-10.266],[-75.058,-10.715],[-73.926,-12.457],[-73.399,-13.184],[-73.099,-13.404],[-72.312,-13.682],[-71.79,-13.863],[-70.546,-14.083],[-70.317,-14.162],[-69.672,-14.478],[-69.645,-14.492],[-69.476,-14.575],[-69.039,-14.789],[-68.497,-15.345],[-67.691,-16.13],[-67.14,-16.627],[-65.978,-17.954],[-65.954,-18.003],[-65.426,-19.297],[-65.425,-19.337],[-65.388,-21.033],[-65.176,-21.8],[-65.406,-22.329],[-65.705,-23.256],[-65.705,-24.552],[-64.911,-23.97],[-63.985,-22.806],[-63.116,-19.962],[-63.128,-19.811],[-63.282,-18.441],[-63.416,-18.036],[-63.509,-17.755],[-63.588,-17.514],[-64.691,-17.215],[-65.44,-17.011],[-66.653,-15.412],[-67.905,-13.919],[-68.024,-13.837],[-68.746,-13.574],[-70.366,-12.916],[-71.175,-12.569],[-71.59,-12.174],[-72.204,-11.805],[-72.291,-11.779],[-73.424,-11.439],[-74.023,-10.44],[-74.306,-9.945],[-74.627,-9.003],[-75.318,-9.038],[-75.364,-9.044],[-75.639,-7.491]]]},"properties":{"NAME":"CORDILLERA ORIENTAL","NAME_JA":"オリエンタル山脈","FEATURECLA":"Range/mtn","REGION":"South America","SUBREGION":null,"SCALERANK":3,"NE_ID":1730073491,"WIKIDATAID":"Q143014"}},
{"type":"Feature","geometry":{"type":"Polygon","coordinates":[[[-76.765,-7.857],[-78.207,-5.356],[-78.239,-5.299],[-78.429,-4.97],[-78.561,-4.564],[-78.559,-4.487],[-78.542,-3.576],[-78.708,-3.395],[-78.718,-3.398],[-79.283,-3.802],[-80.045,-4.523],[-79.754,-6.481],[-78.59,-8.651],[-78.14,-8.571],[-78.018,-8.789],[-77.518,-9.678],[-76.976,-10.556],[-75.865,-12.17],[-74.516,-13.519],[-71.579,-15.45],[-71.499,-13.969],[-72.312,-13.682],[-73.099,-13.404],[-73.399,-13.184],[-73.78,-12.617],[-75.058,-10.715],[-75.467,-10.266],[-76.156,-8.889],[-76.765,-7.857]]]},"properties":{"NAME":"CORD. CENTRAL","NAME_JA":"ブランカ山脈","FEATURECLA":"Range/mtn","REGION":"South America","SUBREGION":null,"SCALERANK":3,"NE_ID":1159103971,"WIKIDATAID":"Q804330"}},
{"type":"Feature","geometry":{"type":"Polygon","coordinates":[[[-77.52,3.16],[-78.142,1.62],[-78.683,0.795],[-79.172,-0.396],[-79.358,-1.467],[-79.133,-2.235],[-78.868,-1.93],[-78.543,-0.66],[-78.427,-0.218],[-77.731,0.736],[-77.109,2.039],[-76.751,2.502],[-76.705,2.88],[-76.445,3.4],[-76.156,4.327],[-75.8,5.017],[-75.675,5.24],[-75.607,5.577],[-75.61,5.66],[-75.757,5.886],[-75.839,6.012],[-75.766,7.023],[-75.548,7.251],[-75.518,7.681],[-75.943,8.123],[-75.946,8.127],[-76.359,8.71],[-76.685,8.547],[-76.646,5.689],[-76.686,5.571],[-77.212,3.867],[-77.52,3.16]]]},"properties":{"NAME":"CORD. OCCIDENTAL","NAME_JA":"オクシデンタル山脈","FEATURECLA":"Range/mtn","REGION":"South America","SUBREGION":null,"SCALERANK":3,"NE_ID":1159103969,"WIKIDATAID":"Q8463325"}},
{"type":"Feature","geometry":{"type":"Polygon","coordinates":[[[-78.718,-3.398],[-78.707,-3.387],[-78.285,-2.83],[-78.154,-1.864],[-77.532,-0.621],[-77.081,0.872],[-77.024,0.972],[-76.395,1.953],[-76.024,2.386],[-75.299,3.814],[-74.914,4.682],[-74.894,5.351],[-74.039,7.78],[-73.934,8.909],[-74.31,8.767],[-74.75,7.998],[-75.255,7.757],[-75.387,7.317],[-75.766,7.023],[-75.839,6.012],[-75.757,5.886],[-75.61,5.66],[-75.607,5.577],[-75.675,5.24],[-75.8,5.017],[-75.925,4.868],[-76.254,4.132],[-76.445,3.4],[-76.705,2.88],[-76.751,2.502],[-77.109,2.039],[-77.731,0.736],[-78.427,-0.218],[-78.543,-0.66],[-78.868,-1.93],[-79.471,-2.859],[-79.516,-3.147],[-79.283,-3.802],[-78.718,-3.398]]]},"properties":{"NAME":"CORD. CENTRAL","NAME_JA":"ブランカ山脈","FEATURECLA":"Range/mtn","REGION":"South America","SUBREGION":null,"SCALERANK":3,"NE_ID":1159103971,"WIKIDATAID":"Q804330"}},
{"type":"Feature","geometry":{"type":"Polygon","coordinates":[[[-67.931,10.476],[-68.201,10.443],[-68.259,10.531],[-68.271,10.549],[-68.33,10.638],[-68.352,10.677],[-68.397,10.779],[-68.607,11.255],[-68.928,11.379],[-69.364,11.46],[-69.93,11.354],[-70.512,11.043],[-71.129,10.355],[-70.76,9.459],[-70.784,9.436],[-71.552,8.838],[-72.502,8.074],[-72.902,8.865],[-72.796,9.659],[-72.051,11.07],[-72.214,11.167],[-72.659,11.294],[-73.677,11.271],[-73.871,11.265],[-74.092,11.253],[-74.211,11.171],[-74.092,10.505],[-73.95,10.26],[-73.801,10.003],[-73.193,10.108],[-73.669,9.05],[-73.109,7.586],[-73.43,6.911],[-74.251,6.069],[-74.586,5.346],[-74.78,4.252],[-75.398,2.594],[-75.786,2.136],[-76.395,1.953],[-77.241,1.09],[-77.024,0.972],[-76.968,0.942],[-76.21,1.174],[-75.345,1.553],[-74.931,1.993],[-74.464,2.487],[-74.128,3.07],[-73.999,2.452],[-73.962,2.274],[-73.904,2.244],[-73.862,2.262],[-73.71,2.394],[-73.74,2.717],[-73.828,3.652],[-73.483,4.174],[-72.6,5.056],[-72.443,5.23],[-71.83,6.071],[-71.746,6.291],[-71.749,6.305],[-71.958,7.304],[-71.494,7.645],[-71.384,7.726],[-70.958,8.109],[-70.83,8.227],[-70.79,8.263],[-69.841,9.032],[-69.118,9.844],[-69.002,9.818],[-68.783,9.77],[-67.621,9.584],[-66.603,9.764],[-65.361,9.985],[-64.244,9.842],[-63.389,9.924],[-62.821,10.091],[-62.843,10.418],[-61.943,10.679],[-62.509,10.725],[-63.19,10.709],[-64.228,10.555],[-64.795,10.109],[-64.799,10.108],[-64.85,10.098],[-64.944,10.095],[-65.852,10.258],[-66.09,10.473],[-66.101,10.553],[-66.247,10.632],[-67.536,10.523],[-67.872,10.472],[-67.931,10.476]]]},"properties":{"NAME":"CORDILLERA ORIENTAL","NAME_JA":"オリエンタル山脈","FEATURECLA":"Range/mtn","REGION":"South America","SUBREGION":null,"SCALERANK":3,"NE_ID":1159103973,"WIKIDATAID":"Q4794486"}},
{"type":"Feature","geometry":{"type":"Polygon","coordinates":[[[28.617,-14.868],[29.915,-14.432],[31.688,-12.249],[32.537,-10.909],[32.852,-10.41],[32.892,-9.841],[32.178,-9.246],[31.257,-8.834],[31.077,-8.773],[30.511,-8.637],[28.923,-6.865],[28.823,-4.893],[28.685,-4.622],[26.685,-6.251],[24.968,-6.984],[23.592,-8.783],[21.74,-10.053],[21.66,-11.257],[22.561,-11.59],[22.983,-11.746],[22.772,-12.818],[24.637,-12.474],[24.981,-12.871],[24.319,-13.373],[24.73,-14.445],[24.108,-14.313],[24.134,-15.583],[23.579,-16.178],[23.856,-16.654],[24.346,-17.051],[25.933,-16.165],[28.182,-15.014],[28.617,-14.868]]]},"properties":{"NAME":"KATANGA PLATEAU","NAME_JA":"カタンガ高原","FEATURECLA":"Plateau","REGION":"Africa","SUBREGION":null,"SCALERANK":3,"NE_ID":1159104019,"WIKIDATAID":"Q1108926"}},
{"type":"Feature","geometry":{"type":"Polygon","coordinates":[[[35.413,50.042],[36.485,49.81],[37.321,49.793],[39.18,50.286],[39.599,51.165],[39.732,52.166],[39.672,52.899],[39.054,54.021],[37.772,54.802],[37.122,54.967],[36.07,54.889],[35.203,54.571],[34.554,53.914],[33.906,52.269],[33.909,51.437],[34.607,50.481],[35.413,50.042]]]},"properties":{"NAME":"CENTRAL RUSSIAN UPLAND","NAME_JA":"中央ロシア高地","FEATURECLA":"Plateau","REGION":"Europe","SUBREGION":null,"SCALERANK":3,"NE_ID":1159104021,"WIKIDATAID":"Q1126906"}},
{"type":"Feature","geometry":{"type":"Polygon","coordinates":[[[130.022,56.775],[130.55,56.842],[131.89,57.299],[130.943,57.783],[131.174,58.337],[130.82,58.67],[129.178,59.042],[128.231,59.058],[127.264,58.702],[126.77,58.21],[126.568,57.641],[128.506,56.826],[129.784,56.77],[130.022,56.775]]]},"properties":{"NAME":"Aldan Upland","NAME_JA":"アルダン高地","FEATURECLA":"Plateau","REGION":"Asia","SUBREGION":null,"SCALERANK":3,"NE_ID":1730073599,"WIKIDATAID":null}},
{"type":"Feature","geometry":{"type":"Polygon","coordinates":[[[107.2,67.65],[107.021,68.924],[106.312,69.952],[102.704,70.28],[100.828,69.909],[100.467,69.309],[101.331,67.289],[103.484,67.089],[103.913,67.238],[105.622,67.11],[106.463,67.265],[107.2,67.65]]]},"properties":{"NAME":"PUTORANA PLATEAU","NAME_JA":"プトラナ台地","FEATURECLA":"Plateau","REGION":"Asia","SUBREGION":null,"SCALERANK":3,"NE_ID":1159104025,"WIKIDATAID":"Q277576"}},
{"type":"Feature","geometry":{"type":"Polygon","coordinates":[[[100.059,24.724],[100.603,24.621],[101.415,24.119],[102.158,23.928],[102.887,24.051],[104.223,23.399],[104.885,23.34],[105.79,23.532],[106.218,23.888],[106.243,24.691],[106.902,25.565],[107.184,26.133],[107.084,26.659],[106.567,27.295],[105.456,28.274],[104.281,28.629],[103.61,29.181],[103.53,29.242],[103.067,29.268],[102.224,28.828],[101.953,28.723],[101.777,28.596],[99.176,27.585],[98.939,27.482],[98.108,26.822],[98.463,26.096],[99.105,25.67],[99.439,25.135],[99.777,24.824],[100.059,24.724]]]},"properties":{"NAME":"YUNGUI PLATEAU","NAME_JA":"雲貴高原","FEATURECLA":"Plateau","REGION":"Asia","SUBREGION":null,"SCALERANK":3,"NE_ID":1159104027,"WIKIDATAID":"Q604329"}},
{"type":"Feature","geometry":{"type":"Polygon","coordinates":[[[105.407,15.419],[104.966,16.09],[104.736,16.692],[104.734,17.077],[103.902,17.956],[103.444,18.166],[102.446,18.194],[102.211,18.4],[101.121,18.648],[100.413,18.307],[99.794,17.318],[100.644,16.66],[100.784,16.335],[100.785,15.695],[101.342,15.573],[101.855,15.154],[102.145,15.284],[103.047,15.387],[103.609,15.325],[104.585,14.985],[105.299,15.152],[105.407,15.419]]]},"properties":{"NAME":"Khorat Plat.","NAME_JA":"コーラート台地","FEATURECLA":"Plateau","REGION":"Asia","SUBREGION":null,"SCALERANK":3,"NE_ID":1159104029,"WIKIDATAID":"Q874816"}},
{"type":"Feature","geometry":{"type":"Polygon","coordinates":[[[97.753,24.006],[97.603,24.06],[96.568,23.823],[96.125,23.314],[94.939,23.012],[94.824,22.42],[94.491,22.07],[94.344,21.276],[94.739,20.181],[95.541,19.298],[96.49,19.204],[96.948,19.331],[97.411,19.277],[97.816,19.826],[98.864,20.296],[98.795,22.011],[98.66,22.617],[98.362,22.973],[97.91,23.166],[97.753,24.006]]]},"properties":{"NAME":"SHAN PLATEAU","NAME_JA":"シャン丘陵","FEATURECLA":"Plateau","REGION":"Asia","SUBREGION":null,"SCALERANK":3,"NE_ID":1159104031,"WIKIDATAID":"Q27696359"}},
{"type":"Feature","geometry":{"type":"Polygon","coordinates":[[[-106.678,35.402],[-107.017,36.259],[-107.407,37.029],[-107.534,37.257],[-108.42,37.474],[-108.494,37.827],[-107.575,38.462],[-107.479,38.882],[-107.499,39.472],[-107.834,40.242],[-108.944,40.787],[-110.759,40.357],[-111.324,38.962],[-111.969,38.432],[-112.457,38.243],[-112.734,37.842],[-113.193,37.58],[-113.959,36.782],[-113.876,36.449],[-113.669,35.782],[-112.964,35.327],[-112.594,35.237],[-111.487,35.427],[-110.831,34.787],[-110.023,34.432],[-109.3,34.463],[-108.384,33.922],[-108.224,33.632],[-107.359,33.674],[-106.939,34.167],[-106.711,34.823],[-106.678,35.402]]]},"properties":{"NAME":"COLORADO PLATEAU","NAME_JA":"コロラド高原","FEATURECLA":"Plateau","REGION":"North America","SUBREGION":null,"SCALERANK":3,"NE_ID":1159104035,"WIKIDATAID":"Q925906"}},
{"type":"Feature","geometry":{"type":"Polygon","coordinates":[[[-117.325,47.811],[-118.572,47.926],[-119.162,48.134],[-119.779,48.08],[-119.798,48.081],[-119.984,47.834],[-120.217,47.597],[-120.606,47.044],[-120.712,46.621],[-121.082,45.589],[-121.316,44.981],[-121.434,44.389],[-121.455,44.243],[-120.957,44.074],[-120.332,43.783],[-119.137,43.631],[-118.569,43.578],[-117.389,43.089],[-115.758,42.433],[-115.563,42.283],[-115.08,42.15],[-114.682,42.318],[-114.261,42.394],[-113.678,42.551],[-113.247,42.634],[-112.819,42.668],[-111.266,43.574],[-111.24,44.213],[-111.625,44.465],[-111.901,44.479],[-112.006,44.425],[-112.31,44.268],[-112.681,44.033],[-112.766,43.98],[-113.727,43.446],[-114.653,43.366],[-115.447,43.499],[-116.188,43.79],[-116.343,44.426],[-116.355,44.893],[-116.316,45.117],[-116.258,45.444],[-116.161,46.25],[-117.039,47.018],[-117.143,47.592],[-117.325,47.811]]]},"properties":{"NAME":"COLUMBIA PLAT.","NAME_JA":"コロンビア川台地","FEATURECLA":"Plateau","REGION":"North America","SUBREGION":null,"SCALERANK":3,"NE_ID":1159104037,"WIKIDATAID":"Q401815"}},
{"type":"Feature","geometry":{"type":"Polygon","coordinates":[[[-99.492,20.666],[-99.81,21.221],[-100.07,22.513],[-100.095,23.243],[-100.571,23.905],[-100.683,24.396],[-101.33,24.886],[-102.254,25.175],[-102.499,25.465],[-103.281,26.297],[-103.408,26.698],[-103.382,27.359],[-103.223,27.888],[-103.188,28.992],[-103.261,29.021],[-103.543,29.133],[-104.043,29.341],[-104.507,29.691],[-104.587,29.812],[-104.65,29.952],[-104.881,30.512],[-105.487,30.948],[-106.359,31.719],[-108.207,31.784],[-108.207,31.366],[-108.784,31.086],[-108.144,30.428],[-108.019,30.116],[-107.721,29.37],[-107.774,28.947],[-106.781,27.364],[-106.441,27.072],[-106.401,27.038],[-105.978,26.674],[-105.351,25.587],[-105.339,25.561],[-104.326,23.927],[-103.461,23.443],[-103.197,22.941],[-102.614,22.835],[-102.222,22.376],[-102.297,21.882],[-103.053,21.053],[-103.067,20.223],[-102.731,20.214],[-102.359,20.352],[-101.687,20.22],[-101.446,20.347],[-101.437,20.363],[-101.27,20.555],[-100.804,20.091],[-100.296,19.951],[-99.492,20.666]]]},"properties":{"NAME":"ALTI-PLANICIE MEXICANA","NAME_JA":"アルティプラニシエ・メヒカーナ高原","FEATURECLA":"Plateau","REGION":"North America","SUBREGION":null,"SCALERANK":3,"NE_ID":1730073629,"WIKIDATAID":"Q1753873"}},
{"type":"Feature","geometry":{"type":"Polygon","coordinates":[[[-76.806,43.632],[-78.664,43.637],[-79.182,43.468],[-79.088,42.778],[-80.191,42.354],[-80.112,41.805],[-79.532,40.793],[-79.985,40.458],[-80.6,40.319],[-80.881,39.621],[-82.013,39.018],[-82.215,38.593],[-82.569,38.404],[-82.632,38.176],[-82.23,37.663],[-80.826,38.697],[-80.042,38.608],[-79.875,38.921],[-80.169,39.461],[-79.291,40.456],[-78.775,40.853],[-78.098,41.11],[-76.834,41.239],[-76.783,40.891],[-76.145,41.078],[-75.481,40.747],[-74.751,41.342],[-75.023,41.547],[-75.489,42.292],[-74.976,42.528],[-75.003,43.037],[-75.442,43.245],[-76.111,43.254],[-76.301,43.232],[-76.517,43.478],[-76.806,43.632]]]},"properties":{"NAME":"ALLEGHENY PLATEAU","NAME_JA":"アルゲイニー台地","FEATURECLA":"Plateau","REGION":"North America","SUBREGION":null,"SCALERANK":3,"NE_ID":1730073633,"WIKIDATAID":"Q654947"}},
{"type":"Feature","geometry":{"type":"Polygon","coordinates":[[[-82.569,38.404],[-82.828,38.584],[-84.084,38.779],[-84.364,39.048],[-85.185,38.689],[-85.892,38.203],[-87.087,37.807],[-87.448,37.943],[-88.133,37.701],[-88.452,37.2],[-88.489,37.126],[-88.24,36.954],[-87.99,36.303],[-87.989,35.782],[-88.258,35.259],[-88.267,34.671],[-88.541,33.97],[-88.175,32.87],[-87.923,32.635],[-86.881,32.651],[-86.748,32.783],[-86.561,32.946],[-86.25,33.494],[-86.001,33.946],[-85.536,34.354],[-85.337,35.028],[-84.569,35.835],[-84.296,36.756],[-82.23,37.663],[-82.632,38.176],[-82.569,38.404]]]},"properties":{"NAME":"CUMBERLAND PLAT.","NAME_JA":"カンバーランド高原","FEATURECLA":"Plateau","REGION":"North America","SUBREGION":null,"SCALERANK":3,"NE_ID":1730073637,"WIKIDATAID":"Q1143656"}},
{"type":"Feature","geometry":{"type":"Polygon","coordinates":[[[-137.254,63.675],[-137.354,63.713],[-138.181,63.915],[-138.442,64.001],[-139.035,64.184],[-139.286,64.11],[-140.08,62.861],[-140.053,62.205],[-139.683,61.596],[-138.655,61.223],[-137.064,60.929],[-135.74,61.041],[-135.079,60.908],[-134.496,60.558],[-134.487,60.553],[-134.228,61.069],[-134.493,61.595],[-134.92,62.072],[-133.735,62.341],[-133.174,62.288],[-133.616,63.241],[-134.139,63.572],[-134.576,63.66],[-135.793,63.634],[-136.931,63.554],[-137.254,63.675]]]},"properties":{"NAME":"YUKON PLATEAU","NAME_JA":"ユコン・プラトー","FEATURECLA":"Plateau","REGION":"North America","SUBREGION":null,"SCALERANK":3,"NE_ID":1159104043,"WIKIDATAID":"Q3623001"}},
{"type":"Feature","geometry":{"type":"Polygon","coordinates":[[[-66.325,-21.943],[-66.524,-21.672],[-66.577,-21.087],[-66.578,-20.611],[-66.657,-18.742],[-66.861,-18.164],[-67.064,-17.685],[-67.536,-17.118],[-67.471,-16.678],[-67.452,-16.552],[-67.691,-16.13],[-68.497,-15.345],[-69.476,-14.575],[-69.654,-14.483],[-69.672,-14.478],[-70.625,-14.162],[-71.499,-13.969],[-71.424,-15.52],[-70.466,-16.159],[-70.364,-16.374],[-69.997,-17.144],[-69.473,-18.544],[-69.041,-19.755],[-68.841,-20.455],[-68.36,-22.259],[-67.866,-22.982],[-67.867,-23.956],[-68.059,-24.09],[-68.619,-24.644],[-68.69,-25.37],[-69.065,-26.087],[-68.933,-26.801],[-68.272,-27.039],[-67.028,-25.954],[-66.605,-24.923],[-65.705,-23.256],[-65.406,-22.657],[-65.406,-22.329],[-65.406,-21.752],[-65.836,-21.978],[-66.21,-22.067],[-66.325,-21.943]]]},"properties":{"NAME":"ALTIPLANO","NAME_JA":"アルティプラーノ","FEATURECLA":"Plateau","REGION":"South America","SUBREGION":null,"SCALERANK":3,"NE_ID":1159104045,"WIKIDATAID":"Q118574"}},
{"type":"Feature","geometry":{"type":"Polygon","coordinates":[[[-61.527,8.546],[-62.133,8.6],[-62.557,8.389],[-64.246,7.967],[-65.739,7.85],[-65.748,7.846],[-66.124,7.697],[-67.031,7.11],[-67.374,6.154],[-67.797,5.173],[-67.609,4.218],[-66.896,3.882],[-66.372,3.209],[-65.39,3.115],[-65.618,2.255],[-66.022,1.757],[-66.487,0.909],[-66.659,0.595],[-65.916,0.099],[-64.999,0.173],[-64.652,0.917],[-64.181,0.966],[-63.115,0.52],[-61.826,1.264],[-61.1,1.982],[-60.828,1.818],[-60.691,0.972],[-60.036,0.563],[-59.878,0.07],[-60.282,-0.501],[-60.937,-1.184],[-60.664,-2.139],[-58.781,-2.63],[-57.826,-1.975],[-56.761,-2.002],[-56.188,-1.566],[-54.988,-1.593],[-53.296,-1.538],[-52.204,-0.829],[-51.522,0.208],[-50.567,0.945],[-50.894,2.091],[-51.467,3.647],[-51.753,4.047],[-52.003,4.352],[-52.002,4.386],[-52.325,4.771],[-52.321,4.825],[-52.995,5.448],[-53.921,5.768],[-53.99,5.676],[-54.085,5.412],[-54.046,5.609],[-54.054,5.808],[-54.67,5.961],[-55.354,5.942],[-55.91,5.893],[-56.236,5.885],[-56.97,5.993],[-57.19,6.097],[-57.344,6.272],[-58.173,6.829],[-58.415,6.851],[-58.583,6.844],[-58.511,7.398],[-58.701,7.607],[-59.596,8.273],[-59.74,8.339],[-59.837,8.374],[-60.063,8.559],[-60.691,8.504],[-61.036,8.493],[-61.527,8.546]]]},"properties":{"NAME":"GUIANA SHIELD","NAME_JA":"ギアナ高地","FEATURECLA":"Plateau","REGION":"South America","SUBREGION":null,"SCALERANK":3,"NE_ID":1159104047,"WIKIDATAID":"Q208807"}},
{"type":"Feature","geometry":{"type":"Polygon","coordinates":[[[-46.917,-18.108],[-46.099,-17.779],[-45.729,-15.609],[-45.094,-13.545],[-45.016,-11.994],[-44.988,-11.429],[-44.629,-10.675],[-44.272,-9.925],[-43.93,-9.206],[-42.025,-8.307],[-42.09,-8.118],[-42.458,-7.042],[-42.66,-6.455],[-44.459,-4.973],[-46.47,-3.967],[-46.683,-5.297],[-47.105,-7.936],[-47.581,-11.164],[-48.463,-12.469],[-48.751,-12.721],[-50.121,-13.916],[-50.686,-15.186],[-51.066,-15.474],[-52.006,-16.159],[-52.037,-16.129],[-53.349,-14.868],[-54.022,-14.474],[-54.884,-13.969],[-57.405,-14.302],[-57.8,-14.455],[-59.17,-15.874],[-58.27,-15.962],[-57.579,-16.03],[-56.994,-16.087],[-56.843,-16.102],[-55.917,-16.193],[-55.085,-16.613],[-55.03,-17.096],[-54.902,-18.206],[-54.903,-18.415],[-55.05,-18.834],[-55.572,-20.319],[-57.068,-20.038],[-57.155,-20.261],[-57.332,-20.711],[-57.635,-21.483],[-55.572,-21.8],[-54.249,-22.012],[-52.943,-21.042],[-50.703,-17.938],[-49.5,-17.77],[-48.798,-17.673],[-48.168,-18.019],[-47.546,-18.361],[-46.917,-18.108]]]},"properties":{"NAME":"PLANALTO CENTRAL","NAME_JA":"ブラジル高原","FEATURECLA":"Plateau","REGION":"South America","SUBREGION":null,"SCALERANK":3,"NE_ID":1159104049,"WIKIDATAID":"Q118899"}},
{"type":"Feature","geometry":{"type":"Polygon","coordinates":[[[41.319,9.542],[40.155,9.116],[40.009,9.367],[40.234,10.188],[40.274,10.704],[39.917,11.802],[39.903,12.529],[40.102,12.688],[40.157,13.4],[40.155,14.54],[39.85,14.885],[39.849,14.887],[39.427,15.307],[38.964,16.075],[38.594,17.437],[38.21,18.033],[37.718,17.841],[37.699,17.833],[37.456,17.067],[37.562,16.352],[37.945,15.916],[37.8,15.281],[37.694,14.262],[37.169,13.982],[37.144,13.972],[37.033,13.469],[36.239,13.283],[36.556,12.648],[36.014,12.344],[35.908,11.749],[35.591,11.365],[35.167,11.564],[34.956,11.22],[34.559,11.087],[34.122,10.333],[33.95,9.751],[34.202,8.984],[34.863,8.19],[34.85,7.687],[35.088,7.291],[34.837,6.92],[35.3,6.523],[35.286,5.928],[36.279,6.1],[36.579,5.572],[37.258,4.856],[37.688,4.917],[38.288,4.102],[38.379,4.235],[38.501,4.764],[38.834,4.815],[38.875,4.845],[39.096,5.055],[39.723,5.209],[39.767,5.227],[40.022,5.624],[40.922,5.781],[40.936,5.889],[40.935,6.814],[41.082,6.912],[41.318,7.313],[41.083,7.713],[41.005,7.835],[40.587,7.938],[40.585,7.948],[40.538,8.203],[41.306,8.721],[41.725,8.784],[42.324,8.852],[42.868,8.635],[42.991,8.621],[43.173,8.604],[43.237,8.719],[43.296,8.827],[43.37,9.013],[43.15,9.464],[42.828,9.753],[42.468,9.736],[42.367,9.724],[41.977,9.687],[41.444,9.583],[41.319,9.542]]]},"properties":{"NAME":"ETHIOPIAN HIGHLANDS","NAME_JA":"エチオピア高原","FEATURECLA":"Range/mtn","REGION":"Africa","SUBREGION":null,"SCALERANK":2,"NE_ID":1159104165,"WIKIDATAID":"Q319288"}},
{"type":"Feature","geometry":{"type":"Polygon","coordinates":[[[54.906,26.787],[55.403,26.941],[56.197,27.416],[56.54,28.006],[56.185,28.364],[54.449,28.905],[53.502,29.3],[51.122,31.93],[50.127,33.059],[49.222,33.816],[48.706,34.411],[46.948,35.868],[46.473,35.883],[46.119,35.363],[46.381,34.161],[46.883,33.35],[47.573,32.943],[48.553,32.491],[49.057,32.043],[49.946,30.599],[50.617,29.732],[51.195,29.151],[51.478,28.698],[52.79,27.473],[54.044,26.879],[54.906,26.787]]]},"properties":{"NAME":"ZAGROS MOUNTAINS","NAME_JA":"ザグロス山脈","FEATURECLA":"Range/mtn","REGION":"Asia","SUBREGION":null,"SCALERANK":2,"NE_ID":1159104167,"WIKIDATAID":"Q167021"}},
{"type":"Feature","geometry":{"type":"Polygon","coordinates":[[[98.26,44.064],[98.774,43.985],[100.329,44.039],[100.742,44.234],[100.751,44.554],[100.54,44.793],[99.891,45.091],[98.978,45.68],[97.045,46.182],[95.612,46.832],[94.913,46.912],[92.049,48.104],[90.955,49.086],[90.044,49.269],[89.653,49.628],[88.72,50.159],[88.571,50.244],[88.521,50.527],[88.493,50.691],[88.298,51.097],[87.754,51.564],[86.7,52.029],[85.725,52.109],[84.126,52.24],[83.338,52.305],[82.587,52.062],[82.081,51.414],[81.943,50.789],[82.104,50.52],[82.999,50.094],[83.391,49.784],[83.925,48.75],[84.334,48.305],[86.63,48.097],[88.4,47.558],[88.918,47.22],[89.615,46.398],[90.075,45.421],[90.656,44.88],[91.115,44.675],[91.925,44.629],[92.863,44.411],[94.875,44.369],[95.378,44.086],[96.266,43.368],[97.14,43.363],[97.464,43.621],[97.807,43.982],[98.26,44.064]]]},"properties":{"NAME":"ALTAY MOUNTAINS","NAME_JA":"アルタイ山脈","FEATURECLA":"Range/mtn","REGION":"Asia","SUBREGION":null,"SCALERANK":2,"NE_ID":1159104169,"WIKIDATAID":"Q5955"}},
{"type":"Feature","geometry":{"type":"Polygon","coordinates":[[[119.675,49.602],[118.211,46.668],[117.924,46.281],[117.383,43.305],[119.344,43.297],[119.591,43.643],[121.151,44.35],[121.403,44.538],[122.276,45.332],[122.778,45.908],[122.908,46.056],[123.267,46.561],[123.324,46.955],[122.867,47.777],[123.058,48.275],[123.871,48.795],[123.899,49.11],[123.538,49.688],[123.545,49.849],[124.413,50.864],[124.611,51.194],[125.058,51.942],[125.125,52.725],[124.751,53.147],[123.124,53.521],[122.186,53.515],[121.097,53.251],[120.542,52.857],[120.797,52.403],[120.656,51.927],[120.124,51.546],[120.002,50.732],[119.675,49.602]]]},"properties":{"NAME":"GREATER KHINGAN RANGE","NAME_JA":"大興安嶺山脈","FEATURECLA":"Range/mtn","REGION":"Asia","SUBREGION":null,"SCALERANK":2,"NE_ID":1159104171,"WIKIDATAID":"Q293713"}},
{"type":"Feature","geometry":{"type":"Polygon","coordinates":[[[129.784,56.77],[128.41,56.739],[127.2,57.243],[124.095,57.383],[123.102,56.707],[123.535,55.873],[124.069,55.332],[124.786,54.886],[126.146,54.899],[127.258,54.737],[128.764,54.883],[130.33,54.753],[131.245,54.314],[134.174,54.509],[134.993,54.837],[138.028,56.398],[138.099,56.686],[138.069,56.735],[137.399,57.153],[136.38,56.899],[134.561,56.85],[131.718,57.092],[130.575,56.787],[130.022,56.775],[129.784,56.77]]]},"properties":{"NAME":"STANOVOY RANGE","NAME_JA":"スタノヴォイ山脈","FEATURECLA":"Range/mtn","REGION":"Asia","SUBREGION":null,"SCALERANK":2,"NE_ID":1159104173,"WIKIDATAID":"Q214284"}},
{"type":"Feature","geometry":{"type":"Polygon","coordinates":[[[106.356,17.765],[105.797,18.403],[105.375,19.341],[105.467,19.885],[105.793,20.341],[106.136,20.542],[106.13,20.867],[105.505,21.292],[104.22,21.716],[103.665,21.581],[103.283,21.25],[102.969,20.71],[102.853,20.144],[102.533,19.526],[102.637,18.753],[102.979,18.367],[103.942,18.505],[105.381,16.836],[105.778,15.023],[106.191,14.371],[106.506,14.092],[106.715,12.916],[106.99,12.236],[106.983,11.334],[107.395,10.768],[108.095,10.897],[108.446,11.259],[109.04,11.593],[109.08,12.459],[109.31,13.219],[109.252,13.591],[108.805,15.029],[108.585,15.395],[107.18,16.898],[106.827,17.292],[106.826,17.293],[106.736,17.367],[106.371,17.747],[106.356,17.765]]]},"properties":{"NAME":"CHAÎNE ANNAMITIQUE","NAME_JA":"アンナン山脈","FEATURECLA":"Range/mtn","REGION":"Asia","SUBREGION":null,"SCALERANK":2,"NE_ID":1730073913,"WIKIDATAID":"Q842139"}},
{"type":"Feature","geometry":{"type":"Polygon","coordinates":[[[87.019,27.027],[80.407,29.493],[79.934,29.867],[79.305,29.959],[79.07,29.668],[79.072,29.663],[79.387,29.289],[79.768,29.144],[80.781,28.689],[81.411,28.406],[81.62,28.288],[82.099,27.861],[83.119,27.546],[83.584,27.486],[84.034,27.388],[84.447,27.26],[86.204,26.717],[87.343,26.365],[87.533,26.83],[87.019,27.027]]]},"properties":{"NAME":"Siwalik Hills","NAME_JA":"シワリク丘陵","FEATURECLA":"Range/mtn","REGION":"Asia","SUBREGION":null,"SCALERANK":2,"NE_ID":1159104179,"WIKIDATAID":"Q26813923"}},
{"type":"Feature","geometry":{"type":"Polygon","coordinates":[[[76.912,38.02],[76.868,38.347],[75.673,39.196],[74.904,39.465],[74.24,39.56],[72.244,39.506],[71.227,39.066],[71.205,37.645],[71.662,37.167],[72.107,37.105],[72.486,37.248],[72.794,37.364],[73.099,37.424],[74.355,37.518],[75.11,37.574],[75.986,37.788],[76.454,37.9],[76.912,38.02]]]},"properties":{"NAME":"PAMIRS","NAME_JA":"パミール高原","FEATURECLA":"Range/mtn","REGION":"Asia","SUBREGION":null,"SCALERANK":2,"NE_ID":1159104181,"WIKIDATAID":"Q161750"}},
{"type":"Feature","geometry":{"type":"Polygon","coordinates":[[[74.749,37.459],[74.355,37.518],[73.099,37.424],[72.794,37.364],[72.486,37.248],[72.107,37.105],[71.662,37.167],[71.067,37.412],[67.373,36.587],[66.709,35.878],[66.675,35.466],[67.019,34.646],[69.676,34.312],[71.268,34.278],[71.462,34.341],[71.771,34.563],[71.951,34.609],[72.682,34.43],[73.486,34.145],[73.556,34.13],[73.739,34.146],[73.813,34.152],[73.913,34.155],[73.967,34.149],[74.406,34.104],[75.133,34.583],[75.641,35.274],[75.692,36.226],[75.484,36.631],[75.17,37],[74.749,37.459]]]},"properties":{"NAME":"HINDU KUSH","NAME_JA":"ヒンドゥークシュ山脈","FEATURECLA":"Range/mtn","REGION":"Asia","SUBREGION":null,"SCALERANK":2,"NE_ID":1159104183,"WIKIDATAID":"Q5472"}},
{"type":"Feature","geometry":{"type":"Polygon","coordinates":[[[78.224,33.397],[78.897,33.336],[79.825,34.178],[79.621,35.059],[79.274,35.669],[78.972,35.916],[78.261,36.191],[77.809,36.484],[76.973,37.482],[76.454,37.9],[75.986,37.788],[74.961,37.361],[75.17,37],[75.484,36.631],[75.69,36.302],[75.748,35.81],[76.386,34.704],[77.076,34.312],[78.029,33.523],[78.224,33.397]]]},"properties":{"NAME":"KARAKORAM RA.","NAME_JA":"カラコルム山脈","FEATURECLA":"Range/mtn","REGION":"Asia","SUBREGION":null,"SCALERANK":2,"NE_ID":1159104185,"WIKIDATAID":"Q5469"}},
{"type":"Feature","geometry":{"type":"Polygon","coordinates":[[[87.587,37.505],[86.043,37.711],[85.708,37.595],[83.671,36.888],[83.402,36.817],[82.135,36.68],[81.162,36.414],[80.843,36.506],[80.674,36.561],[80.523,36.63],[79.741,36.987],[78.575,37.165],[78.042,36.955],[77.98,36.599],[78.261,36.191],[78.972,35.916],[80.554,35.226],[81.385,35.166],[82.291,35.354],[86.739,35.488],[87.336,35.688],[97.593,35.36],[98.909,35.097],[99.419,35.222],[99.455,35.634],[99.189,36.126],[98.497,36.253],[98.138,36.058],[98.018,36.02],[97.985,36.01],[97.788,35.989],[97.583,35.966],[95.927,36.397],[95.426,36.371],[95.146,36.301],[94.995,36.323],[94.663,36.372],[94.187,36.443],[92.86,36.682],[92.709,36.746],[91.531,37.462],[91.199,37.554],[89.513,37.531],[89.219,37.527],[87.587,37.505]]]},"properties":{"NAME":"KUNLUN MOUNTAINS","NAME_JA":"崑崙山脈","FEATURECLA":"Range/mtn","REGION":"Asia","SUBREGION":null,"SCALERANK":2,"NE_ID":1159104187,"WIKIDATAID":"Q187871"}},
{"type":"Feature","geometry":{"type":"Polygon","coordinates":[[[8.833,34.114],[9.992,34.159],[9.966,35.879],[10.469,36.329],[10.412,36.732],[10.189,37.034],[10.18,37.124],[10.099,37.224],[10.017,37.252],[9.876,37.254],[9.816,37.255],[9.734,37.298],[9.131,37.137],[8.98,37.092],[8.824,36.998],[8.577,36.937],[8.007,36.876],[7.91,36.856],[7.792,36.88],[7.532,37.021],[7.238,37.041],[7.238,36.969],[6.576,37.003],[6.432,37.034],[6.249,36.938],[5.425,36.675],[5.295,36.648],[5.196,36.677],[4.876,36.861],[4.874,36.861],[4.758,36.896],[3.779,36.896],[3.521,36.795],[3.153,36.77],[2.755,36.686],[2.593,36.601],[1.257,36.52],[0.972,36.444],[0.791,36.357],[0.048,35.901],[-0.048,35.833],[-0.189,35.819],[-0.426,35.862],[-0.917,35.668],[-1.088,35.579],[-1.336,35.364],[-1.674,35.183],[-1.913,35.094],[-2.018,35.085],[-2.22,35.104],[-2.424,35.123],[-2.637,35.113],[-2.84,35.128],[-2.87,35.173],[-2.938,35.293],[-2.966,35.328],[-3.063,35.317],[-3.206,35.239],[-3.395,35.212],[-3.591,35.228],[-3.788,35.245],[-4.33,35.161],[-4.837,35.281],[-5.129,35.464],[-5.253,35.615],[-5.338,35.745],[-5.522,35.862],[-5.623,35.829],[-5.748,35.816],[-5.882,35.793],[-5.882,35.773],[-5.882,35.769],[-5.949,34.939],[-5.635,34.457],[-5.748,34.341],[-6.28,34.093],[-6.809,34.04],[-7.179,33.603],[-7.272,33.101],[-8.912,32.347],[-9.468,31.936],[-9.833,31.07],[-9.832,30.847],[-9.863,30.744],[-9.627,30.534],[-8.793,30.759],[-8.568,30.693],[-10.27,29.304],[-10.486,29.065],[-10.893,28.815],[-10.989,28.55],[-10.539,28.312],[-10.063,28.338],[-8.502,28.788],[-7.629,29.132],[-7.232,29.529],[-6.465,29.952],[-5.72,30.082],[-5.429,30.133],[-5.398,30.148],[-5.323,30.239],[-4.815,30.655],[-4.543,30.828],[-3.797,31.174],[-3.524,31.21],[-2.258,31.447],[-0.909,32.003],[-0.487,32.403],[0.685,32.995],[1.129,33.14],[2.055,33.656],[2.748,33.852],[3.722,34.265],[5.256,34.794],[6.526,34.926],[7.042,34.847],[8.114,34.287],[8.833,34.114]]]},"properties":{"NAME":"ATLAS MOUNTAINS","NAME_JA":"アトラス山脈","FEATURECLA":"Range/mtn","REGION":"Africa","SUBREGION":null,"SCALERANK":2,"NE_ID":1159104189,"WIKIDATAID":"Q130135"}},
{"type":"Feature","geometry":{"type":"Polygon","coordinates":[[[-65.313,48.017],[-64.975,48.169],[-64.963,48.176],[-64.633,48.36],[-64.254,48.55],[-64.246,48.691],[-64.371,48.839],[-64.209,48.806],[-64.216,48.874],[-64.338,48.957],[-64.507,49.068],[-64.563,49.102],[-64.639,49.128],[-64.836,49.192],[-65.237,49.242],[-65.349,49.251],[-65.883,49.226],[-66.32,49.176],[-66.457,49.148],[-67.117,48.964],[-67.369,48.903],[-67.929,48.716],[-68.377,48.552],[-68.476,48.511],[-68.552,48.457],[-68.816,48.366],[-69.306,48.047],[-69.802,47.623],[-70.07,47.378],[-70.388,47.117],[-71.092,46.537],[-72.461,45.662],[-73.259,45.302],[-73.61,45.138],[-73.457,45.121],[-73.297,44.885],[-73.431,43.411],[-73.705,42.795],[-74.855,43.062],[-75.003,43.037],[-75.442,43.245],[-76.111,43.254],[-76.301,43.232],[-76.517,43.478],[-76.806,43.632],[-78.664,43.637],[-79.182,43.468],[-79.088,42.778],[-80.191,42.354],[-80.112,41.805],[-79.532,40.793],[-79.985,40.458],[-80.6,40.319],[-80.881,39.621],[-82.013,39.018],[-82.215,38.593],[-82.569,38.404],[-82.828,38.584],[-84.084,38.779],[-84.364,39.048],[-85.185,38.689],[-85.892,38.203],[-87.087,37.807],[-87.448,37.943],[-88.133,37.701],[-88.452,37.2],[-88.489,37.126],[-88.24,36.954],[-87.99,36.303],[-87.989,35.782],[-88.258,35.259],[-88.267,34.671],[-88.541,33.97],[-88.175,32.87],[-87.923,32.635],[-86.881,32.651],[-86.748,32.783],[-86.561,32.946],[-86.56,32.915],[-85.886,33.003],[-84.902,33.508],[-83.891,33.88],[-82.642,34.598],[-80.328,35.981],[-79.238,36.939],[-77.885,38.477],[-77.323,39.226],[-76.189,40.085],[-75.329,40.201],[-75.045,40.472],[-74.292,40.759],[-73.918,41.136],[-73.882,41.171],[-73.113,41.356],[-72.505,41.631],[-71.605,42.202],[-71.155,43.181],[-70.403,43.906],[-69.447,44.939],[-69.277,45.324],[-68.642,45.959],[-67.954,46.039],[-66.816,46.356],[-65.97,47.097],[-65.646,47.632],[-66.21,47.989],[-66.449,48.12],[-66.249,48.117],[-66.013,48.147],[-65.755,48.112],[-65.476,48.031],[-65.36,48.011],[-65.313,48.017]]]},"properties":{"NAME":"APPALACHIAN MTS.","NAME_JA":"アパラチア山脈","FEATURECLA":"Range/mtn","REGION":"North America","SUBREGION":null,"SCALERANK":2,"NE_ID":1159104191,"WIKIDATAID":"Q93332"}},
{"type":"Feature","geometry":{"type":"Polygon","coordinates":[[[-146.665,67.195],[-145.575,67.4],[-144.286,67.629],[-142.99,67.655],[-141.905,67.999],[-141.005,68.063],[-138.518,68.29],[-137.698,68.555],[-137.26,68.964],[-139.182,69.516],[-141.081,69.659],[-143.218,70.116],[-145.197,70.009],[-145.823,70.16],[-147.063,70.17],[-148.371,70.315],[-148.479,70.318],[-150.403,70.444],[-150.544,70.49],[-150.979,70.465],[-151.225,70.419],[-151.945,70.452],[-152.173,70.557],[-152.437,70.733],[-152.785,70.876],[-154.195,70.801],[-154.599,70.848],[-155.579,71.121],[-155.811,71.188],[-156.567,71.342],[-158.621,70.799],[-159.34,70.781],[-159.962,70.634],[-160.117,70.591],[-160.648,70.421],[-162.042,70.177],[-162.35,70.094],[-163.161,69.388],[-164.302,68.936],[-166.209,68.885],[-166.381,68.425],[-164.125,67.607],[-163.721,67.196],[-161.879,66.804],[-158.611,67.204],[-157.071,66.912],[-155.341,66.775],[-154.513,66.959],[-152.859,66.861],[-148.705,67.285],[-146.665,67.195]]]},"properties":{"NAME":"BROOKS RANGE","NAME_JA":"ブルックス山脈","FEATURECLA":"Range/mtn","REGION":"North America","SUBREGION":null,"SCALERANK":2,"NE_ID":1159104193,"WIKIDATAID":"Q929910"}},
{"type":"Feature","geometry":{"type":"Polygon","coordinates":[[[-126.229,52.776],[-127.141,53.606],[-127.697,54.982],[-127.802,55.405],[-129.205,55.802],[-129.708,56.649],[-130.634,57.522],[-131.798,58.157],[-133.306,59.083],[-134.211,59.931],[-134.487,60.553],[-134.496,60.558],[-135.168,60.854],[-136.402,60.802],[-136.825,60.406],[-136.206,59.639],[-135.413,59.318],[-135.217,59.077],[-134.986,58.766],[-134.965,58.742],[-134.485,58.367],[-134.131,58.279],[-134.045,58.289],[-133.626,57.857],[-133.535,57.833],[-133.515,57.775],[-133.342,57.631],[-132.913,57.047],[-132.814,57.041],[-132.487,56.766],[-132.358,56.626],[-132.337,56.603],[-131.551,56.207],[-131.844,56.16],[-131.288,56.012],[-130.919,55.736],[-130.88,55.612],[-130.873,55.551],[-130.748,55.318],[-130.75,55.297],[-130.729,55.125],[-130.204,54.947],[-130.141,54.823],[-129.898,54.226],[-129.791,54.166],[-129.939,53.831],[-129.24,53.479],[-129.172,53.534],[-128.869,53.328],[-128.525,53.141],[-128.452,52.877],[-128.106,52.907],[-128.197,52.623],[-128.038,52.531],[-128.021,52.491],[-127.792,52.289],[-127.673,52.253],[-127.443,51.679],[-127.42,51.608],[-127.358,51.061],[-126.517,51.057],[-125.556,50.635],[-125.539,50.649],[-125.059,50.514],[-125.057,50.419],[-124.986,50.356],[-124.933,50.298],[-124.059,49.854],[-123.613,49.658],[-123.337,49.545],[-123.223,49.59],[-123.016,49.322],[-123.067,49.292],[-123.08,49.131],[-123.079,49.13],[-122.76,49.221],[-122.398,49.154],[-121.843,49.21],[-121.436,49.471],[-121.588,50.242],[-121.942,50.709],[-123.246,51.265],[-123.62,51.409],[-124.31,51.527],[-124.839,51.754],[-126.229,52.776]]]},"properties":{"NAME":"COAST MOUNTAINS","NAME_JA":"コースト山脈","FEATURECLA":"Range/mtn","REGION":"North America","SUBREGION":null,"SCALERANK":2,"NE_ID":1159104197,"WIKIDATAID":"Q920070"}},
{"type":"Feature","geometry":{"type":"Polygon","coordinates":[[[-119.378,50.347],[-119.011,50.861],[-119.29,50.976],[-119.938,50.661],[-121.08,50.789],[-121.588,50.242],[-121.436,49.471],[-121.843,49.21],[-122.398,49.154],[-122.76,49.221],[-123.079,49.13],[-122.963,49.075],[-122.722,48.853],[-122.599,48.767],[-122.513,48.669],[-122.035,47.864],[-122.273,47.071],[-122.758,46.662],[-122.641,45.725],[-122.458,45.192],[-123.039,44.18],[-122.59,43.261],[-122.321,41.245],[-121.77,40.112],[-121.559,40.271],[-121.082,40.403],[-120.95,40.588],[-121.279,41.044],[-121.347,41.753],[-121.77,42.626],[-121.434,44.389],[-121.316,44.981],[-121.082,45.589],[-120.712,46.621],[-120.606,47.044],[-120.217,47.597],[-119.984,47.834],[-119.779,48.08],[-119.715,48.337],[-119.698,49.633],[-119.689,49.736],[-119.378,50.347]]]},"properties":{"NAME":"CASCADE RANGE","NAME_JA":"カスケード山脈","FEATURECLA":"Range/mtn","REGION":"North America","SUBREGION":null,"SCALERANK":2,"NE_ID":1159104199,"WIKIDATAID":"Q4558"}},
{"type":"Feature","geometry":{"type":"Polygon","coordinates":[[[-142.578,63.239],[-143.633,63.419],[-145.063,64.074],[-146.861,64.327],[-147.303,64.216],[-149.155,64.348],[-150.334,64.058],[-151.64,63.366],[-154.446,62.416],[-154.584,61.205],[-153.176,61.173],[-152.25,61.305],[-151.734,60.911],[-151.065,61.146],[-150.156,61.863],[-150.087,62.587],[-149.604,62.866],[-148.096,62.84],[-145.38,62.269],[-144.474,62.661],[-143.654,62.71],[-142.578,63.239]]]},"properties":{"NAME":"ALASKA RANGE","NAME_JA":"アラスカ山脈","FEATURECLA":"Range/mtn","REGION":"North America","SUBREGION":null,"SCALERANK":2,"NE_ID":1159104201,"WIKIDATAID":"Q156684"}},
{"type":"Feature","geometry":{"type":"Polygon","coordinates":[[[-40.1,-2.868],[-40.303,-2.808],[-41.318,-2.936],[-41.48,-2.917],[-41.64,-2.879],[-41.876,-2.747],[-42,-2.806],[-42.25,-2.792],[-42.832,-2.53],[-43.107,-2.436],[-43.228,-2.423],[-43.455,-2.502],[-43.864,-2.595],[-44.101,-2.56],[-44.179,-2.471],[-44.438,-2.944],[-44.623,-3.138],[-44.382,-2.366],[-44.579,-2.23],[-44.617,-2.152],[-44.952,-1.61],[-45.239,-1.629],[-45.353,-1.567],[-45.443,-1.388],[-46.239,-1.204],[-46.417,-1.163],[-47.802,-1.696],[-48.481,-1.957],[-48.481,-3.915],[-49.288,-5.219],[-49.078,-5.403],[-48.692,-5.82],[-48.375,-6.508],[-49.063,-8.889],[-49.35,-11.585],[-50.756,-14.763],[-51.129,-15.173],[-51.603,-15.694],[-52.037,-16.129],[-52.23,-16.305],[-52.979,-16.985],[-53.99,-18],[-54.884,-18.149],[-54.902,-18.206],[-54.94,-18.326],[-55.194,-19.128],[-55.572,-20.319],[-57.068,-20.038],[-57.17,-20.019],[-57.741,-21.112],[-57.726,-21.367],[-57.635,-22.859],[-57.511,-23.45],[-57.229,-24.79],[-57.343,-25.689],[-57.172,-27.083],[-56.599,-27.559],[-56.352,-27.765],[-56.207,-27.886],[-55.178,-29.367],[-53.942,-29.524],[-52.433,-29.709],[-50.111,-29.982],[-50.033,-29.801],[-49.746,-29.363],[-48.797,-28.443],[-48.616,-26.878],[-48.545,-25.816],[-48.186,-25.31],[-47.908,-25.068],[-47.959,-25.065],[-47.914,-25],[-47.592,-24.781],[-46.867,-24.236],[-45.843,-23.764],[-45.429,-23.582],[-44.952,-23.381],[-44.621,-23.229],[-44.674,-23.207],[-44.368,-23.005],[-43.866,-22.911],[-43.018,-22.606],[-42.043,-22.277],[-41.345,-21.36],[-41.102,-21.168],[-40.631,-20.795],[-40.314,-20.301],[-40.318,-19.908],[-40.332,-18.784],[-40.49,-17.673],[-39.538,-16.826],[-39.063,-16.504],[-39.013,-14.936],[-38.942,-14.031],[-39.089,-13.588],[-38.835,-13.147],[-38.499,-12.957],[-38.208,-12.732],[-38.003,-12.54],[-37.433,-11.555],[-37.412,-11.497],[-37.438,-11.394],[-37.355,-11.35],[-37.183,-11.068],[-36.938,-10.82],[-36.768,-10.672],[-35.933,-9.864],[-35.891,-9.687],[-35.83,-9.719],[-35.645,-9.461],[-35.044,-8.619],[-34.926,-8.238],[-34.887,-7.188],[-35.095,-6.185],[-35.269,-5.668],[-35.621,-5.231],[-36.591,-5.098],[-36.747,-5.051],[-36.853,-4.992],[-37.515,-4.642],[-37.626,-4.592],[-38.686,-3.654],[-39.147,-3.363],[-39.822,-3.013],[-40.095,-2.871],[-40.1,-2.868]]]},"properties":{"NAME":"BRAZILIAN HIGHLANDS","NAME_JA":"ブラジル高原","FEATURECLA":"Plateau","REGION":"South America","SUBREGION":null,"SCALERANK":2,"NE_ID":1159104225,"WIKIDATAID":"Q118899"}},
{"type":"Feature","geometry":{"type":"Polygon","coordinates":[[[115.852,59.85],[118.161,59.739],[121.399,60.661],[123.205,60.587],[129.487,61.542],[130.059,62.39],[129.422,63.555],[128.549,64.041],[126.784,64.261],[124.892,65.086],[124.353,65.422],[123.768,66.149],[123.519,66.769],[123.474,67.77],[124.355,69.11],[125.76,70.165],[124.485,70.774],[122.183,71.412],[90.019,70.054],[88.971,69.667],[88.367,68.636],[88.415,66.703],[89.63,63.457],[93.286,58.879],[98.652,58.514],[101.636,59.09],[103.76,58.925],[106.011,58.345],[108.396,58.12],[110.977,58.455],[112.823,58.989],[113.653,59.416],[114.393,59.921],[115.014,59.891],[115.852,59.85]]]},"properties":{"NAME":"CENTRAL SIBERIAN PLATEAU","NAME_JA":"中央シベリア高原","FEATURECLA":"Plateau","REGION":"Asia","SUBREGION":null,"SCALERANK":2,"NE_ID":1159104227,"WIKIDATAID":"Q155197"}},
{"type":"Feature","geometry":{"type":"Polygon","coordinates":[[[108.959,50.529],[108.756,50.617],[107.471,50.566],[106.52,50.196],[106.333,49.902],[105.974,49.334],[105.597,49.337],[104.837,48.74],[104.466,48.61],[103.606,48.819],[103.021,48.641],[101.792,47.749],[101.625,47.401],[102.243,46.353],[101.985,45.659],[101.009,45.2],[100.54,44.793],[99.912,44.474],[99.742,44.333],[98.26,44.064],[97.807,43.982],[97.464,43.621],[97.408,43.063],[99.031,42.363],[102.885,41.962],[103.291,41.849],[105.474,41.989],[106.564,42.326],[107.683,42.404],[111.322,42.002],[113.803,42.648],[114.941,43.33],[115.184,44.105],[115.071,44.925],[115.164,45.309],[114.976,47.188],[114.741,47.756],[114.536,48.765],[112.907,49.451],[112.31,49.726],[111.106,49.825],[110.645,49.735],[110.603,49.738],[108.959,50.529]]]},"properties":{"NAME":"MONGOLIAN PLATEAU","NAME_JA":"モンゴル高原","FEATURECLA":"Plateau","REGION":"Asia","SUBREGION":null,"SCALERANK":2,"NE_ID":1159104229,"WIKIDATAID":"Q560198"}},
{"type":"Feature","geometry":{"type":"Polygon","coordinates":[[[79.939,17.27],[80.445,17.79],[80.651,18.347],[81.234,19.053],[81.118,19.754],[80.321,19.844],[79.26,19.796],[76.544,19.95],[75.976,20.113],[75.37,20.06],[74.4,19.043],[74.209,18.318],[74.442,17.587],[75.041,16.504],[75.079,15.969],[75.349,15.4],[75.54,14.424],[76.074,13.852],[76.143,13.004],[76.458,12.722],[77.472,12.463],[78.269,12.982],[78.185,13.748],[78.485,14.772],[78.379,15.201],[78.546,15.924],[79.799,17.134],[79.939,17.27]]]},"properties":{"NAME":"DECCAN PLATEAU","NAME_JA":"デカン高原","FEATURECLA":"Plateau","REGION":"Asia","SUBREGION":null,"SCALERANK":2,"NE_ID":1159104233,"WIKIDATAID":"Q169966"}},
{"type":"Feature","geometry":{"type":"Polygon","coordinates":[[[-49.063,-8.889],[-48.375,-6.508],[-49.078,-5.403],[-49.288,-5.219],[-51.391,-3.703],[-53.19,-3.28],[-54.302,-3.28],[-56.524,-3.544],[-58.694,-4.602],[-59.964,-5.608],[-61.022,-6.508],[-61.551,-8.254],[-62.504,-9.312],[-63.403,-9.048],[-64.885,-9.735],[-65.149,-10.688],[-64.091,-12.117],[-62.821,-13.175],[-63.244,-14.075],[-63.35,-15.874],[-62.08,-17.25],[-61.177,-17.771],[-60.876,-17.944],[-58.266,-18.991],[-57.953,-18.678],[-57.882,-17.902],[-58.008,-17.725],[-58.535,-16.985],[-58.431,-16.209],[-58.27,-15.962],[-57.953,-15.503],[-57.424,-15.539],[-57.579,-16.03],[-57.565,-16.562],[-56.994,-16.087],[-56.418,-15.609],[-55.806,-16.083],[-55.577,-16.247],[-54.989,-16.668],[-54.884,-18.149],[-53.996,-17.992],[-52.873,-16.72],[-52.23,-16.305],[-52.006,-16.159],[-51.603,-15.694],[-51.122,-15.157],[-50.756,-14.763],[-49.35,-11.585],[-49.063,-8.889]]]},"properties":{"NAME":"PLANALTO DO MATO GROSSO","NAME_JA":"プラナウト・ド・マト・グロッソ","FEATURECLA":"Plateau","REGION":"South America","SUBREGION":null,"SCALERANK":2,"NE_ID":1159104235,"WIKIDATAID":"Q1908889"}},
{"type":"Feature","geometry":{"type":"Polygon","coordinates":[[[150.192,-26.21],[150.554,-26.231],[150.897,-26.349],[151.393,-26.663],[151.646,-27.297],[151.573,-28.459],[151.303,-29.275],[151.022,-29.58],[150.424,-29.885],[149.75,-30.416],[149.009,-31.325],[149.208,-32.853],[149.086,-33.372],[148.672,-34.307],[148.338,-34.938],[148.177,-35.18],[147.995,-35.395],[147.792,-35.588],[146.937,-36.206],[146.217,-36.658],[145.471,-36.897],[144.229,-36.956],[143.811,-37.206],[143.96,-37.532],[145.723,-37.87],[146.164,-38.009],[147.046,-38.005],[148.461,-37.523],[149.033,-37.409],[149.674,-36.957],[149.772,-36.255],[150.646,-34.555],[151.007,-33.601],[152.103,-32.367],[152.743,-30.998],[152.962,-30.083],[153.273,-29.315],[153.275,-28.448],[152.849,-27.059],[152.747,-26.305],[152.555,-25.862],[150.793,-23.702],[149.98,-23.008],[149.575,-22.523],[149.057,-21.208],[148.429,-20.472],[147.726,-19.862],[146.635,-19.238],[146.067,-18.683],[145.89,-18.097],[145.829,-17.319],[145.614,-16.796],[144.879,-15.396],[144.043,-14.795],[143.805,-14.51],[143.476,-13.879],[143.174,-12.893],[142.69,-12.913],[143.065,-14.84],[143.264,-15.496],[143.614,-17.533],[143.689,-18.62],[143.893,-19.265],[143.93,-19.982],[144.08,-20.602],[144.49,-21.531],[145.487,-23.404],[146.135,-24.278],[147.11,-24.983],[148.258,-25.949],[149.825,-26.165],[150.192,-26.21]]]},"properties":{"NAME":"GREAT DIVIDING RANGE","NAME_JA":"グレートディヴァイディング山脈","FEATURECLA":"Range/mtn","REGION":"Oceania","SUBREGION":"Australasia","SCALERANK":1,"NE_ID":1159104295,"WIKIDATAID":"Q192583"}},
{"type":"Feature","geometry":{"type":"Polygon","coordinates":[[[7.529,44.236],[7.412,44.905],[7.654,45.419],[8.315,45.807],[9.322,45.915],[11.086,45.561],[11.603,45.864],[13.4,46.342],[14.053,46.415],[14.808,46.306],[15.315,46.432],[15.326,47.128],[15.901,47.467],[16.183,47.961],[15.826,48.155],[15.115,48.09],[11.118,47.968],[9.078,47.584],[8.011,47.268],[6.87,46.68],[5.79,45.794],[5.388,45.316],[5.173,44.308],[5.724,43.764],[6.261,43.668],[7.297,43.906],[7.529,44.236]]]},"properties":{"NAME":"ALPS","NAME_JA":"アルプス山脈","FEATURECLA":"Range/mtn","REGION":"Europe","SUBREGION":null,"SCALERANK":1,"NE_ID":1159104297,"WIKIDATAID":"Q1286"}},
{"type":"Feature","geometry":{"type":"MultiPolygon","coordinates":[[[[74.734,42.683],[74.392,42.705],[74.599,42.691],[74.734,42.683]]],[[[74.392,42.705],[73.508,42.767],[73.124,42.423],[73.354,41.795],[73.057,39.754],[74.853,39.66],[77.175,39.886],[82.166,41.663],[84.488,41.997],[86.599,41.713],[87.28,41.849],[88.358,42.51],[88.859,42.952],[89.65,42.672],[90.529,42.815],[90.957,43.159],[92.726,43.141],[93.952,42.546],[94.899,42.737],[95.168,43.063],[95.18,43.695],[94.929,43.895],[92.108,44.175],[90.297,43.878],[87.991,43.905],[86.703,44.139],[85.676,44.061],[84.392,43.963],[83.58,43.599],[83.413,43.555],[76.323,43.213],[75.416,42.718],[74.734,42.683],[74.599,42.691],[74.392,42.705]]]]},"properties":{"NAME":"TIAN SHAN","NAME_JA":"天山山脈","FEATURECLA":"Range/mtn","REGION":"Asia","SUBREGION":null,"SCALERANK":1,"NE_ID":1159104299,"WIKIDATAID":"Q5474"}},
{"type":"Feature","geometry":{"type":"Polygon","coordinates":[[[58.258,61.394],[57.743,59.97],[57.604,57.598],[57.13,55.241],[56.407,53.788],[56.22,53.103],[56.434,52.04],[57.018,51.607],[57.755,51.7],[58.36,52.367],[58.525,53.579],[58.727,53.994],[59.331,54.515],[59.391,54.567],[60.06,55.295],[60.413,56.161],[59.88,58.014],[59.519,59.815],[59.792,60.755],[60.004,63.529],[60.41,64.552],[61.956,65.075],[62.212,65.422],[63.207,65.802],[64.916,66.697],[66.242,66.956],[66.848,67.358],[66.89,67.982],[66.306,68.353],[66.263,68.355],[65.983,68.323],[65.867,68.289],[65.695,68.237],[65.655,68.212],[65.53,67.863],[65.345,67.584],[65.169,67.549],[64.755,67.414],[64.334,66.99],[62.249,65.925],[60.117,65.624],[59.425,65.356],[58.624,64.108],[58.573,63.79],[58.573,63.789],[58.607,63.05],[58.483,61.956],[58.258,61.394]]]},"properties":{"NAME":"URAL MOUNTAINS","NAME_JA":"ウラル山脈","FEATURECLA":"Range/mtn","REGION":"Europe","SUBREGION":null,"SCALERANK":1,"NE_ID":1159104301,"WIKIDATAID":"Q35600"}},
{"type":"Feature","geometry":{"type":"Polygon","coordinates":[[[39.326,45.057],[38.447,45.024],[38.131,44.993],[37.837,44.997],[37.391,45.098],[37.221,45.043],[37.207,45.018],[37.284,44.905],[37.851,44.699],[38.783,44.272],[39.842,43.496],[41.419,42.738],[41.489,42.659],[41.731,42.471],[42.971,42.264],[43.989,42.261],[45.028,41.986],[45.621,41.676],[46.495,41.561],[48.599,40.517],[49.248,40.371],[49.463,40.554],[49.462,40.558],[49.226,41.026],[49.175,41.116],[48.477,41.905],[48.303,42.08],[47.262,42.629],[47.223,42.803],[47.219,42.873],[47.068,43.189],[46.696,43.27],[46.1,43.425],[45.304,43.276],[44.949,43.39],[44.397,43.751],[43.898,43.902],[43.422,43.991],[42.606,44.084],[41.563,44.474],[40.656,44.949],[40.173,45.028],[39.752,45.046],[39.326,45.057]]]},"properties":{"NAME":"CAUCASUS MTS.","NAME_JA":"コーカサス山脈","FEATURECLA":"Range/mtn","REGION":"Europe","SUBREGION":null,"SCALERANK":1,"NE_ID":1159104305,"WIKIDATAID":"Q5477"}},
{"type":"Feature","geometry":{"type":"Polygon","coordinates":[[[94.777,29.426],[93.202,28.907],[92.473,29.103],[88.058,29.32],[87.394,29.134],[84.908,29.179],[84.521,29.319],[78.224,33.397],[78.029,33.523],[77.376,33.912],[77,33.866],[76.382,33.791],[75.595,33.049],[75.554,32.681],[75.949,32.226],[77.314,31.126],[79.305,29.959],[82,28.379],[82.487,28.015],[83.297,27.952],[83.859,27.701],[84.666,27.573],[85.337,27.297],[87.019,27.027],[87.781,26.904],[88.251,26.988],[88.653,27.137],[89.198,27.028],[89.59,26.904],[89.645,26.903],[91.682,26.86],[93.83,27.124],[94.347,27.343],[94.909,27.802],[95.327,28.144],[95.31,28.175],[95.255,28.475],[94.791,28.922],[94.959,29.194],[95.656,29.564],[95.643,29.595],[95.164,29.728],[94.777,29.426]]]},"properties":{"NAME":"HIMALAYAS","NAME_JA":"ヒマラヤ山脈","FEATURECLA":"Range/mtn","REGION":"Asia","SUBREGION":null,"SCALERANK":1,"NE_ID":1159104307,"WIKIDATAID":"Q5451"}},
{"type":"Feature","geometry":{"type":"MultiPolygon","coordinates":[[[[-68.336,10.736],[-68.469,11.209],[-68.928,11.379],[-69.269,11.394],[-69.93,11.354],[-70.547,11.167],[-71.499,10.743],[-71.518,10.622],[-71.053,9.706],[-71.298,9.126],[-71.687,9.073],[-72.113,9.816],[-71.665,10.444],[-71.69,10.835],[-72.051,11.07],[-72.214,11.167],[-72.659,11.294],[-73.871,11.265],[-74.1,11.305],[-74.092,11.253],[-73.95,10.26],[-73.616,9.262],[-74.392,8.732],[-75.255,7.757],[-75.518,7.681],[-75.943,8.123],[-75.946,8.127],[-76.359,8.71],[-76.791,8.556],[-76.772,8.311],[-76.742,8.002],[-76.686,5.571],[-77.212,3.867],[-77.52,3.16],[-77.559,3.076],[-77.67,2.879],[-78.326,1.377],[-80.231,-0.316],[-80.282,-0.621],[-80.601,-1.851],[-80.566,-2.415],[-80.379,-2.668],[-79.73,-2.579],[-80.027,-3.228],[-79.966,-3.403],[-80.231,-4.602],[-80.019,-5.872],[-79.164,-8.047],[-78.762,-8.617],[-78.446,-9.371],[-78.364,-9.629],[-77.428,-11.443],[-77.22,-11.663],[-76.832,-12.349],[-76.184,-13.515],[-76.259,-13.803],[-76.175,-14.227],[-76.136,-14.32],[-75.967,-14.571],[-73.986,-16.033],[-72.794,-16.615],[-72.269,-16.876],[-71.967,-17.064],[-71.532,-17.294],[-71.399,-17.422],[-70.78,-18.01],[-70.358,-18.4],[-70.297,-18.76],[-70.292,-18.847],[-70.21,-19.487],[-70.157,-19.706],[-70.147,-20.23],[-70.194,-20.531],[-70.088,-21.253],[-70.088,-21.493],[-70.332,-22.849],[-70.45,-23.034],[-70.549,-23.054],[-70.553,-23.066],[-70.588,-23.368],[-70.512,-23.483],[-70.41,-23.656],[-70.507,-24.13],[-70.541,-24.38],[-70.515,-24.876],[-70.445,-25.173],[-70.452,-25.252],[-70.488,-25.405],[-70.46,-25.957],[-70.833,-27.303],[-71.385,-29.292],[-71.353,-29.35],[-71.327,-29.443],[-71.348,-29.933],[-71.669,-30.33],[-71.654,-30.987],[-71.577,-31.496],[-71.421,-32.387],[-71.592,-32.97],[-71.65,-33.086],[-71.636,-33.519],[-71.447,-34.765],[-71.528,-35.32],[-71.746,-36.794],[-71.944,-38.073],[-72.664,-40.745],[-72.662,-41.47],[-72.601,-41.684],[-72.486,-41.722],[-72.66,-41.742],[-72.624,-42.011],[-72.631,-42.2],[-72.632,-42.51],[-72.655,-42.517],[-72.766,-42.908],[-72.758,-43.039],[-73.07,-43.947],[-73.074,-43.96],[-73.141,-44.237],[-72.664,-44.436],[-72.739,-44.734],[-73.256,-44.961],[-73.226,-45.255],[-73.379,-45.383],[-73.592,-45.899],[-73.708,-46.07],[-74.209,-46.885],[-74.216,-47.21],[-74.351,-47.461],[-74.352,-47.467],[-74.324,-47.531],[-74.323,-47.667],[-74.376,-47.83],[-74.25,-48.045],[-74.343,-48.493],[-74.334,-49.975],[-74.306,-50.398],[-74.19,-50.778],[-73.94,-51.266],[-73.896,-51.331],[-73.811,-51.801],[-73.703,-52.199],[-73.586,-52.686],[-73.053,-53.243],[-71.4,-53.107],[-72.174,-53.632],[-71.298,-53.883],[-70.996,-53.779],[-70.839,-52.89],[-71.129,-52.545],[-71.976,-52.069],[-72.346,-49.635],[-70.97,-45.772],[-70.706,-44.555],[-71.076,-42.967],[-70.812,-41.697],[-69.647,-38.522],[-68.695,-36.088],[-69.171,-35.982],[-69.383,-35.506],[-69.065,-34.024],[-68.589,-32.543],[-68.07,-32.133],[-67.964,-32.049],[-67.491,-31.523],[-67.241,-30.912],[-66.631,-29.42],[-65.096,-28.362],[-65.565,-27.321],[-65.508,-27.219],[-65.437,-27.125],[-64.567,-25.981],[-64.357,-25.222],[-63.874,-23.359],[-63.736,-22.807],[-63.086,-20.16],[-63.116,-19.962],[-63.138,-19.823],[-63.416,-18.036],[-63.509,-17.755],[-64.691,-17.215],[-65.21,-16.978],[-66.653,-15.412],[-68.034,-13.914],[-68.746,-13.574],[-70.199,-12.879],[-71.286,-12.345],[-71.59,-12.174],[-72.276,-11.787],[-72.291,-11.779],[-73.193,-11.27],[-73.912,-10.551],[-74.023,-10.44],[-75.309,-9.153],[-75.318,-9.042],[-75.318,-9.038],[-75.521,-6.296],[-77.32,-4.55],[-77.479,-1.322],[-76.685,0.636],[-73.904,2.244],[-73.871,2.263],[-73.781,2.408],[-73.74,2.717],[-73.632,3.545],[-73.576,3.979],[-73.483,4.174],[-71.759,6.275],[-71.746,6.291],[-71.7,6.444],[-71.843,7.304],[-71.432,7.682],[-71.384,7.726],[-70.864,8.203],[-70.79,8.263],[-69.433,9.349],[-68.783,9.77],[-65.82,10.214],[-66.09,10.473],[-66.122,10.508],[-67.536,10.523],[-67.872,10.472],[-68.14,10.493],[-68.259,10.531],[-68.289,10.531],[-68.33,10.638],[-68.331,10.654],[-68.336,10.736]]],[[[-66.236,-54.533],[-66.631,-54.397],[-69.436,-53.921],[-69.95,-53.672],[-70.644,-53.823],[-70.857,-53.996],[-70.76,-54.241],[-71.393,-54.4],[-70.282,-54.752],[-70.259,-54.756],[-69.899,-54.782],[-69.082,-54.91],[-68.332,-54.816],[-66.511,-55.032],[-66.287,-54.978],[-65.954,-54.919],[-65.603,-54.928],[-65.346,-54.878],[-65.349,-54.824],[-65.579,-54.748],[-66.057,-54.588],[-66.236,-54.533]]],[[[-71.972,-54.207],[-71.818,-54.276],[-71.023,-54.162],[-71.169,-54.113],[-71.39,-54.033],[-72.21,-54.048],[-71.972,-54.207]]],[[[-72.782,-53.955],[-72.563,-54.074],[-72.482,-53.588],[-73.447,-53.41],[-73.325,-53.723],[-73.314,-53.729],[-73.284,-53.758],[-73.086,-53.916],[-73.039,-53.833],[-72.782,-53.955]]]]},"properties":{"NAME":"ANDES","NAME_JA":"アンデス山脈","FEATURECLA":"Range/mtn","REGION":"South America","SUBREGION":null,"SCALERANK":1,"NE_ID":1159104309,"WIKIDATAID":"Q5456"}},
{"type":"Feature","geometry":{"type":"Polygon","coordinates":[[[-124.565,59.711],[-124.739,59.549],[-125.359,59.345],[-126.571,59.578],[-127.194,59.215],[-126.471,58.249],[-125.645,57.423],[-123.674,55.752],[-123.181,55.474],[-122.602,55.059],[-120.827,52.921],[-118.756,51.822],[-117.974,50.881],[-117.885,50.31],[-117.065,49.769],[-116.277,48.737],[-116.508,48.305],[-116.518,48.286],[-116.911,47.794],[-117.143,47.592],[-117.039,46.753],[-116.293,45.68],[-116.258,45.444],[-116.226,45.224],[-116.315,44.612],[-116.343,44.426],[-116.267,43.816],[-115.253,43.155],[-113.678,42.551],[-113.592,42.519],[-112.579,41.975],[-112.51,41.923],[-111.823,40.838],[-111.822,40.836],[-111.637,40.535],[-111.69,39.424],[-111.843,39.266],[-112.52,38.523],[-113.268,37.62],[-113.193,37.58],[-112.774,37.36],[-111.795,37.731],[-110.299,39.015],[-108.964,39.265],[-108.237,38.881],[-107.509,38.921],[-107.575,38.462],[-108.303,37.917],[-108.42,37.474],[-108.155,37.112],[-107.407,37.029],[-107.048,37.002],[-107.017,36.259],[-107.007,35.799],[-106.678,35.402],[-106.001,35.27],[-105.154,35.434],[-104.599,35.773],[-104.123,36.434],[-104.123,37.36],[-104.356,38.387],[-104.467,39.504],[-104.467,40.588],[-104.89,41.594],[-105.101,42.705],[-106.107,43.843],[-106.663,44.769],[-107.774,45.774],[-109.622,46.122],[-110.102,47.124],[-111.217,47.445],[-112.232,47.507],[-113.7,49.796],[-115.049,51.344],[-115.156,52.164],[-115.923,52.719],[-116.928,52.997],[-119.23,54.691],[-121.536,56.618],[-121.754,57.873],[-123.327,59.087],[-124.565,59.711]]]},"properties":{"NAME":"ROCKY MOUNTAINS","NAME_JA":"ロッキー山脈","FEATURECLA":"Range/mtn","REGION":"North America","SUBREGION":null,"SCALERANK":1,"NE_ID":1159104311,"WIKIDATAID":"Q5463"}},
{"type":"Feature","geometry":{"type":"Polygon","coordinates":[[[132.357,-28.565],[133.786,-28.393],[134.103,-28.169],[134.89,-27.324],[135.504,-26.102],[135.784,-23.234],[135.439,-22.188],[134.995,-21.728],[133.329,-20.798],[132.723,-20.658],[131.878,-20.704],[131.007,-20.669],[130.273,-20.716],[128.927,-20.65],[128.443,-20.7],[127.17,-20.739],[125.933,-20.855],[122.702,-20.969],[121.333,-21.093],[119.749,-21.14],[118.004,-21.262],[117.242,-21.375],[116.52,-21.681],[116.218,-21.931],[115.714,-22.704],[115.496,-23.978],[115.663,-25.255],[116.067,-26.506],[116.766,-28.169],[117.478,-29.192],[118.639,-29.674],[119.764,-29.98],[120.632,-30.033],[122.926,-29.847],[123.536,-29.733],[124.349,-29.403],[125.44,-28.944],[126.013,-28.846],[132.357,-28.565]]]},"properties":{"NAME":"WESTERN PLATEAU","NAME_JA":"西部高原","FEATURECLA":"Plateau","REGION":"Oceania","SUBREGION":"Australasia","SCALERANK":1,"NE_ID":1159104341,"WIKIDATAID":"Q604846"}},
{"type":"Feature","geometry":{"type":"Polygon","coordinates":[[[-7.504,43.74],[-7.698,43.765],[-7.853,43.707],[-8.005,43.694],[-8.137,43.629],[-8.289,43.54],[-8.249,43.439],[-8.422,43.386],[-8.874,43.334],[-9.178,43.174],[-9.236,43.036],[-9.235,42.977],[-9.127,42.865],[-9.042,42.814],[-8.937,42.767],[-8.988,42.586],[-8.81,42.562],[-8.776,42.435],[-8.81,42.334],[-8.729,42.287],[-8.772,42.211],[-8.887,42.105],[-8.777,41.941],[-8.878,41.832],[-8.846,41.705],[-8.811,41.652],[-8.738,41.285],[-8.66,41.086],[-8.674,40.917],[-8.772,40.606],[-8.873,40.259],[-8.887,40.179],[-8.838,40.116],[-9.004,39.821],[-9.251,39.426],[-9.32,39.391],[-9.353,39.248],[-9.414,39.112],[-9.431,38.96],[-9.475,38.853],[-9.136,38.743],[-8.954,39.016],[-8.867,39.066],[-8.938,38.998],[-9,38.903],[-9.021,38.747],[-9.178,38.688],[-9.25,38.657],[-9.213,38.448],[-9.187,38.438],[-8.862,38.51],[-8.799,38.518],[-8.734,38.482],[-8.879,37.959],[-8.792,37.733],[-8.819,37.592],[-8.814,37.431],[-8.935,37.016],[-8.848,37.076],[-7.834,37.006],[-7.406,37.179],[-7.175,37.209],[-6.975,37.198],[-6.864,37.279],[-6.885,37.194],[-6.396,36.832],[-6.259,36.899],[-6.328,36.848],[-6.412,36.729],[-6.384,36.637],[-6.17,36.334],[-5.808,36.088],[-5.625,36.026],[-5.462,36.074],[-5.382,36.134],[-5.33,36.236],[-5.231,36.374],[-4.674,36.506],[-4.502,36.629],[-3.579,36.74],[-3.149,36.758],[-2.788,36.715],[-2.671,36.748],[-2.453,36.831],[-2.188,36.745],[-2.112,36.777],[-1.939,36.946],[-1.819,37.214],[-1.677,37.37],[-1.341,37.562],[-0.938,37.571],[-0.722,37.631],[-0.683,37.992],[-0.551,38.203],[0.136,38.697],[0.202,38.759],[0.155,38.825],[-0.134,38.969],[-0.205,39.063],[-0.329,39.524],[-0.075,39.876],[0.158,40.107],[0.364,40.319],[0.891,40.722],[0.715,40.823],[1.206,41.098],[2.083,41.287],[2.146,41.321],[3.005,41.767],[3.248,41.944],[3.175,42.136],[1.054,42.645],[-1.344,43.169],[-1.97,43.198],[-2.192,43.27],[-2.285,43.315],[-2.337,43.328],[-2.607,43.413],[-2.875,43.454],[-3.605,43.519],[-3.889,43.499],[-4.015,43.463],[-4.313,43.415],[-4.523,43.416],[-5.105,43.502],[-5.316,43.553],[-5.847,43.645],[-6.224,43.604],[-6.617,43.592],[-6.901,43.586],[-7.061,43.554],[-7.262,43.595],[-7.399,43.696],[-7.504,43.74]]]},"properties":{"NAME":"PENÍNSULA IBÉRICA","NAME_JA":"イベリア半島","FEATURECLA":"Plateau","REGION":"Europe","SUBREGION":null,"SCALERANK":1,"NE_ID":1159104343,"WIKIDATAID":"Q12837"}},
{"type":"Feature","geometry":{"type":"Polygon","coordinates":[[[103.649,36.664],[103.575,36.964],[102.864,37.709],[102.284,38.21],[102.238,38.243],[101.744,38.334],[100.996,38.473],[100.956,38.48],[100.445,38.873],[99.841,39.338],[99.697,39.402],[99.527,39.477],[99.369,39.547],[98.969,39.701],[98.936,39.706],[98.53,39.768],[97.436,39.935],[96.82,40.028],[96.454,40.073],[96.439,40.074],[95.655,40.139],[95.635,40.141],[89.93,39.215],[89.261,39.106],[88.349,38.958],[87.913,38.641],[87.174,38.386],[87.038,38.386],[85.708,37.595],[85.2,37.293],[83.671,36.888],[83.402,36.817],[82.135,36.68],[81.162,36.414],[80.843,36.506],[80.674,36.561],[80.523,36.63],[79.749,37.021],[78.725,37.222],[77.018,38.038],[76.912,38.02],[76.083,37.882],[75.11,37.574],[74.749,37.459],[74.61,37.415],[73.422,35.99],[73.037,34.446],[73.486,34.145],[73.506,34.126],[74.713,33.075],[75.949,32.226],[77.314,31.126],[79.305,29.959],[82,28.379],[82.487,28.015],[83.297,27.952],[83.859,27.701],[84.666,27.573],[85.337,27.297],[87.019,27.027],[87.781,26.904],[88.251,26.988],[88.653,27.137],[88.986,27.038],[89.59,26.904],[89.645,26.903],[91.682,26.86],[93.83,27.124],[94.347,27.343],[94.909,27.802],[95.327,28.144],[95.31,28.175],[95.654,28.284],[96.283,27.956],[98.756,27.402],[98.939,27.482],[99.176,27.585],[101.478,28.651],[101.953,28.723],[102.224,28.828],[102.91,29.331],[103.226,30.062],[103.082,30.441],[103.424,30.979],[103.86,31.338],[104.043,31.863],[104.112,33.109],[103.949,34.362],[103.99,35.309],[103.844,35.884],[103.649,36.664]]]},"properties":{"NAME":"PLATEAU OF TIBET","NAME_JA":"チベット高原","FEATURECLA":"Plateau","REGION":"Asia","SUBREGION":null,"SCALERANK":1,"NE_ID":1159104345,"WIKIDATAID":"Q179842"}},
{"type":"Feature","geometry":{"type":"Polygon","coordinates":[[[170.162,-71.63],[167.939,-71.214],[167.475,-71.607],[167.763,-72.163],[169.978,-72.547],[169.954,-72.403],[170.224,-71.948],[170.435,-71.908],[170.25,-71.569],[170.162,-71.63]]]},"properties":{"NAME":"Admiralty Mountains","NAME_JA":"アドミラルティ山脈","FEATURECLA":"Range/mtn","REGION":"Antarctica","SUBREGION":null,"SCALERANK":4,"NE_ID":1159104373,"WIKIDATAID":"Q359194"}},
{"type":"Feature","geometry":{"type":"Polygon","coordinates":[[[162.35,-76.259],[161.882,-75.84],[160.092,-75.971],[159.831,-76.74],[161.982,-77.328],[162.35,-76.259]]]},"properties":{"NAME":"Prince Albert Mountains","NAME_JA":"プリンス・アルバート山脈","FEATURECLA":"Range/mtn","REGION":"Antarctica","SUBREGION":null,"SCALERANK":4,"NE_ID":1159104377,"WIKIDATAID":"Q3861086"}},
{"type":"Feature","geometry":{"type":"Polygon","coordinates":[[[171.259,-83.678],[167.424,-83.479],[165.044,-83.862],[164.023,-84.406],[168.402,-84.821],[171.259,-83.678]]]},"properties":{"NAME":"Queen Alexandra Range","NAME_JA":"アレクサンドラ王妃山脈","FEATURECLA":"Range/mtn","REGION":"Antarctica","SUBREGION":null,"SCALERANK":4,"NE_ID":1159104379,"WIKIDATAID":"Q1478409"}},
{"type":"Feature","geometry":{"type":"Polygon","coordinates":[[[180,-86.044],[180,-84.379],[173.822,-83.81],[171.917,-83.644],[171.289,-83.555],[170.332,-83.479],[168.482,-83.127],[167.828,-83.031],[167.233,-82.952],[166.624,-82.797],[164.001,-82.397],[162.854,-81.921],[162.577,-81.832],[161.73,-81.61],[160.908,-81.39],[160.542,-80.425],[159.065,-80.443],[160.559,-80.011],[160.483,-79.201],[161.864,-79.061],[161.951,-78.968],[161.975,-78.694],[162.669,-77.674],[162.679,-77.007],[162.61,-76.829],[162.745,-76.658],[162.675,-76.569],[162.498,-76.208],[162.437,-76.155],[162.352,-75.687],[162.752,-74.736],[163.266,-74.426],[163.557,-74.417],[164.776,-74.029],[165.347,-73.879],[165.86,-73.593],[166.467,-72.997],[166.883,-73.011],[169.27,-72.621],[169.775,-72.534],[169.978,-72.547],[169.954,-72.403],[170.224,-71.948],[170.409,-71.948],[170.435,-71.908],[167.939,-71.214],[166.93,-70.947],[162.553,-73.101],[160.292,-74.685],[157.883,-77.126],[157.787,-77.223],[155.816,-80.263],[155.583,-82.4],[160.225,-84.906],[171.515,-86.309],[171.683,-86.319],[177.494,-86.676],[180,-86.959],[180,-86.044]]]},"properties":{"NAME":"Transantarctic Mountains","NAME_JA":"南極横断山脈","FEATURECLA":"Range/mtn","REGION":"Antarctica","SUBREGION":null,"SCALERANK":1,"NE_ID":1159104505,"WIKIDATAID":"Q319671"}},
{"type":"Feature","geometry":{"type":"Polygon","coordinates":[[[151.143,-70.899],[146.688,-71],[143.708,-73.292],[145.458,-76.542],[149.125,-79.459],[154.75,-78.687],[156.736,-77.73],[157.787,-77.223],[157.883,-77.126],[160.292,-74.685],[162.229,-72.314],[160.208,-71.458],[157.375,-71.292],[153.579,-70.844],[151.143,-70.899]]]},"properties":{"NAME":"Talos Dome","NAME_JA":"タロスドーム","FEATURECLA":"Plateau","REGION":"Antarctica","SUBREGION":null,"SCALERANK":2,"NE_ID":1159104389,"WIKIDATAID":"Q7680307"}},
{"type":"Feature","geometry":{"type":"Polygon","coordinates":[[[69.261,-74.399],[70.517,-76.34],[75.426,-76.625],[76.34,-74.684],[76.364,-72.828],[76.375,-71.958],[74.566,-71.369],[72.542,-71.913],[72.016,-72.054],[70.379,-73.081],[69.261,-74.399]]]},"properties":{"NAME":"American Highland","NAME_JA":"アメリカ高原","FEATURECLA":"Plateau","REGION":"Antarctica","SUBREGION":null,"SCALERANK":2,"NE_ID":1159104397,"WIKIDATAID":"Q470049"}},
{"type":"Feature","geometry":{"type":"Polygon","coordinates":[[[-54.667,-82.41],[-59.583,-83.625],[-61.083,-84.208],[-61.708,-85.167],[-57.242,-85.023],[-54.098,-83.99],[-50.494,-83.801],[-46.763,-82.41],[-47.02,-82.003],[-47.887,-81.925],[-50.029,-81.968],[-52.799,-82.154],[-54.667,-82.41]]]},"properties":{"NAME":"Pensacola Mountains","NAME_JA":"ペンサコーラ山脈","FEATURECLA":"Range/mtn","REGION":"Antarctica","SUBREGION":null,"SCALERANK":2,"NE_ID":1159104435,"WIKIDATAID":"Q2913098"}},
{"type":"Feature","geometry":{"type":"Polygon","coordinates":[[[-84.137,-79.976],[-80.161,-81.232],[-76.839,-81.446],[-75.875,-81.125],[-75.911,-80.375],[-78.176,-80.167],[-79.66,-79.997],[-79.708,-79.794],[-80.535,-79.513],[-83.26,-78.774],[-83.779,-77.984],[-84.187,-77.375],[-85.482,-77.018],[-87.125,-77.304],[-87.625,-77.875],[-87.268,-78.839],[-84.137,-79.976]]]},"properties":{"NAME":"Ellsworth Mountains","NAME_JA":"エルスワース山脈","FEATURECLA":"Range/mtn","REGION":"Antarctica","SUBREGION":null,"SCALERANK":2,"NE_ID":1159104437,"WIKIDATAID":"Q1139110"}},
{"type":"Feature","geometry":{"type":"Polygon","coordinates":[[[-94.246,-73.313],[-95.083,-73.521],[-94.271,-74],[-92.521,-73.729],[-92.458,-73.313],[-94.246,-73.313]]]},"properties":{"NAME":"Jones Mountains","NAME_JA":"ジョーンズ山脈","FEATURECLA":"Range/mtn","REGION":"Antarctica","SUBREGION":null,"SCALERANK":5,"NE_ID":1159104475,"WIKIDATAID":"Q13639872"}},
{"type":"Feature","geometry":{"type":"Polygon","coordinates":[[[-88.999,-79.95],[-88.331,-78.625],[-88.583,-77.333],[-89.695,-76.399],[-93.465,-76.04],[-99.998,-76.327],[-103.125,-76.307],[-105.526,-76.292],[-107.716,-76.435],[-109.116,-77.297],[-109.042,-79.625],[-108.875,-80.958],[-106.292,-82.458],[-103.125,-82.308],[-99.625,-82.458],[-93.752,-82.179],[-90.093,-80.919],[-88.999,-79.95]]]},"properties":{"NAME":"Hollick-Kenyon Plateau","NAME_JA":"ホーリック・ケニオン","FEATURECLA":"Plateau","REGION":"Antarctica","SUBREGION":null,"SCALERANK":2,"NE_ID":1159104477,"WIKIDATAID":"Q5881339"}},
{"type":"Feature","geometry":{"type":"Polygon","coordinates":[[[-131.292,-76.417],[-131,-75.042],[-135.083,-75.292],[-136.542,-76.083],[-136.25,-76.583],[-133.917,-76.75],[-131.292,-76.417]]]},"properties":{"NAME":"Flood Range","NAME_JA":"フラッド・レンジ","FEATURECLA":"Range/mtn","REGION":"Antarctica","SUBREGION":null,"SCALERANK":4,"NE_ID":1159104485,"WIKIDATAID":"Q5460053"}},
{"type":"Feature","geometry":{"type":"Polygon","coordinates":[[[-148.774,-78.744],[-148.083,-79],[-144.542,-78.208],[-143.792,-77.292],[-143.333,-75.667],[-145.208,-76],[-145.563,-77.162],[-145.516,-77.199],[-145.65,-77.398],[-146.074,-77.487],[-149.208,-78.042],[-149.208,-78.255],[-148.774,-78.744]]]},"properties":{"NAME":"Ford Ranges","NAME_JA":"フォード山脈","FEATURECLA":"Range/mtn","REGION":"Antarctica","SUBREGION":null,"SCALERANK":4,"NE_ID":1159104487,"WIKIDATAID":"Q4529916"}},
{"type":"Feature","geometry":{"type":"Polygon","coordinates":[[[-150.29,-85.544],[-154.926,-85.316],[-159.17,-85.077],[-166.911,-84.819],[-168.049,-84.729],[-169.694,-84.639],[-171.125,-84.583],[-174.987,-84.465],[-180,-84.352],[-180,-85.619],[-177.103,-85.469],[-169.958,-86.125],[-166.125,-86.583],[-161.667,-86.625],[-155.25,-87.083],[-150.292,-87.042],[-148.875,-86.458],[-150.29,-85.544]]]},"properties":{"NAME":"Queen Maude Mountains","NAME_JA":"クイーンモード山脈","FEATURECLA":"Range/mtn","REGION":"Antarctica","SUBREGION":null,"SCALERANK":2,"NE_ID":1159104493,"WIKIDATAID":"Q1796029"}},
{"type":"Feature","geometry":{"type":"Polygon","coordinates":[[[-130.458,-84.542],[-127.625,-83.875],[-125.792,-82.625],[-125.542,-80.042],[-127.542,-78.125],[-130.625,-77.292],[-137.542,-76.959],[-143.458,-77.959],[-145.375,-78.709],[-146.792,-80.459],[-146.708,-82.542],[-145.708,-83.875],[-141.542,-84.542],[-130.458,-84.542]]]},"properties":{"NAME":"Rockefeller Plateau","NAME_JA":"ロックフェラー高原","FEATURECLA":"Plateau","REGION":"Antarctica","SUBREGION":null,"SCALERANK":2,"NE_ID":1159104499,"WIKIDATAID":"Q370807"}},
{"type":"Feature","geometry":{"type":"Polygon","coordinates":[[[-124.518,-76.554],[-126.482,-76.554],[-127.732,-76.839],[-127.732,-77.375],[-126.446,-77.661],[-124.304,-76.982],[-124.518,-76.554]]]},"properties":{"NAME":"Executive Committee Range","NAME_JA":"エグゼクティブ・コミッティー山脈","FEATURECLA":"Range/mtn","REGION":"Antarctica","SUBREGION":null,"SCALERANK":5,"NE_ID":1159104503,"WIKIDATAID":"Q3544493"}},
{"type":"Feature","geometry":{"type":"Polygon","coordinates":[[[-57.242,-85.023],[-54.098,-83.99],[-50.494,-83.801],[-46.763,-82.41],[-47.02,-82.003],[-47.887,-81.925],[-50.029,-81.968],[-52.799,-82.154],[-54.667,-82.41],[-59.824,-83.645],[-66.15,-83.861],[-70.109,-84.248],[-76.564,-84.162],[-88.656,-84.678],[-93.691,-84.979],[-103.125,-84.604],[-109.397,-84.377],[-115.238,-84.792],[-124.33,-85.582],[-128.977,-85.324],[-135.905,-85.625],[-150.29,-85.544],[-154.926,-85.316],[-159.17,-85.077],[-160.821,-84.987],[-166.911,-84.819],[-168.049,-84.729],[-168.668,-84.684],[-169.694,-84.639],[-171.125,-84.583],[-174.987,-84.465],[-180,-84.352],[-180,-85.619],[-177.103,-85.469],[-167.733,-86.431],[-166.125,-86.583],[-161.667,-86.625],[-155.25,-87.083],[-150.292,-87.042],[-141.629,-87.647],[-134.743,-87.217],[-130.397,-87.346],[-118.807,-86.923],[-109.096,-86.098],[-103.416,-86.615],[-93.389,-86.356],[-88.527,-86.83],[-80.695,-86.873],[-76.134,-86.27],[-73.293,-86.314],[-61.976,-85.195],[-57.242,-85.023]]]},"properties":{"NAME":"Transantarctic Mountains","NAME_JA":"南極横断山脈","FEATURECLA":"Range/mtn","REGION":"Antarctica","SUBREGION":null,"SCALERANK":1,"NE_ID":1159104505,"WIKIDATAID":"Q319671"}},
{"type":"Feature","geometry":{"type":"Polygon","coordinates":[[[64.809,-73.942],[66.464,-72.972],[67.777,-71.544],[68.976,-70.631],[69.021,-70.325],[67.659,-70.326],[66.938,-70.5],[65.688,-71.625],[63.688,-73.562],[64.809,-73.942]]]},"properties":{"NAME":"Prince Charles Mountains","NAME_JA":"プリンス・チャールズ山地","FEATURECLA":"Range/mtn","REGION":"Antarctica","SUBREGION":null,"SCALERANK":4,"NE_ID":1159104507,"WIKIDATAID":"Q1641485"}},
{"type":"Feature","geometry":{"type":"Polygon","coordinates":[[[51.291,-67.426],[49.904,-67.325],[49.271,-67.875],[51.103,-67.831],[51.291,-67.426]]]},"properties":{"NAME":"Scott Mountains","NAME_JA":"スコット・マウンテンズ","FEATURECLA":"Range/mtn","REGION":"Antarctica","SUBREGION":null,"SCALERANK":4,"NE_ID":1159104511,"WIKIDATAID":"Q6111566"}},
{"type":"Feature","geometry":{"type":"Polygon","coordinates":[[[54.628,-66.069],[53.674,-66.126],[53.256,-66.661],[53.501,-67.065],[54.758,-67.239],[55.87,-67.152],[56.044,-66.43],[54.628,-66.069]]]},"properties":{"NAME":"Napier Mountains","NAME_JA":"ネイピア山脈","FEATURECLA":"Range/mtn","REGION":"Antarctica","SUBREGION":null,"SCALERANK":4,"NE_ID":1159104513,"WIKIDATAID":"Q5306381"}},
{"type":"Feature","geometry":{"type":"Polygon","coordinates":[[[-20.042,-81.201],[-18.295,-80.91],[-18.527,-80.344],[-20.042,-80.117],[-21.283,-79.931],[-24.24,-80.062],[-29.115,-80.215],[-30.454,-80.678],[-29.965,-81.065],[-24.529,-80.987],[-20.042,-81.201]]]},"properties":{"NAME":"Shackleton Range","NAME_JA":"シャクルトン山脈","FEATURECLA":"Range/mtn","REGION":"Antarctica","SUBREGION":null,"SCALERANK":4,"NE_ID":1159104515,"WIKIDATAID":"Q1550766"}},
{"type":"Feature","geometry":{"type":"Polygon","coordinates":[[[124.431,-77.596],[125.291,-77.016],[125.871,-76.156],[126.084,-75.103],[125.871,-74.049],[125.291,-73.189],[124.431,-72.609],[123.377,-72.396],[122.324,-72.609],[121.463,-73.189],[120.883,-74.049],[120.671,-75.103],[120.883,-76.156],[121.463,-77.016],[122.324,-77.596],[124.431,-77.596]]]},"properties":{"NAME":"Dome C (Charlie)","NAME_JA":"ドームC","FEATURECLA":"Plateau","REGION":"Antarctica","SUBREGION":null,"SCALERANK":2,"NE_ID":1159104517,"WIKIDATAID":"Q3045552"}},
{"type":"Feature","geometry":{"type":"Polygon","coordinates":[[[78.425,-82.864],[79.865,-81.424],[80.078,-80.37],[79.865,-79.317],[79.285,-78.457],[78.425,-77.877],[76.318,-77.877],[75.457,-78.457],[74.877,-79.317],[74.665,-80.37],[74.877,-81.424],[76.318,-82.864],[78.425,-82.864]]]},"properties":{"NAME":"Dome A (Argus)","NAME_JA":"ドームA","FEATURECLA":"Plateau","REGION":"Antarctica","SUBREGION":null,"SCALERANK":2,"NE_ID":1159104521,"WIKIDATAID":"Q593197"}},
{"type":"Feature","geometry":{"type":"Polygon","coordinates":[[[40.756,-79.82],[42.196,-78.38],[42.409,-77.327],[42.196,-76.273],[41.616,-75.413],[40.756,-74.833],[39.703,-74.62],[38.649,-74.833],[37.789,-75.413],[37.209,-76.273],[36.996,-77.327],[37.209,-78.38],[38.649,-79.82],[40.756,-79.82]]]},"properties":{"NAME":"Dome F (Fuji)","NAME_JA":"ドームふじ基地","FEATURECLA":"Plateau","REGION":"Antarctica","SUBREGION":null,"SCALERANK":2,"NE_ID":1159104523,"WIKIDATAID":"Q2007598"}},
{"type":"Feature","geometry":{"type":"Polygon","coordinates":[[[180,-88.022],[180,-86.959],[177.494,-86.676],[171.683,-86.319],[171.565,-86.304],[171.564,-86.304],[160.225,-84.906],[154.897,-82.266],[156.736,-77.73],[157,-77.078],[160.646,-73.853],[161.347,-72.311],[159.804,-71.47],[153.495,-71.189],[151.143,-70.899],[142.138,-69.787],[136.085,-69.563],[136.078,-69.562],[129.588,-69.691],[129.585,-69.691],[125.518,-69.771],[108.363,-70.109],[100.678,-70.157],[92.642,-70.208],[83.948,-70.967],[81.417,-71.189],[78.2,-71.47],[74.566,-71.369],[72.542,-71.913],[72.016,-72.054],[70.379,-73.081],[69.261,-74.399],[67.22,-76.393],[65.888,-77.154],[64.898,-76.697],[63.376,-75.099],[61.249,-73.567],[60.673,-73.152],[57.494,-72.698],[57.493,-72.698],[57.467,-72.694],[53.803,-72.171],[44.636,-72.466],[40.763,-72.591],[34.167,-73.341],[34.078,-73.351],[34.075,-73.351],[29.101,-73.917],[20.07,-74.678],[9.355,-74.695],[3.918,-75.279],[-0.002,-75.701],[-3.684,-76.097],[-10.038,-77.712],[-11.957,-78.2],[-18.267,-81.846],[-20.042,-82.243],[-26.399,-83.668],[-34.521,-84.09],[-44.618,-84.615],[-61.533,-85.246],[-72.134,-86.365],[-76.134,-86.27],[-80.496,-86.963],[-88.559,-86.962],[-93.262,-86.44],[-103.416,-86.615],[-109.096,-86.098],[-118.807,-86.923],[-121.035,-87.112],[-141.715,-87.709],[-166.187,-86.589],[-167.733,-86.431],[-177.103,-85.469],[-180,-85.619],[-180,-86.969],[-180,-90],[-0.002,-90],[100.813,-90],[136.125,-90],[180,-88.022]]]},"properties":{"NAME":"Polar Plateau","NAME_JA":"南極高原","FEATURECLA":"Plateau","REGION":"Antarctica","SUBREGION":null,"SCALERANK":1,"NE_ID":1159104525,"WIKIDATAID":"Q1001294"}},
{"type":"Feature","geometry":{"type":"Polygon","coordinates":[[[180,-86.044],[180,-84.379],[171.259,-83.678],[168.402,-84.821],[171.564,-86.304],[171.565,-86.304],[177.494,-86.676],[180,-86.959],[180,-86.044]]]},"properties":{"NAME":"Queen Maud Mountains","NAME_JA":"クイーンモード山脈","FEATURECLA":"Range/mtn","REGION":"Antarctica","SUBREGION":null,"SCALERANK":2,"NE_ID":1730074691,"WIKIDATAID":"Q1796029"}},
{"type":"Feature","geometry":{"type":"Polygon","coordinates":[[[166.864,-45.972],[167.426,-45.971],[168.654,-44.92],[169.839,-44.293],[172.563,-42.52],[173.155,-41.815],[172.929,-41.512],[172.095,-42.332],[171.064,-42.842],[171.053,-42.847],[171.038,-42.862],[171.011,-42.864],[170.995,-42.87],[170.725,-42.975],[170.554,-43.049],[170.534,-43.059],[170.38,-43.142],[170.263,-43.209],[170.222,-43.232],[170.113,-43.301],[170.087,-43.319],[169.908,-43.447],[169.891,-43.462],[169.86,-43.473],[169.824,-43.497],[169.769,-43.538],[169.711,-43.574],[169.491,-43.674],[169.481,-43.678],[169.136,-43.82],[169.179,-43.913],[169.067,-43.863],[168.99,-43.89],[168.703,-44.004],[168.367,-44.082],[168.196,-44.224],[167.857,-44.501],[167.902,-44.625],[167.909,-44.665],[167.787,-44.595],[167.698,-44.641],[167.578,-44.741],[167.485,-44.771],[167.479,-44.915],[167.411,-44.828],[167.213,-44.952],[167.199,-44.963],[167.172,-44.997],[167.205,-45.048],[167.128,-45.051],[167.023,-45.177],[167.127,-45.266],[167.145,-45.302],[167.112,-45.354],[167.052,-45.383],[166.909,-45.307],[166.876,-45.368],[166.92,-45.408],[166.869,-45.55],[166.826,-45.603],[166.798,-45.646],[166.81,-45.699],[166.953,-45.75],[166.836,-45.775],[166.769,-45.789],[166.815,-45.914],[166.864,-45.972]]]},"properties":{"NAME":"SOUTHERN ALPS","NAME_JA":"南アルプス山脈","FEATURECLA":"Range/mtn","REGION":"Oceania","SUBREGION":"New Zealand","SCALERANK":3,"NE_ID":1159104623,"WIKIDATAID":"Q206650"}},
{"type":"Feature","geometry":{"type":"Polygon","coordinates":[[[175.721,-38.867],[175.413,-39.021],[175.328,-39.495],[175.914,-39.506],[175.98,-38.956],[175.721,-38.867]]]},"properties":{"NAME":"N.I. Volcanic Plateau","NAME_JA":"ノース・アイランド火山台地","FEATURECLA":"Plateau","REGION":"Oceania","SUBREGION":"New Zealand","SCALERANK":5,"NE_ID":1159104635,"WIKIDATAID":"Q190309"}}
]}