{"type":"FeatureCollection", "features": [
{"type":"Feature","geometry":{"type":"MultiLineString","coordinates":[[[95.451,17.821],[95.388,17.824],[95.255,17.748],[95.167,17.542],[94.741,16.971],[94.745,16.72],[94.677,16.532]],[[95.45,17.791],[95.466,17.801],[95.493,17.844],[95.486,17.894],[95.558,17.929],[95.778,17.5],[95.855,17.28],[96.171,16.772]],[[95.465,17.707],[95.275,17.516],[95.246,17.163],[95.156,16.929],[95.232,16.826],[95.188,16.702],[94.993,16.495],[94.934,16.316],[94.794,16.162]],[[95.607,16.858],[95.656,16.757],[95.859,16.662],[95.878,16.421],[96.007,16.387]],[[95.479,16.806],[95.376,16.453],[95.282,16.304],[95.272,16.169],[95.132,16.025]]]},"properties":{"name":"Irrawaddy Delta","featurecla":"River","scalerank":1}},
{"type":"Feature","geometry":{"type":"MultiLineString","coordinates":[[[103.687,13.225],[103.749,13.208],[104.225,12.709]],[[104.225,12.709],[104.132,12.701]],[[104.225,12.709],[104.613,12.381]],[[104.226,12.709],[104.225,12.709]]]},"properties":{"name":"Tonle Sap","featurecla":"Lake Centerline","scalerank":9}},
{"type":"Feature","geometry":{"type":"LineString","coordinates":[[104.615,12.382],[104.725,12.236],[104.847,12.17],[104.776,12.063],[104.79,11.887],[104.855,11.68],[104.927,11.628],[104.951,11.591]]},"properties":{"name":"Tonle Sap","featurecla":"River","scalerank":9}},
{"type":"Feature","geometry":{"type":"LineString","coordinates":[[37.74,59.08],[37.953,59.127],[38.174,59.077],[38.478,59.217]]},"properties":{"name":"Sheksna","featurecla":"Lake Centerline","scalerank":9}},
{"type":"Feature","geometry":{"type":"LineString","coordinates":[[38.478,59.217],[38.456,59.581],[38.393,59.69],[38.084,59.923],[38.032,60.074]]},"properties":{"name":"Sheksna","featurecla":"River","scalerank":9}},
{"type":"Feature","geometry":{"type":"LineString","coordinates":[[11.23,60.414],[11.195,60.578],[10.708,60.806],[10.709,60.886],[10.445,61.037],[10.429,61.122]]},"properties":{"name":"Vorma","featurecla":"Lake Centerline","scalerank":9}},
{"type":"Feature","geometry":{"type":"MultiLineString","coordinates":[[[8.442,62.235],[8.764,62.126],[9.034,62.127],[9.517,61.811],[9.54,61.676],[10.16,61.521],[10.429,61.122]],[[11.23,60.414],[11.455,60.16]]]},"properties":{"name":"Vorma","featurecla":"River","scalerank":9}},
{"type":"Feature","geometry":{"type":"LineString","coordinates":[[51.5,55.574],[51.412,55.768],[51.473,55.861]]},"properties":{"name":"Vyatka","featurecla":"Lake Centerline","scalerank":9}},
{"type":"Feature","geometry":{"type":"LineString","coordinates":[[52.824,58.449],[52.613,58.438],[52.306,58.929],[52.303,59.138],[52.176,59.327],[51.73,59.407],[51.111,59.238],[50.881,59.317],[50.723,59.244],[50.758,59.087],[50.196,58.955],[50.275,58.86],[50.045,58.566],[49.692,58.605],[49.421,58.731],[49.006,58.641],[48.827,58.446],[48.329,58.273],[48.353,58.09],[48.502,58.088],[48.484,57.894],[48.933,57.619],[49.146,57.601],[49.624,57.408],[50.004,57.383],[50.066,57.209],[50.436,56.977],[50.588,56.689],[50.879,56.529],[50.924,56.385],[51.076,56.25],[51.282,56.234],[51.33,56.055],[51.473,55.861]]},"properties":{"name":"Vyatka","featurecla":"River","scalerank":9}},
{"type":"Feature","geometry":{"type":"LineString","coordinates":[[48.597,-17.397],[48.471,-17.627]]},"properties":{"name":"Maningory","featurecla":"Lake Centerline","scalerank":9}},
{"type":"Feature","geometry":{"type":"MultiLineString","coordinates":[[[48.597,-17.397],[48.809,-17.403],[48.969,-17.318],[49.206,-17.385],[49.311,-17.248],[49.461,-17.218]],[[48.04,-18.168],[48.149,-17.9],[48.423,-17.707],[48.471,-17.627]]]},"properties":{"name":"Maningory","featurecla":"River","scalerank":9}},
{"type":"Feature","geometry":{"type":"LineString","coordinates":[[-50.046,-18.632],[-50.028,-18.573],[-50.106,-18.302]]},"properties":{"name":"Bois","featurecla":"Lake Centerline","scalerank":9}},
{"type":"Feature","geometry":{"type":"LineString","coordinates":[[-49.983,-16.293],[-49.737,-16.855],[-49.771,-17.005],[-49.648,-17.144],[-49.647,-17.498],[-49.908,-17.588],[-50.059,-17.759],[-50.251,-17.801],[-50.106,-18.302]]},"properties":{"name":"Bois","featurecla":"River","scalerank":9}},
{"type":"Feature","geometry":{"type":"LineString","coordinates":[[43.178,57.329],[43.341,57.504],[43.707,57.73]]},"properties":{"name":"Unzha","featurecla":"Lake Centerline","scalerank":9}},
{"type":"Feature","geometry":{"type":"LineString","coordinates":[[44.644,59.791],[44.73,59.512],[44.47,59.361],[44.206,59.453],[43.96,59.319],[43.682,59.242],[43.929,59.112],[44.165,58.891],[44.814,58.521],[44.845,58.347],[44.621,58.197],[44.049,58.022],[43.77,57.864],[43.707,57.73]]},"properties":{"name":"Unzha","featurecla":"River","scalerank":9}},
{"type":"Feature","geometry":{"type":"LineString","coordinates":[[-148.909,68.181],[-148.819,68.295],[-149.09,68.572],[-148.82,68.817],[-148.857,69.131],[-148.559,69.503],[-148.744,69.729],[-148.693,69.994],[-148.196,70.359]]},"properties":{"name":"Sagavanirktok","featurecla":"River","scalerank":9}},
{"type":"Feature","geometry":{"type":"LineString","coordinates":[[-158.482,69.27],[-158.513,69.397],[-158.319,69.586],[-157.598,69.553],[-157.214,69.763],[-157.256,70.024],[-157.064,70.104],[-157.421,70.544],[-157.317,70.668],[-156.591,70.73],[-156.182,70.922]]},"properties":{"name":"Meade","featurecla":"River","scalerank":9}},
{"type":"Feature","geometry":{"type":"LineString","coordinates":[[-53.115,-17.855],[-53.129,-17.684],[-53.217,-17.527],[-53.203,-17.282],[-53.047,-17.058],[-53.02,-16.868],[-52.809,-16.745],[-52.633,-16.529],[-52.56,-16.323],[-52.43,-16.239],[-52.444,-16.095],[-52.329,-16.038],[-52.25,-15.913],[-51.883,-15.805],[-51.679,-15.379],[-51.657,-15.21],[-51.514,-15.063],[-51.351,-14.981],[-51.255,-15.015],[-51.1,-14.888],[-50.97,-14.519],[-50.995,-14.399],[-50.929,-14.113],[-50.847,-14.089],[-50.866,-13.713],[-50.773,-13.623],[-50.567,-13.223],[-50.593,-13.072],[-50.487,-12.839],[-50.6,-12.778],[-50.676,-12.604],[-50.614,-12.377],[-50.685,-12.024],[-50.643,-11.888],[-50.717,-11.749],[-50.659,-11.587],[-50.739,-11.437],[-50.614,-11.071],[-50.642,-10.927],[-50.599,-10.657],[-50.426,-10.341],[-50.378,-10.105],[-50.175,-9.73],[-50.112,-9.587],[-50.054,-9.319],[-49.755,-8.923],[-49.581,-8.831],[-49.381,-8.437],[-49.311,-8.382],[-49.199,-8.059],[-49.164,-7.804],[-49.31,-7.714],[-49.391,-7.598],[-49.375,-7.5],[-49.185,-7.225],[-49.199,-6.903],[-49.011,-6.781],[-48.684,-6.663],[-48.606,-6.435],[-48.501,-6.351],[-48.39,-6.362],[-48.429,-6.171],[-48.284,-6.098],[-48.334,-5.976],[-48.223,-5.914],[-48.289,-5.727],[-48.143,-5.646],[-48.397,-5.39],[-48.556,-5.413],[-48.723,-5.355],[-48.937,-5.303]]},"properties":{"name":"Araguaia","featurecla":"River","scalerank":4}},
{"type":"Feature","geometry":{"type":"LineString","coordinates":[[-153.148,61.548],[-153.113,61.879],[-153.316,61.977],[-153.395,62.304],[-153.625,62.601],[-154.254,62.988],[-154.731,63.07]]},"properties":{"name":"S. Fork Kuskokwim","featurecla":"River","scalerank":9}},
{"type":"Feature","geometry":{"type":"LineString","coordinates":[[-129.55,63.027],[-129.667,62.911],[-129.227,62.678],[-128.207,62.342],[-127.908,62.409],[-127.47,62.194],[-127.239,61.987],[-126.962,61.904],[-126.303,61.872],[-125.977,61.701],[-125.164,61.495],[-124.936,61.397],[-124.407,61.261],[-123.721,61.27],[-123.485,61.01],[-123.333,61.043]]},"properties":{"name":"South Nahanni","featurecla":"River","scalerank":9}},
{"type":"Feature","geometry":{"type":"LineString","coordinates":[[-129.46,63.24],[-129.179,63.37],[-128.641,63.461],[-128.443,63.586],[-128.123,63.602],[-127.912,63.763],[-127.909,63.941],[-128.218,64.152],[-127.958,64.244],[-127.211,64.261],[-126.712,64.17],[-126.309,64.321],[-125.569,64.192],[-125.228,64.274],[-124.867,64.285],[-124.795,64.425]]},"properties":{"name":"Keele","featurecla":"River","scalerank":9}},
{"type":"Feature","geometry":{"type":"LineString","coordinates":[[-67.129,46.814],[-67.19,46.594],[-66.95,46.499],[-66.833,46.568],[-66.582,46.58],[-66.478,46.48],[-65.798,46.66],[-65.782,46.827],[-65.552,47.013],[-65.368,47.088]]},"properties":{"name":"Miramichi","featurecla":"River","scalerank":9}},
{"type":"Feature","geometry":{"type":"LineString","coordinates":[[-77.463,48.451],[-77.603,48.28],[-77.771,48.198],[-78.025,48.267],[-78.105,48.566],[-77.988,48.785],[-78.13,48.992],[-78.074,49.222],[-78.214,49.406],[-78.479,49.588],[-78.655,49.875],[-78.923,50.034],[-79.017,50.403],[-79.122,50.585],[-79.334,50.727]]},"properties":{"name":"Harricana","featurecla":"River","scalerank":9}},
{"type":"Feature","geometry":{"type":"LineString","coordinates":[[-99.883,23.949],[-99.796,24.017],[-99.74,24.177],[-99.552,24.144],[-99.285,24.166],[-99.253,24.103],[-98.772,24.029]]},"properties":{"name":"Purificacin","featurecla":"River","scalerank":9}},
{"type":"Feature","geometry":{"type":"LineString","coordinates":[[-76.484,2.354],[-76.538,2.45],[-76.726,2.509],[-76.77,2.608],[-76.692,2.763],[-76.713,2.939],[-76.444,3.22],[-76.483,3.485],[-76.366,3.863],[-76.289,3.999],[-76.033,4.668],[-75.899,4.901],[-75.828,4.889],[-75.698,5.135],[-75.581,5.542],[-75.624,5.759],[-75.851,5.946],[-75.869,6.06],[-75.839,6.447],[-75.8,6.551],[-75.856,6.823],[-75.763,7.09],[-75.684,7.106],[-75.401,7.298],[-75.318,7.445],[-75.366,7.582],[-75.174,7.898],[-75.193,7.99],[-74.811,8.062],[-74.783,8.195],[-74.591,8.311],[-74.564,8.565],[-74.483,8.896],[-74.551,9.001],[-74.733,9.123],[-74.704,9.316],[-74.75,9.426]]},"properties":{"name":"Cauca","featurecla":"River","scalerank":9}},
{"type":"Feature","geometry":{"type":"LineString","coordinates":[[-73.18,8.048],[-73.289,8.355],[-73.218,8.587],[-72.941,8.735],[-73.013,8.922],[-72.755,9.11],[-72.574,9.147],[-72.429,9.087],[-72.296,9.104],[-72.15,9.264],[-71.931,9.291],[-71.796,9.398]]},"properties":{"name":null,"featurecla":"River","scalerank":9}},
{"type":"Feature","geometry":{"type":"MultiLineString","coordinates":[[[-69.26,10.248],[-69.133,10.086],[-68.99,9.818],[-68.885,9.405],[-68.63,9.213],[-68.451,8.996],[-68.311,8.912],[-68.111,8.693],[-68.042,8.544],[-67.772,8.243],[-67.678,8.209],[-67.544,7.959]],[[-67.629,7.993],[-67.544,7.959]],[[-67.544,7.959],[-67.338,7.889],[-67.227,7.798],[-66.765,7.755],[-66.552,7.794],[-66.331,7.649]],[[-67.544,7.959],[-67.545,7.958]]]},"properties":{"name":"Cojedes","featurecla":"River","scalerank":9}},
{"type":"Feature","geometry":{"type":"LineString","coordinates":[[-64.051,4.727],[-64.147,4.745],[-64.26,4.892],[-64.148,5.225],[-64.395,5.643],[-64.384,5.785],[-64.472,6.186],[-64.462,6.271],[-64.635,6.383],[-64.777,6.337],[-64.778,6.632],[-64.813,6.842],[-65.033,7.149],[-65.206,7.246],[-65.217,7.541],[-65.038,7.535],[-64.873,7.666]]},"properties":{"name":null,"featurecla":"River","scalerank":9}},
{"type":"Feature","geometry":{"type":"MultiLineString","coordinates":[[[28.52,-26.997],[28.519,-26.997],[28.124,-26.867]],[[26.091,-27.603],[26.001,-27.643],[25.798,-27.581],[25.622,-27.668]]]},"properties":{"name":"Vaal","featurecla":"Lake Centerline","scalerank":4}},
{"type":"Feature","geometry":{"type":"MultiLineString","coordinates":[[[30.135,-26.383],[30.214,-26.579],[30.001,-26.751],[29.79,-26.829],[29.288,-26.908],[29.062,-27.044]],[[28.124,-26.867],[27.969,-26.671],[27.882,-26.724],[27.519,-26.781],[27.48,-26.874],[27.307,-26.862],[27.178,-26.924],[26.914,-26.89],[26.645,-26.999],[26.49,-27.139],[26.45,-27.353],[26.249,-27.426],[26.091,-27.603]],[[29.056,-27.044],[28.823,-27.039],[28.652,-26.956],[28.519,-26.997]],[[25.622,-27.668],[25.421,-27.71],[25.24,-27.823],[25.053,-28.058],[24.806,-28.101],[24.692,-28.282],[24.666,-28.505],[24.409,-28.573],[24.275,-28.412],[24.06,-28.658],[24.033,-28.806],[23.868,-29.012],[23.628,-29.073]]]},"properties":{"name":"Vaal","featurecla":"River","scalerank":4}},
{"type":"Feature","geometry":{"type":"LineString","coordinates":[[-67.253,0.059],[-67.502,0.026],[-67.981,0.154],[-68.04,0.076],[-68.256,0.005],[-68.431,0.092],[-68.412,0.239],[-68.857,0.386],[-69.175,0.418],[-69.138,0.65],[-69.205,0.944],[-69.34,1.064],[-69.853,1.06],[-70.155,1.308],[-70.232,1.301],[-70.352,1.147],[-70.47,1.102],[-70.732,1.22],[-70.724,0.908],[-71.028,0.877],[-71.032,0.934],[-71.262,1]]},"properties":{"name":"Uaupés","featurecla":"River","scalerank":9}},
{"type":"Feature","geometry":{"type":"LineString","coordinates":[[-78.62,-1.997],[-78.644,-1.756],[-78.524,-1.558],[-78.505,-1.443],[-78.391,-1.382],[-78.148,-1.451],[-78.076,-1.625],[-77.914,-1.668],[-77.838,-1.913],[-77.724,-2.011],[-77.384,-2.154],[-77.123,-2.314],[-77.017,-2.477],[-76.918,-2.54],[-76.662,-2.567],[-76.607,-2.731],[-76.438,-2.849],[-76.452,-3.042],[-76.411,-3.21],[-76.27,-3.537],[-76.408,-3.684],[-76.483,-3.931],[-76.471,-4.107],[-76.586,-4.225],[-76.634,-4.376],[-76.581,-4.641],[-76.435,-4.917]]},"properties":{"name":"Santiago","featurecla":"River","scalerank":9}},
{"type":"Feature","geometry":{"type":"LineString","coordinates":[[-60.394,-5.148],[-60.401,-5.55],[-60.265,-5.724],[-60.186,-6.032],[-60.212,-6.151],[-60.323,-6.263],[-60.424,-6.554],[-60.404,-6.741],[-60.595,-6.991],[-60.758,-7.064],[-60.672,-7.19],[-60.642,-7.352],[-60.689,-7.564],[-60.882,-7.672],[-60.983,-7.828],[-61.059,-8.048],[-60.938,-8.203],[-60.781,-8.184],[-60.731,-8.246],[-60.809,-8.391],[-60.72,-8.713],[-60.717,-8.937],[-60.587,-9.12],[-60.645,-9.211],[-60.518,-9.453]]},"properties":{"name":"Aripuanã","featurecla":"River","scalerank":9}},
{"type":"Feature","geometry":{"type":"LineString","coordinates":[[-57.928,-14.291],[-57.805,-13.903],[-57.7,-13.759],[-57.611,-13.466],[-57.622,-13.33],[-57.487,-13.099],[-57.341,-12.918],[-57.353,-12.81],[-57.467,-12.695],[-57.545,-12.404],[-57.768,-12.288],[-57.795,-12.204],[-58.032,-12.112],[-58.077,-11.928],[-58.282,-11.715],[-58.413,-11.53],[-58.395,-11.318],[-58.568,-11.222],[-58.557,-11.136],[-58.575,-11.077],[-58.618,-11.058],[-58.634,-11.041],[-58.666,-10.989]]},"properties":{"name":"Teles Pires","featurecla":"River","scalerank":9}},
{"type":"Feature","geometry":{"type":"LineString","coordinates":[[-64.875,-2.018],[-64.58,-1.885],[-64.455,-1.716],[-64.302,-1.649],[-63.798,-1.668],[-63.538,-1.635],[-63.321,-1.51],[-63.038,-1.552],[-62.483,-1.888],[-62.2,-1.731],[-62.033,-1.763],[-61.657,-1.646],[-61.537,-1.659],[-61.492,-1.67],[-61.432,-1.692]]},"properties":{"name":"Unini","featurecla":"River","scalerank":9}},
{"type":"Feature","geometry":{"type":"LineString","coordinates":[[-74.57,2.138],[-74.588,2.07],[-74.479,1.884],[-73.836,1.739],[-73.539,1.697],[-73.449,1.726],[-73.137,1.618],[-72.938,1.594],[-72.78,1.414],[-72.728,1.219],[-72.418,1.026],[-72.403,0.947],[-72.238,0.737],[-72.009,0.633],[-71.937,0.487],[-71.689,0.258],[-71.539,0.178],[-71.421,0.192],[-71.14,0.038],[-70.997,0.009],[-70.853,-0.313],[-70.761,-0.281],[-70.501,-0.36],[-70.448,-0.466],[-70.284,-0.506],[-70.24,-0.581],[-70.213,-0.852],[-70.124,-0.974],[-69.926,-0.917],[-69.947,-1.029],[-69.662,-1.04],[-69.66,-1.122],[-69.455,-1.2]]},"properties":{"name":"Ajajú","featurecla":"River","scalerank":9}},
{"type":"Feature","geometry":{"type":"LineString","coordinates":[[-66.759,-2.708],[-66.853,-2.739],[-67.368,-3.155],[-67.528,-3.405],[-67.502,-3.835],[-67.681,-3.844],[-67.836,-3.963],[-67.843,-4.143],[-67.981,-4.5],[-68.102,-4.634],[-68.37,-4.672],[-68.773,-4.974],[-69.083,-5.507],[-69.2,-5.634],[-69.341,-5.69],[-69.492,-5.827]]},"properties":{"name":"Jutaí","featurecla":"River","scalerank":9}},
{"type":"Feature","geometry":{"type":"LineString","coordinates":[[-52.621,-14.774],[-52.559,-14.701],[-52.252,-14.648],[-52.027,-14.643],[-51.755,-14.426],[-51.696,-14.319],[-51.731,-14.151],[-51.545,-13.645],[-51.29,-13.232],[-51.139,-13.05],[-50.944,-12.609],[-50.996,-12.462],[-50.978,-12.292],[-50.717,-11.749]]},"properties":{"name":"Rio das Mortes","featurecla":"River","scalerank":9}},
{"type":"Feature","geometry":{"type":"LineString","coordinates":[[-55.853,-21.817],[-55.955,-21.793],[-56.116,-21.626],[-56.094,-21.505],[-56.165,-21.398],[-56.193,-21.119],[-56.122,-20.766],[-56.138,-20.625],[-56.263,-20.613],[-56.384,-20.459],[-56.377,-20.276],[-56.487,-20.188],[-56.552,-20.045],[-56.73,-20.024],[-56.833,-19.826],[-56.834,-19.733],[-57.104,-19.48],[-57.283,-19.478],[-57.344,-19.404]]},"properties":{"name":"Miranda","featurecla":"River","scalerank":9}},
{"type":"Feature","geometry":{"type":"LineString","coordinates":[[-53.63,-18.904],[-53.566,-19.178],[-53.602,-19.251],[-53.479,-19.528],[-53.49,-19.633],[-53.366,-19.897],[-53.115,-20.158],[-53.067,-20.322],[-52.615,-20.682],[-52.518,-20.793],[-52.362,-20.884],[-52.291,-20.959],[-52.199,-20.984],[-51.958,-21.145],[-51.89,-21.186],[-51.868,-21.192]]},"properties":{"name":"Verde","featurecla":"River","scalerank":9}},
{"type":"Feature","geometry":{"type":"LineString","coordinates":[[123.566,56.528],[123.092,56.554],[123.204,57.012],[123.542,57.284],[123.526,57.624],[123.838,57.762],[123.706,57.928],[123.776,58.143],[124.022,58.32],[124.257,58.318],[124.507,58.705],[124.996,58.836],[125.132,58.982],[125.362,59.082],[125.308,59.301],[125.552,59.274],[125.76,59.121],[126.096,59.051],[126.302,58.928],[127.032,58.782],[127.494,58.786],[127.633,58.859],[127.819,58.729],[128.305,58.746],[128.644,58.689],[128.736,58.555],[129.091,58.505],[129.405,58.558],[129.743,58.48],[130.121,58.656],[130.574,58.611],[130.578,58.82],[130.674,58.881],[131.088,58.953],[131.306,58.912],[131.709,58.981],[132.573,59.314],[132.773,59.421],[132.948,59.38],[133.106,59.604],[133.312,59.64],[134.079,60.208],[134.554,60.444],[134.78,60.459],[135.109,60.383],[135.093,60.536],[134.928,60.602],[134.954,60.737],[135.307,60.878],[135.527,61.152],[135.337,61.425],[135.512,61.552],[135.184,61.761],[135.536,61.816],[135.524,61.933],[135.744,62.044],[135.659,62.188],[135.882,62.285],[135.653,62.452],[135.516,62.681],[134.922,62.632],[134.327,62.822],[133.979,62.999],[134.008,63.144],[133.694,63.152],[133.423,63.059],[133.115,63.157],[133.226,63.38],[132.979,63.392],[132.217,63.287],[131.419,63.414],[131.113,63.303],[129.672,63.43],[129.384,63.49]]},"properties":{"name":"Aldan","featurecla":"River","scalerank":4}},
{"type":"Feature","geometry":{"type":"LineString","coordinates":[[-53.361,-17.873],[-53.405,-17.986],[-53.728,-18.008],[-53.942,-17.928],[-54.159,-18.074],[-54.548,-18.194],[-54.673,-18.46],[-54.99,-18.424],[-55.158,-18.234],[-55.79,-18.223],[-56.031,-18.294],[-56.209,-18.31],[-56.631,-18.439],[-56.903,-18.631],[-57.15,-18.894],[-57.314,-19.378]]},"properties":{"name":"Taquari","featurecla":"River","scalerank":9}},
{"type":"Feature","geometry":{"type":"LineString","coordinates":[[-61.647,-15.478],[-61.776,-15.267],[-61.999,-15.118],[-62.13,-14.933],[-62.176,-14.587],[-62.305,-14.48],[-62.354,-14.333],[-62.456,-14.249],[-62.494,-14.113],[-62.692,-14.114],[-62.813,-13.917],[-62.97,-13.791],[-63.034,-13.653],[-63.321,-13.456],[-63.514,-13.255],[-63.591,-13.125],[-63.729,-13.131],[-63.814,-13],[-63.888,-12.751],[-64.044,-12.687],[-64.154,-12.562],[-64.296,-12.483]]},"properties":{"name":"San Martin","featurecla":"River","scalerank":9}},
{"type":"Feature","geometry":{"type":"LineString","coordinates":[[-61.88,-22.31],[-61.723,-22.484],[-61.332,-22.576],[-61.252,-22.629],[-60.801,-22.715],[-60.67,-22.81],[-60.39,-22.896],[-60.284,-22.872],[-60.009,-22.957],[-59.721,-23.091],[-59.475,-23.091],[-59.18,-23.214],[-58.968,-23.173],[-58.633,-23.249],[-58.426,-23.358],[-58.29,-23.329],[-58.111,-23.365],[-57.866,-23.238],[-57.768,-23.07],[-57.816,-23.061],[-57.824,-23.021],[-57.782,-23.008]]},"properties":{"name":"Verde","featurecla":"River","scalerank":9}},
{"type":"Feature","geometry":{"type":"LineString","coordinates":[[-71.912,-47.912],[-71.827,-48.022],[-71.425,-48.139],[-71.072,-48.321],[-70.591,-48.432],[-70.535,-48.544],[-70.673,-48.625],[-70.597,-48.747],[-70.381,-48.754],[-70.238,-48.846],[-70.231,-49.083],[-69.752,-49.296],[-69.554,-49.542],[-69.346,-49.556],[-68.789,-49.687],[-68.738,-49.727]]},"properties":{"name":"Chico","featurecla":"River","scalerank":9}},
{"type":"Feature","geometry":{"type":"LineString","coordinates":[[-72.293,-52.158],[-72.087,-52.117],[-71.844,-51.913],[-71.574,-51.796],[-70.592,-51.809],[-70.289,-51.683],[-69.948,-51.63],[-69.617,-51.625]]},"properties":{"name":"Gallegos","featurecla":"River","scalerank":9}},
{"type":"Feature","geometry":{"type":"LineString","coordinates":[[-70.031,-32.906],[-70.319,-32.912],[-70.668,-32.795],[-70.84,-32.768],[-71.116,-32.826],[-71.214,-32.801],[-71.34,-32.91],[-71.548,-32.923]]},"properties":{"name":"Rio Rapel","featurecla":"River","scalerank":9}},
{"type":"Feature","geometry":{"type":"LineString","coordinates":[[-8.444,7.537],[-8.285,7.018],[-8.352,6.756],[-8.619,6.493],[-8.758,6.206],[-8.927,6.014],[-8.944,5.835],[-9.108,5.817],[-9.154,5.713],[-9.581,5.464]]},"properties":{"name":"Cess","featurecla":"River","scalerank":9}},
{"type":"Feature","geometry":{"type":"LineString","coordinates":[[-10.948,9.655],[-11.068,9.697],[-11.463,9.371],[-11.711,9.297],[-11.71,9.13],[-11.868,8.973],[-11.903,8.763],[-12.194,8.602],[-12.277,8.743],[-12.508,8.622],[-12.87,8.569]]},"properties":{"name":"Rokel","featurecla":"River","scalerank":9}},
{"type":"Feature","geometry":{"type":"LineString","coordinates":[[3.492,8.769],[3.7,8.605],[3.785,8.48],[3.803,8.328],[3.732,8.138],[3.715,7.765],[3.593,7.66],[3.569,7.488],[3.334,7.278],[3.324,6.928],[3.347,6.743],[3.46,6.591]]},"properties":{"name":"Ogun","featurecla":"River","scalerank":9}},
{"type":"Feature","geometry":{"type":"LineString","coordinates":[[23.052,-32.232],[23.003,-32.698],[23.152,-32.865],[23.54,-33.072],[23.597,-33.172],[23.863,-33.177],[24.265,-33.254],[24.468,-33.418],[24.632,-33.425],[24.724,-33.732],[25.019,-33.966]]},"properties":{"name":"Gamtoos","featurecla":"River","scalerank":9}},
{"type":"Feature","geometry":{"type":"MultiLineString","coordinates":[[[-111.041,43.175],[-111.186,43.338]],[[-112.864,42.813],[-112.64,43.024]],[[-113.316,42.654],[-113.472,42.675]]]},"properties":{"name":"Snake","featurecla":"Lake Centerline","scalerank":4}},
{"type":"Feature","geometry":{"type":"MultiLineString","coordinates":[[[-119.052,46.224],[-118.919,46.08]],[[-110.631,43.837],[-110.819,43.413],[-110.719,43.325],[-110.805,43.213],[-111.041,43.175]],[[-111.188,43.339],[-111.59,43.606],[-111.886,43.766],[-112.076,43.695],[-112.023,43.532],[-112.202,43.292],[-112.465,43.164],[-112.639,43.024]],[[-112.864,42.812],[-113.049,42.654],[-113.316,42.654]],[[-113.474,42.675],[-113.637,42.561],[-113.863,42.563],[-114.119,42.514],[-114.593,42.66],[-114.779,42.675],[-114.963,42.923],[-115.128,42.919],[-115.2,43.006],[-115.438,42.936],[-115.924,43.02],[-115.991,42.964],[-116.346,43.184],[-116.417,43.305],[-116.555,43.323],[-116.758,43.49],[-116.782,43.576],[-117.077,43.71],[-116.971,43.893],[-116.969,44.083],[-116.897,44.186],[-116.986,44.272],[-117.195,44.298],[-117.204,44.482],[-117.011,44.75],[-116.833,44.92],[-116.649,45.347],[-116.463,45.582],[-116.53,45.752],[-116.779,45.866],[-116.961,46.105],[-116.909,46.183],[-117.044,46.378],[-117.447,46.705],[-117.671,46.719],[-117.903,46.603],[-118.167,46.572],[-118.462,46.601],[-118.784,46.311],[-119.03,46.215]]]},"properties":{"name":"Columbia","featurecla":"River","scalerank":4}},
{"type":"Feature","geometry":{"type":"MultiLineString","coordinates":[[[36.168,-5.181],[36.017,-5.4],[36.032,-5.606],[36.219,-5.904],[36.333,-6.204],[36.309,-6.278],[36.425,-6.439],[36.634,-6.542],[36.728,-6.638],[36.936,-6.747],[36.975,-6.823],[37.278,-6.883],[37.46,-6.597],[37.45,-6.528]],[[37.443,-6.528],[37.62,-6.397],[37.733,-6.23],[37.9,-6.258],[38.084,-6.192],[38.21,-6.26],[38.357,-6.227],[38.632,-6.26],[38.847,-6.158]]]},"properties":{"name":"Wami","featurecla":"River","scalerank":9}},
{"type":"Feature","geometry":{"type":"LineString","coordinates":[[25.835,-25.016],[25.869,-24.735],[26.047,-24.475],[26.193,-24.387],[26.465,-24.088],[26.646,-24.013],[26.89,-23.769],[26.959,-23.748]]},"properties":{"name":"Notwani","featurecla":"River","scalerank":9}},
{"type":"Feature","geometry":{"type":"LineString","coordinates":[[28.303,-24.764],[28.683,-24.658],[28.784,-24.486],[28.929,-24.364],[28.97,-24.161],[28.722,-23.887],[28.626,-23.847],[28.644,-23.637],[28.612,-23.423],[28.68,-23.294],[28.658,-22.955],[28.74,-22.862],[28.79,-22.63],[28.879,-22.599],[28.911,-22.459]]},"properties":{"name":"Mogalakwena","featurecla":"River","scalerank":9}},
{"type":"Feature","geometry":{"type":"LineString","coordinates":[[29.932,-22.188],[29.875,-22.04],[29.428,-21.523],[29.351,-21.261],[29.381,-21.109],[29.344,-20.931],[29.225,-20.738],[29.095,-20.393],[28.749,-20.345],[28.629,-20.368]]},"properties":{"name":"Umzingwani","featurecla":"River","scalerank":9}},
{"type":"Feature","geometry":{"type":"LineString","coordinates":[[33.07,-18.345],[33.162,-18.508],[33.411,-18.654],[33.656,-18.686],[33.851,-18.762],[33.946,-18.876],[34.226,-19.042],[34.363,-19.014],[34.497,-19.13],[34.555,-19.374],[34.528,-19.616]]},"properties":{"name":"Punguè","featurecla":"River","scalerank":9}},
{"type":"Feature","geometry":{"type":"LineString","coordinates":[[29.662,-19.595],[29.597,-19.517],[29.084,-19.15],[28.955,-18.995],[28.65,-18.74],[28.417,-18.798],[28.009,-18.811],[27.782,-18.77],[27.436,-18.612],[27.292,-18.483],[27.171,-18.465]]},"properties":{"name":"Shangani","featurecla":"River","scalerank":9}},
{"type":"Feature","geometry":{"type":"LineString","coordinates":[[36.522,-15.574],[36.828,-15.713],[37.02,-15.831],[37.107,-15.945],[37.132,-16.548],[37.018,-16.627],[36.983,-16.827],[37.057,-16.946],[37.064,-17.218],[37.139,-17.343],[37.299,-17.453],[37.57,-17.53]]},"properties":{"name":"Licungo","featurecla":"River","scalerank":9}},
{"type":"Feature","geometry":{"type":"LineString","coordinates":[[33.237,-4.716],[33.193,-4.614],[32.928,-4.451],[32.836,-4.522],[32.747,-4.703],[32.742,-4.848],[32.668,-4.908],[32.495,-4.782],[32.178,-4.609],[32.074,-4.444],[31.956,-4.425],[31.862,-4.544],[31.608,-4.654],[31.411,-4.697],[31.392,-4.778]]},"properties":{"name":"Igombe","featurecla":"River","scalerank":9}},
{"type":"Feature","geometry":{"type":"LineString","coordinates":[[34.788,5.426],[34.668,5.262],[34.505,5.365],[34.343,5.264],[34.23,5.268],[33.971,5.557],[33.814,5.887],[33.656,6.001],[33.623,6.117],[33.497,6.166],[33.276,6.499],[33.229,6.678]]},"properties":{"name":"Kangen","featurecla":"River","scalerank":9}},
{"type":"Feature","geometry":{"type":"LineString","coordinates":[[-5.411,32.586],[-5.032,32.728],[-4.943,32.838],[-4.746,32.798],[-4.335,32.843],[-4.115,32.935],[-3.927,33.085],[-3.666,33.351],[-3.52,33.889],[-3.186,34.414],[-2.924,34.622],[-2.614,34.93],[-2.461,34.979],[-2.341,35.123]]},"properties":{"name":"Moulouya","featurecla":"River","scalerank":9}},
{"type":"Feature","geometry":{"type":"MultiLineString","coordinates":[[[-43.15,-11.143],[-43.044,-10.954],[-42.892,-10.83],[-42.736,-10.778],[-42.589,-10.526],[-42.461,-10.378],[-42.455,-10.126],[-42.249,-9.983],[-42.088,-9.696],[-41.735,-9.69],[-41.524,-9.712],[-41.212,-9.626],[-41.11,-9.42],[-40.894,-9.402],[-40.818,-9.438]],[[-45.089,-19.051],[-45.176,-18.801],[-45.225,-18.51],[-45.342,-18.463],[-45.262,-18.204],[-45.262,-18.203]]]},"properties":{"name":"São  Francisco","featurecla":"Lake Centerline","scalerank":4}},
{"type":"Feature","geometry":{"type":"MultiLineString","coordinates":[[[-40.818,-9.438],[-40.622,-9.486],[-40.328,-9.351],[-40.273,-9.104],[-40.114,-9.103],[-39.896,-8.975],[-39.896,-8.831],[-39.69,-8.782],[-39.691,-8.659],[-39.403,-8.534],[-39.273,-8.577],[-39.221,-8.677],[-38.855,-8.769],[-38.706,-8.841],[-38.657,-8.966],[-38.512,-8.947],[-38.315,-9.076],[-38.198,-9.413],[-38.013,-9.478],[-37.566,-9.727],[-37.297,-9.805],[-37.215,-9.897],[-36.983,-9.967],[-36.936,-10.101],[-36.824,-10.214],[-36.559,-10.352],[-36.408,-10.496]],[[-45.262,-18.204],[-45.175,-18.112],[-45.185,-17.977],[-45.119,-17.821],[-44.999,-17.757],[-44.921,-17.264],[-44.837,-17.191],[-44.82,-16.993],[-45.001,-16.76],[-45.107,-16.503],[-45.057,-16.368],[-45.049,-15.991],[-44.909,-15.964],[-44.804,-15.823],[-44.563,-15.711],[-44.383,-15.58],[-44.358,-15.494],[-44.173,-15.374],[-44.096,-15.122],[-43.926,-14.849],[-43.932,-14.778],[-43.824,-14.394],[-43.707,-14.239],[-43.57,-13.684],[-43.462,-13.547],[-43.462,-13.074],[-43.259,-12.701],[-43.19,-12.658],[-43.28,-12.313],[-43.22,-12.188],[-43.345,-11.991],[-43.319,-11.862],[-43.385,-11.681],[-43.181,-11.318],[-43.15,-11.143]]]},"properties":{"name":"São  Francisco","featurecla":"River","scalerank":4}},
{"type":"Feature","geometry":{"type":"MultiLineString","coordinates":[[[13.579,49.013],[13.826,48.936],[13.984,48.778]],[[13.986,48.779],[14.175,48.649],[14.367,48.652],[14.317,48.816],[14.466,49.006],[14.446,49.212],[14.35,49.251],[14.18,49.487],[14.254,49.661],[14.425,49.76],[14.372,49.925],[14.425,50.062],[14.306,50.261],[14.473,50.343]]]},"properties":{"name":"Vltava","featurecla":"River","scalerank":9}},
{"type":"Feature","geometry":{"type":"MultiLineString","coordinates":[[[36.375,55.632],[36.087,55.785],[35.761,55.859],[35.697,55.939],[35.277,55.955],[35.212,55.899]],[[35.312,55.572],[35.624,55.685],[36.05,55.524],[36.375,55.632]],[[38.869,55.069],[38.75,55.134],[38.714,55.29],[38.585,55.386],[38.318,55.417],[38.153,55.545],[37.972,55.56],[37.396,55.832],[37.109,55.733],[36.688,55.708],[36.564,55.614],[36.375,55.632]]]},"properties":{"name":null,"featurecla":"River","scalerank":9}},
{"type":"Feature","geometry":{"type":"LineString","coordinates":[[46.559,62.045],[46.408,62.181],[46.139,62.256],[46.162,62.507],[46.097,62.668],[46.807,62.681],[46.614,62.876],[46.773,63.004],[46.742,63.224],[46.486,63.44],[46.161,63.391],[45.881,63.446],[45.474,63.641],[45.255,63.809],[44.78,63.808],[44.411,64.015],[44.111,64.055],[44.219,64.274],[43.966,64.473],[43.564,64.459],[43.256,64.504],[43.127,64.362],[42.89,64.274],[42.3,64.205],[42.06,64.045],[41.758,64.03]]},"properties":{"name":"Pinega","featurecla":"River","scalerank":9}},
{"type":"Feature","geometry":{"type":"LineString","coordinates":[[41.726,52.194],[41.653,52.306],[41.412,52.467],[41.48,52.581],[41.5,52.974],[41.609,53.198],[41.791,53.257],[41.877,53.639],[41.786,53.821],[41.973,54.204],[41.932,54.392],[42.022,54.455],[41.863,54.742]]},"properties":{"name":"Tsna","featurecla":"River","scalerank":9}},
{"type":"Feature","geometry":{"type":"LineString","coordinates":[[52.033,64.282],[51.953,64.431],[51.549,64.404],[51.487,63.929],[51.661,63.873],[51.768,63.672],[51.381,63.408],[51.272,63.17],[50.918,63.056],[50.674,62.899],[50.645,62.682],[50.895,62.695],[50.701,62.481],[50.717,62.362],[50.39,62.213]]},"properties":{"name":"Vym","featurecla":"River","scalerank":9}},
{"type":"Feature","geometry":{"type":"LineString","coordinates":[[53.533,55.907],[53.695,55.884]]},"properties":{"name":"Belaya","featurecla":"Lake Centerline","scalerank":9}},
{"type":"Feature","geometry":{"type":"LineString","coordinates":[[53.695,55.884],[53.966,55.782],[54.281,55.757],[54.93,55.573],[55.113,55.643],[55.266,55.415],[55.508,55.46],[55.389,55.251],[55.961,55.008],[56.044,54.86],[55.895,54.76],[56.125,54.55],[56.455,54.455],[56.37,54.044],[56.057,53.672],[55.969,53.331],[55.96,52.824],[56.375,52.897],[56.523,52.982],[56.713,52.968],[57.049,53.03],[57.389,53.047],[57.584,53.221],[57.492,53.382],[57.717,53.533],[57.926,53.77]]},"properties":{"name":"Belaya","featurecla":"River","scalerank":9}},
{"type":"Feature","geometry":{"type":"LineString","coordinates":[[36.723,38.638],[36.902,38.612],[36.943,38.355],[37.104,38.268],[37.002,38.153],[36.97,37.833],[36.779,37.583],[36.286,37.348],[36.231,37.172],[35.942,37.213],[35.847,37.185],[35.757,37.014],[35.504,36.85],[35.47,36.682],[35.567,36.587]]},"properties":{"name":"Ceyhan","featurecla":"River","scalerank":9}},
{"type":"Feature","geometry":{"type":"LineString","coordinates":[[1.98,45.704],[1.858,45.699],[1.497,45.809],[1.397,45.902],[1.198,45.796],[1.054,45.876],[0.653,45.917],[0.696,46.43],[0.544,46.737],[0.586,46.965],[0.459,47.122],[0.075,47.218]]},"properties":{"name":"Vienne","featurecla":"River","scalerank":9}},
{"type":"Feature","geometry":{"type":"MultiLineString","coordinates":[[[47.272,35.902],[47.449,36.008],[48.121,36.015],[47.996,36.163],[47.836,36.511],[47.608,36.855],[47.749,37.073],[47.811,37.432],[47.941,37.515],[48.178,37.467],[48.332,37.268],[48.675,37.083],[49.032,36.826],[49.36,36.756],[49.49,36.882]],[[46.783,35.599],[46.763,35.689],[46.89,35.866],[47.27,35.902]]]},"properties":{"name":"Qezel Owzan","featurecla":"River","scalerank":9}},
{"type":"Feature","geometry":{"type":"LineString","coordinates":[[29.12,39.099],[28.91,39.167],[28.61,39.187],[28.365,39.262],[28.111,39.288],[28.079,39.666],[28.191,39.715],[28.171,39.988],[28.457,40.302],[28.499,40.391]]},"properties":{"name":"Simav","featurecla":"River","scalerank":9}},
{"type":"Feature","geometry":{"type":"MultiLineString","coordinates":[[[9.183,47.671],[9.554,47.511]],[[9.128,47.671],[8.881,47.656]]]},"properties":{"name":"Rhein","featurecla":"Lake Centerline","scalerank":4}},
{"type":"Feature","geometry":{"type":"MultiLineString","coordinates":[[[9.128,47.671],[9.183,47.671]],[[9.409,46.835],[9.553,46.931],[9.475,47.074],[9.504,47.244],[9.649,47.41],[9.554,47.511]],[[8.71,46.623],[8.918,46.734],[9.416,46.835]]]},"properties":{"name":"Rhein","featurecla":"River","scalerank":4}},
{"type":"Feature","geometry":{"type":"LineString","coordinates":[[39.618,39.879],[39.712,39.964],[39.442,40.139],[39.03,40.096],[38.32,40.173],[38.248,40.24],[37.991,40.237],[37.867,40.284],[37.007,40.494],[36.929,40.598],[36.58,40.703],[36.41,40.831],[36.653,40.906],[36.643,41.027],[36.744,41.153],[36.661,41.366]]},"properties":{"name":"Kelkit","featurecla":"River","scalerank":9}},
{"type":"Feature","geometry":{"type":"LineString","coordinates":[[-7.258,43.194],[-7.35,43.255],[-7.593,43.143],[-7.521,42.919],[-7.719,42.695],[-7.713,42.491],[-7.83,42.372],[-8.008,42.35],[-8.188,42.162]]},"properties":{"name":"Mio","featurecla":"River","scalerank":9}},
{"type":"Feature","geometry":{"type":"LineString","coordinates":[[6.883,45.806],[7.231,45.729],[7.525,45.765],[7.823,45.591],[7.957,45.326],[7.946,45.313],[8.019,45.228],[8.036,45.213]]},"properties":{"name":"Dora Baltea","featurecla":"River","scalerank":9}},
{"type":"Feature","geometry":{"type":"LineString","coordinates":[[6.681,44.922],[6.581,44.84],[6.593,44.657],[6.505,44.568],[6.259,44.468],[6.094,44.474],[5.909,44.337],[6.01,44.079],[5.759,43.736],[5.583,43.666],[5.087,43.787],[4.763,43.932]]},"properties":{"name":"Durance","featurecla":"River","scalerank":9}},
{"type":"Feature","geometry":{"type":"LineString","coordinates":[[3.585,44.219],[3.557,44.373],[3.239,44.315],[3.077,44.109],[2.841,44.088],[2.467,43.951],[2.116,43.936],[1.819,43.875],[1.644,43.792],[1.355,43.948],[1.247,44.104],[1.029,44.083]]},"properties":{"name":"Tarn","featurecla":"River","scalerank":9}},
{"type":"Feature","geometry":{"type":"LineString","coordinates":[[15.129,40.898],[15.471,40.902],[15.596,41.109],[15.753,41.103],[15.948,41.182],[16.2,41.362]]},"properties":{"name":"Ofanto","featurecla":"River","scalerank":9}},
{"type":"Feature","geometry":{"type":"LineString","coordinates":[[25.43,45.338],[25.45,45.166],[25.401,44.985],[25.859,44.751],[26.231,44.754],[27.043,44.624],[27.318,44.558],[27.866,44.703]]},"properties":{"name":"Ialomita","featurecla":"River","scalerank":9}},
{"type":"Feature","geometry":{"type":"LineString","coordinates":[[23.184,42.495],[23.053,42.617],[22.781,42.51],[22.705,42.409],[23.04,42.102],[23.164,41.821],[23.161,41.733],[23.342,41.311],[23.156,41.233],[23.333,41.057],[23.476,40.987],[23.759,40.937],[23.846,40.783]]},"properties":{"name":"Strymnas","featurecla":"River","scalerank":9}},
{"type":"Feature","geometry":{"type":"LineString","coordinates":[[37.196,51.157],[37.288,51.274],[37.092,51.365],[36.806,51.376],[36.562,51.585],[36.219,51.704],[35.61,51.693],[35.457,51.624],[34.974,51.736],[34.734,51.537],[34.811,51.359],[34.346,51.396],[34.244,51.274],[33.964,51.199],[33.436,51.41],[33.212,51.332],[32.963,51.316],[32.545,51.457]]},"properties":{"name":"Seym","featurecla":"River","scalerank":9}},
{"type":"Feature","geometry":{"type":"LineString","coordinates":[[5.408,47.877],[5.299,47.925],[5.151,48.137],[5.162,48.456],[5.016,48.611],[4.711,48.639],[4.312,48.985],[3.895,49.089],[3.541,49.089],[3.33,48.99],[2.796,48.943],[2.409,48.816]]},"properties":{"name":"Marne","featurecla":"River","scalerank":9}},
{"type":"Feature","geometry":{"type":"LineString","coordinates":[[39.053,59.868],[39.69,59.517],[39.808,59.518]]},"properties":{"name":"Sukhona","featurecla":"Lake Centerline","scalerank":4}},
{"type":"Feature","geometry":{"type":"MultiLineString","coordinates":[[[39.053,59.868],[38.656,59.93]],[[39.808,59.518],[39.967,59.524],[40.415,59.345],[40.623,59.327],[40.87,59.43],[41.058,59.385],[41.446,59.409],[41.829,59.477],[42.089,59.65],[42.408,59.677],[42.624,59.769],[42.76,59.961],[43.042,60.044],[43.471,60.096],[43.911,60.234],[44.18,60.398],[44.772,60.503],[45.025,60.597],[45.629,60.627],[46.34,60.749]]]},"properties":{"name":"Sukhona","featurecla":"River","scalerank":4}},
{"type":"Feature","geometry":{"type":"LineString","coordinates":[[112.076,38.861],[112.124,38.726],[112.013,38.579],[111.867,38.285],[111.857,38.097],[112.172,37.906],[112.466,37.974],[112.528,37.71],[112.408,37.646],[112.323,37.478],[112.063,37.172],[111.904,37.103],[111.657,36.769],[111.706,36.576],[111.658,36.274],[111.396,35.984],[111.413,35.773],[111.192,35.576],[110.739,35.568],[110.555,35.459]]},"properties":{"name":"Fen","featurecla":"River","scalerank":9}},
{"type":"Feature","geometry":{"type":"LineString","coordinates":[[118.503,36.104],[118.709,36.007],[118.871,35.77],[118.854,35.548],[118.678,35.332],[118.616,35.123],[118.531,35.014],[118.568,34.771],[118.837,34.765],[118.94,34.701],[119.2,34.714]]},"properties":{"name":"Yi","featurecla":"River","scalerank":9}},
{"type":"Feature","geometry":{"type":"MultiLineString","coordinates":[[[85.749,31.868],[85.751,31.867]],[[85.751,31.867],[85.946,31.827],[86.171,31.9],[86.401,31.816],[86.509,31.841],[86.711,31.765],[86.931,31.79],[87.068,31.726],[87.257,31.872],[87.414,31.887]],[[85.751,31.867],[85.755,31.868]],[[85.803,31.656],[85.563,31.724],[85.751,31.867]]]},"properties":{"name":"Bogcang","featurecla":"River","scalerank":9}},
{"type":"Feature","geometry":{"type":"LineString","coordinates":[[66.009,67.749],[65.592,67.796],[65.38,67.758],[64.745,67.489],[64.13,67.329],[63.954,67.141],[64.05,67.051],[63.35,67.035],[62.959,66.971],[62.894,66.751],[62.618,66.626],[62.113,66.536],[61.443,66.559],[60.943,66.474],[60.509,66.536],[60.275,66.414],[59.849,66.323],[59.619,66.492],[59.248,66.599],[59.033,66.442],[58.708,66.396],[58.282,66.226],[58.087,66.005],[57.189,65.918],[56.882,65.978]]},"properties":{"name":"Usa","featurecla":"River","scalerank":9}},
{"type":"Feature","geometry":{"type":"LineString","coordinates":[[59.392,58.395],[59.684,58.335],[59.893,58.426],[59.851,58.724],[60.069,58.79],[60.279,58.746],[60.68,58.864],[61.876,58.789],[62.123,58.669],[62.415,58.626],[62.477,58.546],[62.815,58.385],[63.025,58.204],[63.346,58.121],[63.617,58.12],[64.026,57.785],[64.245,57.78],[64.525,57.552],[64.538,57.472],[65.304,57.227],[65.814,57.142],[65.954,57.172],[66.487,57.134],[66.783,57.241],[66.858,57.223],[66.903,57.23],[66.943,57.217],[66.958,57.223]]},"properties":{"name":"Tura","featurecla":"River","scalerank":9}},
{"type":"Feature","geometry":{"type":"LineString","coordinates":[[109.135,48.685],[108.812,48.494],[108.488,47.971],[108.493,47.759],[108.413,47.629],[108.434,47.482],[108.681,47.117],[108.931,46.978],[109.1,47.009],[109.499,46.895],[109.781,46.911],[110.214,47.107],[110.458,47.148],[110.658,47.306],[111.023,47.49],[111.722,47.613],[111.864,47.703],[112.293,47.794],[112.74,47.814],[113.059,47.99],[113.697,48.045],[113.889,48.011],[114.49,48.05],[114.933,48.242],[115.14,48.52],[115.309,48.604],[115.443,48.511],[115.33,48.397],[115.588,48.075],[116.115,48.268],[116.15,48.368],[116.476,48.561],[116.685,48.575],[116.975,48.657],[117.058,48.76]]},"properties":{"name":"Herlen","featurecla":"River","scalerank":9}},
{"type":"Feature","geometry":{"type":"LineString","coordinates":[[75.146,58.697],[75.111,58.943],[75.366,59.108],[75.181,59.21],[74.681,59.158],[74.588,59.094],[73.759,59.297],[73.248,59.535],[73.257,59.859],[73.375,60.124],[73.571,60.238],[73.812,60.263],[74.029,60.396],[74.035,60.576],[73.703,60.72],[73.778,60.796],[73.636,60.954],[73.389,61.04]]},"properties":{"name":"Bol’shoy Yugan","featurecla":"River","scalerank":9}},
{"type":"Feature","geometry":{"type":"LineString","coordinates":[[78.052,57.188],[77.936,57.34],[77.394,57.678],[76.969,58.105],[76.517,58.244],[76.394,58.401],[76.478,58.578],[76.621,58.656],[76.568,58.793],[76.767,58.978],[76.696,59.067],[76.994,59.166],[77.543,59.147],[77.911,59.248],[78.109,59.208],[78.645,59.224],[78.968,59.103],[79.464,59.053],[79.566,58.979],[79.895,59.023],[80.362,58.95],[80.711,59.06],[80.704,59.121]]},"properties":{"name":"Vasyugan","featurecla":"River","scalerank":9}},
{"type":"Feature","geometry":{"type":"LineString","coordinates":[[88.654,48.157],[88.66,47.759],[88.725,47.596],[88.972,47.478],[89.047,47.343],[88.9,47.122]]},"properties":{"name":null,"featurecla":"River","scalerank":9}},
{"type":"Feature","geometry":{"type":"LineString","coordinates":[[85.433,30.024],[85.495,30.093],[85.676,30.093],[85.958,30.309],[85.706,30.56],[85.536,30.573],[85.213,30.676],[85.089,30.882],[85.136,31],[85.292,31.073],[85.398,31.039]]},"properties":{"name":null,"featurecla":"River","scalerank":9}},
{"type":"Feature","geometry":{"type":"LineString","coordinates":[[99.427,51.349],[99.31,51.41]]},"properties":{"name":"Shishhid Gol","featurecla":"Lake Centerline","scalerank":4}},
{"type":"Feature","geometry":{"type":"MultiLineString","coordinates":[[[99.31,51.41],[98.919,51.493],[98.685,51.493],[98.459,51.426],[98,51.514]],[[98.809,50.627],[99.033,50.535],[99.214,50.63],[99.21,50.777],[99.365,50.823],[99.515,51.123],[99.424,51.349]]]},"properties":{"name":"Shishhid Gol","featurecla":"River","scalerank":4}},
{"type":"Feature","geometry":{"type":"LineString","coordinates":[[87.282,36.505],[87.155,36.762],[87.185,36.845],[87.066,37.023],[86.951,37.068],[87.064,37.211],[87.087,37.402],[87.221,37.417],[87.269,37.56],[86.937,37.66],[86.629,37.693],[86.254,37.637],[85.906,37.515],[85.83,37.547],[85.679,37.773]]},"properties":{"name":"Qarqan","featurecla":"River","scalerank":9}},
{"type":"Feature","geometry":{"type":"LineString","coordinates":[[107.224,37.32],[107.324,37.144],[107.278,36.905],[107.204,36.789],[107.231,36.638],[107.428,36.448],[107.533,36.267],[107.653,36.21],[107.938,35.934],[107.929,35.567],[107.881,35.396],[107.944,35.26]]},"properties":{"name":"Huan","featurecla":"River","scalerank":9}},
{"type":"Feature","geometry":{"type":"LineString","coordinates":[[95.599,33.277],[95.692,33.244],[95.866,32.996],[96.226,32.896],[96.534,32.709],[96.582,32.572],[96.883,32.35],[96.872,32.222],[97.021,32.149],[96.945,31.964]]},"properties":{"name":"Zi","featurecla":"River","scalerank":9}},
{"type":"Feature","geometry":{"type":"LineString","coordinates":[[93.073,20.555],[92.961,20.747],[93.006,20.894],[92.967,21.09],[92.74,21.531],[92.773,21.714],[92.875,21.77],[92.839,21.922],[92.835,22.3],[92.947,22.535],[92.913,22.829],[93.138,23.005],[93.298,23.018],[93.375,23.13],[93.432,23.648],[93.406,23.719]]},"properties":{"name":"Kaladan","featurecla":"River","scalerank":9}},
{"type":"Feature","geometry":{"type":"LineString","coordinates":[[93.638,21.94],[93.88,21.971],[93.999,21.929],[94.107,22.052],[94.144,22.337],[94.102,22.869],[94.053,22.947],[94.152,23.249],[94.308,23.209]]},"properties":{"name":"Mytitha","featurecla":"River","scalerank":9}},
{"type":"Feature","geometry":{"type":"LineString","coordinates":[[116.798,25.013],[116.935,25],[117.143,25.279],[117.281,25.331],[117.499,25.261],[117.507,24.923],[117.639,24.655],[117.791,24.46]]},"properties":{"name":"Jiulong","featurecla":"River","scalerank":9}},
{"type":"Feature","geometry":{"type":"LineString","coordinates":[[116.102,27.107],[116.056,26.942],[116.083,26.82],[115.985,26.358],[115.847,26.168],[115.685,26.163],[115.594,26.064],[115.449,26.039],[115.26,25.899],[115.076,25.889]]},"properties":{"name":"Mei","featurecla":"River","scalerank":9}},
{"type":"Feature","geometry":{"type":"LineString","coordinates":[[103.531,33.067],[103.538,32.887],[103.626,32.766],[103.602,32.63],[103.709,32.434],[103.773,32.199],[103.695,32.051],[103.705,31.868],[103.857,31.742],[103.839,31.674],[103.566,31.46],[103.471,31.327],[103.469,31.034],[103.758,31.023],[103.983,30.915],[104.283,30.928],[104.405,30.888],[104.541,30.704],[104.497,30.566],[104.704,30.173],[104.659,30.001],[104.787,29.849],[104.958,29.745],[105.039,29.597],[105.032,29.39],[104.961,29.161],[105.071,29.051],[105.445,28.894]]},"properties":{"name":"Tuo","featurecla":"River","scalerank":9}},
{"type":"Feature","geometry":{"type":"LineString","coordinates":[[115.468,3.446],[115.401,3.258],[115.185,3.166],[114.962,3.003],[114.835,2.995],[114.819,3.268],[114.696,3.371],[114.434,3.512],[114.413,3.611],[114.464,3.913],[114.327,4.169],[114.245,4.482],[113.999,4.601]]},"properties":{"name":"Baram","featurecla":"River","scalerank":9}},
{"type":"Feature","geometry":{"type":"LineString","coordinates":[[125.253,8.343],[125.34,8.153],[125.305,7.968],[125.138,7.973],[125.038,7.801],[125.033,7.413],[124.87,7.328],[124.764,7.133],[124.569,7.034],[124.249,7.216],[124.219,7.287]]},"properties":{"name":null,"featurecla":"River","scalerank":9}},
{"type":"Feature","geometry":{"type":"MultiLineString","coordinates":[[[-47.447,-18.171],[-47.65,-18.321],[-47.899,-18.449],[-48.017,-18.434]],[[-48.227,-18.34],[-48.818,-18.352],[-48.952,-18.326],[-49.108,-18.389]],[[-50.49,-19.02],[-50.502,-18.931],[-50.324,-18.715],[-50.112,-18.663],[-49.992,-18.614],[-49.789,-18.615]]]},"properties":{"name":"Paranaíba","featurecla":"Lake Centerline","scalerank":4}},
{"type":"Feature","geometry":{"type":"MultiLineString","coordinates":[[[-49.108,-18.389],[-49.402,-18.639],[-49.495,-18.492],[-49.789,-18.615]],[[-48.018,-18.434],[-48.227,-18.34]],[[-46.314,-19.171],[-46.556,-18.837],[-46.509,-18.623],[-46.565,-18.433],[-46.772,-18.299],[-46.952,-18.249],[-47.119,-18.28],[-47.276,-18.054],[-47.447,-18.171]]]},"properties":{"name":"Paranaíba","featurecla":"River","scalerank":4}},
{"type":"Feature","geometry":{"type":"LineString","coordinates":[[151.506,-29.84],[151.258,-29.81],[151.125,-29.715],[151.132,-29.554],[150.913,-29.241],[150.967,-29.151],[150.734,-28.808],[150.467,-28.65]]},"properties":{"name":"Macintyre","featurecla":"River","scalerank":9}},
{"type":"Feature","geometry":{"type":"LineString","coordinates":[[82.047,22.706],[82.073,22.945],[81.956,23.068],[81.684,23.138],[81.479,23.294],[81.486,23.357],[81.297,23.456],[81.238,23.588],[81.242,23.835],[80.996,24.088],[81.191,24.116],[81.261,24.183],[81.636,24.406],[82.036,24.505],[82.375,24.56],[82.554,24.53],[82.74,24.604],[82.911,24.611],[83.079,24.474],[83.25,24.467],[83.539,24.531],[83.696,24.506],[83.954,24.559],[84.094,24.801],[84.17,24.828],[84.301,25.023],[84.5,25.194],[84.652,25.245],[84.775,25.433],[84.802,25.639],[84.878,25.708]]},"properties":{"name":"Son","featurecla":"River","scalerank":9}},
{"type":"Feature","geometry":{"type":"LineString","coordinates":[[77.765,13.119],[77.78,12.987],[77.878,12.818],[77.888,12.7],[78.015,12.578],[78.119,12.573],[78.284,12.289],[78.467,12.176],[78.704,12.118],[78.83,12.19],[79.035,12.013],[79.786,11.769]]},"properties":{"name":null,"featurecla":"River","scalerank":9}},
{"type":"Feature","geometry":{"type":"LineString","coordinates":[[85.186,23.309],[85.335,23.306],[85.528,23.465],[85.788,23.465],[85.895,23.417],[85.83,23.261],[86.017,23.037],[86.022,22.923],[86.293,22.792],[86.591,22.419],[86.704,22.216],[86.978,22.212],[87.218,22.017],[87.246,21.856],[87.157,21.771],[87.31,21.658],[87.352,21.564]]},"properties":{"name":null,"featurecla":"River","scalerank":9}},
{"type":"Feature","geometry":{"type":"LineString","coordinates":[[77.346,23.24],[77.504,23.115],[77.614,23.13],[77.737,23.439],[77.853,23.618],[77.846,23.799],[78.024,24.039],[78.093,24.325],[78.263,24.456],[78.261,24.693],[78.169,24.866],[78.525,25.179],[78.727,25.494],[78.858,25.536],[79.08,25.817],[79.442,25.793],[79.531,25.89],[79.685,25.928],[79.79,25.872],[80.21,25.92]]},"properties":{"name":"Betwa","featurecla":"River","scalerank":9}},
{"type":"Feature","geometry":{"type":"LineString","coordinates":[[108.386,14.483],[108.525,14.224],[108.633,14.093],[108.649,13.956],[108.494,13.856],[108.574,13.677],[108.512,13.64],[108.462,13.389],[108.598,13.335],[108.663,13.195],[108.873,13.023],[109.061,13.034],[109.162,12.989],[109.328,13.085]]},"properties":{"name":"Ba","featurecla":"River","scalerank":9}},
{"type":"Feature","geometry":{"type":"LineString","coordinates":[[102.572,-3.321],[102.503,-3.458],[102.517,-3.572],[102.619,-3.691],[102.908,-3.783],[102.958,-3.694],[103.199,-3.462],[103.291,-3.47],[103.3,-3.231],[103.233,-3.119],[103.308,-2.826],[103.431,-2.726],[104.085,-2.964],[104.19,-3.045],[104.305,-2.992],[104.497,-3.054],[104.819,-2.973],[104.898,-2.907],[105.045,-2.367]]},"properties":{"name":"Masi","featurecla":"River","scalerank":9}},
{"type":"Feature","geometry":{"type":"LineString","coordinates":[[112.007,-0.905],[112.021,-1.16],[111.974,-1.307],[111.994,-1.738],[112.199,-2.012],[112.15,-2.253],[112.193,-2.355],[112.145,-2.485],[112.221,-2.627],[112.217,-2.761],[112.323,-3.159],[112.551,-3.306],[112.576,-3.416]]},"properties":{"name":"Pembuang","featurecla":"River","scalerank":9}},
{"type":"Feature","geometry":{"type":"LineString","coordinates":[[145.845,-6.425],[145.887,-6.288],[145.995,-6.269],[145.881,-6.008],[145.512,-5.722],[145.366,-5.705],[145.208,-5.46],[144.962,-5.219],[144.709,-5.018],[144.729,-4.691],[144.599,-4.582],[144.661,-4.349],[144.653,-4.013]]},"properties":{"name":"Ramu","featurecla":"River","scalerank":9}},
{"type":"Feature","geometry":{"type":"MultiLineString","coordinates":[[[-74.433,53.685],[-74.439,53.684],[-74.821,53.614],[-74.933,53.657],[-75.723,53.642],[-75.904,53.727],[-76.749,53.661],[-77.275,53.71],[-77.42,53.798]],[[-72.034,53.598],[-71.817,53.646]],[[-70.843,53.427],[-70.845,53.428],[-71.117,53.591]]]},"properties":{"name":"La Grande","featurecla":"Lake Centerline","scalerank":4}},
{"type":"Feature","geometry":{"type":"MultiLineString","coordinates":[[[-77.42,53.798],[-77.642,53.831],[-78.219,53.743],[-78.656,53.762],[-78.901,53.817]],[[-72.036,53.598],[-72.392,53.693],[-72.786,53.673],[-72.897,53.809],[-73.16,53.886],[-73.447,53.913],[-73.803,53.77],[-74.266,53.68],[-74.439,53.684]],[[-71.117,53.591],[-71.423,53.684],[-71.816,53.646]],[[-70.48,53.406],[-70.549,53.463],[-70.845,53.428]]]},"properties":{"name":"La Grande","featurecla":"River","scalerank":4}},
{"type":"Feature","geometry":{"type":"LineString","coordinates":[[-71.669,-15.336],[-71.627,-14.983],[-71.519,-14.862],[-71.471,-14.707],[-71.47,-14.452],[-71.545,-14.2],[-71.708,-14.114],[-71.823,-13.829],[-72.165,-13.784],[-72.43,-13.598],[-72.605,-13.562],[-72.803,-13.435],[-72.964,-13.398],[-73.097,-13.458],[-73.303,-13.358],[-73.549,-13.064],[-73.677,-12.678],[-73.763,-12.628],[-73.978,-12.204],[-74.089,-12.038],[-73.989,-11.813],[-74.127,-11.489],[-74.269,-11.255],[-74.255,-11.158],[-74.032,-11.172],[-73.786,-11.285],[-73.723,-11.216],[-73.783,-10.996],[-73.742,-10.725],[-73.989,-10.563],[-74.044,-10.331],[-74,-10.211],[-74.071,-10.006],[-73.955,-9.879],[-74.114,-9.838],[-74.165,-9.588],[-74.331,-9.386],[-74.411,-9.343],[-74.402,-9.118],[-74.476,-9.029],[-74.544,-8.769],[-74.353,-8.564],[-74.522,-8.389],[-74.52,-8.261],[-74.645,-8.158],[-74.619,-8.049],[-74.767,-7.873],[-74.873,-7.943],[-74.975,-7.857],[-75.038,-7.638],[-74.992,-7.38],[-75.243,-7.185],[-75.179,-6.94],[-75.062,-6.789],[-75.202,-6.442],[-75.137,-6.099],[-74.701,-5.931],[-74.564,-5.755],[-74.335,-5.781],[-74.274,-5.635],[-74.153,-5.606],[-74.187,-5.452],[-74.095,-5.36],[-74.104,-5.171],[-73.774,-4.958],[-73.728,-4.79],[-73.637,-4.762],[-73.482,-4.54],[-73.489,-4.445]]},"properties":{"name":"Ucayali","featurecla":"River","scalerank":1}},
{"type":"Feature","geometry":{"type":"LineString","coordinates":[[151.802,-25.777],[151.815,-25.702],[151.65,-25.585],[151.697,-25.398],[151.879,-25.358],[152.024,-25.254],[151.987,-25.132],[152.35,-24.859],[152.405,-24.749]]},"properties":{"name":"Burnett","featurecla":"River","scalerank":9}},
{"type":"Feature","geometry":{"type":"LineString","coordinates":[[117.544,-32.643],[117.618,-32.527],[117.356,-32.342],[117.255,-32.339],[116.985,-32.196],[116.81,-32.033],[116.797,-31.814],[116.435,-31.512],[116.224,-31.579],[116.101,-31.673],[115.972,-31.872],[115.735,-32.02]]},"properties":{"name":"Swan","featurecla":"River","scalerank":9}},
{"type":"Feature","geometry":{"type":"LineString","coordinates":[[76.656,22.915],[76.685,22.996],[76.978,23.276],[76.992,23.403],[77.107,23.516],[77.207,23.785],[77.168,24.137],[77.107,24.281],[77.037,24.67],[76.878,24.744],[76.649,24.971],[76.562,25.278],[76.551,25.46],[76.478,25.72],[76.546,25.848]]},"properties":{"name":"Parbati","featurecla":"River","scalerank":9}},
{"type":"Feature","geometry":{"type":"LineString","coordinates":[[80.267,18.714],[80.344,18.851],[80.272,18.98],[80.397,19.234],[80.576,19.392],[80.68,19.322],[80.769,19.16],[80.967,19.13],[81.147,19.021],[81.393,19.194],[81.607,19.238],[81.954,19.117],[82.216,19.127],[82.574,19.206],[82.639,19.163],[82.824,19.269],[82.96,19.481]]},"properties":{"name":"Indravati","featurecla":"River","scalerank":9}},
{"type":"Feature","geometry":{"type":"LineString","coordinates":[[93.804,26.744],[93.808,26.744],[93.806,26.757],[93.798,26.793],[93.808,26.83],[93.861,26.89],[94.108,26.979],[94.315,27.257],[94.292,27.462],[94.219,27.627],[94.331,27.715],[94.325,27.904],[94.144,28.104],[94.142,28.201],[94.023,28.377],[93.846,28.423],[93.463,28.384],[93.347,28.442],[93.102,28.421],[92.862,28.306],[92.747,28.394],[92.213,28.449],[91.976,28.542]]},"properties":{"name":null,"featurecla":"River","scalerank":9}},
{"type":"Feature","geometry":{"type":"LineString","coordinates":[[102.766,14.088],[102.866,14.062],[102.978,13.922],[102.962,13.674],[103.251,13.457],[103.282,13.354],[103.577,13.266]]},"properties":{"name":null,"featurecla":"River","scalerank":9}},
{"type":"Feature","geometry":{"type":"LineString","coordinates":[[103.132,12.125],[103.109,12.299],[103.305,12.292],[103.383,12.348],[103.642,12.296],[103.81,12.486],[103.915,12.519],[104.132,12.701]]},"properties":{"name":null,"featurecla":"River","scalerank":9}},
{"type":"Feature","geometry":{"type":"MultiLineString","coordinates":[[[76.825,32.327],[76.643,32.287],[76.458,32.447],[76.181,32.479],[76.083,32.615],[75.934,32.617],[75.839,32.507],[75.538,32.345],[75.31,32.154],[74.955,32.032],[74.828,32.026],[74.565,31.841],[74.516,31.738],[74.344,31.662],[74.202,31.498]],[[74.208,31.498],[74.043,31.416],[73.997,31.321],[73.79,31.259],[73.66,31.155],[73.39,31.095],[72.975,30.764],[72.763,30.717],[72.7,30.6],[72.496,30.629],[72.279,30.579],[71.775,30.614]]]},"properties":{"name":"Ravi","featurecla":"River","scalerank":9}},
{"type":"Feature","geometry":{"type":"LineString","coordinates":[[128.193,41.962],[128.964,42.089],[129.211,42.22],[129.243,42.379],[129.363,42.445],[129.517,42.391],[129.703,42.443],[129.761,42.746],[129.879,42.996],[130.121,42.982],[130.238,42.903],[130.243,42.744],[130.575,42.446],[130.7,42.295]]},"properties":{"name":"Tumen","featurecla":"River","scalerank":9}},
{"type":"Feature","geometry":{"type":"LineString","coordinates":[[111.336,66.111],[111.146,65.826],[111.694,65.812],[111.769,65.726],[112.189,65.733],[112.382,66.063],[113.131,66.224],[113.515,66.357],[113.595,66.452],[114.184,66.267],[114.44,66.221],[114.678,66.038],[114.659,65.952],[114.996,65.755],[115.276,65.693],[115.228,65.59],[115.582,65.427],[115.742,65.206],[116.154,65.165],[116.481,64.954],[116.619,64.768],[116.603,64.563],[116.84,64.452],[116.708,64.315],[116.489,64.305],[116.448,64.158],[116.791,64.103],[116.461,63.85],[116.399,63.675],[116.841,63.429],[116.999,63.512],[117.59,63.64],[118.353,63.726],[118.459,63.626],[118.81,63.575],[118.881,63.486]]},"properties":{"name":"Markha","featurecla":"River","scalerank":9}},
{"type":"Feature","geometry":{"type":"MultiLineString","coordinates":[[[-107.181,33.173],[-107.17,33.356]],[[-107.293,32.91],[-107.281,33.114]],[[-101.039,29.46],[-101.164,29.502],[-101.304,29.634]],[[-99.463,27.057],[-99.249,26.827],[-99.172,26.566]]]},"properties":{"name":"Rio Grande","featurecla":"Lake Centerline","scalerank":4}},
{"type":"Feature","geometry":{"type":"MultiLineString","coordinates":[[[-107.427,37.776],[-106.999,37.749],[-106.877,37.831],[-106.625,37.677],[-106.334,37.686],[-105.912,37.553],[-105.778,37.441],[-105.721,37.3],[-105.758,37.042],[-105.688,36.848],[-105.73,36.378],[-105.786,36.281],[-106.065,36.081],[-106.115,35.903],[-106.313,35.68],[-106.444,35.423],[-106.551,35.348],[-106.698,35.14],[-106.682,34.927],[-106.805,34.422],[-106.892,34.257],[-106.864,33.833],[-107.108,33.54],[-107.17,33.356]],[[-107.181,33.173],[-107.28,33.116]],[[-107.293,32.91],[-107.223,32.687],[-107.055,32.651],[-106.846,32.426],[-106.847,32.32],[-106.685,32.072],[-106.566,31.82]],[[-106.566,31.82],[-106.359,31.718],[-106.165,31.448],[-106.006,31.397],[-105.769,31.18],[-105.592,31.072],[-105.365,30.851],[-105.009,30.677],[-104.887,30.552],[-104.856,30.418],[-104.682,30.193],[-104.681,29.943],[-104.445,29.589],[-104.268,29.527],[-104.058,29.339],[-103.795,29.278],[-103.674,29.174],[-103.302,29.003],[-103.149,28.985],[-102.884,29.344],[-102.684,29.744],[-102.407,29.777],[-102.322,29.894],[-102.11,29.802],[-101.973,29.818],[-101.41,29.766],[-101.407,29.753],[-101.384,29.719],[-101.377,29.701],[-101.365,29.677],[-101.304,29.634]],[[-101.039,29.46],[-101.017,29.39],[-100.817,29.271],[-100.67,29.116],[-100.625,28.925],[-100.398,28.593],[-100.285,28.297],[-100.076,28.155],[-99.864,27.805],[-99.701,27.659],[-99.508,27.574],[-99.498,27.339],[-99.433,27.208],[-99.463,27.057]],[[-99.172,26.564],[-99.086,26.408],[-98.797,26.369],[-98.641,26.242],[-98.37,26.194],[-98.223,26.076],[-97.803,26.064],[-97.68,26.035],[-97.426,25.855],[-97.254,25.964],[-97.139,25.966]]]},"properties":{"name":"Rio Grande","featurecla":"River","scalerank":4}},
{"type":"Feature","geometry":{"type":"LineString","coordinates":[[134.499,52.557],[134.135,52.878],[134.188,52.979],[134.105,53.14],[133.95,53.172],[133.502,53.142],[133.199,53.228],[132.725,52.963],[132.507,52.946],[132.011,52.836],[131.591,52.818],[131.413,52.669],[131.052,52.562],[130.483,52.435],[129.941,52.426],[129.878,52.336],[129.434,52.159],[129.43,52.032],[129.177,51.827],[128.879,51.741]]},"properties":{"name":"Selemdzha","featurecla":"River","scalerank":9}},
{"type":"Feature","geometry":{"type":"LineString","coordinates":[[136.944,69.564],[137.54,69.554],[137.879,69.346],[137.809,69.221],[138.302,68.979],[138.569,68.927],[138.944,68.693],[139.206,68.42],[139.473,67.906],[140.01,67.722],[140.486,67.675],[141.038,67.733],[141.724,67.904],[142.728,67.948],[143.121,68.013],[144.129,67.93],[144.589,67.946],[144.969,67.859]]},"properties":{"name":"Selennyakh","featurecla":"River","scalerank":9}},
{"type":"Feature","geometry":{"type":"LineString","coordinates":[[128.207,66.241],[128.403,66.205],[128.83,66.376],[129.141,66.424],[129.441,66.735],[129.939,66.858],[129.963,67.047],[130.51,67.177],[130.613,67.386],[130.878,67.603],[131.162,67.683],[131.177,67.827],[131.543,68.001],[131.747,68.229],[132.599,68.469],[132.837,68.617],[133.463,68.695],[133.736,68.564],[134.032,68.592],[134.135,68.66],[134.285,68.66],[134.327,68.736],[134.43,68.75],[134.464,68.763]]},"properties":{"name":"Bytantay","featurecla":"River","scalerank":9}},
{"type":"Feature","geometry":{"type":"MultiLineString","coordinates":[[[131.288,57.382],[130.813,57.446],[130.6,57.577],[130.747,57.811],[131.149,57.902],[131.256,58.068],[131.169,58.249],[131.214,58.595],[130.923,58.551],[130.592,58.779]],[[134.122,55.805],[134.39,55.879],[134.512,56.115],[134.381,56.209],[134.141,56.159],[133.922,56.405],[134.108,56.826],[133.923,56.928],[133.548,56.998],[133.352,57.205],[132.804,57.285],[132.499,57.148],[132.434,57.016],[132.177,56.974],[132.066,57.105],[131.704,57.294],[131.269,57.38]]]},"properties":{"name":"Uchur","featurecla":"River","scalerank":9}},
{"type":"Feature","geometry":{"type":"LineString","coordinates":[[117.378,56.616],[117.823,56.685],[118.284,56.86],[118.347,56.982],[118.808,57.121],[118.909,57.331],[119.133,57.415],[118.874,57.557],[118.842,57.665],[118.489,57.932],[118.242,58.201],[118.311,58.336],[118.069,58.465],[118.198,58.737],[118.129,58.82],[118.328,58.97],[118.546,59.04],[118.818,58.978],[119.071,59.171],[119.39,59.186],[119.428,59.306],[119.19,59.414],[119.451,59.594],[119.389,59.794],[119.687,59.981],[119.972,59.991],[120.091,59.841],[120.418,59.879],[120.935,60.099],[121.016,60.228],[120.889,60.341]]},"properties":{"name":"Chara","featurecla":"River","scalerank":9}},
{"type":"Feature","geometry":{"type":"LineString","coordinates":[[145.73,66.337],[145.894,66.52],[145.873,66.676],[146.514,66.735],[146.622,66.816],[147.408,66.919],[148.025,66.81],[148.426,66.776],[149.287,66.543],[149.535,66.417],[149.886,66.41],[150.164,66.337],[150.184,66.214],[150.496,66.196],[151.062,66.234]]},"properties":{"name":"Ozhogina","featurecla":"River","scalerank":9}},
{"type":"Feature","geometry":{"type":"LineString","coordinates":[[127.742,47.732],[127.647,47.898],[127.354,48.182],[127.191,48.472],[127.077,48.532],[126.792,48.535],[126.459,48.615],[126.207,48.527],[126.025,48.561],[125.315,48.527],[124.828,48.456],[124.548,48.328]]},"properties":{"name":"Nemor","featurecla":"River","scalerank":9}},
{"type":"Feature","geometry":{"type":"LineString","coordinates":[[164.04,64.201],[164.749,64.14],[165.033,64.229],[165.462,64.195],[165.938,63.985],[166.274,63.941],[166.931,63.934],[167.254,64.002],[167.548,63.775],[167.868,63.621],[167.946,63.507],[167.877,63.136],[167.732,63.067],[167.176,62.941],[167.038,62.716],[166.836,62.603],[166.426,62.581],[166.231,62.441],[165.643,62.459]]},"properties":{"name":"Penzhina","featurecla":"River","scalerank":9}},
{"type":"Feature","geometry":{"type":"LineString","coordinates":[[115.556,33.198],[115.407,33.22],[115.193,33.339],[114.908,33.448],[114.657,33.605],[114.552,33.596],[114.253,33.709],[114.041,33.569],[113.671,33.62],[113.503,33.71],[113.35,33.64],[113.167,33.731],[112.677,33.736],[112.335,33.776]]},"properties":{"name":"Quan","featurecla":"River","scalerank":9}},
{"type":"Feature","geometry":{"type":"LineString","coordinates":[[130.08,43.896],[130.194,44.119],[130.373,44.34],[130.232,44.481],[130.376,44.628],[130.544,45.004],[130.668,45.093],[130.808,45.307],[130.93,45.343],[131.242,45.265],[131.75,45.345],[131.94,45.511],[132.323,45.699],[132.687,45.673],[133.105,45.753],[133.345,45.86],[133.51,45.873]]},"properties":{"name":"Muling","featurecla":"River","scalerank":9}},
{"type":"Feature","geometry":{"type":"LineString","coordinates":[[58.835,52.197],[58.764,52.03],[58.755,51.774],[58.631,51.695]]},"properties":{"name":"Ural","featurecla":"Lake Centerline","scalerank":4}},
{"type":"Feature","geometry":{"type":"MultiLineString","coordinates":[[[59.448,54.703],[59.423,54.492],[59.137,54.265],[59.067,54.052],[59.134,53.818],[59.262,53.622],[59.026,53.519],[59.032,53.328],[59.164,53.249],[58.874,52.875],[58.962,52.576],[59.133,52.507],[58.834,52.196]],[[58.631,51.695],[58.76,51.442],[58.647,51.234],[57.96,51.078],[57.454,51.173],[57.128,51.321],[56.84,51.373],[56.494,51.377],[55.625,51.72],[55.001,51.772],[54.68,51.758],[53.97,51.626],[53.745,51.557],[53.434,51.569],[53.307,51.494],[52.959,51.456],[52.789,51.505],[52.359,51.407],[51.954,51.395],[51.648,51.234],[51.364,51.164],[51.364,51.045],[51.184,50.873],[51.127,50.631],[51.164,50.487],[51.103,50.273],[51.294,50.169],[51.326,49.926],[51.45,49.857],[51.532,49.637],[51.727,49.42],[51.9,49.31],[51.964,49.171],[51.843,48.966],[51.817,48.642],[51.645,48.546],[51.555,48.277],[51.67,47.965],[51.608,47.633],[51.872,47.416],[51.937,47.18],[51.724,46.944]]]},"properties":{"name":"Ural","featurecla":"River","scalerank":4}},
{"type":"Feature","geometry":{"type":"LineString","coordinates":[[1.884,42.565],[1.876,42.417],[1.483,42.374],[1.352,42.291],[1.3,42.079],[1.187,41.934],[0.933,41.911],[0.6,41.58],[0.312,41.373]]},"properties":{"name":"Segre","featurecla":"River","scalerank":9}},
{"type":"Feature","geometry":{"type":"LineString","coordinates":[[-109.215,30.829],[-109.296,31.038],[-109.276,31.368],[-109.19,31.58]]},"properties":{"name":"Rio Batepito","featurecla":"River","scalerank":9}},
{"type":"Feature","geometry":{"type":"LineString","coordinates":[[-69.706,45.601],[-69.973,45.341],[-69.991,45.218],[-69.861,45.025],[-69.87,44.771],[-69.657,44.772],[-69.582,44.621],[-69.767,44.337],[-69.775,44.06]]},"properties":{"name":"Kennebec","featurecla":"River","scalerank":9}},
{"type":"Feature","geometry":{"type":"LineString","coordinates":[[-83.425,48.507],[-83.302,48.496],[-83.443,48.784],[-83.274,49.003],[-83.427,49.454],[-83.315,49.521],[-83.172,49.932],[-83.189,50.144],[-82.685,50.302],[-82.561,50.417],[-82.328,50.438],[-82.117,50.588],[-81.735,50.732],[-81.455,50.742]]},"properties":{"name":"Missinaibi","featurecla":"River","scalerank":9}},
{"type":"Feature","geometry":{"type":"LineString","coordinates":[[-51.164,-25.454],[-50.95,-25.329],[-50.935,-25.108],[-51.007,-24.957],[-51.175,-24.795],[-51.374,-24.742],[-51.464,-24.613],[-51.431,-24.357],[-51.583,-24.064],[-51.712,-23.941],[-51.904,-23.912],[-52.031,-23.736],[-52.368,-23.538],[-52.489,-23.342],[-53.024,-23.157],[-53.44,-23.209],[-53.621,-23.204],[-53.713,-23.285]]},"properties":{"name":"Ivaí","featurecla":"River","scalerank":9}},
{"type":"Feature","geometry":{"type":"LineString","coordinates":[[-55.02,-24.449],[-55.093,-24.297],[-55.366,-24.356],[-55.547,-24.306],[-55.819,-24.071],[-56.005,-24.029],[-56.15,-24.146],[-56.325,-24.131],[-56.551,-24.049],[-56.954,-24.088],[-57.079,-24.115],[-57.1,-24.135],[-57.134,-24.146],[-57.182,-24.147]]},"properties":{"name":"Jejui Guazu","featurecla":"River","scalerank":9}},
{"type":"Feature","geometry":{"type":"LineString","coordinates":[[-64.409,-32.157],[-64.131,-32.143],[-63.631,-32.244],[-63.4,-32.384],[-63.264,-32.417],[-62.945,-32.627]]},"properties":{"name":"Tercero","featurecla":"River","scalerank":9}},
{"type":"Feature","geometry":{"type":"LineString","coordinates":[[-46.232,-21.891],[-46.343,-21.848],[-46.643,-21.559],[-47.038,-21.62],[-47.194,-21.487],[-47.455,-21.342],[-47.537,-21.172],[-48.23,-20.855],[-48.319,-20.713],[-48.319,-20.59],[-48.48,-20.412],[-48.524,-20.233],[-48.633,-20.158]]},"properties":{"name":"Pardo","featurecla":"River","scalerank":9}},
{"type":"Feature","geometry":{"type":"LineString","coordinates":[[-72.995,-48.391],[-73.082,-48.205],[-73.351,-48.22]]},"properties":{"name":null,"featurecla":"River","scalerank":9}},
{"type":"Feature","geometry":{"type":"LineString","coordinates":[[33.229,6.678],[33.165,6.726],[33.018,6.98],[33.046,7.146],[32.975,7.315],[32.961,7.488],[33,7.673],[32.997,7.887]]},"properties":{"name":"Pibor","featurecla":"River","scalerank":9}},
{"type":"Feature","geometry":{"type":"MultiLineString","coordinates":[[[-102.437,53.982],[-102.434,53.982],[-102.381,53.966]],[[-103.421,53.652],[-103.632,53.621],[-103.891,53.481]],[[-100.322,53.593],[-100.323,53.591],[-100.11,53.473],[-99.996,53.24],[-99.787,53.191],[-99.549,53.244],[-99.33,53.159]],[[-99.247,53.189],[-98.978,53.27],[-98.139,53.409],[-97.914,53.519]]]},"properties":{"name":"Saskatchewan","featurecla":"Lake Centerline","scalerank":4}},
{"type":"Feature","geometry":{"type":"MultiLineString","coordinates":[[[-102.381,53.966],[-102.124,53.883],[-101.788,53.885],[-101.548,53.972],[-101.299,53.849],[-101.075,53.886],[-100.938,53.668],[-100.519,53.687],[-100.323,53.591]],[[-103.421,53.653],[-103.028,53.791],[-103.009,54.017],[-102.77,54.077],[-102.434,53.982]],[[-105.065,53.24],[-104.846,53.138],[-104.738,53.212],[-104.312,53.297],[-104.071,53.298],[-103.894,53.482]],[[-99.33,53.159],[-99.247,53.189]]]},"properties":{"name":"Saskatchewan","featurecla":"River","scalerank":4}},
{"type":"Feature","geometry":{"type":"MultiLineString","coordinates":[[[31.392,-4.778],[31.39,-4.844],[31.217,-4.965],[30.96,-4.993]],[[30.96,-4.993],[30.894,-5.08],[30.7,-5.138]]]},"properties":{"name":"Gombe","featurecla":"River","scalerank":9}},
{"type":"Feature","geometry":{"type":"LineString","coordinates":[[33.838,57.02],[34.182,57.028],[34.405,56.919],[34.716,57.065],[34.909,57.238],[35.027,57.018],[35.269,56.919],[35.59,56.968],[35.872,56.953],[35.962,56.873]]},"properties":{"name":"Tvertsa","featurecla":"River","scalerank":9}},
{"type":"Feature","geometry":{"type":"LineString","coordinates":[[35.188,68.205],[35.238,68.406],[35.384,68.492],[35.462,68.715]]},"properties":{"name":"Voronya","featurecla":"Lake Centerline","scalerank":9}},
{"type":"Feature","geometry":{"type":"MultiLineString","coordinates":[[[35.462,68.715],[35.826,69.201]],[[35.224,68.092],[35.188,68.205]]]},"properties":{"name":"Voronya","featurecla":"River","scalerank":9}},
{"type":"Feature","geometry":{"type":"LineString","coordinates":[[20.682,41.181],[20.639,41.321],[20.339,41.691],[20.326,41.911],[20.391,42.083],[20.27,42.181],[19.983,42.267],[19.874,42.143],[19.551,41.989],[19.647,41.832],[19.571,41.756]]},"properties":{"name":"Drin","featurecla":"River","scalerank":9}},
{"type":"Feature","geometry":{"type":"LineString","coordinates":[[-8.188,42.162],[-8.628,42.051],[-8.751,41.969]]},"properties":{"name":"Minho","featurecla":"River","scalerank":9}},
{"type":"Feature","geometry":{"type":"LineString","coordinates":[[19.48,42.066],[19.346,41.962],[19.365,41.852]]},"properties":{"name":"Bojana","featurecla":"River","scalerank":9}},
{"type":"Feature","geometry":{"type":"LineString","coordinates":[[92.198,22.504],[92.022,22.419],[91.908,22.425]]},"properties":{"name":null,"featurecla":"River","scalerank":9}},
{"type":"Feature","geometry":{"type":"LineString","coordinates":[[84.014,30.518],[83.93,30.624],[83.793,30.647],[83.697,30.495],[83.447,30.318],[83.343,30.293],[83.296,30.162],[83.536,29.939]]},"properties":{"name":null,"featurecla":"River","scalerank":9}},
{"type":"Feature","geometry":{"type":"LineString","coordinates":[[91.165,24.355],[91,24.162],[90.976,24.008]]},"properties":{"name":"Balak","featurecla":"Lake Centerline","scalerank":9}},
{"type":"Feature","geometry":{"type":"MultiLineString","coordinates":[[[94.259,25.461],[94.109,25.378],[93.889,25.482],[93.679,25.328],[93.518,25.151],[93.324,24.7],[93.221,24.659],[93.139,24.39],[93.046,24.445],[93.106,24.672],[93.029,24.79],[92.909,24.749],[92.734,24.9],[92.647,24.833],[92.308,25.027],[92.015,24.864],[91.703,24.932],[91.503,25.081],[91.371,25.024],[91.389,24.767],[91.182,24.488],[91.165,24.355]],[[90.976,24.008],[90.778,23.869],[90.715,23.65],[90.633,23.597]],[[90.734,23.659],[90.702,23.555]]]},"properties":{"name":"Balak","featurecla":"River","scalerank":9}},
{"type":"Feature","geometry":{"type":"LineString","coordinates":[[83.963,29.2],[83.898,28.998],[83.764,28.808],[83.589,28.654],[83.649,28.504],[83.569,28.348],[83.672,28.216],[83.549,28.061],[83.636,27.909],[83.825,27.876],[83.992,27.906],[84.268,27.846],[84.321,27.759],[84.103,27.537],[83.959,27.552],[83.834,27.434],[83.841,27.303],[84.02,27.174],[84.282,26.879],[84.426,26.605],[84.684,26.461],[84.898,26.208],[84.946,26.042],[85.173,25.828],[85.183,25.638]]},"properties":{"name":"Gandak","featurecla":"River","scalerank":9}},
{"type":"Feature","geometry":{"type":"LineString","coordinates":[[83.177,70.083],[83.421,70.019],[83.594,69.849],[84.514,69.63],[84.81,69.755],[85.195,69.799],[85.499,69.721],[86.069,69.49],[85.885,69.281],[86.101,69.07],[85.906,68.887],[86.306,68.649],[86.33,68.442],[86.564,68.307],[86.392,68.026],[86.581,67.869],[86.254,67.661],[86.355,67.474],[86.644,67.367],[86.748,66.821],[86.273,66.626],[86.911,66.61],[87.213,66.458],[87.485,66.381],[87.293,66.243],[87.33,66.15],[87.864,66.101],[87.911,65.954],[87.803,65.8],[88.037,65.688],[87.895,65.087],[87.759,64.774],[87.596,64.656],[87.54,64.062],[87.631,63.977],[87.328,63.693],[87.39,63.602],[87.283,63.345],[87.485,63.322],[88.056,63.088],[88.207,62.935],[88.441,62.858],[88.525,62.684],[89.001,62.312],[89.296,61.899],[89.758,61.743],[89.859,61.575],[90.099,61.472],[89.709,61.383],[89.613,61.197],[89.768,60.889],[90.01,60.69],[89.983,60.618],[90.181,60.3],[90.393,60.209],[90.641,60.008],[90.881,59.567],[91.315,59.292],[91.355,59.192],[91.641,59.087],[91.74,58.97],[92.096,58.79],[92.052,58.617],[92.142,58.474],[92.43,58.34],[92.573,58.176],[92.998,58.1]]},"properties":{"name":"Yenisey","featurecla":"River","scalerank":4}},
{"type":"Feature","geometry":{"type":"LineString","coordinates":[[92.813,12.9],[92.888,12.9]]},"properties":{"name":null,"featurecla":"River","scalerank":9}},
{"type":"Feature","geometry":{"type":"LineString","coordinates":[[92.779,12.31],[92.875,12.31]]},"properties":{"name":null,"featurecla":"River","scalerank":9}},
{"type":"Feature","geometry":{"type":"LineString","coordinates":[[92.765,12.18],[92.757,12.077]]},"properties":{"name":null,"featurecla":"River","scalerank":9}},
{"type":"Feature","geometry":{"type":"LineString","coordinates":[[116.522,32.499],[116.48,32.498],[116.333,32.568],[116.241,32.728],[115.848,32.891],[115.556,33.198]]},"properties":{"name":"Ying","featurecla":"River","scalerank":9}},
{"type":"Feature","geometry":{"type":"LineString","coordinates":[[-62.945,-32.627],[-62.586,-32.637],[-62.449,-32.697],[-62.351,-32.901],[-61.993,-32.966],[-61.829,-32.911],[-61.695,-33.095],[-61.335,-32.99],[-60.996,-32.698],[-60.769,-32.568]]},"properties":{"name":"Carcarañá","featurecla":"River","scalerank":9}},
{"type":"Feature","geometry":{"type":"LineString","coordinates":[[27.171,-18.465],[26.866,-18.241],[26.851,-18.137],[26.908,-17.991]]},"properties":{"name":"Gwayi","featurecla":"River","scalerank":9}},
{"type":"Feature","geometry":{"type":"LineString","coordinates":[[49.49,36.882],[49.711,37.111],[49.792,37.247],[49.909,37.276],[49.95,37.446]]},"properties":{"name":"Sefid","featurecla":"River","scalerank":9}},
{"type":"Feature","geometry":{"type":"LineString","coordinates":[[5.858,52.577],[6.133,52.421],[6.068,52.322],[6.208,52.095],[5.939,51.959]]},"properties":{"name":"IJssel","featurecla":"River","scalerank":4}},
{"type":"Feature","geometry":{"type":"LineString","coordinates":[[83.025,54.845],[82.642,54.636],[82.457,54.583],[82.075,54.373],[81.791,54.315],[81.534,54.104],[81.351,54.047],[81.334,53.886]]},"properties":{"name":"Ob","featurecla":"Lake Centerline","scalerank":4}},
{"type":"Feature","geometry":{"type":"MultiLineString","coordinates":[[[68.857,61.124],[69.449,61.295],[69.91,61.235],[70.354,61.301],[70.537,61.27],[70.928,61.305],[71.162,61.256],[71.717,61.273],[72.161,61.25],[72.44,61.304],[72.609,61.238],[73.814,61.233],[73.996,61.169],[74.275,61.223],[74.734,61.212],[75.152,61.115],[75.481,61.112],[76.14,61.007],[76.394,60.896],[76.59,60.924],[76.842,60.778],[77.478,60.691],[78.019,60.391],[78.32,60.415],[78.743,60.127],[79.032,60.032],[78.993,59.859],[79.176,59.787],[79.147,59.683],[79.316,59.528],[79.487,59.533],[79.764,59.433],[80.074,59.44],[80.247,59.255],[80.523,59.215],[80.867,59.081],[81.268,59.074],[81.525,58.951],[81.541,58.72],[81.868,58.689],[82.127,58.584],[82.414,58.376],[82.64,58.313],[82.939,58.319],[82.962,58.173],[83.191,58.126],[83.44,57.751],[83.697,57.704],[83.948,57.461],[83.939,57.356],[84.387,57.212],[84.436,56.911],[84.354,56.725],[84.077,56.516],[84.028,56.209],[83.907,56.106],[83.875,55.875],[83.538,55.543],[83.134,55.427],[82.86,55.389],[82.896,55.195],[82.836,55.064],[83.063,54.938],[83.025,54.845]],[[85.056,52.434],[84.433,52.418],[84.089,52.316],[83.745,52.377],[83.685,52.488],[83.699,52.789],[83.636,52.896],[83.829,53.41],[83.383,53.434],[83.177,53.526],[82.981,53.443],[82.644,53.42],[82.373,53.55],[82.358,53.616],[82.084,53.739],[81.79,53.79],[81.449,53.782],[81.334,53.886]]]},"properties":{"name":"Ob","featurecla":"River","scalerank":4}},
{"type":"Feature","geometry":{"type":"LineString","coordinates":[[-49.687,-3.835],[-49.644,-4.008],[-49.623,-4.336],[-49.488,-4.66],[-49.462,-4.866],[-49.315,-5.175],[-49.174,-5.346],[-48.937,-5.303]]},"properties":{"name":"Tocantins","featurecla":"Lake Centerline","scalerank":4}},
{"type":"Feature","geometry":{"type":"LineString","coordinates":[[-49.67,-2.676],[-49.732,-2.756],[-49.636,-3.203],[-49.645,-3.557],[-49.687,-3.835]]},"properties":{"name":"Tocantins","featurecla":"River","scalerank":4}},
{"type":"Feature","geometry":{"type":"MultiLineString","coordinates":[[[30.507,51.217],[30.53,51.188],[30.507,50.94],[30.468,50.8],[30.515,50.597]],[[31.44,50],[31.467,49.754]],[[33.194,49.094],[33.038,49.182],[32.504,49.337],[31.888,49.554],[31.886,49.555]],[[34.57,48.562],[34.455,48.649],[33.876,48.897],[33.537,49.002]],[[33.54,46.831],[33.943,47.229],[34.008,47.463],[34.584,47.567],[35.063,47.505],[35.148,47.555],[35.105,47.84],[35.106,47.842]]]},"properties":{"name":"Dnipro","featurecla":"Lake Centerline","scalerank":4}},
{"type":"Feature","geometry":{"type":"MultiLineString","coordinates":[[[33.391,54.917],[32.99,55.01],[32.74,54.928],[32.661,54.797],[32.445,54.674],[32.141,54.801],[31.719,54.762],[31.511,54.67],[31.292,54.711],[30.766,54.638],[30.474,54.55],[30.275,54.277],[30.384,53.968],[30.289,53.879],[30.254,53.557],[30.379,53.262],[30.288,53.118],[30.076,53.109],[30.078,52.834],[30.282,52.598],[30.344,52.399],[30.699,52.137],[30.81,51.919],[30.57,51.7],[30.534,51.554],[30.638,51.336],[30.507,51.217]],[[31.44,50],[31.04,50.009],[30.748,50.177],[30.584,50.357],[30.515,50.597]],[[31.888,49.554],[31.467,49.754],[31.462,49.757]],[[33.537,49.002],[33.194,49.094]],[[35.105,47.84],[35.198,48.223],[35.024,48.478],[34.797,48.485],[34.57,48.562]],[[32.646,46.65],[33.157,46.786],[33.343,46.771],[33.54,46.831]]]},"properties":{"name":"Dnipro","featurecla":"River","scalerank":4}},
{"type":"Feature","geometry":{"type":"MultiLineString","coordinates":[[[-108.334,52.734],[-108.026,52.57],[-107.864,52.556],[-107.396,52.34],[-106.995,52.378],[-106.861,52.632],[-106.473,52.898],[-106.202,53.148],[-105.575,53.236],[-105.065,53.24]],[[-117.132,52.014],[-116.97,52.098],[-116.838,51.993],[-116.423,52.038],[-116.459,52.205],[-116.213,52.426],[-115.984,52.41],[-115.727,52.455],[-114.948,52.373],[-115.098,52.741],[-115.187,52.803],[-115.203,53.044],[-115.027,53.067],[-114.789,53.324],[-114.53,53.311],[-114.384,53.403],[-114.025,53.324],[-113.71,53.358],[-113.56,53.529],[-113.382,53.554],[-113.097,53.817],[-112.735,54.051],[-112.48,53.989],[-112.264,54.059],[-111.959,53.906],[-111.818,53.922],[-111.665,53.776],[-111.149,53.745],[-110.918,53.854],[-110.616,53.845],[-110.335,53.66],[-109.816,53.548],[-109.64,53.577],[-109.467,53.373],[-109.265,53.378],[-109.085,53.283],[-108.864,53.039],[-108.334,52.837],[-108.328,52.734]]]},"properties":{"name":"North Saskatchewan","featurecla":"River","scalerank":4}},
{"type":"Feature","geometry":{"type":"LineString","coordinates":[[-12.088,10.59],[-11.978,10.508],[-11.796,10.559],[-11.74,10.787],[-11.589,10.899],[-11.616,11.015],[-11.473,11.245],[-11.344,11.279],[-11.095,11.516],[-11.074,11.612],[-10.806,11.626],[-10.614,11.968],[-10.33,12.191],[-10.345,12.41],[-10.225,12.622],[-10.197,12.776],[-10.339,12.962],[-10.351,13.152],[-10.508,13.245],[-10.795,13.237],[-10.728,13.42],[-10.763,13.567],[-10.875,13.722],[-10.851,13.814]]},"properties":{"name":"Bafing","featurecla":"River","scalerank":4}},
{"type":"Feature","geometry":{"type":"LineString","coordinates":[[13.524,7.777],[13.732,7.918],[13.709,8.062],[13.925,8.164],[13.999,8.291],[14,8.426],[13.907,8.533],[13.986,8.791],[13.846,8.931],[13.739,8.96],[13.689,9.111],[13.507,9.339],[13.386,9.243],[13.122,9.188],[12.972,9.316],[12.785,9.388],[12.576,9.247],[12.501,9.248],[12.285,9.511],[12.055,9.471],[12.025,9.469],[11.981,9.489],[11.924,9.491]]},"properties":{"name":"Bénoué","featurecla":"River","scalerank":4}},
{"type":"Feature","geometry":{"type":"LineString","coordinates":[[90.795,34.3],[91.066,34.341],[91.824,34.228],[91.978,34.137],[92.192,34.25],[92.585,34.21],[92.723,34.087],[92.993,34.1]]},"properties":{"name":"Tuotuo","featurecla":"River","scalerank":1}},
{"type":"Feature","geometry":{"type":"LineString","coordinates":[[39.173,38.424],[39.463,38.519],[39.739,38.371],[39.956,38.385],[40.191,38.2],[40.267,38.084],[40.257,37.839],[40.437,37.809],[40.843,37.831],[41.223,37.743],[41.764,37.755],[41.857,37.606],[41.828,37.47],[42.015,37.433],[42.353,37.227],[42.377,37.063]]},"properties":{"name":"Dicle","featurecla":"River","scalerank":4}},
{"type":"Feature","geometry":{"type":"LineString","coordinates":[[33.735,55.874],[33.907,55.719],[33.742,55.541],[33.573,55.547],[33.599,55.332],[33.39,54.999],[33.391,54.917]]},"properties":{"name":"Dnepre","featurecla":"River","scalerank":4}},
{"type":"Feature","geometry":{"type":"MultiLineString","coordinates":[[[54.207,68.209],[54.021,68.038],[53.345,67.869],[53.103,67.681],[52.818,67.69]],[[53.192,67.88],[53.615,68.037],[53.903,68.222]],[[52.587,67.708],[53.088,67.821],[53.02,67.982],[53.241,68.252]],[[52.818,67.69],[52.601,67.709],[52.145,67.59],[52.127,67.366],[52.237,67.158],[52.412,67.105],[52.334,66.74],[52.493,66.605],[52.438,66.371],[52.575,65.984],[52.27,65.823],[52.131,65.456],[52.933,65.333],[53.352,65.338],[53.657,65.441],[54.244,65.462],[54.517,65.673],[54.791,65.718],[55.096,65.905],[55.228,66.132],[55.829,66.322],[56.415,66.329],[56.686,66.054],[56.884,65.969],[56.682,65.766],[57.062,65.51],[57.001,65.152],[57.27,65.133],[57.661,64.868],[57.905,64.785],[57.794,64.576],[57.81,64.425],[57.531,64.234],[57.659,64.066],[57.169,63.838],[56.748,63.814],[56.552,63.459],[56.297,63.262],[55.885,63.161],[56.097,63.036],[56.398,62.698],[56.697,62.562],[56.726,62.085],[56.857,61.862],[57.173,61.692],[57.472,61.715],[57.745,61.816],[57.954,61.968],[58.337,62.106],[58.756,61.978],[58.938,62.072],[59.287,62.057]],[[52.818,67.69],[52.829,67.69]]]},"properties":{"name":"Pechora","featurecla":"River","scalerank":4}},
{"type":"Feature","geometry":{"type":"LineString","coordinates":[[-46.499,-20.321],[-46.351,-20.349],[-46.022,-20.346],[-45.872,-20.144],[-45.661,-20.13],[-45.575,-19.916],[-45.482,-19.827],[-45.493,-19.716],[-45.385,-19.446],[-45.28,-19.274],[-45.132,-19.198],[-45.089,-19.051]]},"properties":{"name":"Indaiá","featurecla":"River","scalerank":4}},
{"type":"Feature","geometry":{"type":"MultiLineString","coordinates":[[[160.758,68.564],[160.493,68.494],[159.72,68.575],[159.029,68.678],[158.487,68.801],[158.094,68.642],[157.992,68.449],[157.717,68.335],[157.645,68.13],[157.435,68.068],[156.92,68.027],[156.625,67.925],[156.169,67.98],[156.132,67.841],[156.402,67.758],[156.082,67.644],[155.629,67.602],[155.053,67.65],[154.782,67.575],[154.051,67.565],[153.926,67.497]],[[153.926,67.497],[153.502,67.399],[153.646,67.222],[153.104,67.161],[152.999,67.036],[152.744,66.958],[152.381,66.633],[151.882,66.529],[151.74,66.341],[151.406,66.212],[151.049,66.211],[150.725,66.117],[150.78,65.837],[151.287,65.513],[151.534,65.261],[151.752,65.211],[152.027,65.007],[152.507,64.82],[152.922,64.811],[153.23,64.699],[153.52,64.686],[154.006,64.751],[154.131,64.407],[154.358,64.35],[154.564,64.198],[154.33,64.068],[153.844,63.904],[153.598,63.899],[153.019,63.595],[152.891,63.424],[152.55,63.316],[152.602,63.202],[152.438,62.882],[152.503,62.752],[152.258,62.544],[152.011,62.446],[151.826,62.466],[151.539,62.605],[151.145,62.682],[150.801,62.666],[150.785,62.277],[150.452,62.077],[150.177,62.105],[149.602,61.881],[149.452,61.642],[149.086,61.713],[148.776,61.648],[148.676,62.002],[148.473,62.142],[148.141,62.058],[148.013,62.206],[147.366,62.325],[147.215,62.141],[147.388,61.977],[147.436,61.617],[146.743,61.427],[146.515,61.473],[146.185,61.739],[145.762,61.895],[145.216,61.856]]]},"properties":{"name":"Kolyma","featurecla":"River","scalerank":4}},
{"type":"Feature","geometry":{"type":"LineString","coordinates":[[97.983,28.425],[98.296,28.167],[98.345,27.756],[98.237,27.667],[98.021,27.722],[98.11,27.427],[98.357,27.036],[98.37,26.758],[98.288,26.505],[98.296,26.372],[98.117,25.893],[97.817,25.598],[97.668,25.715],[97.486,25.701]]},"properties":{"name":"Nmai","featurecla":"River","scalerank":4}},
{"type":"Feature","geometry":{"type":"MultiLineString","coordinates":[[[-73.796,8.15],[-73.762,8.459],[-73.83,8.644],[-73.808,8.817],[-74.044,9.055],[-74.153,9.049],[-74.238,9.154],[-74.431,9.267],[-74.523,9.24],[-74.629,9.376],[-74.806,9.487],[-74.781,9.631],[-74.878,9.87],[-74.812,9.985],[-74.944,10.137],[-74.924,10.254],[-74.807,10.51],[-74.729,10.584],[-74.725,10.9],[-74.859,11.132]],[[-76.507,1.943],[-76.223,1.883],[-76,2.027],[-75.865,2.055],[-75.704,2.162],[-75.699,2.258],[-75.586,2.354],[-75.594,2.453],[-75.498,2.635],[-75.365,2.762],[-75.256,3.087],[-75.253,3.286],[-75.107,3.529],[-75.101,3.611],[-74.886,3.936],[-74.809,4.279],[-74.817,4.466],[-74.763,4.8],[-74.742,5.27],[-74.66,5.458],[-74.591,5.918],[-74.58,6.216],[-74.413,6.404],[-74.387,6.626],[-74.109,6.79],[-73.888,7.02],[-73.937,7.254],[-73.908,7.51],[-73.831,7.61],[-73.816,7.779],[-73.872,8.007],[-73.79,8.15]]]},"properties":{"name":"Magdalena","featurecla":"River","scalerank":4}},
{"type":"Feature","geometry":{"type":"LineString","coordinates":[[-70.803,-36.529],[-70.796,-36.674],[-70.685,-36.844],[-70.631,-37.133],[-70.711,-37.27],[-70.654,-37.353],[-70.463,-37.344],[-70.233,-37.392],[-70.096,-37.501],[-70.021,-37.652],[-69.901,-37.677],[-69.82,-38.003],[-69.706,-38.199],[-69.68,-38.383],[-69.355,-38.595],[-69.117,-38.588],[-68.89,-38.373],[-68.705,-38.375],[-68.226,-38.697],[-68.014,-38.975]]},"properties":{"name":"Neuquén","featurecla":"River","scalerank":4}},
{"type":"Feature","geometry":{"type":"LineString","coordinates":[[103.922,25.879],[103.82,25.624],[103.866,25.553],[103.859,25.194],[103.696,25.031],[103.427,24.933],[103.38,25.022],[103.162,24.973],[103.167,24.831],[103.03,24.628],[103.12,24.551],[103.09,24.402],[103.125,24.056],[103.177,23.826],[103.546,23.879],[103.634,23.998],[103.639,24.175],[103.774,24.208],[103.955,24.442],[104.084,24.441],[104.372,24.571],[104.537,24.741],[104.729,24.631],[104.876,24.755],[105.012,24.797],[105.188,25.009],[105.38,24.957],[105.508,24.817],[105.788,24.716],[105.916,24.729],[106.001,24.648],[106.176,24.782],[106.155,24.96],[106.306,24.981],[106.587,25.104],[106.667,25.173],[106.97,25.235]]},"properties":{"name":"Nanpan","featurecla":"River","scalerank":4}},
{"type":"Feature","geometry":{"type":"LineString","coordinates":[[4.713,47.513],[4.576,47.863],[4.376,48.123],[4.16,48.212],[3.873,48.522],[3.655,48.549],[3.255,48.424],[3.113,48.401],[3.012,48.404],[2.863,48.382],[2.492,48.576],[2.392,48.685],[2.391,48.834],[2.177,48.985],[1.765,48.979],[1.547,49.046],[1.279,49.212],[1.115,49.412],[0.681,49.52],[0.493,49.494]]},"properties":{"name":"Seine","featurecla":"River","scalerank":4}},
{"type":"Feature","geometry":{"type":"MultiLineString","coordinates":[[[126.69,72.294],[126.966,71.969],[127.181,71.876],[127.138,71.729],[127.319,71.142],[127.507,71.055],[127.576,70.81],[126.902,70.533],[126.017,70.522],[125.758,70.423],[126.069,70.279],[125.87,70.101],[125.398,69.936],[125.16,69.914],[125.015,69.684],[124.622,69.336],[124.128,69.13],[123.982,68.974],[123.97,68.735],[123.816,68.395],[123.647,68.213],[123.197,68.051],[123.005,67.512],[123.303,67.19],[123.552,66.607],[123.697,66.503],[123.936,66.096],[124.305,65.783],[124.249,65.5],[124.523,65.131],[124.889,64.939],[125.15,64.909],[125.429,64.788],[125.528,64.624],[126.126,64.462],[126.391,64.429],[126.853,64.224],[126.893,64.207],[127.474,63.863],[128.027,63.737],[128.229,63.579],[128.48,63.509],[129.124,63.535],[129.398,63.479],[129.656,63.217],[129.586,63.065],[129.732,62.939],[129.878,62.592],[130.059,62.434],[129.902,62.225],[129.875,62.003],[129.534,61.657],[129.216,61.499],[128.597,61.264],[128.133,61.271],[127.173,61.099],[126.67,61.117],[126.206,61.056],[125.773,60.89],[125.028,60.77],[124.859,60.694],[124.345,60.669],[124.103,60.58],[123.801,60.604],[122.443,60.563],[121.768,60.575],[121.505,60.653],[121.197,60.652],[120.716,60.494],[120.654,60.407]],[[120.648,60.403],[120.242,60.394],[120.047,60.232],[119.542,60.274],[119.289,60.18],[119.035,59.974],[118.729,59.94],[118.46,59.751],[118.274,59.715],[117.72,59.868],[117.171,60.077],[117.005,60.306],[116.843,60.406],[116.155,60.536],[115.681,60.776],[114.967,60.771],[114.669,60.666],[114.192,60.27],[113.974,60.231],[113.676,59.995],[113.368,59.805],[112.837,59.691],[112.593,59.504],[112.561,59.351],[112.347,59.229],[111.979,59.185],[111.21,58.886],[111.216,58.762],[110.931,58.767],[110.928,58.657],[110.438,58.664],[109.787,58.562],[109.755,58.414],[109.466,58.211],[109.188,58.28],[108.611,58.065],[108.276,57.778],[107.747,57.616],[107.888,57.507],[107.586,57.409],[107.463,57.274],[107.27,57.26],[107.014,57.33],[106.851,57.059],[106.628,57.018],[106.234,57.024],[106.046,56.836],[105.805,56.815],[105.731,56.696],[106.131,56.698],[106.294,56.608],[106.275,56.471],[106.073,56.363],[105.819,56.352],[105.655,56.212],[105.874,56.016],[105.762,55.768],[105.554,55.573],[105.47,55.338],[105.341,55.189],[105.079,55.056],[105.067,54.865],[105.231,54.806],[105.248,54.646],[105.18,54.396],[105.336,54.347],[105.601,54.046],[105.846,54.001],[105.952,53.88],[106.422,53.842],[106.656,53.895],[107.174,53.875],[107.178,53.981],[107.403,54.054],[107.615,54.255],[107.813,54.294],[108.098,54.235],[108.075,54.048],[107.98,54.004]]]},"properties":{"name":"Lena","featurecla":"River","scalerank":1}},
{"type":"Feature","geometry":{"type":"LineString","coordinates":[[17.618,49.739],[17.879,49.637],[18.184,49.749],[18.328,49.95],[18.235,50.062],[18.237,50.269],[17.955,50.502],[17.841,50.758],[17.495,50.859],[17.132,51.104],[16.82,51.261],[16.491,51.228],[16.426,51.296],[16.456,51.566],[16.31,51.659],[16.107,51.665],[15.734,51.803],[15.773,51.979],[15.645,52.035],[15.216,52.075],[14.761,52.077],[14.686,52.121],[14.539,52.422],[14.613,52.593],[14.216,52.818],[14.144,52.96],[14.343,53.049],[14.377,53.177],[14.626,53.502],[14.596,53.598]]},"properties":{"name":"Oder","featurecla":"River","scalerank":4}},
{"type":"Feature","geometry":{"type":"MultiLineString","coordinates":[[[-106.381,39.222],[-106.205,38.975],[-106.069,38.562],[-105.714,38.37],[-105.437,38.479],[-104.998,38.408],[-104.769,38.261],[-104.272,38.253],[-104.191,38.199],[-103.799,38.136],[-103.468,38.03],[-103.246,38.101],[-102.907,38.093],[-102.33,38.124],[-101.392,37.892],[-101.039,37.997],[-100.81,37.956],[-100.365,37.809],[-100.16,37.792],[-99.837,37.699],[-99.57,37.7],[-99.352,37.956],[-99.09,38.18],[-98.775,38.351],[-98.586,38.344],[-98.134,38.161],[-97.953,38.043],[-97.398,37.786],[-97.183,37.404],[-97.119,37.118],[-96.929,37.018],[-96.869,36.75],[-97.059,36.687],[-96.979,36.473],[-96.741,36.56],[-96.695,36.439],[-96.257,36.223],[-96.027,36.151],[-95.852,35.942],[-95.65,35.904],[-95.6,35.78],[-95.366,35.815],[-95.232,35.73],[-95.042,35.45],[-94.827,35.348],[-94.498,35.321],[-94.403,35.452],[-94.289,35.362],[-94.145,35.448],[-93.873,35.505],[-93.763,35.392],[-93.463,35.429],[-93.093,35.179],[-92.928,35.192],[-92.498,34.974],[-92.436,34.849],[-92.162,34.731],[-92.176,34.582],[-92.06,34.325],[-91.636,34.145]],[[-91.636,34.145],[-91.449,34.086],[-91.319,33.96],[-91.198,33.957],[-91.134,33.829],[-91.066,33.793]]]},"properties":{"name":"Arkansas","featurecla":"River","scalerank":4}},
{"type":"Feature","geometry":{"type":"MultiLineString","coordinates":[[[-13.09,15.497],[-13.123,15.604],[-13.239,15.624],[-13.314,15.922],[-13.486,16.155],[-13.677,16.107],[-13.812,16.122],[-13.965,16.23],[-14.016,16.356],[-14.344,16.637],[-14.932,16.644],[-15.126,16.583],[-15.492,16.565],[-15.673,16.482],[-15.814,16.514],[-16.054,16.496],[-16.133,16.555],[-16.328,16.475],[-16.382,16.247],[-16.467,16.174],[-16.542,15.806]],[[-10.851,13.814],[-11.046,13.856],[-11.088,14.031],[-11.251,14.111],[-11.284,14.339],[-11.406,14.456],[-11.578,14.5],[-11.688,14.591],[-11.894,14.619],[-12.139,14.785],[-12.225,14.764],[-12.383,14.846],[-12.472,14.998],[-12.691,15.093],[-12.857,15.222],[-12.965,15.509],[-13.083,15.492]]]},"properties":{"name":"Sénégal","featurecla":"River","scalerank":4}},
{"type":"Feature","geometry":{"type":"LineString","coordinates":[[98,51.514],[97.754,51.5],[97.491,51.389],[97.191,51.363],[96.266,51.342],[96.144,51.397],[95.78,51.295]]},"properties":{"name":"Kyzyl-Khem","featurecla":"River","scalerank":4}},
{"type":"Feature","geometry":{"type":"LineString","coordinates":[[91.518,31.943],[91.555,31.772],[91.736,31.671],[91.813,31.414],[91.976,31.439],[92.09,31.296],[92.241,31.295],[92.438,31.464],[92.924,31.573],[93.102,31.541],[93.456,31.551],[93.768,31.489],[93.973,31.538],[94.183,31.48],[94.488,31.484],[94.635,31.135],[94.737,31.073],[94.967,31.185],[95.252,31.189],[95.432,31.129],[95.536,30.974],[95.761,30.953],[95.837,31.006],[96.255,30.892],[96.368,30.816],[96.444,30.566],[96.596,30.448]]},"properties":{"name":"Nu","featurecla":"River","scalerank":4}},
{"type":"Feature","geometry":{"type":"MultiLineString","coordinates":[[[42.377,37.063],[42.596,36.796],[42.892,36.706],[42.754,36.552],[42.922,36.493],[43.172,36.329],[43.303,36.141],[43.346,35.98],[43.309,35.795]],[[43.309,35.795],[43.241,35.645],[43.269,35.412],[43.388,35.214],[43.581,35.014],[43.522,34.933],[43.77,34.53],[43.823,34.236],[43.988,34.081],[44.271,34.047],[44.448,33.935],[44.391,33.638],[44.305,33.503],[44.402,33.284],[44.576,33.073],[44.926,32.917],[45.104,32.786],[45.279,32.766],[45.416,32.585],[45.661,32.564],[45.809,32.502]],[[45.807,32.511],[46.104,32.655],[46.349,32.528],[46.636,32.492],[46.748,32.367],[46.716,32.138],[46.867,32.055],[46.966,31.869],[47.135,31.864],[47.15,31.711],[47.426,31.387],[47.434,31.019]]]},"properties":{"name":"Tigris","featurecla":"River","scalerank":4}},
{"type":"Feature","geometry":{"type":"LineString","coordinates":[[46.34,60.749],[46.618,61.134],[46.591,61.287],[46.154,61.528],[45.685,61.64],[45.354,61.777],[44.96,62.231],[44.751,62.332],[44.323,62.344],[43.905,62.422],[43.632,62.597],[42.684,62.901],[42.579,63.036],[42.114,63.087],[42.036,63.339],[41.882,63.432],[41.886,63.591],[41.559,63.654],[41.421,63.75],[41.639,63.877],[41.786,64.294],[41.138,64.362],[40.531,64.555]]},"properties":{"name":"Severnaya Dvina","featurecla":"River","scalerank":4}},
{"type":"Feature","geometry":{"type":"LineString","coordinates":[[11.924,9.491],[11.737,9.499],[11.426,9.331],[11.263,9.199],[11.086,9.141],[10.98,9.036],[10.893,8.821],[10.753,8.719],[10.553,8.671],[10.284,8.672],[10.258,8.601],[10.02,8.346],[9.881,8.309],[9.531,8.098],[9.433,8.074],[9.319,7.952],[8.99,7.875],[8.918,7.812],[8.66,7.741],[8.521,7.74],[8.293,7.856],[7.968,7.964],[7.637,8.03],[7.286,8.028],[7.084,7.96],[6.767,7.786]]},"properties":{"name":"Benue","featurecla":"River","scalerank":4}},
{"type":"Feature","geometry":{"type":"LineString","coordinates":[[97.486,25.701],[97.497,25.549],[97.37,25.338],[97.274,25.301],[97.222,24.997],[97.035,24.803],[97.115,24.611],[97.122,24.373],[97.205,24.27],[97.147,24.17],[96.929,24.128],[96.782,24.29],[96.634,24.357],[96.455,24.309],[96.303,24.114],[96.29,23.97],[96.205,23.769],[96.035,23.585],[95.978,23.262],[95.965,22.769],[95.917,22.662],[95.985,22.55],[95.964,22.393],[96.051,21.956],[95.914,21.856],[95.776,21.932],[95.527,21.922],[95.387,21.733],[95.287,21.452],[95.142,21.314],[94.843,21.222],[94.82,20.972],[94.718,20.836],[94.829,20.496],[94.909,20.344],[94.938,20.088],[95.16,19.823],[95.138,19.727],[95.194,19.397],[95.126,18.951],[95.213,18.805],[95.08,18.667],[95.063,18.562],[95.21,18.363],[95.383,18.231],[95.45,18.033],[95.424,17.921],[95.459,17.84],[95.451,17.813],[95.45,17.77],[95.493,17.655],[95.566,17.614],[95.548,17.5],[95.67,17.408],[95.592,17.323],[95.636,17.073],[95.561,17.015],[95.612,16.88],[95.349,16.765],[95.266,16.538],[95.08,16.394],[94.992,16.251]]},"properties":{"name":"Ayeyarwady","featurecla":"River","scalerank":4}},
{"type":"Feature","geometry":{"type":"LineString","coordinates":[[-68.014,-38.975],[-67.918,-38.982],[-67.648,-39.079],[-67.54,-39.056],[-67.113,-39.142],[-66.609,-39.091],[-66.294,-39.125],[-66.014,-39.241],[-65.682,-39.268],[-65.491,-39.491],[-65.363,-39.698],[-65.368,-39.788],[-65.174,-39.872],[-64.982,-39.869],[-64.762,-40.014],[-64.568,-40.081],[-64.306,-40.072],[-64.101,-40.226],[-63.906,-40.317],[-63.805,-40.426],[-63.637,-40.476],[-63.388,-40.709],[-63.118,-40.746],[-62.862,-40.938],[-62.802,-41.042]]},"properties":{"name":"Negro","featurecla":"River","scalerank":4}},
{"type":"Feature","geometry":{"type":"LineString","coordinates":[[92.993,34.1],[93.128,34.226],[93.663,34.212],[93.814,34.273],[93.907,34.441],[94.058,34.553],[94.265,34.584],[94.351,34.671],[94.652,34.741],[94.883,34.701],[94.944,34.664],[94.967,34.671],[95.17,34.486],[95.358,34.46],[95.556,34.33],[95.707,34.129],[95.826,34.052],[95.987,33.843],[96.256,33.732],[96.352,33.762],[96.522,33.621],[96.701,33.547],[96.705,33.431],[96.828,33.314],[96.964,33.348],[97.019,33.225],[97.361,32.897],[97.43,32.7],[97.664,32.56],[98.014,32.464],[98.206,32.356],[98.22,32.252],[98.453,31.984],[98.421,31.878],[98.542,31.69]]},"properties":{"name":"Tongtian","featurecla":"River","scalerank":1}},
{"type":"Feature","geometry":{"type":"LineString","coordinates":[[8.881,47.656],[8.64,47.696],[8.594,47.601],[8.087,47.568],[7.819,47.596],[7.661,47.546],[7.521,47.671],[7.618,48.003],[7.572,48.095],[7.751,48.356],[7.81,48.615],[8.102,48.822],[8.23,48.965]]},"properties":{"name":"Rhin","featurecla":"River","scalerank":4}},
{"type":"Feature","geometry":{"type":"LineString","coordinates":[[6.031,51.88],[5.862,51.973],[5.331,51.963]]},"properties":{"name":"Nederrijn","featurecla":"River","scalerank":4}},
{"type":"Feature","geometry":{"type":"LineString","coordinates":[[5.331,51.963],[5.105,52.004],[4.681,51.898],[4.341,51.896],[4.098,51.989]]},"properties":{"name":"Lek","featurecla":"River","scalerank":4}},
{"type":"Feature","geometry":{"type":"LineString","coordinates":[[45.809,32.502],[45.931,32.407],[45.92,32.286],[46.016,32.149],[45.956,31.941],[46.09,31.823],[46.123,31.526],[46.273,31.276],[46.418,31.162],[46.399,31.032],[46.392,30.998],[46.366,30.964]]},"properties":{"name":"Gharraf Canal","featurecla":"River","scalerank":4}},
{"type":"Feature","geometry":{"type":"LineString","coordinates":[[95.78,51.295],[95.743,51.37],[95.42,51.555],[95.021,51.658],[94.465,51.734]]},"properties":{"name":"Malyy Yenisey","featurecla":"River","scalerank":4}},
{"type":"Feature","geometry":{"type":"LineString","coordinates":[[91.511,53.735],[91.459,53.932],[91.526,54.132],[91.294,54.382],[91.26,54.511],[90.934,54.667],[90.951,54.887],[91.035,55.002],[92.107,55.221],[92.408,55.503]]},"properties":{"name":"Verkhniy Yenisey","featurecla":"Lake Centerline","scalerank":4}},
{"type":"Feature","geometry":{"type":"MultiLineString","coordinates":[[[92.998,58.1],[92.971,58.058],[93.028,58.018],[93.131,58.025],[93.234,57.873],[93.327,57.564],[93.25,57.347],[93.448,57.223],[93.375,57.01],[93.474,56.834],[93.746,56.643],[93.774,56.521],[93.404,56.209],[92.929,56.013],[92.353,55.969],[92.244,55.852],[92.459,55.745],[92.504,55.629],[92.408,55.503]],[[94.465,51.734],[94.08,51.576],[93.498,51.569],[93.011,51.611],[92.788,51.578],[92.519,51.634],[92.148,51.782],[91.977,51.96],[92.343,52.169],[92.478,52.348],[92.203,52.621],[91.75,52.604],[91.668,52.702],[91.476,52.655],[91.324,52.769],[91.518,52.987],[91.475,53.154],[91.727,53.18],[91.959,53.374],[91.682,53.536],[91.511,53.735]]]},"properties":{"name":"Verkhniy Yenisey","featurecla":"River","scalerank":4}},
{"type":"Feature","geometry":{"type":"LineString","coordinates":[[96.596,30.448],[96.865,30.239],[97.223,30.104],[97.418,29.861],[97.438,29.702],[97.581,29.486],[97.898,29.328],[97.944,29.194],[98.082,29.019],[98.182,28.818],[98.359,28.678],[98.439,28.493],[98.485,28.13],[98.653,28.002],[98.675,27.771],[98.83,27.561],[98.809,27.462],[98.886,27.261],[98.869,27.174],[98.898,26.455],[98.837,25.92],[98.895,25.471],[98.843,25.073],[98.955,24.746],[99.049,24.68],[99.025,24.49],[99.101,24.268],[98.855,24.139],[98.493,24.047],[98.412,23.963],[98.473,23.814],[98.649,23.609],[98.59,23.504],[98.72,23.388],[98.724,23.262],[98.511,23.206],[98.565,23.076],[98.518,22.97],[98.542,22.709],[98.645,22.48],[98.569,22.288],[98.631,22.158],[98.756,22.063],[98.726,21.98],[98.555,21.879],[98.649,21.581],[98.569,21.514],[98.673,21.39],[98.703,21.179],[98.783,21.102],[98.741,20.992],[98.508,20.951]]},"properties":{"name":"Nu","featurecla":"River","scalerank":4}},
{"type":"Feature","geometry":{"type":"LineString","coordinates":[[106.97,25.241],[107.032,25.036],[107.156,25.009],[107.317,24.83],[107.31,24.696],[107.456,24.509],[107.608,24.214],[107.486,24.115],[107.521,24.003],[107.699,23.96],[107.841,23.74],[108.012,23.754],[108.163,23.836],[108.403,24.048],[108.567,24.008],[108.701,23.871],[108.87,23.829],[108.91,23.659],[109.211,23.728],[109.261,23.681],[109.529,23.796]]},"properties":{"name":"Hongshui","featurecla":"River","scalerank":4}},
{"type":"Feature","geometry":{"type":"LineString","coordinates":[[109.529,23.796],[109.664,23.659],[109.745,23.465],[110.089,23.405]]},"properties":{"name":"Quan","featurecla":"River","scalerank":4}},
{"type":"Feature","geometry":{"type":"LineString","coordinates":[[110.089,23.408],[110.221,23.589],[110.462,23.487],[110.786,23.472],[110.895,23.372],[111.071,23.453],[111.301,23.481]]},"properties":{"name":"Xun","featurecla":"River","scalerank":4}},
{"type":"Feature","geometry":{"type":"LineString","coordinates":[[32.016,3.614],[31.865,3.799],[31.61,4.055],[31.522,4.241],[31.533,4.499],[31.604,4.826],[31.764,5.236],[31.749,5.41],[31.796,5.533],[31.767,5.759],[31.541,6.126],[31.475,6.335],[31.318,6.622],[31.148,6.83]]},"properties":{"name":"Bahr el Jebel","featurecla":"River","scalerank":1}},
{"type":"Feature","geometry":{"type":"LineString","coordinates":[[8.23,48.965],[8.48,49.297],[8.494,49.442],[8.36,49.664],[8.439,49.726],[8.335,49.959],[8.174,50.046],[7.918,49.974],[7.588,50.241],[7.648,50.268],[7.591,50.332],[7.597,50.348],[7.606,50.364],[7.613,50.384],[7.581,50.411],[7.333,50.487],[7.175,50.699],[6.976,50.84],[6.969,51.024],[6.723,51.212],[6.719,51.507],[6.278,51.821],[5.996,51.885],[5.462,51.892],[5.374,51.818],[4.985,51.824]]},"properties":{"name":"Rhine","featurecla":"River","scalerank":4}},
{"type":"Feature","geometry":{"type":"MultiLineString","coordinates":[[[4.985,51.824],[4.676,51.719]],[[4.403,51.708],[4.078,51.844]]]},"properties":{"name":"Waal","featurecla":"River","scalerank":4}},
{"type":"Feature","geometry":{"type":"LineString","coordinates":[[-50.484,-12.846],[-50.362,-12.541],[-50.098,-12.337],[-50.128,-12.243],[-50.025,-12.051],[-49.897,-11.92],[-49.947,-11.798],[-49.894,-11.466],[-49.922,-11.167],[-49.991,-10.941],[-49.942,-10.539],[-49.942,-10.266],[-50.041,-9.966],[-50.161,-9.866],[-50.175,-9.73]]},"properties":{"name":"Braco Menor","featurecla":"River","scalerank":4}},
{"type":"Feature","geometry":{"type":"LineString","coordinates":[[98.508,20.951],[98.512,20.748],[98.65,20.485],[98.679,20.184],[98.234,19.999],[97.877,19.951],[97.663,19.705],[97.585,19.42],[97.539,19.392],[97.535,19.15],[97.432,18.82],[97.327,18.851],[97.379,18.521],[97.452,18.334],[97.56,18.328],[97.68,18.153],[97.754,17.969],[97.676,17.815],[97.76,17.406],[97.675,17.323],[97.613,17.056],[97.64,16.933],[97.605,16.684],[97.674,16.555]]},"properties":{"name":"Salween","featurecla":"River","scalerank":4}},
{"type":"Feature","geometry":{"type":"LineString","coordinates":[[-72.991,46.177],[-73.179,46.053]]},"properties":{"name":null,"featurecla":"River","scalerank":5}},
{"type":"Feature","geometry":{"type":"LineString","coordinates":[[-4.309,43.017],[-4.073,42.998],[-4.045,42.843],[-3.688,42.907],[-3.428,42.794],[-3.064,42.785],[-2.618,42.508],[-2.492,42.52],[-2.077,42.442],[-1.862,42.284],[-1.655,42.204],[-1.578,42.089],[-1.291,41.892],[-1.062,41.797],[-0.727,41.585],[-0.489,41.475],[-0.394,41.32],[0.005,41.272],[0.229,41.414],[0.354,41.256],[0.569,41.247],[0.657,41.077],[0.5,40.955],[0.63,40.721],[0.874,40.728]]},"properties":{"name":"Ebro","featurecla":"River","scalerank":5}},
{"type":"Feature","geometry":{"type":"MultiLineString","coordinates":[[[-94.507,47.456],[-94.508,47.457],[-94.637,47.44]],[[-94.326,47.406],[-94.094,47.433]]]},"properties":{"name":"Mississippi","featurecla":"Lake Centerline","scalerank":5}},
{"type":"Feature","geometry":{"type":"MultiLineString","coordinates":[[[-94.508,47.457],[-94.326,47.406]],[[-94.094,47.433],[-93.815,47.233],[-93.635,47.259],[-93.466,47.195],[-93.285,47.013],[-93.443,46.739],[-93.615,46.684],[-93.717,46.553],[-94.04,46.574],[-94.108,46.451],[-94.41,46.218],[-94.355,46.108],[-94.398,45.933],[-94.232,45.724],[-94.105,45.456],[-93.788,45.308],[-93.597,45.3],[-93.32,45.149],[-93.174,44.901],[-92.987,44.79],[-92.82,44.758],[-92.585,44.608],[-92.394,44.58],[-92.273,44.466],[-92.103,44.437],[-91.837,44.182],[-91.663,44.073],[-91.426,44.022],[-91.295,43.919],[-91.249,43.769],[-91.251,43.474],[-91.085,43.28],[-91.168,43.16],[-91.162,43.09],[-91.155,43.056],[-91.154,43.02],[-91.152,43.008],[-91.148,42.996],[-91.131,42.911],[-91.046,42.742],[-90.703,42.655],[-90.654,42.49],[-90.463,42.376],[-90.403,42.245],[-90.17,42.116],[-90.201,41.814],[-90.346,41.605],[-90.705,41.451],[-90.992,41.434],[-91.082,41.19],[-91.048,41.177],[-90.998,41.147],[-90.952,41.075],[-90.967,40.946],[-91.188,40.653],[-91.383,40.599],[-91.383,40.393],[-91.473,40.358],[-91.519,40.175],[-91.449,39.866],[-91.355,39.711],[-91.051,39.452],[-90.82,39.32],[-90.73,39.201],[-90.703,38.995],[-90.585,38.878],[-90.479,38.959],[-90.282,38.926],[-90.132,38.819]],[[-95.18,47.216],[-95.258,47.331],[-95.149,47.45],[-94.835,47.499],[-94.637,47.44]]]},"properties":{"name":"Mississippi","featurecla":"River","scalerank":5}},
{"type":"Feature","geometry":{"type":"LineString","coordinates":[[-92.206,18.241],[-92.279,18.406],[-92.422,18.508],[-92.483,18.659]]},"properties":{"name":"San Pedro y San Pablo","featurecla":"River","scalerank":7}},
{"type":"Feature","geometry":{"type":"LineString","coordinates":[[-90.655,16.617],[-90.649,16.53],[-90.4,16.348],[-90.46,16.259],[-90.449,16.079]]},"properties":{"name":"Rio Salinas","featurecla":"River","scalerank":7}},
{"type":"Feature","geometry":{"type":"LineString","coordinates":[[-90.655,16.617],[-90.736,16.747],[-91.068,16.918],[-91.291,17.189],[-91.443,17.238],[-91.431,17.389],[-91.498,17.558],[-91.375,17.579],[-91.384,17.716],[-91.513,17.807],[-91.703,17.72],[-91.819,17.885],[-91.954,17.868],[-92.059,18.095],[-92.164,18.1],[-92.206,18.241],[-92.484,18.313],[-92.67,18.43]]},"properties":{"name":"Usumacinta","featurecla":"River","scalerank":7}},
{"type":"Feature","geometry":{"type":"LineString","coordinates":[[-128.13,57.292],[-127.876,57.396],[-127.647,57.385],[-127.564,57.485],[-127.68,57.597],[-127.619,57.714],[-128.084,57.727],[-128.215,57.858],[-128.6,57.961],[-129.508,57.917],[-130.284,58.131],[-130.651,58.139],[-131.376,57.855],[-131.698,57.616],[-131.835,57.25],[-131.772,57.07],[-131.771,56.72],[-132.171,56.715],[-132.311,56.639]]},"properties":{"name":"Stikine","featurecla":"River","scalerank":5}},
{"type":"Feature","geometry":{"type":"LineString","coordinates":[[-84.77,11.118],[-84.84,11.108],[-85.108,11.293],[-85.419,11.653],[-85.871,12.098]]},"properties":{"name":"San Juan","featurecla":"Lake Centerline","scalerank":5}},
{"type":"Feature","geometry":{"type":"MultiLineString","coordinates":[[[-86.105,12.208],[-85.871,12.098]],[[-84.769,11.118],[-84.395,11.019],[-84.209,10.861],[-84.192,10.782],[-84.024,10.787],[-83.934,10.718],[-83.664,10.807],[-83.644,10.926]]]},"properties":{"name":"San Juan","featurecla":"River","scalerank":5}},
{"type":"Feature","geometry":{"type":"MultiLineString","coordinates":[[[98.542,31.69],[98.592,31.599],[98.885,31.354],[98.768,31.23],[98.62,31.188],[98.803,30.991],[98.775,30.902],[98.954,30.748],[98.905,30.664],[98.96,30.46],[98.987,30.144],[99.056,29.915],[98.987,29.651],[99.042,29.562],[99.062,29.308],[99.108,29.224],[99.117,28.709],[99.162,28.438],[99.399,28.126]],[[99.399,28.12],[99.45,27.906],[99.441,27.75],[99.653,27.318],[99.948,27.029],[100.238,27.342],[100.193,27.486],[100.296,27.691],[100.3,27.832],[100.42,27.838],[100.465,27.671],[100.449,27.499],[100.552,27.255],[100.454,27.03],[100.398,26.804],[100.461,26.403],[100.447,26.228],[100.901,26.171],[101.126,26.345],[101.423,26.393],[101.518,26.591],[101.806,26.601],[101.948,26.413],[101.917,26.211],[101.845,26.139],[101.839,25.983],[102.084,26],[102.252,26.229],[102.568,26.379],[102.61,26.26],[102.72,26.238],[102.878,26.365],[103.003,26.4],[103.058,26.536],[102.975,26.831],[102.901,26.925],[102.889,27.291],[102.977,27.389],[103.121,27.412],[103.218,27.567],[103.508,27.864],[103.434,28.068],[103.572,28.243],[103.709,28.216],[103.88,28.326],[103.795,28.531],[103.851,28.668]]]},"properties":{"name":"Jinsha","featurecla":"River","scalerank":1}},
{"type":"Feature","geometry":{"type":"MultiLineString","coordinates":[[[10.065,53.463],[9.826,53.55]],[[10.065,53.463],[9.819,53.54]],[[10.066,53.461],[10.065,53.463]],[[12.502,51.879],[12.03,51.87],[11.656,52.128],[11.704,52.238],[11.998,52.458],[12.019,52.875],[11.763,52.995],[11.225,53.153],[11.089,53.144],[10.739,53.308],[10.386,53.424],[10.065,53.463]],[[13.191,51.474],[12.849,51.672],[12.822,51.829],[12.502,51.879]],[[15.583,50.693],[15.737,50.466],[15.918,50.37]],[[15.918,50.37],[15.778,50.049],[15.19,50.04],[15.145,50.13],[14.684,50.182],[14.473,50.343],[14.36,50.47],[14.028,50.583],[14.198,50.699],[14.202,50.909],[13.908,50.964],[13.804,51.066],[13.562,51.117],[13.403,51.214],[13.184,51.474]]]},"properties":{"name":"Elbe","featurecla":"River","scalerank":5}},
{"type":"Feature","geometry":{"type":"MultiLineString","coordinates":[[[-97.103,64.761],[-97.288,64.707],[-97.62,64.768],[-98.424,64.644],[-98.731,64.499],[-99.095,64.556],[-99.766,64.591],[-100.029,64.657],[-100.221,64.572],[-100.795,64.604]],[[-101.811,64.411],[-101.536,64.493]],[[-96.273,64.301],[-95.906,64.21],[-95.448,64.158],[-95.018,64.169],[-94.644,64.054],[-94.225,64.076]],[[-104.834,63.071],[-104.706,63.27]]]},"properties":{"name":"Thelon","featurecla":"Lake Centerline","scalerank":5}},
{"type":"Feature","geometry":{"type":"MultiLineString","coordinates":[[[-97.103,64.761],[-96.575,64.658],[-96.474,64.434],[-96.273,64.301]],[[-101.536,64.493],[-100.877,64.557],[-100.795,64.604]],[[-94.224,64.076],[-93.766,63.993]],[[-104.706,63.27],[-104.673,63.379],[-104.296,63.812],[-103.968,63.908],[-103.496,64.309],[-102.686,64.289],[-102.597,64.162],[-102.142,64.202],[-101.851,64.322],[-101.811,64.411]],[[-105.942,62.356],[-105.166,62.454],[-104.624,62.432],[-104.526,62.524],[-104.786,62.699],[-104.856,62.829],[-104.834,63.071]]]},"properties":{"name":"Thelon","featurecla":"River","scalerank":5}},
{"type":"Feature","geometry":{"type":"MultiLineString","coordinates":[[[-95.497,64.051],[-95.448,64.158],[-95.447,64.158]],[[-95.878,63.656],[-96.442,63.598],[-96.952,63.637]],[[-97.459,63.157],[-97.288,63.514],[-97.287,63.514]],[[-102.66,62.76],[-102.601,62.553],[-102.735,62.411]],[[-101.526,62.664],[-101.541,62.833],[-101.7,62.947],[-102.035,62.925]],[[-98.35,62.616],[-98.258,62.725],[-97.72,62.769],[-97.63,62.979]],[[-101.831,62.52],[-101.781,62.307],[-101.366,62.35]],[[-100.552,62.355],[-100.054,62.216],[-99.828,62.202],[-99.618,62.301],[-99.617,62.3]],[[-101.318,62.345],[-101.163,62.367],[-100.735,62.356]],[[-102.919,62.319],[-102.707,62.165],[-103.013,62.026],[-103.158,61.836]],[[-103.22,61.681],[-103.447,61.366]]]},"properties":{"name":null,"featurecla":"Lake Centerline","scalerank":5}},
{"type":"Feature","geometry":{"type":"MultiLineString","coordinates":[[[-95.878,63.656],[-95.497,64.05]],[[-97.288,63.514],[-97.055,63.658]],[[-97.63,62.979],[-97.459,63.157]],[[-102.035,62.925],[-102.221,62.827],[-102.66,62.76]],[[-101.831,62.52],[-101.529,62.664]],[[-102.737,62.41],[-102.919,62.319]],[[-100.735,62.356],[-100.552,62.355]],[[-101.366,62.35],[-101.318,62.345]],[[-99.618,62.301],[-99.093,62.24],[-98.799,62.273],[-98.533,62.224],[-98.158,62.301],[-98.35,62.616]],[[-103.158,61.836],[-103.22,61.681]],[[-103.447,61.366],[-103.475,61.255],[-103.774,61.083],[-103.717,60.952]]]},"properties":{"name":null,"featurecla":"River","scalerank":5}},
{"type":"Feature","geometry":{"type":"MultiLineString","coordinates":[[[-105.816,40.176],[-105.861,40.165]],[[-110.368,37.898],[-110.478,37.672],[-110.586,37.599],[-110.733,37.348],[-110.812,37.318],[-110.952,37.134],[-111.149,37.112],[-111.473,36.932]],[[-114.741,36.013],[-114.555,36.16],[-114.348,36.14],[-114.234,36.024],[-114.084,36.158],[-113.781,36.041],[-113.636,35.831]],[[-114.591,35.353],[-114.668,35.517],[-114.645,35.631]],[[-114.377,34.54],[-114.364,34.467],[-114.125,34.317]]]},"properties":{"name":"Colorado","featurecla":"Lake Centerline","scalerank":5}},
{"type":"Feature","geometry":{"type":"MultiLineString","coordinates":[[[-105.846,40.404],[-105.816,40.176]],[[-105.861,40.165],[-106.141,40.08],[-106.382,40.077],[-106.57,39.963],[-106.909,39.895],[-107.122,39.638],[-107.288,39.582],[-107.798,39.579],[-108.2,39.353],[-108.341,39.129],[-108.491,39.076],[-108.925,39.216],[-109.248,38.981],[-109.327,38.75],[-109.532,38.625],[-109.804,38.237],[-109.851,38.194],[-110.018,38.082],[-110.068,38.001],[-110.134,37.998],[-110.209,37.894],[-110.368,37.898]],[[-111.473,36.932],[-111.609,36.844],[-111.841,36.525],[-111.857,36.315],[-111.806,36.148],[-111.941,36.056],[-112.223,36.117],[-112.355,36.256],[-112.513,36.278],[-112.5,36.4],[-112.877,36.28]],[[-112.876,36.28],[-112.877,36.28]],[[-112.877,36.28],[-112.881,36.28]],[[-112.877,36.28],[-113.179,36.158],[-113.339,36.04],[-113.35,35.762],[-113.636,35.831]],[[-114.741,36.013],[-114.667,35.874],[-114.645,35.631]],[[-114.591,35.353],[-114.636,35.137],[-114.617,34.879],[-114.494,34.753],[-114.379,34.541]],[[-114.125,34.314],[-114.382,34.124],[-114.522,33.941],[-114.536,33.562],[-114.718,33.417],[-114.697,33.089],[-114.474,32.985],[-114.458,32.877],[-114.536,32.738],[-114.721,32.724]],[[-114.721,32.724],[-114.833,32.492],[-114.906,32.492],[-115.057,32.232],[-115.18,32.191],[-115.213,32.061],[-115.035,31.966]]]},"properties":{"name":"Colorado","featurecla":"River","scalerank":5}},
{"type":"Feature","geometry":{"type":"MultiLineString","coordinates":[[[-49.385,-19.98],[-49.547,-19.93],[-49.882,-19.931],[-50.152,-19.86],[-50.364,-19.859],[-50.365,-19.858]],[[-50.994,-20.102],[-50.871,-19.994],[-50.699,-19.937],[-50.584,-19.821],[-50.582,-19.82]],[[-47.073,-20.284],[-46.68,-20.516],[-46.587,-20.623]],[[-45.221,-21.063],[-45.386,-21.049],[-45.681,-20.854],[-45.76,-20.698],[-45.936,-20.728],[-46.326,-20.667]],[[-44.387,-21.465],[-44.616,-21.318]]]},"properties":{"name":"Grande","featurecla":"Lake Centerline","scalerank":5}},
{"type":"Feature","geometry":{"type":"MultiLineString","coordinates":[[[-50.364,-19.859],[-50.457,-19.781],[-50.584,-19.821]],[[-47.073,-20.284],[-47.224,-20.215],[-47.439,-20.036],[-47.469,-19.959],[-47.653,-20.029],[-47.842,-19.979],[-48.072,-20.151],[-48.168,-20.103],[-48.844,-20.164],[-48.971,-20.23],[-49.042,-20.143],[-49.149,-20.295],[-49.299,-20.144],[-49.273,-19.968],[-49.385,-19.98]],[[-46.326,-20.667],[-46.587,-20.623]],[[-44.616,-21.318],[-44.709,-21.209],[-44.813,-21.204],[-44.956,-21.102],[-45.143,-21.163],[-45.221,-21.063]],[[-44.45,-22.155],[-44.255,-22.011],[-44.201,-21.88],[-44.066,-21.767],[-44.184,-21.493],[-44.387,-21.465]]]},"properties":{"name":"Grande","featurecla":"River","scalerank":5}},
{"type":"Feature","geometry":{"type":"MultiLineString","coordinates":[[[-2.734,40.528],[-2.733,40.528],[-2.577,40.724]],[[-5.996,39.852],[-5.803,39.792],[-5.544,39.828],[-5.217,39.812],[-5.215,39.812]]]},"properties":{"name":"Tajo","featurecla":"Lake Centerline","scalerank":5}},
{"type":"Feature","geometry":{"type":"MultiLineString","coordinates":[[[-1.66,40.556],[-1.683,40.763],[-1.925,40.859],[-2.328,40.802],[-2.577,40.724]],[[-2.733,40.528],[-2.82,40.388],[-3.149,40.098],[-3.288,40.053],[-3.658,40.033],[-4.037,39.866],[-4.184,39.893],[-4.328,39.826],[-4.725,39.986],[-4.845,39.961],[-5.003,39.81],[-5.217,39.812]],[[-5.996,39.852],[-6.436,39.734],[-6.627,39.79],[-6.823,39.782],[-7.118,39.682]]]},"properties":{"name":"Tajo","featurecla":"River","scalerank":5}},
{"type":"Feature","geometry":{"type":"LineString","coordinates":[[18.81,49.925],[18.937,49.932]]},"properties":{"name":"Vistula","featurecla":"Lake Centerline","scalerank":5}},
{"type":"Feature","geometry":{"type":"MultiLineString","coordinates":[[[18.937,49.932],[19.122,49.965],[19.229,50.069],[19.767,49.98],[19.989,50.062],[20.163,50.041],[20.599,50.151],[20.771,50.274],[21.181,50.338],[21.435,50.487],[21.595,50.525],[21.849,50.779],[21.772,51.151],[21.976,51.343],[21.821,51.563],[21.475,51.666],[21.376,51.828],[21.229,51.906],[21.202,52.104],[20.898,52.368],[20.685,52.423],[20.383,52.382],[20.028,52.389],[19.382,52.632],[19.056,52.675],[18.669,53.013],[18.176,53.095],[18.372,53.352],[18.681,53.44],[18.886,53.879],[18.822,54.091],[18.954,54.359]],[[18.879,49.644],[18.81,49.925]]]},"properties":{"name":"Vistula","featurecla":"River","scalerank":5}},
{"type":"Feature","geometry":{"type":"LineString","coordinates":[[-122.396,40.831],[-122.369,40.763],[-122.411,40.721]]},"properties":{"name":"Sacramento","featurecla":"Lake Centerline","scalerank":5}},
{"type":"Feature","geometry":{"type":"MultiLineString","coordinates":[[[-122.425,41.254],[-122.256,41.229],[-122.411,40.99],[-122.396,40.831]],[[-122.411,40.721],[-122.439,40.623],[-122.342,40.505],[-122.187,40.437],[-122.046,39.828],[-121.942,39.706],[-122.012,39.344],[-121.8,39.022],[-121.827,38.955],[-121.72,38.86],[-121.67,38.768],[-121.64,38.78],[-121.608,38.782],[-121.581,38.659]],[[-121.581,38.659],[-121.491,38.604],[-121.506,38.257],[-121.689,38.148]]]},"properties":{"name":"Sacramento","featurecla":"River","scalerank":5}},
{"type":"Feature","geometry":{"type":"LineString","coordinates":[[31.043,59.951],[31.17,59.957],[31.414,60.235]]},"properties":{"name":"Neva","featurecla":"Lake Centerline","scalerank":5}},
{"type":"Feature","geometry":{"type":"LineString","coordinates":[[31.043,59.951],[30.936,59.847],[30.661,59.808],[30.39,59.958],[30.22,59.916]]},"properties":{"name":"Neva","featurecla":"River","scalerank":5}},
{"type":"Feature","geometry":{"type":"MultiLineString","coordinates":[[[-87.975,35.945],[-87.927,36.144],[-88.056,36.43],[-88.057,36.644],[-88.193,36.918],[-88.283,37.022]],[[-86.899,34.575],[-87.193,34.754],[-87.53,34.833],[-87.7,34.773]]]},"properties":{"name":"Tennessee","featurecla":"Lake Centerline","scalerank":5}},
{"type":"Feature","geometry":{"type":"MultiLineString","coordinates":[[[-88.283,37.022],[-88.586,37.09]],[[-83.969,35.87],[-84.19,35.766],[-84.36,35.754],[-84.527,35.853],[-84.774,35.681],[-84.798,35.57],[-84.979,35.457],[-85.131,35.168],[-85.459,35.036],[-85.683,35.025],[-85.756,34.897],[-86.049,34.583],[-86.312,34.389],[-86.647,34.559],[-86.899,34.575]],[[-87.7,34.773],[-87.852,34.76],[-87.965,34.886],[-88.162,34.957],[-88.317,35.161],[-88.276,35.277],[-88.02,35.431],[-87.971,35.534],[-88.03,35.737],[-87.975,35.945]]]},"properties":{"name":"Tennessee","featurecla":"River","scalerank":5}},
{"type":"Feature","geometry":{"type":"LineString","coordinates":[[31.148,6.83],[30.852,7.029],[30.755,7.143],[30.5,7.649],[30.536,7.824],[30.308,8.192],[30.36,8.46],[30.275,8.559],[30.207,9.028],[30.364,9.226],[30.325,9.348],[30.523,9.54],[31.004,9.499],[31.125,9.432]]},"properties":{"name":"Bahr el Jebel","featurecla":"River","scalerank":1}},
{"type":"Feature","geometry":{"type":"MultiLineString","coordinates":[[[61.76,46.021],[61.562,46.11]],[[68.456,41.107],[68.046,41.153],[67.965,41.25]],[[70.355,40.435],[70.306,40.35],[69.827,40.273]]]},"properties":{"name":"Syr  Darya","featurecla":"Lake Centerline","scalerank":5}},
{"type":"Feature","geometry":{"type":"MultiLineString","coordinates":[[[61.562,46.11],[61.257,46.039],[61.077,46.046],[60.878,46.137]],[[67.965,41.25],[68.116,41.458],[68.034,41.756],[68.241,42.118],[68.274,42.415],[68.191,42.53],[68.261,42.641],[68.233,42.804],[68.107,42.975],[67.838,43.092],[67.808,43.33],[67.659,43.375],[67.167,43.922],[66.924,44.004],[66.802,43.944],[66.525,44.025],[66.423,44.237],[66.118,44.476],[65.957,44.491],[65.81,44.732],[65.622,44.738],[65.345,44.923],[64.993,45.024],[64.772,44.998],[64.511,45.076],[64.237,45.306],[64.114,45.471],[63.89,45.497],[63.91,45.62],[63.689,45.752],[63.304,45.614],[63.145,45.602],[63.042,45.704],[62.661,45.724],[62.526,45.779],[62.105,45.751],[61.955,45.673],[61.736,45.752],[61.76,46.021]],[[69.827,40.273],[69.316,40.215],[69.116,40.331],[69.054,40.658],[68.74,40.845],[68.456,41.107]]]},"properties":{"name":"Syr  Darya","featurecla":"River","scalerank":5}},
{"type":"Feature","geometry":{"type":"LineString","coordinates":[[73.3,41.776],[73.003,41.813],[72.81,41.794],[72.654,41.667]]},"properties":{"name":"Naryn","featurecla":"Lake Centerline","scalerank":5}},
{"type":"Feature","geometry":{"type":"MultiLineString","coordinates":[[[77.737,41.88],[77.935,41.896],[77.981,41.802],[77.717,41.582],[77.566,41.525],[76.606,41.476],[76.487,41.507],[76.092,41.449],[75.812,41.463],[75.605,41.383],[75.229,41.448],[74.642,41.409],[74.495,41.441],[74.257,41.373],[74.011,41.431],[73.868,41.719],[73.584,41.805],[73.45,41.77],[73.298,41.776]],[[72.654,41.667],[72.248,41.441],[72.136,41.174],[71.9,40.99],[71.644,40.89],[71.062,40.859],[70.83,40.742],[70.355,40.435]]]},"properties":{"name":"Naryn","featurecla":"River","scalerank":5}},
{"type":"Feature","geometry":{"type":"LineString","coordinates":[[-121.951,42.475],[-121.807,42.25]]},"properties":{"name":"Klamath","featurecla":"Lake Centerline","scalerank":5}},
{"type":"Feature","geometry":{"type":"MultiLineString","coordinates":[[[-121.807,42.25],[-121.999,42.161],[-122.209,41.994],[-122.401,41.983],[-122.635,41.851],[-122.789,41.901],[-123.038,41.812],[-123.134,41.855],[-123.374,41.8],[-123.516,41.593],[-123.484,41.383],[-123.61,41.227],[-123.78,41.277]],[[-123.78,41.277],[-123.949,41.502],[-124.068,41.539]]]},"properties":{"name":"Klamath","featurecla":"River","scalerank":5}},
{"type":"Feature","geometry":{"type":"MultiLineString","coordinates":[[[-111.28,58.788],[-111.016,58.691]],[[-111.016,58.691],[-111.075,58.505]]]},"properties":{"name":"Athabasca","featurecla":"Lake Centerline","scalerank":5}},
{"type":"Feature","geometry":{"type":"MultiLineString","coordinates":[[[-111.28,58.788],[-111.28,58.944],[-111.411,59.005]],[[-114.042,55.168],[-113.729,55.254],[-113.57,55.161],[-113.399,54.941],[-113.358,54.763]],[[-113.35,54.763],[-113.358,54.763]],[[-113.358,54.763],[-113.193,54.883],[-112.898,54.976],[-112.805,55.239],[-112.681,55.309],[-112.787,55.614],[-112.611,55.733],[-112.665,55.907],[-112.531,56.213],[-112.734,56.428],[-112.398,56.572],[-112.192,56.545],[-111.819,56.579],[-111.446,56.709],[-111.452,56.99],[-111.595,57.123],[-111.638,57.428],[-111.39,57.711],[-111.418,57.953],[-111.359,58.19],[-111.486,58.258],[-111.473,58.446],[-111.075,58.505]],[[-115.44,54.154],[-115.235,54.159],[-114.863,54.328],[-114.64,54.33],[-114.339,54.516],[-114.275,54.818],[-114.049,55.168]],[[-117.585,52.179],[-117.683,52.564],[-118.062,52.881],[-118.095,53.052],[-117.86,53.312],[-117.396,53.52],[-117.176,53.669],[-117.203,53.806],[-117.077,53.94],[-116.737,54.123],[-116.265,54.251],[-115.986,54.182],[-115.44,54.154]]]},"properties":{"name":"Athabasca","featurecla":"River","scalerank":5}},
{"type":"Feature","geometry":{"type":"LineString","coordinates":[[31.414,60.235],[31.655,60.465],[31.998,60.559],[32.229,60.683],[32.738,60.569],[32.789,60.471],[32.795,60.473]]},"properties":{"name":"Svir","featurecla":"Lake Centerline","scalerank":5}},
{"type":"Feature","geometry":{"type":"LineString","coordinates":[[32.789,60.471],[33.047,60.52],[33.366,60.731],[33.656,60.759],[33.913,60.976],[34.109,60.915],[34.825,61.02]]},"properties":{"name":"Svir","featurecla":"River","scalerank":5}},
{"type":"Feature","geometry":{"type":"LineString","coordinates":[[-1.713,8.631],[-1.541,8.671],[-1.378,8.762],[-1.243,8.676],[-0.976,8.662]]},"properties":{"name":"Mouhoun","featurecla":"Lake Centerline","scalerank":5}},
{"type":"Feature","geometry":{"type":"LineString","coordinates":[[-5.263,11.139],[-5.159,11.12],[-5.026,11.258],[-4.879,11.282],[-4.66,11.447],[-4.575,11.386],[-4.434,11.494],[-4.212,11.561],[-4.18,11.664],[-4.016,11.865],[-3.899,12.085],[-3.817,12.163],[-3.707,12.393],[-3.591,12.393],[-3.513,12.675],[-3.249,12.677],[-3.239,12.525],[-2.957,12.348],[-2.793,12.109],[-2.896,12.104],[-2.761,11.725],[-2.851,11.474],[-2.796,11.218],[-2.816,10.929],[-2.933,10.634],[-2.815,10.394],[-2.834,10.306],[-2.741,9.813],[-2.792,9.741],[-2.762,9.566],[-2.676,9.472],[-2.66,9.273],[-2.775,9.055],[-2.661,9.015],[-2.596,8.828],[-2.39,8.581],[-2.285,8.313],[-2.131,8.158],[-1.956,8.169],[-1.892,8.25],[-1.913,8.419],[-1.879,8.587],[-1.713,8.631]]},"properties":{"name":"Mouhoun","featurecla":"River","scalerank":5}},
{"type":"Feature","geometry":{"type":"LineString","coordinates":[[-0.976,8.662],[-0.734,8.343],[-0.483,8.147],[-0.318,8.115],[-0.179,8.004],[-0.058,7.754],[0.004,7.734],[0.136,7.401],[0.237,7.342],[0.201,6.935],[0.146,6.856],[0.207,6.694],[0.13,6.624],[0.103,6.338]]},"properties":{"name":"Volta","featurecla":"Lake Centerline","scalerank":5}},
{"type":"Feature","geometry":{"type":"LineString","coordinates":[[0.103,6.338],[0.097,6.138],[0.335,6.041],[0.433,6.078],[0.609,5.965],[0.672,5.761]]},"properties":{"name":"Volta","featurecla":"River","scalerank":5}},
{"type":"Feature","geometry":{"type":"LineString","coordinates":[[-54.609,-14.984],[-54.31,-14.888],[-54.185,-14.744],[-53.946,-14.788],[-53.731,-14.609],[-53.606,-14.561],[-53.383,-14.099],[-53.392,-14.018],[-53.305,-13.778],[-53.161,-13.609],[-53.061,-13.291],[-52.95,-13.159],[-52.845,-12.849],[-52.979,-12.661],[-52.979,-12.576],[-53.144,-12.334],[-53.298,-12.219],[-53.383,-12.038],[-53.569,-11.894],[-53.609,-11.701],[-53.444,-11.444]]},"properties":{"name":"Culuene","featurecla":"River","scalerank":5}},
{"type":"Feature","geometry":{"type":"MultiLineString","coordinates":[[[73.652,20.013],[73.975,19.988],[74.057,20.048],[74.509,19.889],[74.561,19.812],[74.759,19.761],[74.829,19.672],[75.161,19.596],[75.437,19.421],[75.907,19.317],[76.093,19.314],[76.361,19.233],[76.465,19.066],[76.737,18.977],[76.976,19.099],[77.134,19.067],[77.362,19.158],[77.477,19.012],[77.709,18.877],[77.945,18.83],[78.215,19.002],[78.549,18.946],[78.71,19.033],[79.012,19.081],[79.162,18.889],[79.293,18.814],[79.39,18.857],[79.641,18.734],[79.814,18.722],[79.854,18.814],[80.002,18.786],[80.091,18.698],[80.303,18.705],[80.389,18.478],[80.521,18.262],[80.697,18.159],[80.896,17.923],[80.886,17.656],[81.116,17.608],[81.293,17.497],[81.499,17.467],[81.671,17.306],[81.65,17.207],[81.75,17.031],[81.73,16.915],[81.864,16.578],[81.712,16.312]],[[81.759,16.955],[81.849,16.772],[82.089,16.683],[82.343,16.701]]]},"properties":{"name":"Godävari","featurecla":"River","scalerank":5}},
{"type":"Feature","geometry":{"type":"LineString","coordinates":[[31.125,9.432],[31.42,9.343],[31.584,9.412],[31.669,9.62],[31.965,9.761],[32.125,9.919],[32.266,10.12],[32.232,10.43],[32.098,10.47],[32.136,10.585],[32.301,10.749],[32.425,10.805],[32.653,11.071],[32.646,11.331],[32.761,11.679],[32.729,12.292],[32.804,12.567],[32.756,12.931],[32.81,13.037],[32.749,13.167],[32.577,13.357],[32.614,13.57],[32.358,13.887],[32.162,14.409],[32.225,14.747],[32.428,14.988],[32.489,15.346],[32.453,15.508],[32.476,15.571],[32.485,15.623],[32.49,15.635]]},"properties":{"name":"El Bahr el Abyad","featurecla":"River","scalerank":1}},
{"type":"Feature","geometry":{"type":"LineString","coordinates":[[60.91,51.669],[61.023,51.486],[61.479,51.425],[61.626,51.543],[61.547,51.904],[61.585,52.05],[61.483,52.183],[61.729,52.481],[62.153,52.489],[62.754,52.66],[62.859,52.83],[63.487,53.05],[63.812,53.338],[63.901,53.529],[63.744,53.838],[63.98,54.304],[64.432,54.352],[64.785,54.43],[65.014,54.723],[64.954,54.934],[65.066,55.126],[65.187,55.174],[65.55,55.6],[65.664,55.979],[66.012,56.14],[65.99,56.213],[66.27,56.335],[66.367,56.51],[66.315,56.635],[66.432,56.845],[66.667,57.047],[66.837,57.15],[66.974,57.2],[66.961,57.22],[66.939,57.23],[66.931,57.237],[67.07,57.326],[67.176,57.475],[67.032,57.608],[67.165,57.768],[67.365,57.854],[67.883,57.854],[68.218,58.168]]},"properties":{"name":"Tobol","featurecla":"River","scalerank":5}},
{"type":"Feature","geometry":{"type":"MultiLineString","coordinates":[[[87.961,65.776],[88.505,65.928],[89.056,65.97],[89.533,65.777],[90.004,65.67],[89.966,65.491],[90.021,65.102],[90.304,64.993],[90.288,64.859],[90.716,64.778],[91.099,64.553],[91.666,64.499],[92.081,64.411]],[[105.689,58.068],[105.886,57.974],[106.299,58.03],[106.434,57.936],[106.833,57.836],[107.429,57.787],[107.776,57.886],[107.996,58.078],[108.413,58.232],[108.529,58.404],[108.504,58.624],[108.392,58.745],[108.474,58.861],[108.417,59.11],[108.116,59.375],[108.057,59.587],[107.902,59.68],[108.144,59.864],[108.108,60.184],[107.827,60.267],[107.871,60.722],[107.988,60.9],[107.848,60.955],[107.936,61.24],[108.06,61.357],[107.966,61.705],[108.29,62.066],[108.307,62.288],[107.933,62.405],[107.905,62.582],[108.152,62.634],[108.408,62.608],[108.564,62.758],[108.21,62.75],[108.271,62.873],[108.094,63.015],[107.628,63.142],[107.348,63.289],[106.799,63.357],[106.957,63.447],[106.789,63.55],[106.526,63.53],[106.046,63.346],[105.714,63.405],[105.441,63.309],[105.084,63.492],[104.25,63.545],[103.848,63.594],[103.692,63.707],[103.092,63.958],[102.9,64.101],[102.664,64.117],[102.373,64.046],[101.867,64.109],[101.534,64.234],[101.088,64.11],[100.797,64.193],[100.568,64.177],[100.34,64.302],[100.09,64.269],[99.876,64.121],[99.45,64.126],[98.303,64.188],[98.201,64.038],[97.856,63.892],[97.989,63.749],[96.966,63.851],[96.516,63.795],[96.357,63.888],[96.015,63.905],[95.615,64.043],[95.304,64.036],[94.741,64.19],[94.04,64.176],[93.435,64.289],[92.973,64.443],[92.08,64.412]]]},"properties":{"name":"Lower Tunguska","featurecla":"River","scalerank":5}},
{"type":"Feature","geometry":{"type":"LineString","coordinates":[[32.078,56.908],[32.3,56.795],[32.258,56.562],[32.063,56.353],[32.101,56.203],[32.002,56.088],[31.797,56.039],[31.583,56.07],[31.345,55.964],[31.498,55.698],[31.217,55.633],[30.999,55.48],[30.506,55.412],[30.193,55.254],[29.867,55.217],[29.587,55.126],[29.312,55.145],[28.714,55.502],[28.138,55.59],[27.926,55.723],[27.918,55.815],[27.564,55.793],[27.154,55.888],[26.705,55.928],[26.438,55.915],[26.328,56.163],[26.193,56.226],[26.043,56.456],[25.398,56.631],[24.992,56.62],[24.588,56.812],[24.259,56.873],[24.05,57.071]]},"properties":{"name":"Daugava","featurecla":"River","scalerank":5}},
{"type":"Feature","geometry":{"type":"LineString","coordinates":[[-76.617,-9.913],[-76.661,-9.713],[-76.783,-9.417],[-76.716,-9.207],[-77.136,-8.899],[-77.29,-8.685],[-77.317,-8.545],[-77.414,-8.484],[-77.505,-8.244],[-77.652,-8.029],[-77.623,-7.837],[-77.771,-7.433],[-77.84,-7.378],[-78.021,-6.938],[-78.025,-6.74],[-78.175,-6.459],[-78.349,-6.351],[-78.461,-6.139],[-78.607,-6.068],[-78.749,-5.881],[-78.727,-5.797],[-78.449,-5.384],[-78.464,-5.225],[-78.356,-5.158],[-78.397,-4.984],[-78.337,-4.77],[-77.832,-4.544],[-77.639,-4.424],[-77.48,-4.441],[-77.429,-4.565],[-77.265,-4.682],[-76.62,-4.842],[-76.386,-4.941],[-76.184,-4.925],[-76.065,-5.034],[-75.849,-5.007],[-75.593,-5.057],[-75.514,-4.924],[-75.339,-4.78],[-75.157,-4.793],[-74.81,-4.656],[-74.753,-4.543],[-74.601,-4.466],[-74.277,-4.663],[-74.19,-4.504],[-73.955,-4.486],[-73.827,-4.61],[-73.608,-4.537],[-73.495,-4.45]]},"properties":{"name":"Marañón","featurecla":"River","scalerank":5}},
{"type":"Feature","geometry":{"type":"LineString","coordinates":[[-76.533,1.33],[-76.537,1.076],[-76.351,0.977],[-76.21,0.972],[-76.062,1.043],[-75.918,1.019],[-75.846,0.889],[-75.56,0.829],[-75.459,0.749],[-75.254,0.719],[-75.202,0.518],[-74.996,0.47],[-74.963,0.271],[-74.683,0.151],[-74.664,-0.054],[-74.47,-0.126],[-74.292,-0.142],[-73.866,-0.393],[-73.728,-0.387],[-73.479,-0.533],[-73.332,-0.507],[-73.206,-0.605],[-72.998,-0.527],[-72.885,-0.602],[-72.721,-0.572],[-72.55,-0.683],[-72.422,-0.557],[-72.325,-0.629],[-72.136,-0.555],[-72.061,-0.725],[-71.829,-0.814],[-71.724,-0.948],[-71.537,-0.945],[-71.51,-1.117],[-71.264,-1.037],[-71.177,-1.051],[-70.955,-1.252],[-70.845,-1.261],[-70.654,-1.403],[-70.511,-1.44],[-70.313,-1.409],[-70.083,-1.534],[-69.977,-1.455],[-69.852,-1.195],[-69.593,-1.271],[-69.455,-1.2]]},"properties":{"name":"Caquetá","featurecla":"River","scalerank":5}},
{"type":"Feature","geometry":{"type":"LineString","coordinates":[[-81.42,37.009],[-82.486,36.638],[-82.628,36.546],[-83.37,36.268],[-83.789,36.051],[-83.969,35.87]]},"properties":{"name":"Holston","featurecla":"River","scalerank":5}},
{"type":"Feature","geometry":{"type":"LineString","coordinates":[[73.605,37.446],[73.276,37.46],[73.067,37.315],[72.761,37.188],[72.657,37.029]]},"properties":{"name":"Pamir","featurecla":"River","scalerank":5}},
{"type":"Feature","geometry":{"type":"MultiLineString","coordinates":[[[-118.319,52.522],[-118.611,52.845],[-119.222,53.037],[-119.476,52.974],[-119.94,53.196],[-120.623,53.546],[-120.906,53.743],[-121.126,53.779],[-121.985,54.182],[-122.499,54.228],[-122.564,54.095],[-122.665,54.022],[-122.662,53.985],[-122.693,53.941],[-122.75,53.897],[-122.724,53.559],[-122.651,53.425],[-122.886,53.322],[-122.567,53.103],[-122.448,52.877],[-122.484,52.564],[-122.278,52.281],[-122.268,51.951],[-122.387,51.875],[-122.364,51.722],[-122.139,51.189],[-121.923,51.008]],[[-121.923,51.008],[-121.917,51.008]],[[-121.923,51.008],[-121.871,50.965],[-121.918,50.677],[-121.687,50.429],[-121.551,50.063],[-121.448,49.906],[-121.414,49.589],[-121.443,49.403],[-121.567,49.374],[-121.743,49.209],[-121.906,49.219],[-122.348,49.115],[-122.437,49.171],[-122.862,49.223],[-123.041,49.151]]]},"properties":{"name":"Fraser","featurecla":"River","scalerank":5}},
{"type":"Feature","geometry":{"type":"MultiLineString","coordinates":[[[150.031,71.222],[149.619,71.025],[149.53,70.903],[148.744,70.816],[148.698,70.701],[147.856,70.599],[147.526,70.42],[147.284,70.138],[147.54,69.985],[147.407,69.644],[147.678,69.413],[147.363,69.317],[147.511,69.184],[147.426,69.029],[147.556,68.943],[147.073,68.79],[147.005,68.569],[146.613,68.531],[146.375,68.592],[146.003,68.532],[145.866,68.398],[145.995,68.323],[145.716,68.214],[145.378,68.213],[145.304,68.037],[145.021,67.995],[145.071,67.879],[144.83,67.822],[144.688,67.646],[143.582,67.649],[143.023,67.563],[142.557,67.368],[142.605,67.108],[142.803,66.714],[143.052,66.56],[143.255,66.275],[143.103,65.924],[142.703,65.733],[142.592,65.534],[142.653,65.435],[143.263,65.407],[143.057,65.104],[143.386,64.816],[143.254,64.597],[142.82,64.523],[142.793,64.27],[142.233,64.306],[141.938,64.185],[141.874,63.976],[142.38,63.688],[142.467,63.569],[142.815,63.477],[143.251,63.437],[143.888,63.208],[144.328,63.097],[144.713,62.766]],[[144.712,62.768],[145.009,62.507]]]},"properties":{"name":"Indigirka","featurecla":"River","scalerank":5}},
{"type":"Feature","geometry":{"type":"LineString","coordinates":[[-120.882,42.4],[-121.124,42.458],[-121.566,42.495],[-121.81,42.601],[-121.951,42.476]]},"properties":{"name":"Sprague","featurecla":"River","scalerank":5}},
{"type":"Feature","geometry":{"type":"MultiLineString","coordinates":[[[112.782,29.744],[112.945,29.709],[112.908,29.601],[113.128,29.463]],[[103.851,28.668],[103.952,28.615],[104.456,28.644],[104.599,28.784],[104.804,28.828],[105.116,28.714],[105.34,28.784],[105.37,28.857],[105.607,28.956],[105.845,28.825],[105.881,29.047],[106.157,29.222],[106.37,29.292],[106.62,29.624],[106.842,29.593],[107.071,29.824],[107.183,29.689],[107.399,29.728],[107.467,29.893],[107.686,29.865],[107.837,29.987],[107.862,30.1],[108.02,30.3],[108.232,30.45],[108.41,30.71],[108.417,30.834],[108.667,30.95],[109.297,30.966],[109.574,31.043],[109.67,30.997],[109.955,31.073],[110.026,31.033],[110.512,31.033],[110.815,30.936],[111.158,30.789],[111.387,30.593],[111.527,30.401],[111.643,30.372],[111.881,30.418],[112.021,30.285],[112.195,30.307],[112.271,30.224],[112.223,30.077],[112.391,30.032],[112.425,29.949],[112.367,29.748],[112.683,29.827],[112.789,29.744]]]},"properties":{"name":"Chang Jiang","featurecla":"River","scalerank":1}},
{"type":"Feature","geometry":{"type":"LineString","coordinates":[[-59.07,-14.532],[-59.025,-14.32],[-59.091,-14.124],[-59.03,-13.96],[-59.016,-13.405],[-58.942,-13.25],[-58.926,-12.867],[-58.953,-12.652],[-58.885,-12.414],[-58.904,-12.264],[-58.735,-11.996],[-58.696,-11.815],[-58.727,-11.722],[-58.636,-11.565],[-58.632,-11.345],[-58.694,-11.051],[-58.687,-11.031],[-58.659,-10.975]]},"properties":{"name":"Juruena","featurecla":"River","scalerank":5}},
{"type":"Feature","geometry":{"type":"MultiLineString","coordinates":[[[55.398,62.362],[54.815,62.52],[54.664,62.431],[54.273,62.404],[54.205,62.229],[54.329,61.971],[54.464,61.898],[54.904,61.825],[54.917,61.657],[54.499,61.554],[54.245,61.571],[53.878,61.502],[53.684,61.65]],[[53.691,61.65],[53.457,61.829],[52.558,61.942],[52.136,61.93],[51.722,61.801],[51.457,61.848],[51.04,61.73],[50.785,61.763],[50.813,61.944],[50.559,62.027],[50.23,61.979],[50.23,62.191],[49.958,62.209],[49.839,62.126],[49.484,62.045],[49.062,62.159],[48.421,61.917],[48.357,61.785],[48.012,61.577],[47.67,61.487],[47.435,61.369],[46.591,61.287]]]},"properties":{"name":"Vychegda","featurecla":"River","scalerank":5}},
{"type":"Feature","geometry":{"type":"MultiLineString","coordinates":[[[-70.302,-35.288],[-70.197,-35.691],[-69.928,-35.87],[-69.796,-35.876],[-69.661,-36.251],[-69.702,-36.356],[-69.667,-36.559],[-69.774,-36.707],[-69.81,-37.011],[-69.624,-37.153],[-69.26,-37.153],[-69.089,-37.207],[-68.985,-37.364],[-68.757,-37.372],[-68.526,-37.441],[-68.428,-37.538],[-67.85,-37.6],[-67.711,-37.78],[-67.848,-37.908],[-67.854,-38.049],[-67.706,-38.101],[-67.554,-38.262],[-67.177,-38.223],[-67.07,-38.409],[-66.648,-38.558],[-66.562,-38.702],[-65.96,-38.742],[-65.368,-38.838],[-64.978,-38.804]],[[-64.97,-38.804],[-64.472,-38.854],[-63.995,-39.01],[-63.478,-39.319],[-63.295,-39.338],[-63.019,-39.489],[-62.586,-39.537],[-62.309,-39.822]]]},"properties":{"name":"Colorado","featurecla":"River","scalerank":5}},
{"type":"Feature","geometry":{"type":"LineString","coordinates":[[-91.413,15.267],[-90.984,15.314],[-90.857,15.253],[-90.541,15.212],[-90.494,15.34],[-90.651,15.363],[-90.604,15.514],[-90.633,15.623],[-90.781,15.679],[-90.812,15.765],[-90.751,15.949],[-90.66,16.04],[-90.469,16.011],[-90.449,16.079]]},"properties":{"name":"Chixoy","featurecla":"River","scalerank":5}},
{"type":"Feature","geometry":{"type":"LineString","coordinates":[[-71.241,-38.769],[-71.102,-38.7],[-71.329,-38.321],[-71.33,-38.132],[-71.572,-37.982],[-71.716,-37.77],[-71.856,-37.706],[-72.081,-37.737],[-72.292,-37.574],[-72.567,-37.544],[-72.666,-37.468],[-72.744,-37.247],[-72.932,-37.165],[-72.967,-36.967],[-73.166,-36.796]]},"properties":{"name":"Bío-Bío","featurecla":"River","scalerank":5}},
{"type":"Feature","geometry":{"type":"LineString","coordinates":[[72.657,37.029],[72.259,36.968],[71.836,36.699],[71.611,36.705],[71.431,37.067],[71.487,37.267],[71.497,37.567],[71.597,37.899],[71.501,37.946],[71.255,37.95],[71.364,38.207],[71.334,38.281],[70.974,38.474],[70.761,38.444],[70.595,38.338],[70.482,38.138],[70.165,37.89],[70.283,37.705],[70.157,37.542],[69.528,37.586],[69.384,37.454],[69.445,37.237],[69.323,37.121],[69.123,37.169],[68.965,37.329],[68.668,37.279],[68.626,37.206],[68.307,37.115],[68.212,37.022]]},"properties":{"name":"Panj","featurecla":"River","scalerank":5}},
{"type":"Feature","geometry":{"type":"LineString","coordinates":[[-71.982,-50.224],[-70.834,-50.19],[-70.498,-50.202],[-70.24,-50.256],[-70.173,-50.187],[-69.837,-50.199],[-69.656,-50.089],[-69.129,-50.114],[-69.013,-50.017]]},"properties":{"name":"Santa Cruz","featurecla":"River","scalerank":5}},
{"type":"Feature","geometry":{"type":"MultiLineString","coordinates":[[[-52.256,-1.699],[-52.258,-1.918],[-52.205,-2.17],[-52.117,-2.277],[-51.982,-2.601],[-52.014,-2.808],[-51.932,-2.859],[-51.796,-3.069],[-51.616,-3.17],[-51.717,-3.36],[-51.707,-3.504],[-51.849,-3.59],[-52.064,-3.277],[-52.17,-3.35],[-52.257,-3.508],[-52.457,-3.753],[-52.609,-3.855]],[[-52.613,-3.861],[-52.609,-3.855]],[[-53.444,-11.444],[-53.259,-11.249],[-53.321,-10.975],[-53.271,-10.883],[-53.109,-10.798],[-53.047,-10.345],[-52.983,-10.046],[-52.67,-9.769],[-52.547,-9.578],[-52.259,-9.659],[-52.163,-9.461],[-52.02,-9.267],[-52.08,-9.157],[-52.086,-8.905],[-52.268,-8.797],[-52.378,-8.584],[-52.552,-8.546],[-52.661,-8.401],[-52.658,-8.228],[-52.804,-7.906],[-52.748,-7.639],[-52.662,-7.55],[-52.665,-7.414],[-52.568,-7.202],[-52.364,-6.963],[-52.09,-6.911],[-51.983,-6.709],[-52.072,-6.567],[-52.205,-6.571],[-52.43,-6.329],[-52.434,-6.202],[-52.517,-6.096],[-52.531,-5.871],[-52.683,-5.589],[-52.711,-5.47],[-52.869,-5.37],[-52.872,-5.179],[-52.924,-5.016],[-52.733,-4.689],[-52.66,-4.477],[-52.729,-4.291],[-52.64,-4.199],[-52.609,-3.855]]]},"properties":{"name":"Xingu","featurecla":"River","scalerank":5}},
{"type":"Feature","geometry":{"type":"LineString","coordinates":[[-7.118,39.682],[-7.566,39.68],[-7.915,39.495],[-8.355,39.484],[-8.614,39.316],[-8.765,39.098]]},"properties":{"name":"Tejo","featurecla":"River","scalerank":5}},
{"type":"Feature","geometry":{"type":"MultiLineString","coordinates":[[[59.099,43.292],[58.977,43.54],[59.061,43.657],[58.959,43.8],[58.55,43.918],[58.578,44.127],[58.316,44.426]],[[68.212,37.022],[68.011,36.931],[67.785,37.097],[67.764,37.221],[67.482,37.278],[67.236,37.193],[67.005,37.385],[66.539,37.369],[66.294,37.331],[65.552,37.665],[65.265,37.727],[65.146,37.944],[64.954,38.092],[64.451,38.272],[64.154,38.532],[63.97,38.765],[63.897,38.943],[63.279,39.313],[63.05,39.331],[62.99,39.55],[62.754,39.667],[62.617,39.781],[62.452,40.009],[62.353,40.431],[62.191,40.499],[62.044,40.715],[61.97,41.016],[61.877,41.125],[61.654,41.25],[61.469,41.297],[61.278,41.278],[60.55,41.777],[60.253,42.129],[59.929,42.319],[59.606,42.385],[59.286,42.618],[59.318,42.75],[59.128,43.018],[59.121,43.345],[59.032,43.495],[59.253,43.591],[59.265,43.739],[59.056,43.948],[59.258,44.078],[59.541,44.148]]]},"properties":{"name":"Amu  Darya","featurecla":"River","scalerank":5}},
{"type":"Feature","geometry":{"type":"LineString","coordinates":[[31.237,30.124],[31.145,30.175],[30.979,30.226],[30.851,30.453],[30.755,30.764],[30.782,30.923],[30.699,31.092],[30.502,31.23],[30.518,31.328],[30.399,31.443]]},"properties":{"name":"Rosetta Branch","featurecla":"River","scalerank":1}},
{"type":"Feature","geometry":{"type":"MultiLineString","coordinates":[[[119.606,32.197],[119.365,32.234],[118.78,32.191],[118.499,31.851],[118.302,31.438],[118.297,31.297],[118.002,31.223],[117.98,31.11],[117.823,31.141],[117.697,30.804],[117.218,30.658],[117.233,30.555],[116.888,30.403],[116.921,30.337],[116.822,30.115],[116.65,30.051],[116.492,29.885],[116.236,29.781],[116.11,29.786],[115.856,29.738],[115.705,29.861],[115.438,29.885],[115.19,30.209],[115.061,30.27],[114.987,30.407],[114.843,30.428],[114.806,30.616],[114.613,30.574],[114.429,30.69],[114.354,30.657],[114.296,30.587]],[[116.198,29.751],[116.208,29.779]],[[113.128,29.463],[113.416,29.764],[113.688,29.963],[113.749,29.92],[114.064,30.124],[114.107,30.352],[114.242,30.497],[114.287,30.576],[114.303,30.593]]]},"properties":{"name":"Yangtze","featurecla":"River","scalerank":1}},
{"type":"Feature","geometry":{"type":"LineString","coordinates":[[-58.659,-10.975],[-58.604,-10.872],[-58.568,-10.561],[-58.443,-10.512],[-58.35,-10.403],[-58.331,-10.222],[-58.214,-9.898],[-58.307,-9.487],[-58.439,-9.467],[-58.636,-9.29],[-58.661,-9.122],[-58.572,-8.933],[-58.451,-8.796],[-58.432,-8.407],[-58.316,-8.123],[-58.36,-7.819],[-58.216,-7.588],[-58.224,-7.439],[-58.136,-7.34],[-58.347,-6.985],[-58.444,-6.902],[-58.478,-6.737],[-58.428,-6.617],[-58.215,-6.431],[-57.888,-6.336],[-57.695,-6.193],[-57.663,-5.975],[-57.335,-5.726],[-57.054,-5.488],[-57.007,-5.276],[-56.873,-5.174],[-56.728,-4.863],[-56.614,-4.694],[-56.486,-4.743],[-56.296,-4.592],[-56.261,-4.386],[-55.966,-4.27],[-55.645,-4.005],[-55.504,-3.791],[-55.419,-3.723],[-55.344,-3.47],[-55.179,-3.163],[-55.18,-2.97],[-55.018,-2.414],[-54.839,-2.376],[-54.677,-2.412]]},"properties":{"name":"Tapajós","featurecla":"River","scalerank":5}},
{"type":"Feature","geometry":{"type":"MultiLineString","coordinates":[[[106.422,10.317],[106.139,10.296]],[[106.139,10.296],[105.936,10.287]],[[106.292,10.262],[106.139,10.296]]]},"properties":{"name":null,"featurecla":"River","scalerank":5}},
{"type":"Feature","geometry":{"type":"LineString","coordinates":[[126.512,72.386],[126.412,72.519],[126.809,72.73],[126.796,72.834],[127.106,72.991],[127.853,73.102],[128.235,73.265]]},"properties":{"name":"Trofimovskaya Protoka","featurecla":"River","scalerank":5}},
{"type":"Feature","geometry":{"type":"LineString","coordinates":[[126.554,72.337],[126.512,72.386],[126.315,72.467],[126.4,72.969],[126.677,73.033],[126.565,73.233]]},"properties":{"name":"Tumatskaya Protoka","featurecla":"River","scalerank":5}},
{"type":"Feature","geometry":{"type":"LineString","coordinates":[[-69.455,-1.2],[-69.422,-1.239],[-69.444,-1.531],[-69.274,-1.614],[-69.056,-1.812],[-68.749,-1.774],[-68.634,-1.794],[-68.22,-1.648],[-67.682,-1.656],[-67.473,-1.771],[-67.261,-1.798],[-67.027,-1.881],[-66.738,-1.777],[-66.602,-1.775],[-66.178,-1.649],[-65.752,-1.786],[-65.496,-1.922],[-65.272,-1.868],[-65.193,-2.042],[-65.238,-2.163],[-65.008,-2.575],[-64.905,-2.716],[-64.902,-2.91],[-64.771,-3.072],[-64.797,-3.185]]},"properties":{"name":"Japurá","featurecla":"River","scalerank":5}},
{"type":"Feature","geometry":{"type":"MultiLineString","coordinates":[[[-77.527,47.744],[-77.56,47.842]],[[-78.724,47.685],[-78.724,47.684],[-78.813,47.656]],[[-77.326,47.622],[-77.245,47.495],[-76.935,47.488]],[[-77.463,47.546],[-77.545,47.671]]]},"properties":{"name":"R. des Outaouais","featurecla":"Lake Centerline","scalerank":6}},
{"type":"Feature","geometry":{"type":"MultiLineString","coordinates":[[[-77.56,47.842],[-77.82,47.758],[-77.982,47.821],[-78.068,47.671],[-78.306,47.739],[-78.59,47.944],[-78.714,47.891],[-78.724,47.684]],[[-77.545,47.671],[-77.527,47.744]],[[-78.813,47.656],[-79.046,47.52],[-79.111,47.581],[-79.496,47.577]],[[-77.326,47.622],[-77.463,47.546]],[[-76.819,47.517],[-76.935,47.488]]]},"properties":{"name":"R. des Outaouais","featurecla":"River","scalerank":6}},
{"type":"Feature","geometry":{"type":"LineString","coordinates":[[-79.166,46.827],[-79.431,47.087],[-79.445,47.275],[-79.58,47.452],[-79.496,47.577]]},"properties":{"name":"Ottawa","featurecla":"Lake Centerline","scalerank":6}},
{"type":"Feature","geometry":{"type":"MultiLineString","coordinates":[[[-79.166,46.827],[-78.964,46.533],[-78.694,46.336],[-78.321,46.266],[-78.111,46.263],[-77.921,46.236],[-77.682,46.187]],[[-77.684,46.187],[-77.659,46.184],[-77.469,46.115],[-77.373,46.064]],[[-77.371,46.063],[-77.176,45.898],[-76.903,45.892]],[[-76.903,45.892],[-76.797,45.875],[-76.648,45.581],[-76.344,45.473],[-76.049,45.515],[-75.882,45.399],[-75.284,45.577],[-74.644,45.656],[-74.378,45.561]],[[-76.903,45.892],[-76.902,45.892]]]},"properties":{"name":"Ottawa","featurecla":"River","scalerank":6}},
{"type":"Feature","geometry":{"type":"MultiLineString","coordinates":[[[31.955,64.864],[32.138,64.754]],[[32.044,64.46],[32.199,64.386]],[[32.199,64.386],[32.358,64.526],[32.134,64.721],[32.703,65.029],[33.041,65.117],[33.638,65.056],[34.278,64.932],[34.709,64.98]],[[32.199,64.386],[32.2,64.384]],[[31.57,63.869],[31.874,63.748],[32.262,63.863],[32.394,64.047],[32.401,64.211],[32.199,64.386]]]},"properties":{"name":"Kem","featurecla":"River","scalerank":6}},
{"type":"Feature","geometry":{"type":"LineString","coordinates":[[13.499,47.163],[13.617,47.105],[13.904,47.08],[14.367,47.147],[14.468,47.216],[14.789,47.206],[14.975,47.348],[15.282,47.417],[15.336,47.134],[15.439,47.082],[15.502,46.902],[15.652,46.711],[15.987,46.692],[16.254,46.547],[16.659,46.464],[16.878,46.314],[17.345,45.956],[17.591,45.936],[17.656,45.846],[17.889,45.792],[18.211,45.786],[18.482,45.692],[18.64,45.581],[18.928,45.553]]},"properties":{"name":"Mur","featurecla":"River","scalerank":6}},
{"type":"Feature","geometry":{"type":"LineString","coordinates":[[32.561,30.181],[32.561,30.182],[32.431,30.29],[32.359,30.424]]},"properties":{"name":"Suez Canal","featurecla":"Lake Centerline","scalerank":6}},
{"type":"Feature","geometry":{"type":"MultiLineString","coordinates":[[[32.36,30.424],[32.303,30.593],[32.314,31.273]],[[32.561,30.182],[32.578,30.011]]]},"properties":{"name":"Suez Canal","featurecla":"River","scalerank":6}},
{"type":"Feature","geometry":{"type":"LineString","coordinates":[[31.145,30.175],[31.104,30.332],[31.249,30.548],[31.231,30.814],[31.263,30.974],[31.475,31.183],[31.582,31.186],[31.845,31.525]]},"properties":{"name":"Damietta Branch","featurecla":"River","scalerank":1}},
{"type":"Feature","geometry":{"type":"LineString","coordinates":[[31.238,30.121],[31.405,30.326],[31.719,30.537],[32.303,30.593]]},"properties":{"name":"Ismailiya Canal","featurecla":"River","scalerank":6}},
{"type":"Feature","geometry":{"type":"LineString","coordinates":[[143.066,43.7],[142.619,43.903],[142.373,43.773],[142.042,43.696],[141.887,43.594],[141.826,43.387],[141.659,43.296],[141.597,43.127],[141.358,43.238]]},"properties":{"name":"Ishikari","featurecla":"River","scalerank":6}},
{"type":"Feature","geometry":{"type":"LineString","coordinates":[[114.762,1.76],[114.902,1.918],[115.32,2.032],[115.659,2.008],[115.825,2.251],[115.949,2.045],[116.163,2.116],[116.198,2.311],[116.28,2.428],[116.619,2.779],[116.886,2.821],[117.317,2.776],[117.38,2.886],[117.544,2.922]]},"properties":{"name":"Kayan","featurecla":"River","scalerank":6}},
{"type":"Feature","geometry":{"type":"MultiLineString","coordinates":[[[114.838,0.565],[114.883,0.423],[114.766,0.4],[114.582,0.137],[114.269,0.161],[114.193,0.017],[114.295,-0.029],[114.252,-0.15],[114.071,-0.282],[114.076,-0.458],[114.242,-0.652],[114.375,-0.745],[114.578,-0.715],[114.641,-0.631],[114.797,-0.62],[114.889,-0.754],[114.889,-1.115],[114.777,-1.266],[114.882,-1.32],[114.873,-1.557],[114.778,-1.818],[114.89,-1.997],[114.845,-2.207],[114.879,-2.293]],[[114.879,-2.293],[114.879,-2.286]],[[114.879,-2.293],[114.908,-2.419],[114.749,-2.731],[114.801,-2.862],[114.756,-3.024],[114.595,-3.137],[114.55,-3.348]]]},"properties":{"name":"Barito","featurecla":"River","scalerank":6}},
{"type":"Feature","geometry":{"type":"LineString","coordinates":[[143.492,-5.938],[143.626,-6.209],[143.627,-6.393],[143.812,-6.575],[144.036,-6.63],[144.14,-6.61],[144.27,-6.494],[144.394,-6.482],[144.457,-6.572],[144.77,-6.767],[144.819,-6.924],[144.955,-6.993],[145.155,-7.001],[145.282,-7.077],[145.325,-7.213],[145.291,-7.371],[145.127,-7.381],[145.093,-7.504],[145.199,-7.583],[145.172,-7.821]]},"properties":{"name":"Purari","featurecla":"River","scalerank":6}},
{"type":"Feature","geometry":{"type":"LineString","coordinates":[[100.55,-0.566],[100.707,-0.579],[100.807,-0.684],[100.888,-0.626],[101.004,-0.672],[101.084,-0.566],[101.211,-0.643],[101.527,-0.583],[101.679,-0.459],[102.044,-0.566],[102.216,-0.487],[102.424,-0.332],[102.893,-0.524],[103.16,-0.338],[103.346,-0.36]]},"properties":{"name":"Indragi","featurecla":"River","scalerank":6}},
{"type":"Feature","geometry":{"type":"LineString","coordinates":[[126.69,72.294],[126.661,72.501],[126.861,72.548],[127.183,72.491],[127.454,72.483],[127.666,72.43]]},"properties":{"name":"Bykovskaya Protoka","featurecla":"River","scalerank":1}},
{"type":"Feature","geometry":{"type":"MultiLineString","coordinates":[[[21.503,-18.06],[21.682,-18.109],[21.893,-18.402],[22.032,-18.424],[22.105,-18.59],[22.278,-18.813],[22.5,-18.893],[22.596,-19.013],[22.587,-19.061],[22.646,-19.099],[22.843,-19.063],[23.087,-19.128],[23.172,-19.27],[23.326,-19.418],[23.526,-19.521]],[[22.522,-18.922],[22.567,-19.117],[22.678,-19.211],[22.839,-19.452],[23.051,-19.539],[23.344,-19.561]],[[23.272,-19.406],[23.382,-19.606],[23.594,-19.671]],[[23.528,-19.522],[23.594,-19.671]],[[24.739,-21.265],[24.599,-21.112],[24.42,-21.048],[24.351,-20.888],[24.396,-20.673],[24.5,-20.457],[24.254,-20.242],[24.157,-20.199],[23.995,-20.3],[23.868,-20.301],[23.758,-20.178],[23.549,-20.114],[23.328,-20.124],[23.617,-19.806],[23.594,-19.671]]]},"properties":{"name":"Okavango","featurecla":"River","scalerank":6}},
{"type":"Feature","geometry":{"type":"LineString","coordinates":[[16.145,-12.654],[16.315,-12.758],[16.358,-12.91],[16.378,-13.278],[16.417,-13.331],[16.433,-13.688],[16.365,-13.964],[16.296,-14.11],[16.312,-14.289],[16.264,-14.454],[16.424,-14.637],[16.621,-14.737],[16.705,-15.114],[16.979,-15.422],[17.372,-15.525],[17.4,-15.645],[17.591,-15.82],[17.648,-15.922],[17.712,-16.309],[17.833,-16.497],[17.931,-16.747],[18.11,-16.916],[18.312,-17.185],[18.38,-17.33],[18.761,-17.748],[19.02,-17.822],[19.172,-17.801],[19.421,-17.859],[19.951,-17.862],[20.034,-17.896],[20.336,-17.855],[20.565,-17.985],[20.806,-18.031],[21.093,-17.938],[21.216,-17.931],[21.503,-18.06]]},"properties":{"name":"Cubango","featurecla":"River","scalerank":6}},
{"type":"Feature","geometry":{"type":"MultiLineString","coordinates":[[[24.731,-29.979],[24.784,-29.988],[24.978,-30.263]],[[25.972,-30.545],[25.725,-30.681],[25.506,-30.612]]]},"properties":{"name":"Orange","featurecla":"Lake Centerline","scalerank":6}},
{"type":"Feature","geometry":{"type":"MultiLineString","coordinates":[[[29.058,-29.082],[29.009,-29.248],[28.811,-29.334],[28.709,-29.544],[28.787,-29.837],[28.691,-29.983],[28.529,-30.053],[28.301,-29.985],[28.057,-30.073],[27.69,-30.368],[27.566,-30.391],[27.459,-30.317],[27.366,-30.311]],[[24.731,-29.979],[24.657,-29.896],[24.409,-29.765],[24.341,-29.649],[24.183,-29.635],[23.933,-29.47],[23.855,-29.299],[23.771,-29.282],[23.628,-29.074]],[[27.376,-30.313],[27.298,-30.488],[27.01,-30.533],[26.922,-30.655],[26.534,-30.651],[26.441,-30.56],[26.311,-30.582],[26.06,-30.514],[25.972,-30.545]],[[25.506,-30.612],[25.29,-30.543],[24.978,-30.263]]]},"properties":{"name":"Orange","featurecla":"River","scalerank":6}},
{"type":"Feature","geometry":{"type":"MultiLineString","coordinates":[[[31.343,2.196],[31.246,2.011],[31.005,1.738],[30.798,1.594],[30.478,1.239]],[[29.452,-0.607],[29.597,-0.134]]]},"properties":{"name":"Semliki","featurecla":"Lake Centerline","scalerank":6}},
{"type":"Feature","geometry":{"type":"MultiLineString","coordinates":[[[29.597,-0.134],[29.64,0.203],[29.499,0.348],[29.635,0.497],[29.726,0.706],[29.823,0.798],[30.145,0.903],[30.238,1.136],[30.478,1.239]],[[29.838,-1.2],[29.763,-1.122],[29.514,-1.225],[29.417,-1.195],[29.354,-1.052],[29.452,-0.607]]]},"properties":{"name":"Semliki","featurecla":"River","scalerank":6}},
{"type":"Feature","geometry":{"type":"LineString","coordinates":[[20.935,7.343],[20.876,7.271],[20.698,7.247],[20.633,7.125],[20.463,7.027],[20.24,7.034],[19.921,7.246],[19.885,7.353],[19.733,7.538]]},"properties":{"name":"Koukourou","featurecla":"River","scalerank":6}},
{"type":"Feature","geometry":{"type":"LineString","coordinates":[[-120.32,35.365],[-120.501,35.354],[-120.714,35.564],[-120.703,35.761],[-120.889,36]]},"properties":{"name":"Salinas","featurecla":"River","scalerank":10}},
{"type":"Feature","geometry":{"type":"MultiLineString","coordinates":[[[15.042,12.057],[14.93,12.037],[14.672,12.153],[14.514,12.324],[14.217,12.359],[14.185,12.447]],[[18.886,8.836],[18.657,8.889],[18.447,9.046],[18.33,9.24],[18.061,9.495],[17.92,9.58],[17.745,9.793],[17.659,9.843],[17.561,10.082],[17.288,10.376],[17.131,10.421],[16.943,10.577],[16.675,10.46],[16.419,10.543],[16.378,10.607],[16.101,10.763],[15.745,10.811],[15.549,10.926],[15.453,11.035],[15.418,11.269],[15.29,11.571],[15.332,11.84],[15.276,11.937],[15.049,12.085],[14.903,12.146],[14.908,12.327],[14.83,12.618],[14.549,12.781],[14.516,12.98]]]},"properties":{"name":"Chari","featurecla":"River","scalerank":6}},
{"type":"Feature","geometry":{"type":"LineString","coordinates":[[19.733,7.538],[19.577,7.585],[19.499,7.74],[19.357,7.756],[19.332,7.945],[19.356,8.122],[19.153,8.405],[19.064,8.583],[19.124,8.675],[18.886,8.836]]},"properties":{"name":"Bamingui","featurecla":"River","scalerank":6}},
{"type":"Feature","geometry":{"type":"LineString","coordinates":[[-79.691,9.104],[-79.778,9.114],[-79.923,9.267]]},"properties":{"name":"Panama Canal","featurecla":"Lake Centerline","scalerank":6}},
{"type":"Feature","geometry":{"type":"MultiLineString","coordinates":[[[-79.923,9.267],[-79.927,9.304]],[[-79.691,9.104],[-79.56,8.96]]]},"properties":{"name":"Panama Canal","featurecla":"River","scalerank":6}},
{"type":"Feature","geometry":{"type":"MultiLineString","coordinates":[[[13.717,61.414],[13.212,61.663]],[[14.552,60.998],[14.552,60.997],[14.659,60.897],[14.937,60.832],[14.973,60.728]],[[17.416,60.51],[17.38,60.445],[16.844,60.272],[16.795,60.191],[16.499,60.163]],[[16.434,60.156],[16.433,60.156],[16.323,60.122]]]},"properties":{"name":"Dalälven","featurecla":"Lake Centerline","scalerank":6}},
{"type":"Feature","geometry":{"type":"MultiLineString","coordinates":[[[11.981,61.802],[12.018,61.88],[12.411,61.83],[12.595,61.902],[13.212,61.663]],[[13.718,61.413],[13.726,61.307],[13.98,61.273],[14.124,61.156],[14.552,60.997]],[[14.973,60.728],[15.026,60.594],[15.46,60.492],[15.678,60.395],[16.062,60.375],[16.022,60.211],[16.323,60.122]],[[17.417,60.51],[17.459,60.641]],[[16.434,60.156],[16.488,60.177]],[[16.433,60.156],[16.499,60.163]]]},"properties":{"name":"Dalälven","featurecla":"River","scalerank":6}},
{"type":"Feature","geometry":{"type":"MultiLineString","coordinates":[[[35.599,32.9],[35.577,32.72]],[[35.423,31.325],[35.48,31.641],[35.559,31.765]]]},"properties":{"name":"Jordan","featurecla":"Lake Centerline","scalerank":6}},
{"type":"Feature","geometry":{"type":"MultiLineString","coordinates":[[[35.864,33.596],[35.677,33.411],[35.593,33.181],[35.599,32.9]],[[35.577,32.72],[35.545,32.41],[35.572,32.238],[35.522,32.058],[35.559,31.765]],[[35.423,31.325],[35.401,31.23]]]},"properties":{"name":"Jordan","featurecla":"River","scalerank":6}},
{"type":"Feature","geometry":{"type":"LineString","coordinates":[[126.69,72.294],[126.477,72.359],[126.069,72.293],[125.669,72.359],[124.722,72.657],[124.397,72.653],[123.695,72.805],[123.342,72.756],[122.732,72.827]]},"properties":{"name":"Olenekskaya Protoka","featurecla":"River","scalerank":1}},
{"type":"Feature","geometry":{"type":"MultiLineString","coordinates":[[[-105.55,59.15],[-105.149,59.209],[-105.012,59.173]],[[-111.016,58.691],[-110.731,58.762],[-110.353,58.995],[-109.625,59.237],[-109.197,59.316],[-108.828,59.271],[-108.138,59.316],[-107.587,59.377],[-107.336,59.318],[-106.605,59.276],[-106.018,59.271]],[[-103.785,58.691],[-103.665,58.545],[-103.665,58.544]]]},"properties":{"name":null,"featurecla":"Lake Centerline","scalerank":6}},
{"type":"Feature","geometry":{"type":"MultiLineString","coordinates":[[[-105.55,59.15],[-105.579,59.245],[-106.018,59.271]],[[-103.786,58.691],[-104.017,58.8],[-104.014,58.967],[-104.363,58.977],[-104.671,59.045],[-104.857,59.013],[-105.012,59.173]],[[-103.55,58.455],[-103.665,58.545]]]},"properties":{"name":null,"featurecla":"River","scalerank":6}},
{"type":"Feature","geometry":{"type":"LineString","coordinates":[[30.478,46.101],[30.269,46.32]]},"properties":{"name":"Dniester","featurecla":"Lake Centerline","scalerank":6}},
{"type":"Feature","geometry":{"type":"MultiLineString","coordinates":[[[22.904,49.22],[23.023,49.448],[23.452,49.583],[23.765,49.5],[23.958,49.504],[24.2,49.413],[24.322,49.245],[24.534,49.222],[24.821,49.029],[25.119,48.951],[25.277,48.781],[25.431,48.849],[25.911,48.588],[26.149,48.539],[26.47,48.538],[26.566,48.457],[26.787,48.568],[27.247,48.57],[27.438,48.602],[27.503,48.473],[27.751,48.452],[27.926,48.34],[28.294,48.237],[28.98,47.876],[28.986,47.622],[29.11,47.464],[29.093,47.311],[29.377,47.071],[29.498,46.802],[29.652,46.814],[29.916,46.519],[30.269,46.32]],[[30.478,46.101],[30.498,46.084]]]},"properties":{"name":"Dniester","featurecla":"River","scalerank":6}},
{"type":"Feature","geometry":{"type":"MultiLineString","coordinates":[[[-105.108,21.822],[-105.034,21.779]],[[-103.709,20.938],[-103.594,20.971]],[[-102.781,20.31],[-102.77,20.198]]]},"properties":{"name":"Ro Grande de Santiago","featurecla":"Lake Centerline","scalerank":6}},
{"type":"Feature","geometry":{"type":"MultiLineString","coordinates":[[[-105.108,21.822],[-105.234,21.737],[-105.452,21.674]],[[-104.079,21.206],[-104.214,21.198],[-104.369,21.284],[-104.723,21.849],[-104.949,21.739],[-105.033,21.777]],[[-103.709,20.938],[-104.079,21.205]],[[-102.781,20.31],[-102.764,20.376],[-103.177,20.474],[-103.138,20.627],[-103.346,20.784],[-103.328,20.865],[-103.421,21.047],[-103.592,20.972]]]},"properties":{"name":"Ro Grande de Santiago","featurecla":"River","scalerank":6}},
{"type":"Feature","geometry":{"type":"MultiLineString","coordinates":[[[-137,61.227],[-137.064,60.928],[-137.434,60.799],[-137.741,60.792],[-137.844,60.659],[-137.832,60.472],[-138.016,60.213],[-137.839,59.971],[-138.018,59.899],[-137.912,59.617],[-137.968,59.461]],[[-138.061,59.437],[-138.26,59.32]],[[-138.197,59.252],[-138.185,59.224]],[[-138.239,59.176],[-138.438,59.183]]]},"properties":{"name":null,"featurecla":"River","scalerank":6}},
{"type":"Feature","geometry":{"type":"LineString","coordinates":[[-154.721,63.079],[-154.731,63.07],[-154.885,63],[-155.477,62.989],[-155.81,62.78],[-155.765,62.588],[-156.095,62.437],[-156.283,62.212],[-156.177,62.016],[-156.352,61.862],[-156.694,61.801],[-157.051,61.663],[-157.352,61.797],[-157.865,61.905],[-158.21,61.803],[-158.318,61.629],[-158.768,61.54],[-158.983,61.601],[-159.879,61.584],[-160.253,61.534],[-160.599,61.415],[-160.634,61.299],[-161.052,61.091],[-161.117,60.959],[-161.881,60.704]]},"properties":{"name":"Kuskokwim","featurecla":"River","scalerank":6}},
{"type":"Feature","geometry":{"type":"LineString","coordinates":[[-151.674,64.301],[-152.236,64.32],[-152.568,64.097],[-152.612,63.94],[-152.805,63.912],[-153.376,63.705],[-153.62,63.495],[-153.796,63.439],[-153.997,63.255],[-154.721,63.079]]},"properties":{"name":"N. Fork Kuskokwim","featurecla":"River","scalerank":6}},
{"type":"Feature","geometry":{"type":"LineString","coordinates":[[-144.616,60.714],[-144.504,60.813],[-144.786,60.998],[-144.901,61.187],[-144.747,61.368],[-144.506,61.428],[-144.464,61.647],[-145.253,61.945],[-145.43,62.185],[-145.372,62.275],[-144.891,62.468],[-144.543,62.651],[-144.32,62.704],[-143.929,62.706],[-143.733,62.631],[-143.658,62.474]]},"properties":{"name":"Copper","featurecla":"River","scalerank":6}},
{"type":"Feature","geometry":{"type":"LineString","coordinates":[[-146.684,62.505],[-146.887,62.661],[-147.607,62.712],[-147.845,62.81],[-148.292,62.87],[-148.804,62.797],[-149.021,62.848],[-149.585,62.853],[-149.859,62.745],[-150.111,62.563],[-150.175,62.406],[-150.095,61.951],[-150.394,61.583],[-150.551,61.532],[-150.582,61.356]]},"properties":{"name":"Susitna","featurecla":"River","scalerank":6}},
{"type":"Feature","geometry":{"type":"LineString","coordinates":[[-142.022,62.027],[-142.06,62.228],[-141.773,62.32],[-141.624,62.478],[-141.425,62.558],[-141.382,62.686],[-141.601,62.908],[-142.137,63.166],[-142.342,63.167],[-143.029,63.439],[-143.633,63.418],[-143.995,63.697],[-144.541,63.725],[-144.744,63.805],[-144.849,64.004],[-145.09,64.085],[-145.362,64.082],[-145.607,64.171],[-145.888,64.162],[-146.111,64.246],[-146.655,64.253],[-147.021,64.426],[-147.022,64.546],[-147.522,64.775],[-147.846,64.806],[-148.7,64.585],[-149.105,64.576],[-149.115,64.867],[-149.211,64.912],[-149.92,64.783],[-150.296,64.868],[-150.415,64.963],[-150.999,64.971],[-151.297,64.877],[-151.69,65.014],[-151.679,65.099],[-152.048,65.165]]},"properties":{"name":"Tanana","featurecla":"River","scalerank":6}},
{"type":"Feature","geometry":{"type":"LineString","coordinates":[[-139.811,65.65],[-139.701,65.944],[-139.215,65.997],[-138.843,66.216],[-138.656,66.473],[-138.33,66.578],[-138.131,66.761],[-137.934,66.756],[-137.509,67.084],[-138.027,67.472],[-138.252,67.584],[-138.709,67.655],[-139.172,67.543],[-139.784,67.582],[-140.065,67.512],[-140.97,67.437],[-141.532,67.332],[-141.693,67.175],[-142.198,67.225],[-142.687,66.996],[-143.078,67.018],[-143.68,66.948],[-144.085,66.807],[-144.524,66.75],[-144.853,66.643],[-145.072,66.667],[-145.29,66.611],[-145.532,66.582]]},"properties":{"name":"Porcupine","featurecla":"River","scalerank":6}},
{"type":"Feature","geometry":{"type":"LineString","coordinates":[[-74.713,44.999],[-74.869,45.01],[-75.271,44.864],[-75.792,44.497]]},"properties":{"name":"St. Lawrence","featurecla":"River","scalerank":2}},
{"type":"Feature","geometry":{"type":"LineString","coordinates":[[-150.821,68.043],[-151.047,67.577],[-150.694,67.322],[-150.823,67.15],[-151.66,66.917],[-151.716,66.692],[-151.925,66.598],[-152.313,66.543],[-152.664,66.577],[-153.004,66.462],[-153.285,66.454],[-154.063,66.271],[-154.362,65.96],[-154.766,65.791],[-154.998,65.803],[-155.485,66.013],[-155.919,66.029],[-156.286,65.909],[-156.547,65.717],[-156.352,65.622],[-156.399,65.498],[-156.642,65.459],[-156.819,65.564],[-157.082,65.485],[-157.496,65.487],[-157.693,65.4],[-157.599,65.234],[-157.653,65.064],[-157.552,64.925],[-157.74,64.867]]},"properties":{"name":"Koyukuk","featurecla":"River","scalerank":6}},
{"type":"Feature","geometry":{"type":"MultiLineString","coordinates":[[[38.774,6.605],[38.709,6.529],[38.862,6.343],[39.014,6.083],[39.227,5.999],[39.356,6.011],[39.399,5.968]],[[39.376,5.985],[39.451,5.818],[39.549,5.714],[39.726,5.663],[39.699,5.529],[39.862,5.513],[39.937,5.423],[40.188,5.355],[40.547,5.424],[40.704,5.565],[40.935,5.705],[41.13,5.656],[41.297,5.359],[41.333,5.174],[41.428,5.004],[41.542,4.896],[41.603,4.697],[41.884,4.375],[41.966,4.324]]]},"properties":{"name":"Genale","featurecla":"River","scalerank":6}},
{"type":"Feature","geometry":{"type":"LineString","coordinates":[[77.525,35.521],[77.675,35.603],[77.689,35.785],[77.544,35.904],[77.642,36.079],[77.627,36.199],[77.451,36.43],[77.079,36.459],[76.838,36.385],[76.479,36.44],[76.421,36.552],[76.119,36.675],[76.026,36.869],[75.92,36.972],[76.015,37.177],[76.249,37.418],[76.181,37.733],[76.276,37.967],[76.775,37.883],[77.21,38.234],[77.394,38.354],[77.326,38.563],[77.581,38.891],[77.561,39.013],[77.669,39.132],[78.005,39.371],[78.552,39.604],[78.902,39.617],[79.591,39.838],[80.362,40.242],[80.456,40.393],[80.888,40.467]]},"properties":{"name":"Yarkant","featurecla":"River","scalerank":6}},
{"type":"Feature","geometry":{"type":"MultiLineString","coordinates":[[[-91.929,51.892],[-91.97,51.987]],[[-91.915,51.762],[-91.893,51.487]],[[-91.781,51.335],[-91.782,51.336],[-91.886,51.458]],[[-91.598,51.162],[-91.598,51.161],[-91.418,51.069],[-91.418,51.068]],[[-91.312,51.063],[-91.098,50.99],[-90.513,51.123],[-90.417,51.093]]]},"properties":{"name":"Albany","featurecla":"Lake Centerline","scalerank":6}},
{"type":"Feature","geometry":{"type":"MultiLineString","coordinates":[[[-92.299,51.974],[-91.97,51.987]],[[-91.929,51.892],[-91.915,51.762]],[[-91.893,51.487],[-91.886,51.458]],[[-91.782,51.336],[-91.598,51.161]],[[-90.416,51.092],[-90.086,51.121],[-89.516,51.291],[-89.295,51.426],[-88.946,51.468],[-88.804,51.558],[-88.549,51.574],[-88.449,51.492],[-87.905,51.47],[-87.532,51.261],[-87.304,51.268],[-87.002,51.412],[-86.817,51.399],[-86.444,51.567],[-86.385,51.723],[-86.142,51.762],[-85.927,51.634],[-85.515,51.673],[-85.111,51.415],[-85.041,51.298],[-84.597,51.113],[-84.217,51.255],[-83.925,51.309],[-83.291,51.551],[-83.107,51.784],[-82.795,51.938],[-82.586,51.942],[-82.319,52.102],[-81.883,52.194]],[[-91.418,51.069],[-91.312,51.063]]]},"properties":{"name":"Albany","featurecla":"River","scalerank":6}},
{"type":"Feature","geometry":{"type":"LineString","coordinates":[[-64.682,53.125],[-64.678,53.382]]},"properties":{"name":"Churchill","featurecla":"Lake Centerline","scalerank":6}},
{"type":"Feature","geometry":{"type":"MultiLineString","coordinates":[[[-64.678,53.382],[-64.492,53.533],[-64.188,53.55],[-63.768,53.492],[-63.208,53.218],[-62.833,53.17],[-62.489,53.181],[-62.265,53.102],[-62.193,52.938],[-61.808,52.914],[-61.621,52.999],[-61.353,52.995],[-60.818,53.269],[-60.421,53.269]],[[-64.622,52.891],[-64.682,53.125]]]},"properties":{"name":"Churchill","featurecla":"River","scalerank":6}},
{"type":"Feature","geometry":{"type":"LineString","coordinates":[[84.22,62.637],[84.627,62.911],[85.467,63.143],[85.641,63.374],[85.41,63.353],[85.276,63.522],[84.882,63.584],[84.705,63.691],[84.459,63.71],[83.935,63.584],[83.739,63.723],[83.493,63.74],[83.228,63.938],[83.034,63.828],[82.719,63.754],[82.405,63.847],[81.932,64.062],[81.65,64.405],[81.376,64.555],[81.548,64.666],[81.437,64.829],[81.438,65.035],[81.822,65.159],[82.123,65.364],[82.013,65.495],[82.465,65.676],[82.303,65.768],[82.328,65.912],[82.115,66.076],[82.075,66.344],[82.281,66.382],[82.306,66.643],[81.772,66.972],[81.102,67.092],[80.053,67.104],[79.315,67.286],[78.577,67.581]]},"properties":{"name":"Taz","featurecla":"River","scalerank":6}},
{"type":"Feature","geometry":{"type":"LineString","coordinates":[[123.554,43.483],[123.634,43.37],[123.548,43.185],[123.531,42.984],[123.602,42.819],[123.561,42.702],[123.899,42.389],[123.664,42.305],[123.366,42.142],[123.272,42.172],[122.991,42.068],[122.691,41.664],[122.625,41.471],[122.621,41.285],[122.398,41.177],[122.409,41.003],[122.266,40.859],[122.125,40.825],[122.156,40.702]]},"properties":{"name":"Liao","featurecla":"River","scalerank":6}},
{"type":"Feature","geometry":{"type":"MultiLineString","coordinates":[[[112.994,29.147],[113.069,29.388],[113.071,29.389]],[[112.905,29.031],[112.843,28.931],[112.436,28.821],[112.308,28.843],[111.993,28.985]]]},"properties":{"name":"Yuan","featurecla":"Lake Centerline","scalerank":6}},
{"type":"Feature","geometry":{"type":"MultiLineString","coordinates":[[[113.069,29.388],[113.128,29.463]],[[112.905,29.031],[112.994,29.147]],[[107.505,26.338],[107.506,26.199],[107.656,26.16],[107.786,26.362],[107.821,26.536],[107.93,26.581],[108.028,26.723],[108.238,26.853],[108.404,26.818],[108.641,26.599],[108.759,26.633],[108.905,26.556],[109.067,26.591],[109.454,26.912],[109.458,27.034],[109.584,27.137],[109.774,27.209],[109.985,27.124],[110.278,27.521],[110.377,27.715],[110.383,27.846],[110.139,28.022],[110.245,28.294],[110.544,28.654],[110.667,28.669],[110.84,28.775],[111.1,28.857],[111.322,28.747],[111.463,28.843],[111.532,29.034],[111.718,28.977],[111.993,28.985]]]},"properties":{"name":"Yuan","featurecla":"River","scalerank":6}},
{"type":"Feature","geometry":{"type":"MultiLineString","coordinates":[[[-75.263,51.446],[-74.818,51.412]],[[-76.819,51.416],[-76.821,51.415],[-76.613,51.35]]]},"properties":{"name":"Rupert","featurecla":"Lake Centerline","scalerank":6}},
{"type":"Feature","geometry":{"type":"MultiLineString","coordinates":[[[-75.263,51.446],[-75.271,51.542],[-75.558,51.549],[-75.976,51.453],[-76.27,51.43],[-76.613,51.35]],[[-76.821,51.415],[-77.265,51.403],[-77.548,51.347],[-77.826,51.377],[-78.379,51.366],[-78.69,51.487]],[[-74.818,51.412],[-74.335,51.471],[-74.126,51.362],[-73.913,51.396],[-73.824,51.21],[-73.873,51.068],[-73.641,51.078]]]},"properties":{"name":"Rupert","featurecla":"River","scalerank":6}},
{"type":"Feature","geometry":{"type":"LineString","coordinates":[[-119.698,37],[-119.601,37.062]]},"properties":{"name":"San Joaquin","featurecla":"Lake Centerline","scalerank":6}},
{"type":"Feature","geometry":{"type":"MultiLineString","coordinates":[[[-121.204,37.651],[-121.252,37.696],[-121.238,37.72],[-121.272,37.72],[-121.314,37.96],[-121.445,38.004]],[[-118.737,37.096],[-118.808,37.203],[-119.082,37.355],[-119.191,37.484],[-119.296,37.375],[-119.342,37.203],[-119.601,37.063]],[[-119.698,37],[-119.792,36.871],[-120.279,36.768],[-120.426,36.863],[-120.551,37.094],[-120.711,37.144],[-120.83,37.291],[-121.204,37.651]]]},"properties":{"name":"San Joaquin","featurecla":"River","scalerank":6}},
{"type":"Feature","geometry":{"type":"MultiLineString","coordinates":[[[68.965,66.81],[68.552,66.732],[68.478,66.631],[68.038,66.508],[67.835,66.598],[67.297,66.667],[67.033,66.557],[66.527,66.651],[66.224,66.332],[65.713,66.151],[65.868,66.086],[65.879,65.882],[65.688,65.725],[65.607,65.436],[65.246,65.168],[65.373,65.025],[65.578,65.034],[65.487,64.734],[65.755,64.634],[65.982,64.232],[65.777,64.059],[65.851,63.758],[65.757,63.537],[65.466,63.457],[65.521,63.356],[65.266,63.272],[65.046,63.007],[65.337,62.868],[65.884,62.497],[66.389,62.428],[66.521,62.297],[67.056,62.229],[67.333,62.086],[67.566,61.709],[68.267,61.489],[68.356,61.35],[68.27,61.248],[68.523,61.097],[68.857,61.124]],[[67.431,66.672],[67.583,66.783],[67.958,66.769],[68.154,66.829],[68.582,66.742]]]},"properties":{"name":"Ob","featurecla":"River","scalerank":2}},
{"type":"Feature","geometry":{"type":"MultiLineString","coordinates":[[[-83.815,34.364],[-83.817,34.364],[-84.076,34.167]],[[-85.067,31.635],[-85.144,31.824],[-85.064,32.051]],[[-84.966,30.923],[-84.876,30.719],[-84.874,30.719]]]},"properties":{"name":"Chattahoochee","featurecla":"Lake Centerline","scalerank":6}},
{"type":"Feature","geometry":{"type":"MultiLineString","coordinates":[[[-83.746,34.716],[-83.624,34.551],[-83.817,34.364]],[[-84.076,34.167],[-84.115,34.066],[-84.268,33.971],[-84.362,34.007],[-84.452,33.848],[-84.816,33.54],[-85.045,33.396],[-85.097,33.287],[-85.064,33.149],[-85.201,32.935],[-85.084,32.615],[-84.967,32.42]],[[-84.967,32.42],[-84.901,32.261],[-85.018,32.183],[-85.065,32.051]],[[-85.067,31.635],[-85.043,31.535],[-85.11,31.271],[-84.966,30.923]],[[-84.876,30.719],[-84.992,30.542],[-85.131,30.059],[-85.008,29.952],[-84.974,29.751]]]},"properties":{"name":"Chattahoochee","featurecla":"River","scalerank":6}},
{"type":"Feature","geometry":{"type":"MultiLineString","coordinates":[[[-86.2,33.588],[-86.33,33.444]],[[-86.522,33.032],[-86.446,32.812],[-86.445,32.811]]]},"properties":{"name":"Alabama","featurecla":"Lake Centerline","scalerank":6}},
{"type":"Feature","geometry":{"type":"MultiLineString","coordinates":[[[-85.183,34.259],[-85.386,34.264],[-85.755,34.184],[-85.896,34.017],[-86.059,33.922],[-86.058,33.797],[-86.2,33.588]],[[-86.33,33.444],[-86.371,33.299],[-86.492,33.205],[-86.522,33.032]],[[-86.446,32.812],[-86.211,32.543],[-86.512,32.348],[-86.655,32.402],[-86.823,32.347],[-87.008,32.41],[-87.122,32.165],[-87.388,32.148],[-87.523,31.855],[-87.585,31.428],[-87.763,31.368],[-87.862,31.244],[-88.023,30.785],[-87.995,30.685]]]},"properties":{"name":"Alabama","featurecla":"River","scalerank":6}},
{"type":"Feature","geometry":{"type":"LineString","coordinates":[[-83.166,34.598],[-83.015,34.482],[-82.857,34.461],[-82.819,34.366]]},"properties":{"name":"Tugaloo","featurecla":"Lake Centerline","scalerank":6}},
{"type":"Feature","geometry":{"type":"LineString","coordinates":[[-83.356,34.708],[-83.166,34.6]]},"properties":{"name":"Tugaloo","featurecla":"River","scalerank":6}},
{"type":"Feature","geometry":{"type":"LineString","coordinates":[[-83.121,35.076],[-83.116,34.987],[-83.308,34.82],[-83.356,34.708]]},"properties":{"name":"Chattooga","featurecla":"River","scalerank":6}},
{"type":"Feature","geometry":{"type":"LineString","coordinates":[[-82.589,34.018],[-82.589,34.017],[-82.571,33.968],[-82.245,33.751],[-82.208,33.664]]},"properties":{"name":"Savannah","featurecla":"Lake Centerline","scalerank":6}},
{"type":"Feature","geometry":{"type":"MultiLineString","coordinates":[[[-82.819,34.366],[-82.735,34.185],[-82.589,34.017]],[[-82.208,33.664],[-81.924,33.458],[-81.76,33.156],[-81.518,33.039],[-81.403,32.745],[-81.406,32.624],[-81.201,32.484],[-81.078,32.087],[-80.891,32.032]]]},"properties":{"name":"Savannah","featurecla":"River","scalerank":6}},
{"type":"Feature","geometry":{"type":"LineString","coordinates":[[6.133,46.205],[6.301,46.395],[6.613,46.456],[6.866,46.403]]},"properties":{"name":"Rhne","featurecla":"Lake Centerline","scalerank":6}},
{"type":"Feature","geometry":{"type":"MultiLineString","coordinates":[[[8.379,46.579],[8.007,46.338],[7.627,46.331],[7.102,46.132],[6.866,46.403]],[[6.133,46.205],[5.825,46.095],[5.832,45.898],[5.713,45.7],[5.601,45.656],[5.334,45.868],[5.239,45.786],[4.992,45.827],[4.865,45.792],[4.76,45.444],[4.823,45.111],[4.893,44.95],[4.778,44.795],[4.658,44.276],[4.719,44.103],[4.851,44.025],[4.647,43.884],[4.616,43.709]],[[4.617,43.71],[4.616,43.709]],[[4.616,43.709],[4.48,43.7],[4.36,43.537],[4.401,43.453]],[[4.616,43.709],[4.695,43.579]]]},"properties":{"name":"Rhône","featurecla":"River","scalerank":6}},
{"type":"Feature","geometry":{"type":"MultiLineString","coordinates":[[[30.534,60.63],[30.7,60.655],[31.073,60.573],[31.203,60.49],[31.412,60.236]],[[30.478,60.574],[30.074,60.704],[29.753,60.665],[29.596,60.717]]]},"properties":{"name":"Vuoksi","featurecla":"Lake Centerline","scalerank":6}},
{"type":"Feature","geometry":{"type":"MultiLineString","coordinates":[[[28.788,61.204],[28.857,61.074],[29.186,60.893],[29.596,60.717]],[[30.478,60.574],[30.534,60.63]]]},"properties":{"name":"Vuoksi","featurecla":"River","scalerank":6}},
{"type":"Feature","geometry":{"type":"LineString","coordinates":[[128.739,-16.108],[128.7,-16.578],[128.763,-16.669],[128.734,-16.789]]},"properties":{"name":"Ord","featurecla":"Lake Centerline","scalerank":6}},
{"type":"Feature","geometry":{"type":"MultiLineString","coordinates":[[[128.739,-16.108],[128.701,-15.998],[128.765,-15.877],[128.666,-15.556],[128.482,-15.575],[128.375,-15.528],[128.289,-15.402]],[[127.578,-17.623],[127.744,-17.573],[127.852,-17.476],[128.056,-17.471],[128.233,-17.543],[128.33,-17.683],[128.45,-17.698],[128.62,-17.588],[128.903,-17.296],[128.873,-17.068],[128.701,-16.961],[128.734,-16.789]]]},"properties":{"name":"Ord","featurecla":"River","scalerank":6}},
{"type":"Feature","geometry":{"type":"MultiLineString","coordinates":[[[76.765,31.409],[76.65,31.268],[76.435,31.422]],[[81.295,30.792],[81.294,30.792],[81.199,30.852]]]},"properties":{"name":"Sutlej","featurecla":"Lake Centerline","scalerank":6}},
{"type":"Feature","geometry":{"type":"MultiLineString","coordinates":[[[76.435,31.422],[76.378,31.339],[76.538,31.183],[76.532,30.997],[75.923,31.023],[75.539,30.973],[75.396,30.985],[75.017,31.182],[74.963,31.167],[74.934,31.163],[74.811,31.148],[74.601,31.057],[74.519,30.963],[74.329,30.9],[74.163,30.665],[73.906,30.395],[73.54,30.278],[73.139,30.087],[73.053,30.093],[72.618,29.826],[72.474,29.853],[72.324,29.805],[72.148,29.66],[72.166,29.579],[71.881,29.462],[71.388,29.366],[71.255,29.426],[71.022,29.367]],[[81.199,30.852],[81.151,30.919],[80.937,30.989],[80.766,31.121],[80.485,31.046],[80.152,31.186],[79.895,31.462],[79.526,31.51],[79.354,31.633],[79.121,31.697],[78.991,31.649],[78.843,31.805],[78.703,31.847],[78.628,31.765],[78.314,31.609],[78.189,31.512],[77.829,31.564],[77.538,31.354],[77.356,31.351],[77.138,31.238],[76.884,31.415],[76.765,31.409]],[[81.376,30.758],[81.294,30.792]]]},"properties":{"name":"Sutlej","featurecla":"River","scalerank":6}},
{"type":"Feature","geometry":{"type":"MultiLineString","coordinates":[[[-114.173,65.639],[-114.173,65.638],[-114.371,65.512],[-114.044,65.375],[-113.147,65.279],[-112.659,65.172],[-112.397,65.183],[-112.318,64.96]],[[-112.343,64.899],[-111.953,64.735],[-111.966,64.638]]]},"properties":{"name":"Coppermine","featurecla":"Lake Centerline","scalerank":6}},
{"type":"Feature","geometry":{"type":"MultiLineString","coordinates":[[[-114.173,65.638],[-114.425,65.816],[-114.444,66.005],[-114.284,66.115],[-114.636,66.536],[-115.047,66.693],[-115.773,66.838],[-116.235,66.803],[-116.364,66.958],[-116.103,67.133],[-115.695,67.216],[-115.723,67.341],[-115.5,67.684],[-115.112,67.804]],[[-112.318,64.96],[-112.343,64.899]],[[-111.212,64.583],[-111.966,64.638]]]},"properties":{"name":"Coppermine","featurecla":"River","scalerank":6}},
{"type":"Feature","geometry":{"type":"MultiLineString","coordinates":[[[17.206,48.061],[17.471,47.889],[17.825,47.75],[18.235,47.754],[18.79,47.827],[19.107,47.803],[19.036,47.413],[18.879,47.149],[18.968,47.033],[18.933,46.821],[19.002,46.709],[18.858,46.615],[18.92,46.499],[18.915,46.195],[18.7,46.045],[19.094,45.526],[18.996,45.474],[19.162,45.285],[19.363,45.248],[20.185,45.185],[20.357,45.034],[20.303,44.955],[20.455,44.84],[20.764,44.668],[21.164,44.748],[21.269,44.814],[21.595,44.766],[21.656,44.688],[22.004,44.652],[22.185,44.515],[22.319,44.686],[22.483,44.724],[22.621,44.638],[22.484,44.5],[22.549,44.349],[22.69,44.229],[23.022,44.032],[22.885,43.995],[22.919,43.834],[23.325,43.887]],[[23.325,43.887],[24.159,43.753],[24.5,43.8],[24.705,43.744],[24.752,43.739],[24.963,43.75],[25.359,43.654],[25.781,43.732],[26.15,44.013],[26.614,44.085],[27.027,44.177],[27.292,44.151],[27.445,44.134],[27.993,44.304],[28.109,44.458],[28.034,44.631],[27.877,44.744],[27.877,45.005],[27.942,45.224],[28.034,45.402],[28.212,45.45],[28.33,45.323],[28.747,45.231]]]},"properties":{"name":"Danube","featurecla":"River","scalerank":2}},
{"type":"Feature","geometry":{"type":"LineString","coordinates":[[35.902,14.936],[35.935,14.804],[35.895,14.62]]},"properties":{"name":"Atbara","featurecla":"Lake Centerline","scalerank":6}},
{"type":"Feature","geometry":{"type":"MultiLineString","coordinates":[[[35.586,16.004],[35.622,15.62],[35.764,15.406],[35.771,15.319],[35.997,15.003],[35.902,14.936]],[[35.583,16],[35.451,16.231],[35.275,16.417],[35.273,16.51],[34.96,16.934],[34.955,17.027],[34.247,17.409],[34.146,17.601],[33.985,17.666]]]},"properties":{"name":"Atbara","featurecla":"River","scalerank":6}},
{"type":"Feature","geometry":{"type":"LineString","coordinates":[[87.756,51.364],[87.631,51.745],[87.392,51.762]]},"properties":{"name":"Biya","featurecla":"Lake Centerline","scalerank":6}},
{"type":"Feature","geometry":{"type":"LineString","coordinates":[[87.392,51.762],[87.111,51.868],[87.114,52.269],[86.449,52.639],[86.172,52.54],[85.71,52.611],[85.306,52.57],[85.056,52.434]]},"properties":{"name":"Biya","featurecla":"River","scalerank":6}},
{"type":"Feature","geometry":{"type":"LineString","coordinates":[[-103.167,55.874],[-103.081,55.993],[-103.081,55.995]]},"properties":{"name":null,"featurecla":"Lake Centerline","scalerank":6}},
{"type":"Feature","geometry":{"type":"MultiLineString","coordinates":[[[-103.241,56.278],[-103.081,55.993]],[[-103.167,55.874],[-103.154,55.578]]]},"properties":{"name":null,"featurecla":"River","scalerank":6}},
{"type":"Feature","geometry":{"type":"MultiLineString","coordinates":[[[-91.319,48.828],[-91.401,48.914],[-91.63,48.865]],[[-93.382,48.616],[-93.314,48.633],[-93.018,48.636],[-92.779,48.678]]]},"properties":{"name":"Rainy","featurecla":"Lake Centerline","scalerank":6}},
{"type":"Feature","geometry":{"type":"MultiLineString","coordinates":[[[-90.503,49.329],[-90.696,49.052],[-91.029,49.029],[-91.319,48.828]],[[-91.63,48.865],[-91.662,48.781],[-92.012,48.746],[-92.125,48.801],[-92.779,48.678]],[[-93.377,48.617],[-93.493,48.543],[-93.758,48.517],[-93.876,48.637],[-94.233,48.652],[-94.69,48.779],[-94.713,48.863]]]},"properties":{"name":"Rainy","featurecla":"River","scalerank":6}},
{"type":"Feature","geometry":{"type":"MultiLineString","coordinates":[[[-96.598,50.979],[-96.397,50.677],[-96.295,50.625],[-96.294,50.624]],[[-96.026,50.283],[-95.989,50.404],[-95.989,50.405]],[[-94.614,49.993],[-94.472,49.612],[-94.861,49.377],[-94.854,49.116],[-94.713,48.863]]]},"properties":{"name":"Winnipeg","featurecla":"Lake Centerline","scalerank":6}},
{"type":"Feature","geometry":{"type":"MultiLineString","coordinates":[[[-95.989,50.404],[-96.295,50.625]],[[-94.614,49.993],[-94.588,50.124],[-94.993,50.122],[-95.232,50.281],[-95.535,50.339],[-95.638,50.186],[-96.025,50.137],[-96.026,50.283]]]},"properties":{"name":"Winnipeg","featurecla":"River","scalerank":6}},
{"type":"Feature","geometry":{"type":"MultiLineString","coordinates":[[[-97.267,65.974],[-96.995,66.152],[-96.995,66.151]],[[-98.656,65.928],[-99.051,66.099],[-99.513,65.908],[-99.996,65.925],[-100.473,65.859],[-101.332,65.885],[-101.77,65.947]],[[-108.089,64.715],[-107.979,64.72]],[[-108.533,64.562],[-108.18,64.686]]]},"properties":{"name":"Back","featurecla":"Lake Centerline","scalerank":6}},
{"type":"Feature","geometry":{"type":"MultiLineString","coordinates":[[[-96.995,66.152],[-96.541,66.072],[-95.943,66.343],[-95.821,66.591]],[[-98.656,65.927],[-98.135,65.922],[-97.939,66.037],[-97.398,65.939],[-97.267,65.974]],[[-107.979,64.72],[-107.378,65.071],[-107.423,65.326],[-107.178,65.488],[-106.879,65.448],[-106.631,65.272],[-105.192,65.061],[-104.915,65.069],[-104.017,65.206],[-103.3,65.413],[-103.012,65.599],[-102.251,65.602],[-102.072,65.699],[-102.167,65.796],[-101.77,65.947]],[[-108.18,64.686],[-108.09,64.715]],[[-108.828,64.562],[-108.533,64.562]]]},"properties":{"name":"Back","featurecla":"River","scalerank":6}},
{"type":"Feature","geometry":{"type":"LineString","coordinates":[[-106.853,51.262],[-106.636,51.086],[-106.858,51.032],[-107.073,50.744],[-107.172,50.754],[-107.551,50.629],[-108.006,50.658]]},"properties":{"name":"South Saskatchewan","featurecla":"Lake Centerline","scalerank":6}},
{"type":"Feature","geometry":{"type":"MultiLineString","coordinates":[[[-116.422,51.667],[-116.073,51.359],[-115.723,51.194],[-115.443,51.182],[-115.26,51.055],[-114.674,51.248],[-114.015,51.021],[-113.965,50.856],[-113.516,50.795],[-113.196,50.863],[-113.153,50.778],[-112.65,50.794],[-112.378,50.624],[-112.34,50.47],[-112.053,50.2],[-111.678,50.144],[-111.581,50.047],[-111.704,49.929]],[[-106.853,51.263],[-107.069,51.429],[-107.049,51.587],[-106.728,51.813],[-106.769,51.972],[-106.6,52.194],[-106.155,52.563],[-106.128,52.775],[-106.012,52.914],[-105.744,52.933],[-105.525,53.009],[-105.415,53.159],[-105.221,53.139],[-105.065,53.24]],[[-111.706,49.931],[-111.704,49.929]],[[-111.704,49.929],[-111.627,49.891],[-111.15,50.062],[-110.743,50.037],[-110.582,50.141],[-110.65,50.247],[-110.589,50.438],[-110.421,50.417],[-110.382,50.585],[-110.195,50.635],[-110.075,50.795],[-109.842,50.953],[-109.464,50.96],[-109.308,51.008],[-108.946,51.014],[-108.807,50.946],[-108.499,50.918],[-108.268,50.677],[-108.006,50.658]],[[-111.704,49.929],[-111.706,49.925]]]},"properties":{"name":"South Saskatchewan","featurecla":"River","scalerank":6}},
{"type":"Feature","geometry":{"type":"LineString","coordinates":[[-0.974,8.661],[-1.002,8.751],[-1.157,8.92],[-1.152,9.117]]},"properties":{"name":"Nakanbé","featurecla":"Lake Centerline","scalerank":6}},
{"type":"Feature","geometry":{"type":"LineString","coordinates":[[-2.083,14.01],[-2.057,13.68],[-2.125,13.528],[-2.043,13.325],[-2.149,13.081],[-1.686,13.064],[-1.453,12.934],[-1.267,12.974],[-1.193,12.9],[-1.152,12.697],[-1.09,12.663],[-1.06,12.448],[-1.115,12.321],[-1.022,12.088],[-0.767,11.81],[-0.795,11.694],[-0.744,11.549],[-0.562,11.488],[-0.522,11.34],[-0.367,11.145],[-0.384,10.838],[-0.336,10.638],[-0.481,10.622],[-0.589,10.543],[-0.785,10.643],[-0.891,10.501],[-1.069,10.481],[-1.01,10.188],[-1.004,9.853],[-0.943,9.755],[-1.062,9.673],[-1.168,9.727],[-1.378,9.617],[-1.367,9.408],[-1.152,9.117]]},"properties":{"name":"Nakanbé","featurecla":"River","scalerank":6}},
{"type":"Feature","geometry":{"type":"LineString","coordinates":[[27.385,66.765],[27.563,66.636],[27.359,66.467]]},"properties":{"name":"Kemijoki","featurecla":"Lake Centerline","scalerank":6}},
{"type":"Feature","geometry":{"type":"MultiLineString","coordinates":[[[28.781,68.105],[28.98,67.975],[28.685,67.653],[28.157,67.399],[28.055,67.221],[27.48,67.139],[27.56,67.006],[27.385,66.765]],[[27.359,66.467],[27.15,66.336],[26.154,66.415],[25.828,66.522],[25.433,66.419],[25.335,66.207],[24.791,66.071],[24.711,65.912]]]},"properties":{"name":"Kemijoki","featurecla":"River","scalerank":6}},
{"type":"Feature","geometry":{"type":"LineString","coordinates":[[109.587,63.455],[109.889,63.416],[110.088,63.492],[110.462,63.356],[110.432,63.165],[110.932,62.948],[111.315,63.099],[111.537,63.085],[111.696,63.249],[111.917,63.08],[111.742,63.022],[111.939,62.861],[112.164,62.855],[112.284,63.03],[112.48,63.021]]},"properties":{"name":"Vilyuy","featurecla":"Lake Centerline","scalerank":6}},
{"type":"Feature","geometry":{"type":"MultiLineString","coordinates":[[[103.516,65.994],[103.968,65.915],[104.13,65.755],[104.73,65.645],[105.054,65.652],[105.446,65.775],[105.919,65.538],[105.915,65.447],[106.302,65.42],[106.738,65.481],[106.775,65.561],[107.587,65.638],[107.8,65.583],[107.821,65.46],[108.057,65.322],[108.273,65.337],[108.823,65.089],[109.063,65.156],[109.481,64.981],[109.322,64.685],[109.535,64.633],[109.326,64.504],[109.428,64.375],[109.203,64.337],[109.046,64.159],[109.361,64.182],[109.456,63.733],[109.239,63.678],[109.587,63.455]],[[126.43,64.414],[126.421,64.397],[126.416,64.38],[126.415,64.344],[126.427,64.26],[125.986,63.996],[125.18,63.869],[124.609,64.032],[124.007,64.05],[123.737,64.105],[123.179,63.91],[122.825,63.94],[122.369,63.875],[121.855,63.874],[121.608,63.785],[121.156,63.796],[120.897,63.752],[120.496,63.513],[120.042,63.579],[119.58,63.521],[118.907,63.49],[118.927,63.399],[118.6,63.296],[117.875,63.262],[117.629,63.171],[117.445,62.838],[117.416,62.556],[117.52,62.346],[117.733,62.208],[117.432,62.008],[117.175,61.929],[116.423,62.017],[116.112,62.178],[116.104,62.306],[115.755,62.37],[115.777,62.586],[115.368,62.635],[115.204,62.845],[115.294,62.936],[115.086,63.057],[114.706,63.029],[114.624,63.192],[114.288,63.134],[113.743,63.256],[113.317,63.057],[112.891,63.066],[112.715,62.948],[112.48,63.02]]]},"properties":{"name":"Vilyuy","featurecla":"River","scalerank":6}},
{"type":"Feature","geometry":{"type":"LineString","coordinates":[[98.007,47.999],[97.655,48.047],[97.415,48.152],[97.438,48.475],[97.719,48.702],[97.982,48.769],[98.206,48.74],[98.851,48.718],[99.307,48.608],[99.415,48.68],[100.291,49.014],[100.59,49.078],[100.7,49.263]]},"properties":{"name":"Ideriyn","featurecla":"River","scalerank":2}},
{"type":"Feature","geometry":{"type":"LineString","coordinates":[[111.478,32.568],[111.365,32.575],[111,32.741]]},"properties":{"name":"Han","featurecla":"Lake Centerline","scalerank":6}},
{"type":"Feature","geometry":{"type":"MultiLineString","coordinates":[[[106.398,33.068],[106.666,33.144],[106.884,33.131],[107.016,33.038],[107.156,33.047],[107.547,33.191],[107.787,33.169],[107.889,33.244],[108.026,33.047],[108.22,33.032],[108.286,32.8],[108.616,32.488],[108.76,32.602],[108.996,32.656],[109.149,32.788],[109.335,32.759],[109.413,32.868],[109.739,32.937]],[[109.739,32.93],[109.993,32.889],[110.274,32.79],[110.398,32.858],[110.637,32.793],[110.746,32.862],[111,32.741]],[[111.478,32.568],[111.665,32.402],[111.694,32.224],[111.827,32.079],[111.932,32.094],[112.193,32.022],[112.177,31.797],[112.337,31.724],[112.452,31.55],[112.402,31.358],[112.57,31.193],[112.508,31.063],[112.703,30.662],[112.693,30.552],[113.066,30.511],[113.113,30.453],[113.486,30.399],[113.647,30.586],[113.968,30.662],[114.07,30.6],[114.171,30.598],[114.29,30.566]]]},"properties":{"name":"Han","featurecla":"River","scalerank":6}},
{"type":"Feature","geometry":{"type":"LineString","coordinates":[[83.858,21.52],[83.857,21.52],[83.714,21.695],[83.575,21.748],[83.467,21.646],[83.3,21.695]]},"properties":{"name":"Mahäna Nadï","featurecla":"Lake Centerline","scalerank":6}},
{"type":"Feature","geometry":{"type":"MultiLineString","coordinates":[[[83.857,21.52],[83.975,21.39],[83.83,21.055],[83.833,20.931],[84.048,20.814],[84.229,20.891],[84.365,20.757],[84.516,20.736],[85.169,20.378],[85.495,20.376],[85.645,20.458],[85.865,20.446],[86.159,20.143]],[[80.625,20.599],[80.632,20.753],[80.748,20.779],[80.931,21.028],[81.232,21.102],[81.356,21.487],[81.436,21.617],[81.602,21.637],[81.701,21.758],[81.879,21.782],[82.035,21.888],[82.325,21.719],[82.444,21.754],[82.852,21.703],[83.017,21.735],[83.3,21.695]]]},"properties":{"name":"Mahäna Nadï","featurecla":"River","scalerank":6}},
{"type":"Feature","geometry":{"type":"LineString","coordinates":[[-122.095,40.784],[-122.369,40.763]]},"properties":{"name":"Pit","featurecla":"Lake Centerline","scalerank":6}},
{"type":"Feature","geometry":{"type":"LineString","coordinates":[[-120.429,41.709],[-120.478,41.511],[-120.855,41.444],[-121.126,41.352],[-121.11,41.048],[-121.192,40.95],[-121.359,41.054],[-121.513,40.991],[-121.653,41.031],[-121.978,40.97],[-121.952,40.867],[-122.095,40.784]]},"properties":{"name":"Pit","featurecla":"River","scalerank":6}},
{"type":"Feature","geometry":{"type":"LineString","coordinates":[[-7.044,7.041],[-7.062,6.875],[-6.987,6.782],[-6.979,6.513],[-7.045,6.253]]},"properties":{"name":"Sassandra","featurecla":"Lake Centerline","scalerank":6}},
{"type":"Feature","geometry":{"type":"MultiLineString","coordinates":[[[-7.167,9.714],[-7.231,9.553],[-7.207,9.366],[-7.263,9.032],[-7.236,8.952]],[[-7.236,8.945],[-7.191,8.796],[-7.22,8.642],[-7.127,8.304],[-7.072,7.958],[-7.079,7.678],[-7.006,7.445],[-7.086,7.366],[-7.042,7.042]],[[-7.045,6.253],[-6.866,6.136],[-6.627,5.801],[-6.518,5.574],[-6.43,5.503],[-6.224,5.206],[-6.207,5.054],[-6.064,4.957]]]},"properties":{"name":"Sassandra","featurecla":"River","scalerank":6}},
{"type":"Feature","geometry":{"type":"MultiLineString","coordinates":[[[-95.431,56.339],[-95.153,56.387],[-94.779,56.394]],[[-96.553,56.063],[-96.217,56.147],[-96.131,56.242],[-95.842,56.291],[-95.841,56.291]],[[-97.946,54.948],[-97.615,55.119],[-97.254,55.236]],[[-97.901,54.705],[-97.791,54.571]],[[-96.598,50.979],[-96.594,51.418],[-96.778,51.722],[-97.093,51.963],[-97.287,52.171],[-97.589,52.415],[-97.803,52.883],[-97.909,53.305],[-97.914,53.519],[-97.868,53.745],[-98.018,53.867],[-97.993,53.981],[-97.74,54.091]]]},"properties":{"name":"Nelson","featurecla":"Lake Centerline","scalerank":4}},
{"type":"Feature","geometry":{"type":"MultiLineString","coordinates":[[[-94.779,56.394],[-94.199,56.429],[-93.913,56.575],[-93.435,56.894],[-92.882,56.915]],[[-95.842,56.291],[-95.431,56.339]],[[-97.254,55.236],[-96.952,55.284],[-96.773,55.449],[-96.732,55.628],[-96.598,55.824],[-96.553,56.063]],[[-97.901,54.705],[-98.011,54.803],[-97.946,54.948]],[[-97.74,54.091],[-97.546,54.292],[-97.638,54.4],[-97.575,54.516],[-97.791,54.571]]]},"properties":{"name":"Nelson","featurecla":"River","scalerank":4}},
{"type":"Feature","geometry":{"type":"MultiLineString","coordinates":[[[11.216,59.652],[11.134,59.912]],[[11.17,59.389],[11.218,59.485]]]},"properties":{"name":"Vorma","featurecla":"Lake Centerline","scalerank":6}},
{"type":"Feature","geometry":{"type":"MultiLineString","coordinates":[[[12.028,60.525],[12.014,60.21],[11.698,60.248],[11.134,59.912]],[[11.216,59.652],[11.218,59.485]],[[11.17,59.389],[11.132,59.27],[10.936,59.183]]]},"properties":{"name":"Vorma","featurecla":"River","scalerank":6}},
{"type":"Feature","geometry":{"type":"LineString","coordinates":[[42.11,47.602],[42.858,47.845],[43.033,48.182],[43.167,48.344],[43.393,48.479],[43.539,48.646],[43.46,48.722],[43.649,48.928],[43.931,49.001],[43.993,49.194],[43.771,49.182],[43.696,49.367],[43.549,49.507]]},"properties":{"name":"Don","featurecla":"Lake Centerline","scalerank":6}},
{"type":"Feature","geometry":{"type":"MultiLineString","coordinates":[[[39.101,52.015],[39.17,52.084],[38.857,52.328],[38.931,52.481],[38.9,52.722],[39.129,52.947],[39.131,53.453],[38.505,53.756],[38.546,53.852],[38.306,54.064]],[[43.549,49.507],[43.323,49.48],[43.149,49.321],[42.661,49.562],[42.596,49.589],[42.494,49.576],[42.376,49.584],[42.268,49.605],[41.925,49.582],[41.511,49.626],[41.336,49.576],[41.221,49.752],[40.948,49.791],[40.91,49.905],[40.705,49.925],[40.454,50.167],[40.013,50.084],[39.981,50.275],[40.04,50.507],[39.878,50.567],[39.763,50.698],[39.847,50.821],[39.721,50.954],[39.294,51.001],[39.144,51.095],[39.205,51.289],[39.012,51.462],[39.028,51.7],[39.153,51.909],[39.101,52.008]],[[42.11,47.602],[41.983,47.546],[41.722,47.603],[41.434,47.612],[41.36,47.557],[41.006,47.561],[40.636,47.525],[40.476,47.46],[40.2,47.221],[39.864,47.222],[39.378,47.111]]]},"properties":{"name":"Don","featurecla":"River","scalerank":6}},
{"type":"Feature","geometry":{"type":"LineString","coordinates":[[115.982,29.279],[116.115,29.492],[116.198,29.751]]},"properties":{"name":"Gan","featurecla":"Lake Centerline","scalerank":6}},
{"type":"Feature","geometry":{"type":"LineString","coordinates":[[114.413,24.707],[114.485,24.7],[114.771,24.922],[114.752,25.104],[114.899,25.163],[114.886,25.344],[115.004,25.505],[115.107,25.866],[114.897,25.966],[114.954,26.057],[114.901,26.341],[114.676,26.56],[114.838,26.776],[115.003,26.825],[114.998,27.142],[115.115,27.302],[115.063,27.451],[115.33,27.695],[115.483,28.056],[115.758,28.19],[115.865,28.284],[115.797,28.565],[116.027,28.974],[115.982,29.279]]},"properties":{"name":"Gan","featurecla":"River","scalerank":6}},
{"type":"Feature","geometry":{"type":"LineString","coordinates":[[78.997,16.23],[79.161,16.219],[79.233,16.331],[79.213,16.493],[79.313,16.579]]},"properties":{"name":"Krishna","featurecla":"Lake Centerline","scalerank":6}},
{"type":"Feature","geometry":{"type":"MultiLineString","coordinates":[[[73.796,17.992],[73.931,17.91],[74.146,17.579],[74.108,17.392],[74.21,17.282],[74.203,17.154],[74.448,16.993],[74.609,16.811],[74.631,16.617],[74.988,16.667],[75.095,16.54],[75.36,16.602],[75.568,16.429],[75.63,16.449],[76.053,16.272],[76.08,16.198],[76.281,16.155],[76.368,16.243],[76.875,16.484],[77.052,16.519],[77.165,16.442],[77.394,16.381],[77.735,16.327],[78.176,15.949],[78.4,16.083],[78.734,16.03],[78.997,16.23]],[[79.313,16.579],[79.721,16.689],[79.882,16.703],[79.958,16.63],[80.14,16.658],[80.272,16.58],[80.476,16.59],[80.683,16.436],[80.817,16.264],[80.883,16.014]]]},"properties":{"name":"Krishna","featurecla":"River","scalerank":6}},
{"type":"Feature","geometry":{"type":"MultiLineString","coordinates":[[[106.585,52.159],[106.47,52.259],[106.497,52.383]],[[106.585,52.159],[106.752,52.316]],[[106.587,52.159],[106.585,52.159]],[[100.7,49.263],[100.955,49.303],[101.199,49.431],[101.426,49.463],[101.588,49.388],[102.018,49.4],[102.191,49.341],[102.898,49.394],[103.062,49.342],[103.548,49.362],[103.925,49.488],[104.274,49.471],[104.545,49.637],[104.898,49.698],[105.415,49.859],[105.744,50.02],[105.799,50.1],[106.155,50.254],[106.082,50.463],[106.285,50.554],[106.312,50.951],[106.638,51.044],[107.008,51.402],[107.304,51.523],[107.545,51.782],[107.471,52.138],[107.068,52.126],[106.794,52.036],[106.585,52.159]]]},"properties":{"name":"Selenga","featurecla":"River","scalerank":2}},
{"type":"Feature","geometry":{"type":"LineString","coordinates":[[-128.57,57.079],[-128.284,56.907],[-127.931,56.776],[-127.612,56.592],[-127.362,56.339],[-127.45,56.272],[-127.821,56.297],[-127.968,56.205],[-127.871,55.963],[-127.922,55.766],[-127.711,55.751],[-127.72,55.576],[-127.607,55.42],[-127.684,55.246],[-127.827,55.129],[-128.208,55.093],[-128.38,54.979],[-128.268,54.799],[-128.426,54.596],[-128.926,54.421],[-129.384,54.308],[-129.484,54.242]]},"properties":{"name":"Skeena","featurecla":"River","scalerank":6}},
{"type":"Feature","geometry":{"type":"LineString","coordinates":[[-131.373,61.204],[-131.313,61.032],[-131.065,61.091],[-130.55,60.855],[-130.12,60.729],[-129.544,60.413],[-129.468,60.334],[-129.165,60.272],[-128.824,60.032],[-128.658,60.031],[-128.28,59.861],[-128.05,59.86],[-127.836,60.015],[-127.58,59.977],[-127.423,59.877],[-127.519,59.751],[-126.403,59.558],[-126.214,59.454],[-125.785,59.415],[-125.334,59.291],[-124.926,59.368],[-124.665,59.658],[-124.366,59.743],[-124.037,59.578],[-123.872,59.768],[-123.862,60.054],[-123.766,60.167],[-123.385,60.328],[-123.562,60.646],[-123.497,60.904],[-123.334,60.905],[-123.341,60.967],[-123.256,61.014],[-123.339,61.048],[-122.89,61.109],[-122.71,61.251],[-121.578,61.446],[-121.219,61.735],[-121.276,61.846]]},"properties":{"name":"Liard","featurecla":"River","scalerank":6}},
{"type":"Feature","geometry":{"type":"LineString","coordinates":[[18.797,-11.256],[18.754,-10.935],[18.64,-10.804],[18.653,-10.582],[18.44,-10.352],[18.627,-10.085],[18.688,-9.894],[18.592,-9.707],[18.458,-9.653],[18.194,-9.262],[18.029,-9.221],[18.057,-9.08],[17.999,-8.807],[17.941,-8.775],[17.871,-8.567],[17.755,-8.44],[17.566,-8.337],[17.536,-8.015],[17.288,-7.699],[16.945,-7.205],[16.973,-7.015],[16.832,-6.828],[16.73,-6.57],[16.726,-6.189],[16.604,-6.062],[16.551,-5.753],[16.535,-5.376],[16.501,-5.268],[16.549,-4.956],[16.542,-4.605],[16.497,-4.504],[16.548,-4.349],[16.503,-4.22],[16.577,-4.15],[16.844,-4.088],[16.93,-3.992],[17.084,-4.026],[17.202,-3.924],[17.337,-3.653],[17.277,-3.491],[17.365,-3.369]]},"properties":{"name":"Kwango","featurecla":"River","scalerank":6}},
{"type":"Feature","geometry":{"type":"LineString","coordinates":[[27.157,-11.626],[27.137,-11.784],[27.226,-11.852],[27.342,-12.12],[27.467,-12.289],[27.644,-12.438],[28.076,-12.488],[28.233,-12.716],[28.267,-12.839],[28.157,-13.257],[28.027,-13.367],[27.925,-13.332],[27.613,-13.508],[27.623,-13.702],[27.369,-13.978],[27.419,-14.119],[27.365,-14.247],[27.191,-14.367],[27.03,-14.41],[26.588,-14.443],[26.376,-14.648],[26.198,-14.655],[26.194,-14.826],[26.05,-14.895],[25.972,-15.13],[26.037,-15.768],[26.202,-15.818],[26.308,-15.738],[26.822,-15.658],[26.925,-15.567],[27.068,-15.57],[27.226,-15.726],[27.48,-15.724],[27.573,-15.661],[27.929,-15.664],[28.246,-15.817],[28.391,-15.784],[28.744,-15.947],[28.946,-15.957]]},"properties":{"name":"Kafue","featurecla":"River","scalerank":6}},
{"type":"Feature","geometry":{"type":"LineString","coordinates":[[-43.409,-18.294],[-43.566,-18.066],[-43.493,-17.853],[-43.59,-17.839],[-43.671,-17.613],[-43.631,-17.55],[-43.383,-17.51],[-43.181,-17.293],[-43.086,-17.266],[-42.934,-17.051],[-42.836,-17.048],[-42.67,-16.782],[-42.473,-16.662],[-42.165,-16.628],[-41.981,-16.75],[-41.859,-16.635],[-41.694,-16.577],[-41.49,-16.567],[-41.26,-16.512],[-41.143,-16.409],[-41.02,-16.441],[-40.774,-16.267],[-40.618,-16.107],[-40.225,-16.142],[-39.949,-16],[-39.717,-15.95],[-39.474,-15.96],[-39.386,-16.045],[-39.195,-16.002],[-39.102,-15.876],[-38.862,-15.847]]},"properties":{"name":"Jequitinhonha","featurecla":"River","scalerank":6}},
{"type":"Feature","geometry":{"type":"MultiLineString","coordinates":[[[-70.899,-43.393],[-70.793,-43.019],[-70.652,-42.961],[-70.598,-42.779],[-70.381,-42.612],[-70.035,-42.66],[-69.833,-42.633],[-69.637,-42.674],[-69.519,-42.847],[-69.123,-43.261],[-69.153,-43.454],[-68.929,-43.615],[-68.815,-43.827],[-68.654,-43.788],[-68.342,-43.861],[-68.129,-43.794],[-67.905,-43.818],[-67.428,-43.72],[-67.035,-43.852],[-66.76,-43.847],[-66.609,-43.831],[-66.447,-43.791]],[[-71.22,-43.582],[-71.049,-43.617],[-70.906,-43.396]],[[-66.457,-43.745],[-66.506,-43.703],[-66.389,-43.663],[-66.362,-43.605],[-66.022,-43.493],[-65.876,-43.362],[-65.265,-43.283],[-65.047,-43.333]]]},"properties":{"name":"Chubut","featurecla":"River","scalerank":6}},
{"type":"Feature","geometry":{"type":"LineString","coordinates":[[-70.136,-32.238],[-69.931,-32.366],[-69.824,-32.284],[-69.714,-31.893],[-69.553,-31.752],[-69.426,-31.514],[-69.43,-31.278]]},"properties":{"name":"Mendoza","featurecla":"River","scalerank":6}},
{"type":"Feature","geometry":{"type":"LineString","coordinates":[[-65.865,-24.208],[-65.822,-24.375],[-65.862,-24.578],[-65.705,-24.893],[-65.423,-25.106],[-65.441,-25.211],[-65.3,-25.268],[-65.086,-25.102],[-64.95,-25.158],[-64.883,-25.306],[-64.671,-25.364],[-64.398,-25.22],[-64.28,-25.079],[-64.155,-25.14],[-64.011,-25.502],[-63.955,-25.709],[-63.74,-26.015],[-63.785,-26.212],[-63.662,-26.606],[-63.719,-26.829],[-63.68,-27.131],[-63.538,-27.446],[-63.572,-27.689],[-63.388,-28.051],[-63.189,-28.19],[-63.121,-28.361],[-62.97,-28.45],[-62.738,-28.663],[-62.633,-28.888],[-62.593,-29.091],[-62.271,-29.327],[-61.952,-29.393],[-61.716,-29.277],[-61.582,-29.395],[-61.479,-29.402],[-61.145,-29.551],[-61.024,-29.656],[-60.756,-29.772],[-60.703,-29.868],[-60.742,-30.067],[-60.653,-30.279],[-60.669,-30.554],[-60.599,-30.675],[-60.825,-30.831],[-60.837,-31.08],[-60.912,-31.295],[-60.782,-31.457],[-60.754,-31.658],[-60.835,-31.872],[-60.722,-31.958]]},"properties":{"name":"Salado","featurecla":"River","scalerank":6}},
{"type":"Feature","geometry":{"type":"LineString","coordinates":[[-63.78,2.846],[-63.684,3.021],[-63.767,3.161],[-63.786,3.543],[-63.615,3.759],[-63.404,3.616],[-63.279,3.607],[-62.839,3.258],[-62.614,3.233],[-62.429,3.136],[-62.229,3.142],[-62.083,3.253],[-61.921,3.255],[-61.787,3.34],[-61.565,3.32],[-61.322,3.361],[-61.23,3.446],[-60.993,3.443],[-60.711,3.477],[-60.591,3.404],[-60.567,3.186],[-60.508,3.022],[-60.794,2.609],[-60.82,2.335],[-61.026,2.13],[-60.962,1.935],[-61.109,1.822],[-61.218,1.65],[-61.277,1.329],[-61.345,1.171],[-61.373,0.935],[-61.721,0.456],[-61.756,0.086],[-61.814,-0.016],[-61.859,-0.367],[-61.81,-0.451],[-61.87,-0.703],[-61.88,-1.128],[-61.853,-1.234],[-61.895,-1.376]]},"properties":{"name":"Branco","featurecla":"River","scalerank":6}},
{"type":"Feature","geometry":{"type":"LineString","coordinates":[[-72.426,-10.845],[-72.324,-10.927],[-72.075,-10.894],[-71.842,-10.785],[-71.83,-10.722],[-71.478,-10.606],[-71.354,-10.488],[-71.139,-10.378],[-71.049,-10.248],[-71.001,-9.975],[-70.781,-9.761],[-70.69,-9.605],[-70.579,-9.542],[-70.442,-9.317],[-70.225,-9.148],[-70.038,-9.063],[-69.847,-9.107],[-69.799,-9.047],[-69.449,-8.998],[-69.285,-8.837],[-68.954,-8.714],[-68.66,-8.83],[-68.521,-9.011],[-68.397,-9.084],[-68.154,-9.067],[-67.708,-8.831],[-67.451,-8.769],[-67.362,-8.587],[-67.403,-8.44],[-67.335,-8.207],[-67.232,-8.081],[-67.206,-7.897],[-66.937,-7.672],[-66.66,-7.666],[-66.493,-7.557],[-66.205,-7.577],[-66.041,-7.709],[-65.935,-7.666],[-65.742,-7.675],[-65.464,-7.638],[-65.388,-7.508],[-65.205,-7.398],[-64.841,-7.289],[-64.69,-7.161],[-64.592,-6.959],[-64.546,-6.685],[-64.318,-6.557],[-64.261,-6.246],[-64.315,-5.969],[-64.451,-5.914],[-64.313,-5.591],[-63.885,-5.59],[-63.794,-5.719],[-63.614,-5.695],[-63.572,-5.822],[-63.313,-5.739],[-63.23,-5.662],[-63.081,-5.746],[-63.052,-5.561],[-62.82,-5.304],[-62.846,-5.15],[-62.786,-4.999],[-62.637,-4.873],[-62.535,-4.87],[-62.466,-4.747],[-62.298,-4.684],[-62.164,-4.722],[-61.993,-4.409],[-61.885,-4.408],[-61.814,-4.299],[-61.626,-4.232],[-61.537,-4.053],[-61.388,-3.9],[-61.483,-3.67]]},"properties":{"name":"Purús","featurecla":"River","scalerank":6}},
{"type":"Feature","geometry":{"type":"MultiLineString","coordinates":[[[103.374,53.107],[103.411,53.387],[103.375,53.679],[102.992,54.15],[103.256,54.423],[103.235,54.657],[103.082,54.747],[103.102,54.91],[103.336,55.129],[103.333,55.272],[103.184,55.516],[103.19,55.751],[103.031,55.853],[103.001,56.022],[102.855,56.162],[102.44,56.205],[101.848,56.061],[101.803,56.291]],[[106.497,52.383],[106.155,52.338],[105.81,52.043],[105.471,51.863],[105.031,51.801],[104.867,51.87],[104.866,51.872]]]},"properties":{"name":"Angara","featurecla":"Lake Centerline","scalerank":6}},
{"type":"Feature","geometry":{"type":"LineString","coordinates":[[104.867,51.87],[104.729,51.947],[104.194,52.382],[103.996,52.501],[103.799,52.693],[103.716,52.878],[103.395,53.006],[103.374,53.107]]},"properties":{"name":"Angara","featurecla":"River","scalerank":6}},
{"type":"Feature","geometry":{"type":"LineString","coordinates":[[-73.872,4.67],[-73.921,4.587],[-73.904,4.4],[-73.761,4.091],[-73.619,4.04],[-73.063,3.93],[-72.947,4.043],[-72.913,4.211],[-72.748,4.313],[-72.588,4.31],[-72.15,4.451],[-72.012,4.399],[-71.82,4.57],[-71.087,4.895],[-70.96,5.118],[-70.687,5.323],[-70.679,5.389],[-70.449,5.533],[-70.185,5.587],[-70.069,5.669],[-69.899,5.971],[-69.785,6.062],[-69.532,6.062],[-69.359,6.152],[-69.247,6.081],[-69.062,6.218],[-68.636,6.136],[-68.45,6.195],[-68.305,6.177],[-68.147,6.224],[-67.925,6.235],[-67.84,6.308],[-67.575,6.266],[-67.451,6.198]]},"properties":{"name":"Meta","featurecla":"River","scalerank":6}},
{"type":"Feature","geometry":{"type":"LineString","coordinates":[[-72.165,-12.182],[-72.07,-12.023],[-72.162,-11.771],[-72.093,-11.7],[-71.881,-11.643],[-71.661,-11.65],[-71.488,-11.79],[-71.377,-11.822],[-71.131,-12.023],[-70.892,-12.284],[-70.768,-12.298],[-70.679,-12.441],[-70.362,-12.597],[-70.131,-12.558],[-69.739,-12.685],[-69.594,-12.68],[-69.379,-12.561],[-69.118,-12.595],[-68.459,-12.387],[-68.39,-12.243],[-68.246,-12.154],[-68.185,-12.006],[-68.013,-11.97],[-67.986,-11.811],[-67.904,-11.701],[-67.795,-11.69],[-67.691,-11.523],[-67.561,-11.475],[-67.417,-11.571],[-67.259,-11.495],[-67.177,-11.365],[-66.982,-11.35],[-66.726,-11.241],[-66.519,-11.1],[-66.41,-11.105],[-66.122,-10.968],[-66.012,-10.789],[-65.856,-10.723],[-65.674,-10.572],[-65.395,-10.392]]},"properties":{"name":"Madre de Dios","featurecla":"River","scalerank":6}},
{"type":"Feature","geometry":{"type":"MultiLineString","coordinates":[[[-43.138,-22.097],[-43.038,-22.026],[-42.23,-21.69],[-42.101,-21.678],[-41.894,-21.563],[-41.713,-21.64],[-41.53,-21.611],[-41.279,-21.749],[-41.018,-21.611]],[[-45.049,-23.049],[-45.262,-23.156],[-45.383,-23.269],[-45.65,-23.359],[-45.92,-23.351],[-45.967,-23.22],[-45.909,-23.142],[-45.717,-23.081],[-45.515,-22.909],[-45.189,-22.81],[-44.941,-22.56],[-44.711,-22.522],[-44.598,-22.552],[-44.491,-22.466],[-44.285,-22.439],[-44.151,-22.53],[-43.797,-22.441],[-43.662,-22.31],[-43.144,-22.097]]]},"properties":{"name":"Paraiba","featurecla":"River","scalerank":6}},
{"type":"Feature","geometry":{"type":"LineString","coordinates":[[-49.737,-28.511],[-49.883,-28.451],[-50.162,-28.484],[-50.621,-28.374],[-50.886,-28.025],[-51.081,-27.821],[-51.606,-27.502],[-51.892,-27.514],[-51.916,-27.449],[-52.179,-27.268],[-52.261,-27.296],[-52.543,-27.237],[-52.738,-27.25],[-52.869,-27.161],[-53.218,-27.161],[-53.369,-27.072],[-53.654,-27.216],[-53.965,-27.154],[-54.093,-27.285],[-54.19,-27.261],[-54.288,-27.428],[-54.462,-27.413],[-54.7,-27.553],[-54.828,-27.545],[-54.914,-27.737],[-55.026,-27.84],[-55.331,-27.928],[-55.441,-28.079],[-55.685,-28.196],[-55.678,-28.374],[-55.843,-28.346],[-55.899,-28.461],[-56.185,-28.744],[-56.416,-29.051],[-56.618,-29.161],[-56.678,-29.313],[-56.782,-29.395],[-56.82,-29.475],[-56.967,-29.601],[-57.095,-29.752],[-57.309,-29.848],[-57.326,-29.981],[-57.507,-30.144],[-57.643,-30.193],[-57.653,-30.329],[-57.85,-30.485],[-57.886,-30.59],[-57.819,-30.712],[-57.808,-30.908],[-57.906,-31.241],[-58.076,-31.475],[-57.988,-31.554],[-58.06,-31.811],[-58.169,-31.846],[-58.187,-32.153],[-58.102,-32.311],[-58.2,-32.445]]},"properties":{"name":"Uruguay","featurecla":"River","scalerank":6}},
{"type":"Feature","geometry":{"type":"LineString","coordinates":[[-66.444,-19.37],[-66.403,-19.232],[-66.302,-19.153],[-66.005,-19.384],[-65.79,-19.32],[-65.765,-19.222],[-65.522,-19.087],[-65.373,-19.254],[-65.155,-19.372],[-64.964,-19.351],[-64.869,-19.454],[-64.598,-20.068],[-64.568,-20.412],[-64.307,-20.487],[-64.183,-20.758],[-64.176,-20.884],[-63.983,-20.994],[-63.957,-21.117],[-63.813,-21.2],[-63.686,-21.178],[-63.443,-21.263],[-63.163,-21.43],[-63.001,-21.575],[-62.839,-21.891],[-62.792,-22.113],[-62.633,-22.296],[-62.288,-22.484],[-62.171,-22.717],[-61.957,-23.034],[-61.745,-23.235],[-61.606,-23.289],[-61.493,-23.413],[-61.298,-23.481],[-61.111,-23.607],[-61.007,-23.805],[-60.838,-23.872],[-60.594,-23.912],[-60.329,-24.018],[-60.034,-24.007],[-59.46,-24.358],[-59.342,-24.487],[-59.002,-24.644],[-58.81,-24.777],[-58.474,-24.851],[-58.313,-24.994],[-58.225,-24.941],[-57.971,-25.078],[-57.891,-25.079],[-57.672,-25.29]]},"properties":{"name":"Pilcomayo","featurecla":"River","scalerank":6}},
{"type":"Feature","geometry":{"type":"LineString","coordinates":[[14.665,6.698],[14.589,6.382],[14.435,6.278],[14.433,6.074],[14.308,5.896],[14.158,5.848],[14.102,5.662],[13.856,5.533],[13.863,5.403],[13.575,5.28],[13.503,5.392],[13.356,5.28],[13.382,5.085],[13.268,4.94],[13.126,4.933]]},"properties":{"name":"Lom","featurecla":"River","scalerank":6}},
{"type":"Feature","geometry":{"type":"LineString","coordinates":[[24.594,-3.177],[24.625,-2.934],[24.457,-2.807],[24.388,-2.656],[24.362,-2.418],[24.143,-2.115],[24.033,-2.053],[23.95,-1.788],[23.961,-1.656],[23.91,-1.377],[23.727,-1.361],[23.649,-1.244],[23.454,-1.222],[23.005,-1.114],[22.826,-0.915],[22.668,-0.901],[22.367,-0.727],[22.364,-0.681],[21.898,-0.546],[21.832,-0.47],[21.516,-0.391],[21.352,-0.295],[21.024,-0.271],[20.948,-0.191],[20.754,-0.282]]},"properties":{"name":"Tshuapa","featurecla":"River","scalerank":6}},
{"type":"Feature","geometry":{"type":"LineString","coordinates":[[37.032,9.151],[37.06,8.987],[37.177,8.93],[37.145,8.734],[37.489,8.272],[37.605,8.218],[37.619,7.975],[37.585,7.76],[37.405,7.47],[37.352,7.314],[37.451,7.202],[37.419,6.901],[37.326,6.869],[37.2,6.671],[36.984,6.615],[36.955,6.699],[36.692,6.711],[36.522,6.558],[36.216,6.404],[36.11,6.445],[36.011,6.341],[35.946,6.164],[36.004,5.983],[35.949,5.821],[35.936,5.382],[36.21,5.403],[36.147,5.168],[36.045,5.123],[36.098,4.964],[35.986,4.785],[36.045,4.539]]},"properties":{"name":"Omo","featurecla":"River","scalerank":6}},
{"type":"Feature","geometry":{"type":"LineString","coordinates":[[47.167,-22.011],[46.958,-21.896],[46.908,-21.805],[46.678,-21.711],[46.701,-21.528],[46.564,-21.473],[46.368,-21.297],[46.081,-21.265],[45.932,-21.313],[45.861,-21.419],[45.653,-21.428]]},"properties":{"name":"Mananantanana","featurecla":"River","scalerank":6}},
{"type":"Feature","geometry":{"type":"LineString","coordinates":[[15.323,6.462],[15.424,6.302],[15.541,6.311],[15.837,6.492],[15.98,6.451],[16,6.291],[16.217,6.259],[16.415,6.461],[16.454,6.554],[16.607,6.662],[16.715,6.671],[16.849,6.498],[17.034,6.491],[17.221,6.423],[17.461,6.522],[17.657,6.52],[17.81,6.671],[17.971,7.003],[18.093,7.082],[18.214,7.295],[18.303,7.315],[18.192,7.504],[18.004,7.445],[17.886,7.554],[17.73,7.6],[17.792,7.742],[17.694,8.079],[17.714,8.273],[17.937,8.656],[17.965,9],[18.064,9.021],[18.202,9.168],[18.235,9.316]]},"properties":{"name":"Ouham","featurecla":"River","scalerank":6}},
{"type":"Feature","geometry":{"type":"LineString","coordinates":[[83.364,49.644],[83.646,49.495],[83.873,49.446],[84.179,49.238],[84.203,49.132],[83.565,48.941],[83.436,48.731],[83.493,48.48],[83.604,48.401],[83.49,48.231],[83.805,48.078],[84.357,47.732]]},"properties":{"name":"Ertis","featurecla":"Lake Centerline","scalerank":2}},
{"type":"Feature","geometry":{"type":"MultiLineString","coordinates":[[[79.073,50.617],[78.818,50.644],[78.482,50.828],[78.27,50.901],[78.135,51.028],[78.064,51.253],[77.775,51.468],[77.429,51.6],[77.47,51.762],[77.358,51.897],[76.96,52.064],[76.891,52.326],[76.772,52.389],[76.775,52.558],[76.649,52.752],[76.097,53.05],[75.866,53.05],[75.781,53.18],[75.479,53.335],[75.435,53.485],[75.167,53.604],[75.01,53.773],[74.994,53.986]],[[79.073,50.617],[79.059,50.617]],[[83.364,49.644],[83.05,49.695],[82.889,49.864],[82.317,50.084],[82.248,50.227],[81.821,50.206],[81.511,50.334],[81.328,50.315],[81.009,50.405],[80.823,50.354],[80.608,50.391],[80.293,50.379],[80.111,50.478],[79.813,50.471],[79.367,50.654],[79.073,50.617]],[[85.267,47.994],[84.889,47.894],[84.793,47.802],[84.536,47.725],[84.357,47.732]]]},"properties":{"name":"Ertis","featurecla":"River","scalerank":2}},
{"type":"Feature","geometry":{"type":"LineString","coordinates":[[-54.321,-2.19],[-54.144,-2.245],[-54.143,-2.245]]},"properties":{"name":"Amazonas","featurecla":"Lake Centerline","scalerank":1}},
{"type":"Feature","geometry":{"type":"MultiLineString","coordinates":[[[-52.712,-1.584],[-52.928,-1.62],[-53.191,-1.803],[-53.71,-1.897],[-54.035,-2.078],[-54.074,-2.33],[-54.192,-2.381],[-54.575,-2.45],[-54.677,-2.412],[-54.693,-2.174],[-54.894,-2.073],[-55.09,-2.198],[-55.315,-2.135],[-55.43,-1.997],[-55.636,-1.908],[-55.769,-1.982],[-56.02,-2.004],[-56.361,-2.278],[-56.54,-2.527],[-56.723,-2.589],[-57.015,-2.509],[-57.203,-2.563],[-57.407,-2.409],[-57.572,-2.417],[-57.681,-2.63],[-57.84,-2.769],[-58.054,-2.84],[-58.131,-2.907],[-58.237,-3.216],[-58.475,-3.157],[-58.66,-3.341],[-58.749,-3.334],[-58.833,-3.349],[-58.985,-3.26],[-59.28,-3.222],[-59.685,-3.071],[-59.888,-3.099],[-59.902,-3.196],[-60.165,-3.337],[-60.317,-3.29],[-60.582,-3.343],[-60.704,-3.335],[-60.851,-3.557],[-60.951,-3.618],[-61.189,-3.59],[-61.427,-3.627],[-61.567,-3.73],[-61.663,-3.856],[-61.909,-3.963],[-62.388,-3.695],[-62.462,-3.838],[-62.835,-3.915],[-63.117,-4.081],[-63.177,-4.035],[-63.2,-3.949],[-63.533,-3.845],[-63.719,-3.879],[-63.895,-3.835],[-64.02,-3.747],[-64.215,-3.687],[-64.453,-3.534],[-64.843,-3.141],[-64.994,-3.057],[-65.195,-2.855],[-65.234,-2.767],[-65.438,-2.695],[-65.491,-2.591],[-65.661,-2.621],[-65.947,-2.456],[-66.068,-2.495],[-66.161,-2.427],[-66.298,-2.568],[-66.441,-2.444],[-66.602,-2.464],[-66.631,-2.671],[-66.759,-2.708],[-66.952,-2.73],[-67.075,-2.666],[-67.391,-2.612],[-67.468,-2.734],[-67.818,-2.868],[-67.928,-3.055],[-67.925,-3.262],[-67.971,-3.336],[-68.351,-3.293],[-68.833,-3.404],[-69.065,-3.409],[-69.328,-3.501],[-69.422,-3.707],[-69.398,-3.936],[-69.505,-4.087],[-69.437,-4.221],[-69.605,-4.337],[-69.734,-4.368],[-69.927,-4.329],[-69.944,-4.31],[-69.966,-4.236],[-69.994,-4.181],[-70.189,-4.029],[-70.312,-3.829],[-70.626,-3.868],[-71.034,-3.992],[-71.185,-3.95],[-71.253,-3.861],[-71.434,-3.866],[-71.682,-3.721],[-71.728,-3.632],[-71.733,-3.413],[-71.836,-3.337],[-72.056,-3.46],[-72.287,-3.516],[-72.648,-3.449],[-72.777,-3.449],[-72.821,-3.445],[-73.027,-3.51],[-73.223,-3.683],[-73.214,-3.926],[-73.171,-3.996],[-73.236,-4.145],[-73.375,-4.229],[-73.489,-4.445]],[[-54.144,-2.245],[-54.088,-2.018],[-53.993,-1.943],[-53.79,-1.923]]]},"properties":{"name":"Amazonas","featurecla":"River","scalerank":1}},
{"type":"Feature","geometry":{"type":"LineString","coordinates":[[14.617,5.865],[14.592,5.624],[14.618,5.526],[14.528,5.293],[14.452,5.218],[14.496,5.075],[14.272,4.902],[14.212,4.575],[14.246,4.484],[14.466,4.237],[14.606,4.144],[14.718,4.227],[14.87,4.193],[14.904,4.119],[15.132,4.109],[15.306,4.005],[15.392,4.061],[15.606,3.885],[15.584,3.792],[15.806,3.707],[16.107,3.477],[16.128,3.136],[16.224,3.07],[16.299,2.905],[16.202,2.878],[16.09,2.662],[16.111,2.419],[16.199,2.212],[16.104,2.194],[16.064,1.979],[16.159,1.735],[16.114,1.719],[16.069,1.655]]},"properties":{"name":"Kadéï","featurecla":"River","scalerank":6}},
{"type":"Feature","geometry":{"type":"LineString","coordinates":[[35.599,-10.807],[35.501,-10.731],[35.278,-10.68],[35.18,-10.867],[35.303,-11.092],[35.285,-11.263],[35.364,-11.343],[35.421,-11.571],[35.576,-11.605],[35.826,-11.413],[35.939,-11.434],[36.168,-11.579],[36.199,-11.701],[36.494,-11.681],[36.563,-11.731],[36.747,-11.666],[36.82,-11.573],[37.044,-11.596],[37.226,-11.694],[37.469,-11.719],[37.783,-11.559],[37.875,-11.319],[38.07,-11.256],[38.256,-11.277],[38.492,-11.413],[38.654,-11.276],[38.896,-11.167],[39.286,-11.154],[39.482,-10.999],[39.76,-10.943],[40.007,-10.811],[40.437,-10.475]]},"properties":{"name":"Ruvuma","featurecla":"River","scalerank":6}},
{"type":"Feature","geometry":{"type":"LineString","coordinates":[[-2.051,51.842],[-1.938,51.69],[-1.74,51.66],[-1.258,51.745],[-1.15,51.537],[-0.987,51.453],[-0.743,51.562],[-0.47,51.39],[-0.085,51.512],[0.385,51.453]]},"properties":{"name":"Thames","featurecla":"River","scalerank":6}},
{"type":"Feature","geometry":{"type":"LineString","coordinates":[[-18.173,64.914],[-18.467,64.678],[-19.252,64.344],[-19.551,64.186]]},"properties":{"name":"Drau","featurecla":"River","scalerank":6}},
{"type":"Feature","geometry":{"type":"MultiLineString","coordinates":[[[-2.945,41.975],[-2.439,41.815],[-2.351,41.654],[-2.584,41.491],[-2.926,41.495],[-3.33,41.599],[-3.923,41.713],[-4.015,41.63],[-4.302,41.665],[-4.834,41.583],[-5.271,41.437],[-5.414,41.542],[-5.789,41.52],[-6.011,41.475],[-6.056,41.5],[-6.16,41.595],[-6.496,41.295],[-6.647,41.268],[-6.819,41.054],[-6.987,41.053],[-7.126,41.164],[-7.326,41.158],[-7.432,41.216],[-7.639,41.181]],[[-7.651,41.181],[-7.843,41.184],[-8.062,41.106],[-8.37,41.066],[-8.648,41.149]]]},"properties":{"name":"Duero","featurecla":"River","scalerank":6}},
{"type":"Feature","geometry":{"type":"MultiLineString","coordinates":[[[68.489,34.572],[68.371,34.525],[68.036,34.497],[67.53,34.335],[67.266,34.157]],[[67.266,34.163],[67.259,34.034],[66.855,33.726],[66.672,33.709],[66.307,33.492],[66.055,33.297],[65.95,33.122],[65.546,32.93],[65.449,32.691],[65.261,32.338],[65.056,32.304],[64.849,32.102],[64.736,31.908],[64.354,31.663]],[[61.604,31.204],[61.691,31.038],[61.804,30.95],[61.812,30.432],[61.932,30.309],[62.099,30.283],[62.428,30.17],[62.559,30.169],[62.873,30.258],[63.063,30.262],[63.415,30.506],[63.588,30.584],[63.887,30.529],[63.955,30.557],[64.097,30.771],[64.183,31.032],[64.189,31.176],[64.36,31.391],[64.361,31.663]]]},"properties":{"name":"Helmand","featurecla":"River","scalerank":6}},
{"type":"Feature","geometry":{"type":"LineString","coordinates":[[106.501,20.3],[106.214,20.424],[106.125,20.625],[105.92,20.801],[105.901,21],[105.656,21.16],[105.514,21.167],[105.426,21.292],[105.268,21.284],[105.049,21.503],[104.932,21.665],[104.408,22.109],[104.36,22.171],[103.866,22.576],[103.52,22.911],[103.288,23.062],[103.084,23.125],[102.819,23.284],[102.685,23.295],[102.499,23.382],[102.136,23.481],[101.792,23.796],[101.529,24.145],[101.441,24.399],[101.319,24.541],[101.211,24.538],[100.949,24.835],[100.819,25.025],[100.734,24.988],[100.579,25.073],[100.351,25.133],[100.183,25.443]]},"properties":{"name":"Hong","featurecla":"River","scalerank":6}},
{"type":"Feature","geometry":{"type":"MultiLineString","coordinates":[[[78.34,30.915],[78.095,30.775],[77.958,30.511],[77.894,30.538],[77.598,30.437],[77.538,30.209],[77.23,29.977],[77.065,29.57],[77.15,29.403],[77.141,29.13],[77.22,28.906],[77.223,28.694]],[[77.223,28.694],[77.343,28.498],[77.497,28.393],[77.52,27.898],[77.687,27.716],[77.685,27.515],[77.778,27.342],[77.96,27.291],[78.111,27.18],[78.306,27.125],[78.642,26.886],[78.752,26.904],[78.985,26.758],[79.084,26.598],[79.245,26.502],[79.416,26.437],[79.566,26.263],[79.985,26.064],[80.211,25.92],[80.446,25.906],[80.562,25.738],[80.73,25.686],[80.923,25.685],[81.017,25.543],[81.171,25.5],[81.184,25.371],[81.513,25.276],[81.62,25.348],[81.903,25.415]]]},"properties":{"name":"Yamuna","featurecla":"River","scalerank":6}},
{"type":"Feature","geometry":{"type":"LineString","coordinates":[[81.574,22.754],[81.408,22.843],[81.035,22.982],[80.889,22.953],[80.828,23.051],[80.519,22.953],[80.477,22.842],[80.499,22.614],[80.389,22.583],[80.244,22.802],[80.06,22.775],[79.93,22.877],[79.94,23.104],[79.687,23.097],[79.516,23.137],[79.41,23.097],[78.494,23.006],[78.306,22.898],[78.155,22.87],[78.12,22.789],[77.819,22.849],[77.772,22.785],[77.313,22.56],[77.14,22.563],[76.922,22.494],[76.763,22.31],[76.565,22.227],[76.435,22.336],[75.954,22.188],[75.631,22.173],[74.77,22.076],[74.59,22.023],[74.433,22.039],[74.284,21.945],[74.061,21.94],[73.756,21.836],[73.531,21.982],[73.245,21.844],[73.132,21.754]]},"properties":{"name":"Narmada","featurecla":"River","scalerank":6}},
{"type":"Feature","geometry":{"type":"LineString","coordinates":[[100.07,33.006],[100.251,32.824],[100.371,32.779],[100.542,32.587],[100.806,32.442],[100.803,32.353],[101.006,32.205],[100.977,32.024],[101.166,31.834],[101.425,31.765],[101.831,31.861],[102.026,31.711],[102.072,31.601],[102.049,31.298],[101.893,31.135],[101.88,30.908],[102.055,30.699],[102.192,30.205],[102.228,29.952],[102.158,29.543],[102.284,29.285],[102.501,29.283],[102.625,29.35],[103.203,29.254],[103.462,29.319],[103.582,29.213],[103.652,29.337],[103.562,29.436],[103.716,29.559]]},"properties":{"name":"Dadu","featurecla":"River","scalerank":6}},
{"type":"Feature","geometry":{"type":"LineString","coordinates":[[90.325,47.65],[90.27,47.438],[90.11,47.399],[89.938,47.233],[89.709,47.174],[89.492,46.983],[89.147,47.013],[88.689,47.208],[87.991,47.309],[87.634,47.441],[87.415,47.466],[87.316,47.574],[87.152,47.568],[86.842,47.699],[86.694,47.821],[86.485,47.887],[86.248,47.841],[85.954,47.965],[85.509,48.027],[85.267,47.994]]},"properties":{"name":"Ertix","featurecla":"River","scalerank":2}},
{"type":"Feature","geometry":{"type":"LineString","coordinates":[[117.209,42.592],[117.236,43.024],[117.728,43.192],[117.938,43.195],[118.25,43.296],[119.132,43.217],[119.268,43.257],[119.621,43.266],[120.164,43.38],[120.341,43.373],[120.758,43.423]]},"properties":{"name":"Xar Moron","featurecla":"River","scalerank":6}},
{"type":"Feature","geometry":{"type":"LineString","coordinates":[[113.465,1.201],[113.233,0.965],[112.772,0.806],[112.593,0.84],[112.363,0.69],[112.104,0.62],[111.982,0.645],[111.941,0.509],[111.741,0.328],[111.548,0.229],[111.468,0.089],[111.196,0.072],[111.033,0.095],[110.85,0.041],[110.758,0.101],[110.635,0.006],[110.502,0.028],[110.424,-0.093],[110.215,-0.045],[110,-0.065],[109.946,-0.194],[109.773,-0.258],[109.633,-0.36],[109.488,-0.385],[109.367,-0.273],[109.218,-0.237]]},"properties":{"name":"Kapuas","featurecla":"River","scalerank":6}},
{"type":"Feature","geometry":{"type":"LineString","coordinates":[[133.134,-13.298],[133.21,-13.422],[133.228,-13.64],[133.089,-13.747],[132.932,-13.695],[132.802,-13.836],[132.72,-14.147],[132.572,-14.285],[132.44,-14.306],[132.237,-14.495],[132.065,-14.579],[131.995,-14.674],[131.844,-14.706]]},"properties":{"name":"Katherine","featurecla":"River","scalerank":6}},
{"type":"Feature","geometry":{"type":"LineString","coordinates":[[140.295,-3.711],[140.093,-3.684],[139.74,-3.54],[139.531,-3.531],[139.439,-3.485],[139.148,-3.445],[139.044,-3.275],[138.789,-3.177],[138.702,-3.19]]},"properties":{"name":"Taritatu","featurecla":"River","scalerank":6}},
{"type":"Feature","geometry":{"type":"LineString","coordinates":[[143.469,-16.484],[143.204,-16.43],[143.001,-16.258],[142.621,-16.011],[142.285,-15.9],[142.128,-15.68],[141.905,-15.286],[141.604,-15.203]]},"properties":{"name":"Mitchell","featurecla":"River","scalerank":6}},
{"type":"Feature","geometry":{"type":"MultiLineString","coordinates":[[[77.436,32.293],[76.949,32.6],[76.428,32.8],[76.433,33.033],[76.103,33.303],[75.833,33.377],[75.725,33.335],[75.811,33.181],[75.408,33.136],[75.163,33.273],[75.069,33.166],[74.818,33.193],[74.784,32.921],[74.533,32.783],[74.469,32.701],[73.991,32.419],[73.677,32.347],[73.42,32.236],[73.214,32.035],[73.108,31.83],[72.919,31.71],[72.672,31.672],[72.361,31.488],[72.251,31.365],[72.234,31.22],[72.19,31.198],[72.139,31.183]],[[72.139,31.183],[72.139,31.094],[71.858,30.773],[71.837,30.662],[71.494,30.454],[71.364,30.316],[71.252,30.044],[71.141,29.64],[71.008,29.532],[71.004,29.293],[70.848,29.228],[70.639,29.037]]]},"properties":{"name":"Chenab","featurecla":"River","scalerank":6}},
{"type":"Feature","geometry":{"type":"LineString","coordinates":[[170.966,67.099],[171.293,67.007],[171.561,66.726],[170.652,66.49],[170.372,66.331],[169.972,66.255],[169.807,66.16],[169.817,65.804],[168.96,65.61],[168.858,65.498],[168.571,65.405],[168.552,65.308],[168.845,65.211],[168.608,64.97],[169.001,64.768],[169.579,64.822],[170.284,64.716],[170.762,64.74],[170.796,64.922],[171.112,65.008],[171.1,65.279],[171.763,65.282],[171.941,65.154],[172.236,65.145],[172.85,65.355],[173.031,65.517],[173.345,65.531],[173.689,65.268],[173.531,65.11],[173.856,65],[174.071,64.806],[174.442,64.692]]},"properties":{"name":"Anadyr’","featurecla":"River","scalerank":6}},
{"type":"Feature","geometry":{"type":"MultiLineString","coordinates":[[[120.573,72.889],[121.022,72.774],[121.455,72.81],[122.487,72.4],[123.2,72.239],[123.737,72.062],[123.595,71.902],[123.793,71.767],[123.161,71.565],[122.598,71.317],[122.489,71.036]],[[104.957,67.568],[105.773,67.473],[106.061,67.615],[106.319,67.342],[106.65,67.376],[107.087,67.285],[107.783,67.277],[108.283,67.231],[108.689,67.127],[109.383,67.184],[109.932,67.161],[110.234,67.347],[111.022,67.607],[110.837,67.746],[111.399,67.937],[112.222,67.811],[112.356,67.845],[112.225,68.047],[111.96,68.102],[112.309,68.256],[112.159,68.469],[112.49,68.495],[113.393,68.397],[113.847,68.519],[114.184,68.469],[115.053,68.434],[115.333,68.451],[115.573,68.333],[115.935,68.272],[116.215,67.839],[116.531,67.756],[116.783,67.843],[117.066,68.033],[117.349,68.053],[117.718,68.206],[117.339,68.269],[117.048,68.506],[117.385,68.614],[117.579,68.434],[118.082,68.601],[118.073,68.779],[118.353,68.763],[118.872,68.865],[118.669,68.95],[118.092,68.928],[117.768,69.043],[118.299,69.106],[118.311,69.289],[118.156,69.655],[118.467,69.632],[118.997,69.731],[119.331,69.969],[119.271,70.139],[118.896,70.299],[119.567,70.367],[119.785,70.531],[120.337,70.49],[122.484,70.587],[122.293,70.818],[122.485,71.038]]]},"properties":{"name":"Olenëk","featurecla":"River","scalerank":6}},
{"type":"Feature","geometry":{"type":"LineString","coordinates":[[89.771,53.646],[89.395,53.435],[89.072,53.468],[88.945,53.653],[88.358,53.695],[88.138,53.66],[87.893,53.761],[87.475,53.824],[87.276,53.753],[87.146,53.839],[87.479,54.073],[87.459,54.296],[87.561,54.427],[87.488,54.609],[87.059,54.727],[87.108,55.03],[86.748,55.14],[86.375,55.167],[86.225,55.38],[85.989,55.4],[85.902,55.537],[85.627,55.673],[85.324,55.661],[85.022,55.709],[84.946,55.805],[85.042,55.935],[85.003,56.118],[84.893,56.215],[84.965,56.414],[84.854,56.596],[84.706,56.652],[84.597,56.821],[84.436,56.911]]},"properties":{"name":"Tom’","featurecla":"River","scalerank":6}},
{"type":"Feature","geometry":{"type":"LineString","coordinates":[[157.632,54.29],[157.714,54.078],[158.072,54.25],[158.342,54.595],[158.743,54.756],[159.034,55.113],[159.3,55.241],[159.332,55.39],[159.744,55.592],[159.64,55.946],[159.839,56.069],[159.955,56.255],[160.223,56.32],[160.319,56.424],[160.861,56.332],[161.289,56.304],[161.388,56.34],[161.948,56.223],[162.13,56.261],[162.478,56.243]]},"properties":{"name":"Kamchatka","featurecla":"River","scalerank":6}},
{"type":"Feature","geometry":{"type":"LineString","coordinates":[[82.4,30.411],[82.589,30.36],[82.859,30.373],[82.934,30.251],[83.095,30.151],[83.382,30.042],[83.41,29.992],[83.98,29.736],[84.087,29.57],[84.416,29.535],[84.511,29.476],[84.48,29.349],[84.922,29.19],[85.165,29.326],[85.555,29.256],[85.653,29.181],[85.782,29.216],[86.147,29.178],[86.51,29.239],[87.409,29.118],[87.66,29.152]]},"properties":{"name":"Maquan","featurecla":"River","scalerank":2}},
{"type":"Feature","geometry":{"type":"LineString","coordinates":[[-86.844,13.42],[-86.687,13.455],[-86.443,13.643],[-86.314,13.615],[-86.22,13.463],[-85.92,13.485],[-85.833,13.613],[-85.7,13.962],[-85.433,14.133],[-85.322,14.282],[-85.03,14.589],[-85.003,14.741],[-84.905,14.817],[-84.771,14.805],[-84.7,14.675],[-84.484,14.62],[-84.024,14.758],[-83.87,14.777],[-83.391,15.031],[-83.13,14.997]]},"properties":{"name":"Coco","featurecla":"River","scalerank":6}},
{"type":"Feature","geometry":{"type":"LineString","coordinates":[[-101.659,33.533],[-101.452,33.441],[-101.3,33.228],[-101.126,33.136],[-100.814,33.104],[-100.501,32.905]]},"properties":{"name":"Double Mountain Fork Brazos","featurecla":"River","scalerank":6}},
{"type":"Feature","geometry":{"type":"MultiLineString","coordinates":[[[-112.598,54.619],[-112.357,54.619],[-112.123,54.466],[-111.601,54.44],[-111.279,54.46],[-111.075,54.365],[-110.699,54.386],[-110.445,54.449],[-110.044,54.255],[-109.588,54.316],[-109.26,54.241],[-109,54.304],[-108.674,54.254],[-108.388,54.319],[-108.17,54.297],[-107.824,54.355],[-107.796,54.894],[-107.616,55.137],[-107.74,55.408]],[[-112.741,54.4],[-112.598,54.619]]]},"properties":{"name":"Beaver","featurecla":"River","scalerank":6}},
{"type":"Feature","geometry":{"type":"LineString","coordinates":[[-127.235,56.815],[-126.954,56.903],[-126.911,57.137],[-126.55,57.363],[-126.577,57.555],[-126.486,57.657],[-126.258,57.673],[-125.816,57.422],[-125.654,57.425],[-125.021,56.969],[-124.836,56.757]]},"properties":{"name":"Finlay","featurecla":"River","scalerank":6}},
{"type":"Feature","geometry":{"type":"LineString","coordinates":[[-100.632,22.164],[-100.572,22.268],[-100.276,22.051],[-100.107,22.016],[-99.933,21.918],[-99.809,21.702],[-99.648,21.652],[-99.548,21.74],[-99.256,21.649],[-99.045,21.82],[-98.826,21.856],[-98.75,21.99],[-98.59,21.981]]},"properties":{"name":"Verde","featurecla":"River","scalerank":6}},
{"type":"Feature","geometry":{"type":"MultiLineString","coordinates":[[[-79.342,38.625],[-79.209,38.99],[-79.04,39.015],[-78.935,39.165],[-78.575,39.533],[-78.325,39.639]],[[-79.621,38.441],[-79.342,38.625]]]},"properties":{"name":"S. Branch Potomac","featurecla":"River","scalerank":6}},
{"type":"Feature","geometry":{"type":"LineString","coordinates":[[-74.075,44.1],[-74.185,43.843],[-73.913,43.703],[-73.811,43.501],[-73.836,43.262],[-73.616,43.309],[-73.584,43.086],[-73.689,42.897],[-73.674,42.826],[-73.68,42.784],[-73.708,42.75],[-73.707,42.715],[-73.755,42.641],[-73.784,42.304],[-73.942,42.105],[-73.947,41.648],[-73.996,41.51],[-73.949,41.309]]},"properties":{"name":"Hudson","featurecla":"River","scalerank":6}},
{"type":"Feature","geometry":{"type":"LineString","coordinates":[[-84.755,40.359],[-84.73,40.541],[-84.933,40.599],[-85.246,40.809],[-85.576,40.895],[-85.978,40.77],[-86.517,40.743],[-86.712,40.577],[-87.269,40.31],[-87.449,40.182],[-87.434,39.964],[-87.375,39.894],[-87.392,39.629],[-87.471,39.416],[-87.625,39.3],[-87.663,39.156],[-87.511,38.763],[-87.647,38.52],[-87.844,38.318],[-88.046,38.052],[-88.045,37.807]]},"properties":{"name":"Wabash","featurecla":"River","scalerank":6}},
{"type":"Feature","geometry":{"type":"LineString","coordinates":[[-70.264,46.183],[-70.189,46.359],[-69.993,46.519],[-69.845,46.516],[-69.787,46.651],[-69.49,46.879],[-69.309,47.064],[-68.54,47.3],[-68.198,47.342],[-67.689,46.979],[-67.739,46.611],[-67.611,46.524],[-67.524,46.247],[-67.575,46.136],[-67.478,46.005],[-67.175,45.988],[-66.968,45.889],[-66.684,45.985],[-66.519,45.889],[-66.164,45.822],[-66.032,45.563],[-66.227,45.392],[-66.191,45.339]]},"properties":{"name":"Saint John","featurecla":"River","scalerank":6}},
{"type":"Feature","geometry":{"type":"LineString","coordinates":[[-81.576,36.074],[-80.624,36.283],[-80.449,36.239]]},"properties":{"name":"Yadkin","featurecla":"River","scalerank":6}},
{"type":"Feature","geometry":{"type":"LineString","coordinates":[[102.674,57.943],[102.568,57.658],[102.385,57.508],[102.336,57.3],[102.358,57.004]]},"properties":{"name":"Angara","featurecla":"Lake Centerline","scalerank":6}},
{"type":"Feature","geometry":{"type":"MultiLineString","coordinates":[[[101.958,58.962],[101.948,58.973]],[[101.958,58.962],[101.057,58.952],[100.96,58.808],[100.443,58.642],[100.481,58.472],[100.354,58.345],[100.004,58.386],[99.829,58.528],[99.552,58.557],[99.305,58.692],[99.049,58.726],[98.783,58.655],[98.533,58.462],[97.688,58.397],[97.223,58.444],[97.049,58.396],[96.808,58.5],[96.445,58.555],[96.164,58.508],[95.89,58.547],[95.436,58.446],[95.365,58.36],[94.874,58.157],[94.348,58.109],[94.104,58.154],[93.862,58.109],[93.335,58.187],[93.109,58.084],[93.037,58.081],[93.011,58.085],[92.991,58.093]],[[102.489,58.829],[102.311,58.851],[101.958,58.962]],[[102.674,57.943],[102.812,58.138],[102.841,58.437],[102.635,58.747],[102.55,58.815],[102.29,58.925],[101.958,58.962]],[[101.803,56.291],[101.807,56.671],[101.386,56.954],[101.7,57.015],[102.05,56.9],[102.302,56.891],[102.358,57.004]]]},"properties":{"name":"Angara","featurecla":"River","scalerank":2}},
{"type":"Feature","geometry":{"type":"MultiLineString","coordinates":[[[24.256,48.322],[24.365,48.285],[24.182,48.035],[24.148,47.912]],[[21.346,48.026],[21.12,47.987],[21.03,47.823]],[[24.148,47.912],[23.977,47.963],[23.563,48.006],[23.258,48.171],[22.935,48.084],[22.78,48.122],[22.489,48.062],[22.325,48.133],[22.243,48.267],[22.079,48.312],[21.69,48.168],[21.476,48.177],[21.339,48.026]],[[21.03,47.823],[20.892,47.684],[20.383,47.42],[20.352,47.273],[20.177,47.16],[20.226,47.024],[20.038,46.836],[20.209,46.68],[20.143,46.561],[20.23,46.29],[20.179,46.261]],[[24.866,47.738],[24.621,47.797],[24.314,47.748],[24.148,47.912]]]},"properties":{"name":null,"featurecla":"River","scalerank":6}},
{"type":"Feature","geometry":{"type":"LineString","coordinates":[[127.152,-17.383],[126.946,-17.478],[126.657,-17.5],[126.317,-17.43],[126.124,-17.628],[126.018,-17.645],[125.896,-17.875],[125.511,-18.277],[125.325,-18.335],[125.158,-18.472],[124.993,-18.513],[124.643,-18.438],[124.393,-18.098],[124.224,-18.067],[124.061,-18.134],[123.962,-18.112],[123.754,-17.93],[123.568,-17.588]]},"properties":{"name":"Fitzroy","featurecla":"River","scalerank":6}},
{"type":"Feature","geometry":{"type":"LineString","coordinates":[[140.683,-4.856],[140.747,-4.935],[140.689,-5.183],[140.449,-5.37],[140.226,-5.63],[140.224,-5.827],[140.295,-5.904],[140.307,-6.065],[140.254,-6.165],[140.349,-6.404],[140.389,-6.617],[140.295,-6.788],[140.209,-6.814],[140.09,-6.98],[140.103,-7.08],[139.955,-7.171],[139.857,-7.082],[139.634,-7.25],[139.473,-7.24],[139.24,-7.159]]},"properties":{"name":"Digul","featurecla":"River","scalerank":6}},
{"type":"Feature","geometry":{"type":"LineString","coordinates":[[-122.095,43.422],[-122.422,43.525],[-122.429,43.721],[-122.698,43.908],[-123.087,44.113],[-123.212,44.352],[-123.228,44.584],[-123.098,44.65],[-123.152,44.845],[-122.963,45.281],[-122.65,45.316],[-122.597,45.373],[-122.734,45.657]]},"properties":{"name":"Willamette","featurecla":"River","scalerank":6}},
{"type":"Feature","geometry":{"type":"MultiLineString","coordinates":[[[-108.204,33.577],[-108.118,33.399],[-108.204,33.186],[-108.345,33.068],[-108.502,33.081],[-108.602,32.955],[-108.62,32.793],[-108.864,32.636],[-109.062,32.693],[-109.183,32.793],[-109.245,32.935],[-109.437,32.952],[-109.539,32.854],[-109.747,32.849],[-109.94,33.05],[-110.14,33.182],[-110.484,33.196],[-110.764,33.01],[-110.974,33.125],[-111.256,33.112]],[[-111.256,33.112],[-111.523,33.018],[-111.931,33.169],[-112.055,33.176],[-112.312,33.375],[-112.713,33.326],[-112.79,33.28],[-112.697,33.112],[-112.809,33.011],[-113.066,33.086],[-113.156,33.009],[-113.376,32.968],[-113.831,32.769],[-114.22,32.681],[-114.385,32.79],[-114.505,32.718],[-114.558,32.734]],[[-111.249,33.104],[-111.256,33.112]]]},"properties":{"name":"Gila","featurecla":"River","scalerank":6}},
{"type":"Feature","geometry":{"type":"MultiLineString","coordinates":[[[-48.723,-5.355],[-48.582,-5.301],[-48.498,-5.187],[-48.338,-5.164],[-48.153,-5.257],[-48,-5.232],[-47.865,-5.281],[-47.839,-5.383],[-47.537,-5.479],[-47.469,-5.589],[-47.483,-5.743],[-47.414,-5.87],[-47.426,-6.104],[-47.373,-6.234],[-47.407,-6.479],[-47.488,-6.698],[-47.514,-7.009],[-47.64,-7.159],[-47.661,-7.264],[-47.513,-7.281],[-47.489,-7.382],[-47.592,-7.446],[-47.68,-7.695],[-47.935,-7.827],[-47.973,-8.066],[-48.161,-8.131],[-48.12,-8.755],[-48.19,-9.015],[-48.369,-9.327],[-48.403,-9.644],[-48.326,-9.856],[-48.334,-10.027],[-48.428,-10.178],[-48.402,-10.249],[-48.463,-10.514],[-48.417,-10.598],[-48.409,-10.847],[-48.564,-11.027],[-48.462,-11.331],[-48.586,-11.406],[-48.675,-11.544]],[[-49.179,-15.926],[-49.266,-15.751],[-49.367,-15.683],[-49.583,-15.433],[-49.544,-15.177],[-49.408,-15.094],[-49.299,-14.888],[-49.018,-14.7],[-49.025,-14.313],[-48.85,-14.134],[-48.743,-14.093],[-48.624,-14.166],[-48.339,-13.955],[-48.124,-13.741],[-48.092,-13.541],[-48.178,-13.428],[-48.181,-13.182],[-48.147,-12.989],[-48.292,-12.559],[-48.223,-12.476],[-48.274,-12.305],[-48.476,-12.19],[-48.532,-11.934],[-48.654,-11.691],[-48.668,-11.544]]]},"properties":{"name":"Tocantins","featurecla":"River","scalerank":6}},
{"type":"Feature","geometry":{"type":"LineString","coordinates":[[26.962,-23.737],[27.127,-23.525],[27.35,-23.391],[27.548,-23.361],[27.607,-23.217],[27.895,-23.079],[27.937,-22.964],[28.338,-22.584],[28.623,-22.563],[28.912,-22.454],[29.047,-22.22],[29.377,-22.193],[29.661,-22.126],[29.779,-22.136],[30.135,-22.293],[30.3,-22.337],[30.632,-22.331],[30.837,-22.282],[31.163,-22.323],[31.297,-22.413],[31.571,-22.458],[31.742,-22.639],[31.808,-22.648],[31.947,-22.864],[32.097,-23.025],[32.223,-23.097],[32.256,-23.241],[32.443,-23.485],[32.496,-23.748],[32.591,-23.865],[32.636,-24.108],[32.762,-24.216],[32.906,-24.452],[32.961,-24.441],[33.157,-24.616],[33.242,-24.606],[33.62,-24.855],[33.593,-25.065],[33.529,-25.191]]},"properties":{"name":"Limpopo","featurecla":"River","scalerank":6}},
{"type":"Feature","geometry":{"type":"LineString","coordinates":[[11.484,62.687],[11.246,62.514],[10.675,62.271],[10.638,62.09],[10.882,61.978],[10.811,61.746],[11.036,61.538],[11.072,61.423],[11.305,61.282],[11.357,61.084],[11.538,60.864],[11.706,60.796],[12.028,60.525]]},"properties":{"name":"Glomma","featurecla":"River","scalerank":6}},
{"type":"Feature","geometry":{"type":"LineString","coordinates":[[-69.43,-31.278],[-69.089,-31.276],[-69.004,-31.382],[-69.002,-31.514],[-68.77,-31.534],[-68.462,-31.458],[-68.367,-31.561],[-68.378,-31.818],[-68.22,-32.105],[-68.021,-32.069],[-67.832,-32.239],[-67.466,-32.287],[-67.362,-32.389]]},"properties":{"name":"San Juan","featurecla":"River","scalerank":6}},
{"type":"Feature","geometry":{"type":"LineString","coordinates":[[45.653,-21.428],[45.46,-21.453],[45.31,-21.665],[45.093,-21.667],[44.898,-21.72],[44.643,-21.741],[44.47,-21.83],[44.273,-21.853],[44.215,-21.805],[43.996,-21.903],[43.895,-21.861],[43.741,-21.554],[43.542,-21.316]]},"properties":{"name":"Mangoky","featurecla":"River","scalerank":6}},
{"type":"Feature","geometry":{"type":"MultiLineString","coordinates":[[[-113.823,58.71],[-113.713,58.669]],[[-122.222,56.021],[-122.369,56.111],[-122.615,56.14],[-123.056,56.067],[-123.184,55.985],[-123.74,56.044],[-123.97,55.999],[-124.422,56.341],[-124.549,56.531],[-124.836,56.757]]]},"properties":{"name":"Peace","featurecla":"Lake Centerline","scalerank":2}},
{"type":"Feature","geometry":{"type":"MultiLineString","coordinates":[[[-113.713,58.669],[-113.416,58.71],[-113.123,58.816],[-112.794,59.112],[-112.654,59.169],[-112.11,59.067],[-112.015,58.93],[-111.652,58.942],[-111.411,59.005]],[[-122.222,56.021],[-122.001,55.984],[-121.728,56.139],[-121.197,56.274],[-120.461,56.12],[-120.171,56.122],[-119.589,56.199],[-119.23,56.309],[-118.975,56.286],[-118.973,56.189],[-118.77,55.964],[-118.31,55.938]],[[-118.31,55.938],[-118.012,55.928],[-117.324,56.219],[-117.129,56.478],[-117.113,56.59],[-117.256,56.709],[-117.277,56.894],[-117.085,57.254],[-117.049,57.468],[-117.137,57.747],[-117.054,57.871],[-117.101,58.051],[-116.883,58.117],[-116.564,58.129],[-116.669,58.247],[-116.167,58.409],[-115.818,58.465],[-115.3,58.358],[-114.868,58.376],[-114.128,58.659],[-113.823,58.71]]]},"properties":{"name":"Peace","featurecla":"River","scalerank":2}},
{"type":"Feature","geometry":{"type":"LineString","coordinates":[[37.817,13.875],[37.661,13.921],[37.394,14.35],[37.293,14.458],[37.121,14.421],[37.072,14.285],[36.748,14.332],[36.491,14.236],[36.319,14.297],[36.148,14.222],[35.935,14.268],[35.882,14.39],[35.895,14.62]]},"properties":{"name":"Setit","featurecla":"River","scalerank":6}},
{"type":"Feature","geometry":{"type":"LineString","coordinates":[[131.844,-14.706],[131.718,-14.656],[131.65,-14.413],[131.474,-14.296],[131.4,-14.182],[131.207,-14.035],[131.133,-13.832],[130.865,-13.927],[130.743,-13.868],[130.657,-13.673],[130.578,-13.668],[130.45,-13.465],[130.324,-13.353]]},"properties":{"name":"Daly","featurecla":"River","scalerank":6}},
{"type":"Feature","geometry":{"type":"LineString","coordinates":[[138.702,-3.19],[138.491,-2.936],[138.424,-2.676],[138.176,-2.363],[137.966,-2.279],[137.796,-2.053],[137.87,-1.916],[137.829,-1.704],[137.91,-1.484]]},"properties":{"name":"Mamberamo","featurecla":"River","scalerank":6}},
{"type":"Feature","geometry":{"type":"MultiLineString","coordinates":[[[102.078,71.952],[101.419,71.771],[100.875,71.767],[100.067,71.693],[99.475,71.57],[99.558,71.45]],[[92.22,69.987],[93.564,69.906],[93.865,69.842],[94.6,69.862],[95.309,70.118],[95.594,70.12],[95.893,70.341],[95.827,70.579],[95.391,70.559],[95.149,70.644],[94.509,70.642],[94.02,70.779],[94.547,70.963],[95.396,70.871],[96.212,70.824],[96.465,70.856],[97.305,70.851],[97.818,70.802],[98.098,70.931],[98.245,71.178],[99.168,71.182],[99.556,71.449]]]},"properties":{"name":"Kheta","featurecla":"River","scalerank":6}},
{"type":"Feature","geometry":{"type":"LineString","coordinates":[[89.656,50.505],[89.291,50.63],[88.975,50.581],[88.822,50.601],[88.574,50.818],[88.325,50.87],[87.905,51.107],[87.728,51.282],[87.756,51.364]]},"properties":{"name":"Chulyshman","featurecla":"River","scalerank":6}},
{"type":"Feature","geometry":{"type":"MultiLineString","coordinates":[[[-99.681,33.54],[-99.536,33.582],[-99.249,33.576],[-99.035,33.356],[-98.758,33.191],[-98.722,33.081],[-98.35,32.828],[-98.217,32.861],[-98.129,32.696],[-97.805,32.571],[-97.657,32.222],[-97.503,32.145],[-97.402,32.021],[-97.292,31.776],[-96.993,31.479],[-96.966,31.333],[-96.658,30.861],[-96.571,30.64],[-96.454,30.608],[-96.151,30.381],[-96.082,30.244],[-96.174,30.121],[-96.098,30.035],[-96.096,29.82],[-95.819,29.586],[-95.677,29.581],[-95.56,29.453],[-95.574,29.238],[-95.629,29.1],[-95.392,28.979],[-95.383,28.881]],[[-100.501,32.905],[-100.409,32.977],[-100.108,33.006],[-99.981,33.084],[-99.998,33.386],[-99.681,33.54]]]},"properties":{"name":"Brazos","featurecla":"River","scalerank":6}},
{"type":"Feature","geometry":{"type":"LineString","coordinates":[[-123.472,65.152],[-123.756,65.044],[-124.363,65.021],[-124.595,65.055],[-124.885,64.997],[-125.346,65.008],[-125.601,64.904]]},"properties":{"name":null,"featurecla":"River","scalerank":6}},
{"type":"Feature","geometry":{"type":"LineString","coordinates":[[-98.59,21.981],[-98.431,21.96],[-98.348,22.062],[-98.068,22.096],[-97.982,22.211],[-97.781,22.274]]},"properties":{"name":"Pnuco","featurecla":"River","scalerank":6}},
{"type":"Feature","geometry":{"type":"LineString","coordinates":[[89.387,40.633],[89.142,40.638],[88.49,40.709],[88.218,40.851],[87.886,40.901],[87.618,40.977],[87.375,40.945],[87.042,41.039],[86.988,41.149],[86.673,41.338],[86.372,41.243]]},"properties":{"name":"Konqi","featurecla":"River","scalerank":6}},
{"type":"Feature","geometry":{"type":"LineString","coordinates":[[80.888,40.467],[81.072,40.536],[81.319,40.545],[81.412,40.665],[81.748,40.721],[81.939,40.836],[82.16,40.869],[82.656,41.035],[83.047,40.932],[83.35,40.993],[83.829,40.975],[84.014,41.106],[84.31,41.198],[84.893,41.164],[85.124,41.05],[85.501,40.962],[85.706,41.05],[86.056,41.092],[86.259,41.027],[86.45,41.051],[86.372,41.243],[86.015,41.386],[85.782,41.531],[85.87,41.738],[86.114,41.748],[86.253,41.838],[86.465,41.77],[86.753,41.826]]},"properties":{"name":"Tarim","featurecla":"River","scalerank":6}},
{"type":"Feature","geometry":{"type":"LineString","coordinates":[[-117.668,61.308],[-117.072,61.098],[-116.754,61.058],[-115.907,61.046],[-115.717,61.086],[-115.011,61.338],[-114.644,61.379],[-113.771,61.232],[-113.704,61.246]]},"properties":{"name":"Mackenzie","featurecla":"Lake Centerline","scalerank":2}},
{"type":"Feature","geometry":{"type":"MultiLineString","coordinates":[[[-134.313,69.154],[-134.645,68.99],[-134.244,68.706]],[[-134.836,68.964],[-135.077,69.076],[-135.183,69.263]],[[-134.836,68.964],[-135.606,68.911]],[[-134.244,68.706],[-134.44,68.706],[-134.836,68.964]],[[-117.668,61.308],[-117.718,61.387],[-118.284,61.498],[-118.381,61.351],[-118.818,61.258],[-119.505,61.228],[-119.941,61.333],[-120.256,61.461],[-120.457,61.465],[-120.734,61.62],[-120.67,61.732],[-120.904,61.844],[-121.288,61.848],[-121.978,62.077],[-122.451,62.166],[-123.058,62.171],[-123.409,62.334],[-123.209,62.601],[-123.218,62.941],[-123.307,63.123],[-123.657,63.321],[-123.762,63.551],[-124.034,63.869],[-124.461,64.069],[-124.419,64.209],[-124.795,64.425],[-125.149,64.839],[-125.601,64.904],[-125.95,64.925],[-126.251,65.108],[-126.552,65.22],[-127.105,65.297],[-127.722,65.541],[-128.03,65.608],[-128.524,65.624],[-129.013,65.879],[-129.117,66.095],[-128.713,66.248],[-129.07,66.511],[-129.572,66.726],[-130.11,66.839],[-130.256,67.201],[-130.409,67.316],[-130.733,67.349],[-130.94,67.476],[-131.576,67.466],[-131.682,67.413],[-132.9,67.216],[-133.479,67.372],[-134.193,67.675],[-134.203,67.803],[-134.457,68.039],[-134.065,68.517],[-134.244,68.706]]]},"properties":{"name":"Mackenzie","featurecla":"River","scalerank":2}},
{"type":"Feature","geometry":{"type":"LineString","coordinates":[[-122.755,40.821],[-122.903,40.664],[-123.098,40.792],[-123.232,40.754],[-123.598,40.915],[-123.69,41.203]]},"properties":{"name":"Trinity","featurecla":"River","scalerank":6}},
{"type":"Feature","geometry":{"type":"LineString","coordinates":[[19.063,47.473],[19.101,47.396],[18.954,47.211],[18.968,47.033]]},"properties":{"name":"Soroksari Duna","featurecla":"River","scalerank":6}},
{"type":"Feature","geometry":{"type":"LineString","coordinates":[[18.915,46.195],[18.907,45.916],[18.855,45.858]]},"properties":{"name":"Ferenc Csatorna","featurecla":"River","scalerank":6}},
{"type":"Feature","geometry":{"type":"LineString","coordinates":[[-67.362,-32.397],[-67.192,-32.761],[-67.227,-32.916],[-67.143,-33.452],[-67.02,-33.617],[-66.93,-33.838],[-66.747,-34.064],[-66.822,-34.229],[-66.738,-34.616],[-66.572,-34.853],[-66.507,-35.142],[-66.526,-35.515],[-66.621,-36.012],[-66.85,-36.274],[-66.78,-36.732],[-66.844,-36.933],[-66.851,-37.215],[-66.584,-37.362],[-66.416,-37.543],[-66.252,-37.536],[-66.146,-37.78],[-65.852,-37.877],[-65.805,-38.101],[-65.984,-38.228],[-65.759,-38.344],[-65.697,-38.447],[-65.427,-38.612],[-64.97,-38.804]]},"properties":{"name":"Desaguadero","featurecla":"River","scalerank":6}},
{"type":"Feature","geometry":{"type":"LineString","coordinates":[[30.536,7.767],[30.649,8.119],[30.652,8.537],[30.762,8.583],[30.851,8.816],[30.79,8.98],[30.896,9.168],[31.104,9.343],[31.139,9.426]]},"properties":{"name":"Bahr el  Zeraf","featurecla":"River","scalerank":6}},
{"type":"Feature","geometry":{"type":"LineString","coordinates":[[13.126,4.933],[12.95,5.001],[12.602,4.93],[12.393,4.725],[12.28,4.725],[12.081,4.525],[11.985,4.598],[11.832,4.456],[11.632,4.362],[11.472,4.489],[11.368,4.486],[11.209,4.297],[11.05,4.169],[10.713,4.053],[10.512,4.026],[10.437,4.108],[10.237,3.84],[10.151,3.859],[9.966,3.643],[9.82,3.628]]},"properties":{"name":"Sanaga","featurecla":"River","scalerank":6}},
{"type":"Feature","geometry":{"type":"LineString","coordinates":[[20.754,-0.282],[20.565,-0.299],[20.495,-0.246],[20.241,-0.259],[20.184,-0.117],[19.892,-0.084],[19.781,-0.169],[19.509,-0.093],[18.951,-0.219]]},"properties":{"name":"Busira","featurecla":"River","scalerank":6}},
{"type":"Feature","geometry":{"type":"LineString","coordinates":[[41.966,4.324],[42.072,4.181],[42.268,4.146],[42.398,4.053],[42.572,3.833],[42.504,3.676],[42.556,3.422],[42.466,3.326],[42.556,2.994],[42.335,2.771],[42.367,2.641],[42.281,2.532],[42.336,2.415],[42.266,2.321],[42.144,2.357],[42.171,2.1],[42.308,2.025],[42.264,1.898],[42.393,1.736],[42.445,1.579],[42.454,1.354],[42.559,1.267],[42.611,0.983],[42.6,0.822],[42.738,0.636],[42.754,0.164],[42.715,0.048],[42.591,-0.06],[42.631,-0.245]]},"properties":{"name":"Jubba","featurecla":"River","scalerank":6}},
{"type":"Feature","geometry":{"type":"LineString","coordinates":[[12.335,58.374],[12.15,58.228],[12.101,57.977],[11.81,57.781]]},"properties":{"name":"Gta lv","featurecla":"River","scalerank":6}},
{"type":"Feature","geometry":{"type":"LineString","coordinates":[[94.084,33.156],[94.348,33.15],[94.526,33.218],[94.861,33.168],[95.069,33.065],[95.104,32.942],[95.589,32.83],[95.648,32.727],[95.934,32.557],[96.164,32.575],[96.376,32.444],[96.549,32.156],[96.759,32.112],[96.941,31.966]]},"properties":{"name":"Za","featurecla":"River","scalerank":2}},
{"type":"Feature","geometry":{"type":"LineString","coordinates":[[120.758,43.423],[120.975,43.517],[121.36,43.534],[121.522,43.47],[121.919,43.453],[122.176,43.569],[122.362,43.724],[122.688,43.815],[122.944,43.804],[123.034,43.728],[123.49,43.591],[123.554,43.483]]},"properties":{"name":"Xiliao","featurecla":"River","scalerank":6}},
{"type":"Feature","geometry":{"type":"LineString","coordinates":[[21.716,61.519],[21.94,61.371],[22.321,61.248],[22.579,61.211]]},"properties":{"name":"Kokemenjoki","featurecla":"River","scalerank":6}},
{"type":"Feature","geometry":{"type":"MultiLineString","coordinates":[[[-80.449,36.239],[-80.495,36.103],[-80.359,35.909],[-80.401,35.843]],[[-80.401,35.843],[-80.442,35.741],[-80.243,35.624],[-80.054,35.38],[-80.06,35.108],[-79.944,35.116]],[[-79.944,35.116],[-79.868,35.042],[-79.926,34.773],[-79.832,34.655],[-79.814,34.512],[-79.577,34.282],[-79.512,33.99],[-79.163,33.696],[-79.1,33.568],[-79.19,33.437]]]},"properties":{"name":"Great Pee Dee","featurecla":"River","scalerank":6}},
{"type":"Feature","geometry":{"type":"LineString","coordinates":[[20.179,46.261],[20.063,46.159],[20.113,45.527],[20.23,45.443],[20.278,45.142]]},"properties":{"name":"Tisa","featurecla":"River","scalerank":6}},
{"type":"Feature","geometry":{"type":"LineString","coordinates":[[16.069,1.661],[16.067,1.639],[16.07,1.625],[16.105,1.582],[16.2,1.421],[16.344,1.395],[16.399,1.285],[16.587,1.111],[16.658,0.672],[16.711,0.529],[17.092,0.346],[17.193,0.214],[17.151,0.07],[17.187,-0.173],[17.139,-0.441],[17.217,-0.473],[17.208,-0.688],[17.159,-0.876],[17.046,-0.919],[16.859,-1.161],[16.849,-1.251]]},"properties":{"name":"Sangha","featurecla":"River","scalerank":6}},
{"type":"Feature","geometry":{"type":"LineString","coordinates":[[18.951,-0.219],[18.755,-0.088],[18.425,-0.005],[18.313,0.08],[18.194,0.069]]},"properties":{"name":"Ruki","featurecla":"River","scalerank":6}},
{"type":"Feature","geometry":{"type":"MultiLineString","coordinates":[[[132.518,47.707],[132.313,47.467],[132.08,47.371],[131.963,47.249],[131.454,47.242],[131.3,47.185],[130.972,47.213],[130.829,47.18],[130.689,47.044],[130.534,46.992],[130.498,46.885],[130.33,46.837]],[[124.675,45.45],[125.028,45.498],[125.103,45.395],[125.432,45.477],[125.85,45.505],[126.015,45.699],[126.356,45.696],[126.593,45.757],[126.891,45.998],[127.076,46.018],[127.484,45.926],[127.549,46.039],[127.837,45.923],[128.128,45.916],[128.386,45.974],[128.576,45.91],[128.776,45.971],[128.904,45.891],[129.091,45.902],[129.299,46.071],[129.396,46.259],[129.557,46.344],[129.653,46.506],[129.896,46.611],[129.99,46.774],[130.332,46.835]]]},"properties":{"name":"Songhua","featurecla":"River","scalerank":6}},
{"type":"Feature","geometry":{"type":"LineString","coordinates":[[103.716,29.559],[103.848,29.29],[104.005,29.122],[104.235,29.023],[104.308,28.87],[104.599,28.784]]},"properties":{"name":"Min","featurecla":"River","scalerank":6}},
{"type":"Feature","geometry":{"type":"LineString","coordinates":[[105.07,72.774],[104.215,72.603],[104.155,72.493],[103.095,72.37],[103.028,72.286],[102.393,71.981],[102.078,71.952]]},"properties":{"name":"Khatanga","featurecla":"River","scalerank":6}},
{"type":"Feature","geometry":{"type":"LineString","coordinates":[[-117.626,49.018],[-117.436,49.057],[-117.321,48.927],[-117.406,48.808],[-117.341,48.578],[-117.255,48.506],[-117.233,48.271],[-116.975,48.185],[-116.758,48.161],[-116.569,48.25]]},"properties":{"name":"Pend Orielle","featurecla":"River","scalerank":6}},
{"type":"Feature","geometry":{"type":"MultiLineString","coordinates":[[[-55.075,-14.319],[-55.174,-14.293],[-55.508,-14.373],[-55.732,-14.472],[-55.923,-14.613],[-56.222,-14.685],[-56.395,-14.833],[-56.514,-15.063],[-56.283,-15.273],[-56.255,-15.476],[-56.073,-15.647],[-56.123,-15.851],[-55.931,-15.98],[-55.887,-16.118],[-55.992,-16.227],[-55.932,-16.337],[-56.027,-16.423],[-56.255,-16.45],[-56.393,-16.545],[-56.487,-16.745],[-56.614,-16.841],[-56.59,-17.067],[-56.857,-17.492],[-56.98,-17.595],[-57.092,-17.767],[-57.414,-17.862],[-57.472,-17.957],[-57.402,-18.133],[-57.363,-18.458],[-57.534,-18.603],[-57.529,-18.709],[-57.693,-18.955],[-57.377,-19.054],[-57.312,-19.16],[-57.314,-19.378],[-57.393,-19.441],[-57.44,-19.521],[-57.426,-19.603],[-57.718,-19.84],[-57.896,-20.024],[-58.159,-20.165],[-58.084,-20.376],[-57.99,-20.433],[-57.992,-20.621],[-57.861,-20.73],[-57.909,-20.882],[-57.826,-20.998],[-57.856,-21.331],[-57.931,-21.453],[-57.896,-21.688],[-57.989,-22.064],[-57.966,-22.257],[-57.897,-22.279],[-57.785,-22.665],[-57.94,-22.716],[-57.79,-22.878],[-57.773,-22.961],[-57.768,-22.982],[-57.79,-23.021],[-57.714,-23.085],[-57.632,-23.111],[-57.48,-23.279],[-57.451,-23.574],[-57.281,-23.723],[-57.278,-24.005],[-57.163,-24.118],[-57.172,-24.137],[-57.19,-24.157],[-57.199,-24.176],[-57.119,-24.262],[-57.069,-24.516],[-57.182,-24.769],[-57.214,-24.989],[-57.286,-24.982],[-57.672,-25.29],[-57.558,-25.46],[-57.624,-25.615],[-57.754,-25.673],[-57.873,-26.01],[-58.087,-26.127],[-58.207,-26.403],[-58.249,-26.758],[-58.353,-26.83],[-58.33,-26.884],[-58.461,-26.928],[-58.566,-27.116],[-58.654,-27.156],[-58.602,-27.246],[-58.601,-27.266],[-58.605,-27.316]],[[-58.605,-27.314],[-58.656,-27.331],[-58.887,-27.479],[-58.818,-27.773],[-58.877,-28.043],[-59.082,-28.158],[-59.086,-28.608],[-59.198,-29.022],[-59.511,-29.208],[-59.589,-29.411],[-59.591,-29.615],[-59.665,-29.878],[-59.599,-30.013],[-59.669,-30.294],[-59.618,-30.447],[-59.661,-30.736],[-60.094,-31.354],[-60.433,-31.684],[-60.648,-31.716],[-60.723,-31.947],[-60.666,-32.048],[-60.766,-32.541],[-60.676,-32.847],[-60.496,-33.122],[-60.415,-33.165]],[[-60.415,-33.165],[-60.01,-33.277],[-59.761,-33.242],[-59.447,-33.473],[-59.214,-33.726],[-59.186,-33.807]],[[-60.415,-33.165],[-60.118,-33.394],[-59.641,-33.671],[-59.521,-33.655],[-59.186,-33.807]],[[-59.186,-33.807],[-59.032,-33.83],[-58.68,-34.031],[-58.447,-34.007]]]},"properties":{"name":"Paraná","featurecla":"River","scalerank":2}},
{"type":"Feature","geometry":{"type":"LineString","coordinates":[[-78.325,39.639],[-78.133,39.701],[-77.739,39.406],[-77.751,39.351],[-77.467,39.244],[-77.496,39.124],[-77.272,39.048],[-77.068,38.902]]},"properties":{"name":"Potomac","featurecla":"River","scalerank":6}},
{"type":"Feature","geometry":{"type":"MultiLineString","coordinates":[[[74.594,34.38],[74.532,34.302]],[[73.598,33.321],[73.643,33.142]]]},"properties":{"name":"Jhelum","featurecla":"Lake Centerline","scalerank":7}},
{"type":"Feature","geometry":{"type":"MultiLineString","coordinates":[[[74.532,34.302],[74.269,34.178],[74.02,34.099],[73.627,34.203],[73.46,34.319],[73.516,34.007],[73.577,33.91],[73.63,33.556],[73.598,33.321]],[[75.366,33.444],[75.189,33.583],[75.092,33.814],[74.983,33.951],[74.717,34.14],[74.594,34.38]],[[73.643,33.142],[73.77,32.978],[73.522,32.7],[73.228,32.597],[72.933,32.543],[72.775,32.456],[72.611,32.436],[72.4,32.316],[72.24,32.006],[72.267,31.885],[72.167,31.697],[72.111,31.381],[72.129,31.266],[72.159,31.217],[72.142,31.201],[72.139,31.193],[72.139,31.183]]]},"properties":{"name":"Jhelum","featurecla":"River","scalerank":7}},
{"type":"Feature","geometry":{"type":"LineString","coordinates":[[70.72,66.762],[71.391,66.906]]},"properties":{"name":null,"featurecla":"River","scalerank":7}},
{"type":"Feature","geometry":{"type":"MultiLineString","coordinates":[[[-58.778,-14.65],[-58.85,-14.85],[-58.836,-15.189],[-58.941,-15.3],[-59.222,-15.194],[-59.449,-15.218],[-59.617,-15.194],[-59.956,-15.006],[-60,-14.861]],[[-60,-14.861],[-60.047,-14.619],[-60.222,-14.228],[-60.397,-14.008],[-60.482,-13.795],[-60.794,-13.611],[-61.005,-13.538],[-61.335,-13.496],[-61.519,-13.545],[-61.652,-13.507],[-61.824,-13.543],[-61.873,-13.456],[-62.103,-13.256],[-62.118,-13.149],[-62.336,-13.145],[-62.56,-13.065],[-62.7,-12.966],[-62.818,-12.978],[-62.985,-12.846],[-63.088,-12.649],[-63.25,-12.701],[-63.394,-12.664],[-63.497,-12.553],[-63.802,-12.455],[-63.922,-12.544],[-64.396,-12.457],[-64.491,-12.373],[-64.47,-12.261],[-64.717,-12.146],[-64.793,-12.032],[-64.998,-11.996],[-64.997,-11.921],[-65.005,-11.898],[-65.019,-11.893]]]},"properties":{"name":"Guaporé","featurecla":"River","scalerank":7}},
{"type":"Feature","geometry":{"type":"LineString","coordinates":[[-57.223,4.41],[-57.391,4.308],[-57.499,4.063],[-57.671,3.761],[-57.606,3.558],[-57.641,3.484]]},"properties":{"name":"Kabalebo","featurecla":"Lake Centerline","scalerank":7}},
{"type":"Feature","geometry":{"type":"MultiLineString","coordinates":[[[-57.225,4.663],[-57.146,4.473],[-57.223,4.41]],[[-57.641,3.484],[-57.653,3.488]]]},"properties":{"name":"Kabalebo","featurecla":"River","scalerank":7}},
{"type":"Feature","geometry":{"type":"LineString","coordinates":[[104.346,57.655],[104.164,57.744],[104.246,57.946],[104.092,58.089],[104.365,58.123],[104.314,58.314],[104.559,58.388],[104.347,58.807],[104.413,58.971],[104.139,59.071],[104.075,59.307],[103.51,59.457],[103.433,59.557],[103.161,59.683],[103.012,59.842],[102.725,59.881],[102.236,60.101]]},"properties":{"name":"Katanga","featurecla":"River","scalerank":7}},
{"type":"Feature","geometry":{"type":"LineString","coordinates":[[6.086,10.491],[6.043,10.442],[6.028,10.094],[5.991,9.923],[5.916,9.88],[5.905,9.659],[5.945,9.586],[5.881,9.433],[5.813,9.018],[5.865,8.888],[5.763,8.786]]},"properties":{"name":"Kaduna","featurecla":"River","scalerank":7}},
{"type":"Feature","geometry":{"type":"LineString","coordinates":[[44.786,31.464],[44.853,31.402],[45.235,31.327]]},"properties":{"name":"Atshan","featurecla":"River","scalerank":7}},
{"type":"Feature","geometry":{"type":"MultiLineString","coordinates":[[[-90.825,53.927],[-90.753,53.954]],[[-91.957,53.317],[-91.956,53.317],[-91.867,53.344]],[[-92.552,53.097],[-93.011,53.025],[-93.341,53.06],[-93.343,53.095],[-93.609,53.204]]]},"properties":{"name":"Severn","featurecla":"Lake Centerline","scalerank":7}},
{"type":"Feature","geometry":{"type":"MultiLineString","coordinates":[[[-88.707,55.18],[-88.503,55.147],[-88.345,55.384],[-88.029,55.511],[-88.084,55.73],[-87.859,55.889],[-87.488,56.017]],[[-90.753,53.954],[-90.648,54.105],[-90.14,54.31],[-89.733,54.398],[-89.606,54.482],[-89.12,54.567],[-89.001,54.661],[-88.99,55.015],[-88.707,55.18]],[[-91.867,53.344],[-91.418,53.519],[-91.134,53.728],[-90.937,53.927],[-90.825,53.927]],[[-95.67,53.174],[-95.252,53.084],[-94.967,53.19],[-94.656,53.242],[-94.451,53.187],[-93.879,53.273],[-93.609,53.204]],[[-92.552,53.097],[-92.265,53.262],[-91.956,53.317]],[[-93.343,53.095],[-93.341,53.06]]]},"properties":{"name":"Severn","featurecla":"River","scalerank":7}},
{"type":"Feature","geometry":{"type":"LineString","coordinates":[[-76.956,42.873],[-76.936,42.697]]},"properties":{"name":null,"featurecla":"Lake Centerline","scalerank":7}},
{"type":"Feature","geometry":{"type":"MultiLineString","coordinates":[[[-76.956,42.873],[-76.749,42.953],[-76.671,43.087],[-76.516,43.091],[-76.277,43.21],[-76.517,43.477]],[[-77.065,42.651],[-76.936,42.697]]]},"properties":{"name":null,"featurecla":"River","scalerank":7}},
{"type":"Feature","geometry":{"type":"LineString","coordinates":[[26.249,-11.743],[26.164,-11.66],[26.061,-11.688],[25.869,-11.612],[25.821,-11.461],[25.545,-11.145],[25.574,-11.023],[25.721,-10.952],[25.766,-10.722],[25.691,-10.564],[25.575,-10.468],[25.401,-10.451],[25.45,-10.257],[25.401,-10.203],[25.428,-10.008],[25.558,-9.886],[25.493,-9.505],[25.536,-9.272],[25.7,-9.303],[25.8,-9.208],[25.93,-9.207],[26.074,-8.909],[26.009,-8.791],[26.198,-8.615],[26.246,-8.474],[26.441,-8.272]]},"properties":{"name":"Lualaba","featurecla":"River","scalerank":2}},
{"type":"Feature","geometry":{"type":"LineString","coordinates":[[2.545,6.404],[2.552,6.432]]},"properties":{"name":"Ouémé","featurecla":"Lake Centerline","scalerank":7}},
{"type":"Feature","geometry":{"type":"MultiLineString","coordinates":[[[2.566,10.11],[2.447,9.926],[2.291,9.398],[2.275,9.076],[2.221,9.018]],[[2.22,9.021],[2.221,9.018]],[[2.221,9.018],[2.248,8.912],[2.187,8.746],[2.214,8.521],[2.327,8.438],[2.392,7.854],[2.502,7.691],[2.417,7.475],[2.446,7.337],[2.412,7.023],[2.48,6.79],[2.488,6.626],[2.552,6.432]],[[2.221,9.018],[2.22,9.014]],[[2.552,6.431],[2.551,6.365]],[[2.551,6.365],[2.545,6.404]],[[2.551,6.365],[2.55,6.354]],[[2.554,6.355],[2.551,6.365]]]},"properties":{"name":"Ouémé","featurecla":"River","scalerank":7}},
{"type":"Feature","geometry":{"type":"LineString","coordinates":[[-5.407,10.693],[-5.523,10.426],[-5.403,10.301],[-5.218,10.32],[-5.112,10.279],[-5.049,10.086],[-4.975,10.056],[-4.967,9.901],[-4.839,9.87],[-4.706,9.702],[-4.605,9.727],[-4.31,9.604],[-4.197,9.445],[-4.174,9.233],[-4.091,9.267],[-3.872,9.104],[-3.882,8.922],[-3.817,8.857],[-3.937,8.673],[-3.944,8.438],[-4.02,8.184],[-3.977,7.913],[-3.88,7.885],[-3.817,7.74],[-3.542,7.496],[-3.503,7.408],[-3.583,7.275],[-3.619,7.082],[-3.752,7],[-3.796,6.76],[-3.678,6.623],[-3.611,6.356],[-3.543,6.376],[-3.396,6.163],[-3.463,5.875],[-3.433,5.779],[-3.66,5.513],[-3.621,5.277],[-3.717,5.212]]},"properties":{"name":"Komoé","featurecla":"River","scalerank":7}},
{"type":"Feature","geometry":{"type":"MultiLineString","coordinates":[[[85.022,57.839],[84.371,57.855],[83.981,57.802],[83.877,57.744]],[[89.771,54.769],[89.894,55.092],[90.055,55.127],[90.417,55.077],[90.758,55.156],[90.879,55.103],[91.211,55.244],[91.468,55.281],[91.599,55.375],[91.581,55.504],[91.052,55.682],[91.031,56.01],[90.421,56.043],[90.043,56.107],[89.344,55.957],[89.243,56.044],[90.003,56.182],[90.072,56.236],[90.498,56.303],[90.466,56.524],[90.661,56.798],[90.678,56.991],[90.526,57.135],[90.5,57.275],[90.031,57.466],[89.489,57.509],[89.011,57.509],[88.315,57.414],[87.989,57.291],[87.613,57.202],[87.398,57.067],[86.735,56.955],[86.629,56.855],[86.234,57.01],[86.046,57.158],[85.98,57.376],[85.598,57.683],[85.015,57.839]],[[89.613,54.598],[89.771,54.763]],[[89.112,54.098],[89.353,54.002],[89.577,54.228],[89.438,54.498],[89.613,54.606]]]},"properties":{"name":"Chulym","featurecla":"River","scalerank":7}},
{"type":"Feature","geometry":{"type":"LineString","coordinates":[[94.122,73.814],[94.225,73.683],[93.286,73.484],[93.443,73.334],[94.906,73.116],[95.709,73.181],[96.041,73.341],[95.89,73.512],[96.51,73.623],[97.099,73.827],[97.149,73.914],[97.708,73.952],[97.733,74.066],[98.173,74.159],[98.626,74.111],[99.464,74.185],[99.782,74.306]]},"properties":{"name":"Verkhnyaya Taymyra","featurecla":"River","scalerank":7}},
{"type":"Feature","geometry":{"type":"MultiLineString","coordinates":[[[112.592,59.463],[112.776,59.4]],[[111.323,53.976],[111.658,54.106],[111.835,54.236],[112.423,54.361],[111.942,53.986],[111.863,53.808],[111.953,53.657],[111.625,53.414],[111.736,53.219],[112.297,53.39],[112.441,53.384],[112.747,53.242],[112.891,53.35],[113.252,53.48],[113.659,53.545],[113.983,53.744],[114.326,53.79],[114.588,53.927],[114.86,53.981],[115.269,54.257],[115.491,54.329],[115.629,54.442],[116.19,54.539],[116.673,54.548],[116.884,54.738],[116.893,54.977],[116.774,55.148],[116.476,55.253],[116.376,55.409],[115.972,55.394],[115.845,55.705],[115.889,55.965],[115.765,56.086],[115.694,56.31],[115.688,56.595],[115.49,56.62],[115.589,56.902],[115.805,57.031],[116.419,57.221],[116.451,57.434],[116.574,57.561],[116.332,57.726],[116.051,57.789],[115.872,57.591],[115.365,57.515],[115.252,57.573],[115.235,57.745],[114.893,57.881],[114.626,57.832],[114.337,57.926],[113.895,57.82],[113.482,57.977],[113.261,58.128],[113.289,58.235],[112.959,58.298],[112.828,58.47],[112.946,58.735],[112.881,58.944],[112.558,59.099],[112.822,59.326],[112.83,59.38],[112.774,59.402]]]},"properties":{"name":"Vitim","featurecla":"River","scalerank":7}},
{"type":"Feature","geometry":{"type":"LineString","coordinates":[[119.196,29.504],[118.718,29.726]]},"properties":{"name":"Fuchun","featurecla":"Lake Centerline","scalerank":7}},
{"type":"Feature","geometry":{"type":"MultiLineString","coordinates":[[[117.785,29.707],[118.16,29.634],[118.405,29.764],[118.53,29.684],[118.718,29.726]],[[119.196,29.504],[119.504,29.538],[119.621,29.647],[119.675,29.805],[119.823,29.896],[119.945,30.038],[120.159,30.11],[120.149,30.196]]]},"properties":{"name":"Fuchun","featurecla":"River","scalerank":7}},
{"type":"Feature","geometry":{"type":"LineString","coordinates":[[99.039,15.044],[99.109,14.923],[99.038,14.826],[99.05,14.574],[99.149,14.411]]},"properties":{"name":"Mae Klong","featurecla":"Lake Centerline","scalerank":7}},
{"type":"Feature","geometry":{"type":"MultiLineString","coordinates":[[[98.892,16.176],[98.823,16.008],[98.858,15.841],[98.809,15.764],[98.897,15.573],[98.817,15.516],[98.9,15.363],[98.922,15.177],[99.039,15.044]],[[99.149,14.411],[99.245,14.198],[99.554,13.999],[99.741,13.949],[99.88,13.811],[99.812,13.618],[100.001,13.372]]]},"properties":{"name":"Mae Klong","featurecla":"River","scalerank":7}},
{"type":"Feature","geometry":{"type":"LineString","coordinates":[[100.613,18.04],[100.471,17.887],[100.552,17.777]]},"properties":{"name":"Yom","featurecla":"Lake Centerline","scalerank":7}},
{"type":"Feature","geometry":{"type":"MultiLineString","coordinates":[[[101.181,19.328],[101.112,19.513],[100.922,19.526],[100.846,19.377],[100.837,19.191],[100.776,18.944],[100.776,18.547],[100.9,18.328],[100.807,18.138],[100.613,18.04]],[[100.552,17.777],[100.104,17.601],[100.139,17.444],[100.072,17.37],[100.078,17.172],[100.2,17.025],[100.262,16.551],[100.39,16.403],[100.406,16.093],[100.256,15.875],[100.217,15.762],[100.196,15.755],[100.179,15.737],[100.141,15.707]]]},"properties":{"name":"Yom","featurecla":"River","scalerank":7}},
{"type":"Feature","geometry":{"type":"LineString","coordinates":[[14.734,-17.081],[14.613,-17.245],[14.507,-17.273]]},"properties":{"name":"Cunene","featurecla":"Lake Centerline","scalerank":7}},
{"type":"Feature","geometry":{"type":"MultiLineString","coordinates":[[[16.022,-13.72],[15.803,-14.096],[15.541,-14.335],[15.295,-14.422],[15.117,-14.555],[15.042,-14.798],[15.143,-14.929],[15.251,-14.943],[15.316,-15.108],[15.309,-15.342],[15.195,-15.616],[15.227,-15.683],[15.195,-15.938],[15.267,-16.445],[15.047,-16.603],[14.973,-16.749],[14.792,-16.895],[14.734,-17.081]],[[14.507,-17.273],[14.234,-17.354],[14.197,-17.413],[13.942,-17.408],[13.884,-17.338],[13.521,-17.122],[13.494,-17.024],[13.363,-16.964],[13.166,-16.951],[12.887,-17.03],[12.818,-17.105],[12.567,-17.235],[12.242,-17.225],[12.095,-17.14],[11.766,-17.253]]]},"properties":{"name":"Cunene","featurecla":"River","scalerank":7}},
{"type":"Feature","geometry":{"type":"LineString","coordinates":[[-55.445,-32.438],[-55.565,-32.511],[-55.749,-32.522],[-55.83,-32.634],[-56.17,-32.726],[-56.225,-32.823],[-56.686,-32.838],[-56.816,-32.911]]},"properties":{"name":"Negro","featurecla":"Lake Centerline","scalerank":7}},
{"type":"Feature","geometry":{"type":"MultiLineString","coordinates":[[[-54.061,-31.379],[-54.52,-31.732],[-54.504,-31.842],[-54.59,-32.11],[-54.756,-32.102],[-54.84,-32.31],[-55.04,-32.469],[-55.36,-32.499],[-55.445,-32.438]],[[-56.816,-32.911],[-57.127,-33.123],[-57.547,-33.025],[-57.651,-33.085],[-57.869,-33.044],[-58.029,-33.205],[-58.392,-33.425]]]},"properties":{"name":"Negro","featurecla":"River","scalerank":7}},
{"type":"Feature","geometry":{"type":"MultiLineString","coordinates":[[[12.509,48.928],[12.507,48.931]],[[12.509,48.928],[12.507,48.924]],[[8.179,48.094],[8.455,47.934],[8.764,47.938],[9.088,48.093],[9.347,48.067],[9.53,48.232],[9.697,48.24],[10.036,48.433],[10.314,48.48],[10.884,48.733],[11.38,48.747],[11.684,48.794],[11.793,48.897],[11.959,48.917],[12.116,49.026],[12.312,49.015],[12.509,48.928]],[[17.206,48.061],[16.988,48.177],[16.586,48.143],[16.419,48.227],[16.321,48.375],[15.946,48.363],[15.856,48.404],[15.467,48.413],[15.324,48.244],[15.088,48.183],[14.929,48.244],[14.675,48.182],[14.168,48.335],[13.487,48.582],[13.115,48.674],[12.973,48.826],[12.509,48.928]]]},"properties":{"name":"Donau","featurecla":"River","scalerank":2}},
{"type":"Feature","geometry":{"type":"MultiLineString","coordinates":[[[-88.763,13.993],[-88.852,13.962]],[[-88.962,13.95],[-89.156,14.059]]]},"properties":{"name":"Lempa","featurecla":"Lake Centerline","scalerank":7}},
{"type":"Feature","geometry":{"type":"MultiLineString","coordinates":[[[-89.27,14.571],[-89.194,14.473],[-89.263,14.266],[-89.412,14.227],[-89.427,14.072],[-89.156,14.059]],[[-88.763,13.993],[-88.496,13.975],[-88.532,13.76],[-88.487,13.688],[-88.665,13.547],[-88.732,13.341],[-88.817,13.262]],[[-88.962,13.95],[-88.852,13.962]]]},"properties":{"name":"Lempa","featurecla":"River","scalerank":7}},
{"type":"Feature","geometry":{"type":"MultiLineString","coordinates":[[[-93.601,17.189],[-93.34,17.025]],[[-92.202,15.826],[-92.154,15.907],[-92.844,16.313],[-92.759,16.422]]]},"properties":{"name":"Grijalva","featurecla":"Lake Centerline","scalerank":7}},
{"type":"Feature","geometry":{"type":"MultiLineString","coordinates":[[[-93.601,17.189],[-93.536,17.246],[-93.501,17.514],[-93.383,17.651],[-93.414,17.808],[-93.279,17.97],[-93.055,17.895],[-92.719,18.1],[-92.67,18.401]],[[-93.34,17.025],[-93.204,17.032],[-93.11,16.952],[-93.053,16.765],[-92.898,16.584],[-92.774,16.527],[-92.759,16.422]]]},"properties":{"name":"Grijalva","featurecla":"River","scalerank":7}},
{"type":"Feature","geometry":{"type":"LineString","coordinates":[[-105.381,27.585],[-105.504,27.525],[-105.689,27.537]]},"properties":{"name":"Conchos","featurecla":"Lake Centerline","scalerank":7}},
{"type":"Feature","geometry":{"type":"MultiLineString","coordinates":[[[-107.133,27.914],[-107.102,27.671],[-106.796,27.547],[-106.558,27.55],[-106.293,27.406],[-106.213,27.447],[-106.032,27.352],[-105.889,27.375],[-105.781,27.541],[-105.689,27.537]],[[-105.381,27.585],[-105.174,27.733],[-105.194,27.925],[-105.305,28.143],[-105.304,28.286],[-105.415,28.36],[-105.488,28.805],[-105.351,28.876],[-105.275,29.017],[-105.163,29.058],[-104.891,29.429],[-104.795,29.507],[-104.445,29.589]]]},"properties":{"name":"Conchos","featurecla":"River","scalerank":7}},
{"type":"Feature","geometry":{"type":"MultiLineString","coordinates":[[[-69.117,56.668],[-69.227,56.505],[-69.114,56.269],[-68.794,56.058]],[[-69.919,54.42],[-69.854,54.558],[-69.912,54.735]],[[-69.903,54.404],[-69.828,54.313],[-69.873,54.159],[-69.552,54.049],[-69.254,54.05],[-69.25,54.049]]]},"properties":{"name":"Caniapiscau","featurecla":"Lake Centerline","scalerank":7}},
{"type":"Feature","geometry":{"type":"MultiLineString","coordinates":[[[-69.117,56.668],[-69.107,57.001],[-69.337,57.221],[-69.26,57.442],[-69.513,57.603],[-69.475,57.683]],[[-69.912,54.735],[-69.822,54.989],[-69.548,55.01],[-69.183,55.227],[-68.918,55.277],[-68.485,55.512],[-68.177,55.585],[-68.211,55.723],[-68.527,55.941],[-68.794,56.058]],[[-69.919,54.42],[-69.903,54.404]],[[-69.178,54.044],[-69.254,54.05]]]},"properties":{"name":"Caniapiscau","featurecla":"River","scalerank":7}},
{"type":"Feature","geometry":{"type":"MultiLineString","coordinates":[[[-71.29,50.79],[-71.282,50.72]],[[-71.275,50.287],[-71.262,49.918]],[[-72.055,48.767],[-72.065,48.617]]]},"properties":{"name":"Péribonka","featurecla":"Lake Centerline","scalerank":7}},
{"type":"Feature","geometry":{"type":"MultiLineString","coordinates":[[[-70.905,52.248],[-71.07,52.145],[-71.41,51.638],[-71.509,51.224],[-71.344,51.044],[-71.29,50.79]],[[-71.282,50.72],[-71.248,50.6],[-71.362,50.427],[-71.275,50.287]],[[-71.262,49.918],[-71.178,49.839],[-71.207,49.387],[-71.336,49],[-71.507,48.781],[-72.055,48.767]]]},"properties":{"name":"Péribonka","featurecla":"River","scalerank":7}},
{"type":"Feature","geometry":{"type":"LineString","coordinates":[[-4.77,39.249],[-4.975,39.39],[-5.181,39.159]]},"properties":{"name":"Guadiana","featurecla":"Lake Centerline","scalerank":7}},
{"type":"Feature","geometry":{"type":"MultiLineString","coordinates":[[[-3.165,39.317],[-3.671,39.185],[-4.036,39.037],[-4.122,38.906],[-4.489,39.029],[-4.77,39.249]],[[-5.181,39.159],[-5.343,39.056],[-5.559,39.014]],[[-5.557,39.015],[-5.789,39.035],[-6.024,38.947],[-6.174,38.954],[-6.303,38.86],[-6.424,38.955],[-6.643,38.873],[-6.806,38.933],[-6.99,38.888],[-7.271,38.738],[-7.345,38.459],[-7.446,38.247],[-7.668,38.09],[-7.634,37.802],[-7.654,37.624],[-7.477,37.494],[-7.414,37.193]]]},"properties":{"name":"Guadiana","featurecla":"River","scalerank":7}},
{"type":"Feature","geometry":{"type":"LineString","coordinates":[[-110.194,44.327],[-110.34,44.571],[-110.34,44.572]]},"properties":{"name":"Yellowstone","featurecla":"Lake Centerline","scalerank":7}},
{"type":"Feature","geometry":{"type":"MultiLineString","coordinates":[[[-110.34,44.571],[-110.468,44.722],[-110.342,44.802],[-110.364,44.916],[-110.517,45.017],[-110.709,45.05],[-110.89,45.225],[-110.61,45.468],[-110.495,45.705],[-110.28,45.72],[-109.94,45.863],[-109.703,45.756],[-109.45,45.724],[-109.112,45.611],[-108.84,45.623],[-108.479,45.747],[-108.221,45.977],[-107.98,46.005],[-107.425,46.181],[-107.236,46.318],[-106.765,46.279],[-106.513,46.307],[-106.217,46.285],[-105.959,46.352],[-105.479,46.671],[-105.363,46.813],[-104.956,46.882],[-104.757,46.979],[-104.601,47.245],[-104.319,47.408],[-104.182,47.609],[-103.942,47.84],[-103.947,47.998]],[[-109.993,44.055],[-110.192,44.326]]]},"properties":{"name":"Yellowstone","featurecla":"River","scalerank":7}},
{"type":"Feature","geometry":{"type":"MultiLineString","coordinates":[[[-89.483,45.886],[-89.484,45.886],[-89.548,45.848]],[[-89.944,43.855],[-90.005,44.101],[-89.913,44.245]]]},"properties":{"name":"Wisconsin","featurecla":"Lake Centerline","scalerank":7}},
{"type":"Feature","geometry":{"type":"MultiLineString","coordinates":[[[-89.235,45.944],[-89.484,45.886]],[[-89.548,45.848],[-89.427,45.655],[-89.506,45.56],[-89.742,45.488],[-89.808,45.229],[-89.667,45.169],[-89.638,44.902],[-89.736,44.771],[-89.617,44.46],[-89.794,44.439],[-89.913,44.245]],[[-89.944,43.855],[-89.725,43.579],[-89.472,43.542],[-89.741,43.278],[-90.073,43.166],[-90.562,43.215],[-91.097,43.006],[-91.154,43.004]]]},"properties":{"name":"Wisconsin","featurecla":"River","scalerank":7}},
{"type":"Feature","geometry":{"type":"MultiLineString","coordinates":[[[-104.933,42.483],[-104.933,42.485],[-105.004,42.6]],[[-106.882,42.257],[-106.855,42.476]],[[-106.888,42.18],[-106.888,42.179],[-106.837,41.977],[-106.921,41.935],[-106.923,41.934]],[[-101.639,41.236],[-102.005,41.3]]]},"properties":{"name":"North Platte","featurecla":"Lake Centerline","scalerank":7}},
{"type":"Feature","geometry":{"type":"MultiLineString","coordinates":[[[-106.854,42.476],[-106.63,42.606],[-106.603,42.695],[-106.296,42.872],[-106.035,42.885],[-105.426,42.854],[-105.345,42.677],[-105.004,42.6]],[[-106.888,42.179],[-106.882,42.256]],[[-102.009,41.297],[-103.061,41.684],[-103.46,41.789],[-103.81,41.948],[-104.845,42.34],[-104.933,42.485]],[[-101.639,41.236],[-101.307,41.188],[-101.101,41.22],[-100.786,41.208],[-100.31,41.006]],[[-106.43,40.427],[-106.372,40.608],[-106.427,40.672],[-106.327,40.906],[-106.395,41.117],[-106.943,41.62],[-106.921,41.935]]]},"properties":{"name":"North Platte","featurecla":"River","scalerank":7}},
{"type":"Feature","geometry":{"type":"MultiLineString","coordinates":[[[-98.102,18.939],[-98.28,18.98]],[[-101.897,18.262],[-101.884,18.523],[-101.761,18.603],[-101.635,18.602],[-101.499,18.485],[-101.297,18.539]]]},"properties":{"name":"Balsas","featurecla":"Lake Centerline","scalerank":7}},
{"type":"Feature","geometry":{"type":"MultiLineString","coordinates":[[[-98.109,19.405],[-98.294,19.292],[-98.231,19.169],[-98.28,18.98]],[[-98.102,18.939],[-97.91,18.792],[-98.195,18.617],[-98.274,18.446],[-98.4,18.354],[-98.588,18.139],[-98.749,18.147],[-99.05,17.916],[-99.435,17.979],[-99.544,17.948],[-99.777,18.02],[-100.049,17.999],[-100.332,18.189],[-100.505,18.185],[-100.693,18.416]],[[-100.693,18.416],[-100.818,18.498],[-101.297,18.539]],[[-100.693,18.416],[-100.692,18.425]],[[-100.692,18.412],[-100.693,18.416]],[[-101.901,18.263],[-102.131,18.184],[-102.181,17.923]]]},"properties":{"name":"Balsas","featurecla":"River","scalerank":7}},
{"type":"Feature","geometry":{"type":"LineString","coordinates":[[-111.411,59.005],[-111.37,59.313],[-111.467,59.444],[-111.409,59.61],[-111.637,59.937],[-111.898,60.04],[-112.177,60.053],[-112.293,60.218],[-112.494,60.334],[-112.453,60.519],[-112.828,60.615],[-112.866,60.729],[-113.248,60.835],[-113.103,61.043],[-113.144,61.177],[-113.399,61.273],[-113.704,61.246]]},"properties":{"name":"Slave","featurecla":"River","scalerank":2}},
{"type":"Feature","geometry":{"type":"MultiLineString","coordinates":[[[-90.132,38.819],[-90.197,38.638],[-90.382,38.3],[-90.346,38.207],[-90.111,38.017],[-90.005,37.962],[-89.923,37.953],[-89.55,37.698],[-89.451,37.44],[-89.523,37.268],[-89.327,37.014],[-89.124,36.98],[-89.141,36.734],[-89.253,36.569],[-89.427,36.493],[-89.695,36.247],[-89.674,36.102],[-89.76,35.909],[-89.722,35.833],[-89.938,35.736],[-89.928,35.535],[-90.103,35.385],[-90.085,35.189],[-90.272,34.923],[-90.464,34.828],[-90.594,34.642],[-90.594,34.425],[-90.761,34.352]],[[-90.761,34.352],[-90.764,34.362]],[[-90.761,34.352],[-90.864,34.206],[-90.909,34.035],[-91.085,33.997],[-91.036,33.93],[-91.046,33.814],[-91.058,33.793],[-91.107,33.786],[-91.192,33.708],[-91.216,33.534],[-91.127,33.478],[-91.182,33.32],[-91.108,33.268],[-91.161,33.119],[-91.133,32.858],[-91.161,32.625],[-91.093,32.451],[-90.917,32.34],[-91.069,32.085],[-91.404,31.738],[-91.436,31.573],[-91.529,31.501],[-91.541,31.282],[-91.633,31.278],[-91.579,31.056],[-91.662,30.997],[-91.546,30.915],[-91.546,30.743],[-91.369,30.752],[-91.193,30.488],[-91.213,30.312],[-90.913,30.119],[-90.825,30.012],[-90.483,30.055],[-90.328,29.948],[-89.937,29.927],[-90.024,29.786],[-89.956,29.656],[-89.79,29.579],[-89.603,29.408],[-89.386,29.333],[-89.272,29.202],[-89.281,29.1],[-89.414,28.935]],[[-89.27,29.202],[-89.188,29.319]],[[-89.257,29.155],[-89.031,29.196]]]},"properties":{"name":"Mississippi","featurecla":"River","scalerank":1}},
{"type":"Feature","geometry":{"type":"MultiLineString","coordinates":[[[-50.519,-22.942],[-50.765,-22.954],[-50.88,-22.822],[-51.111,-22.767],[-51.355,-22.65],[-51.464,-22.672]],[[-49.467,-23.138],[-49.704,-23.127],[-49.804,-23.08]],[[-48.654,-23.537],[-48.686,-23.329],[-48.82,-23.27],[-48.947,-23.297],[-49.229,-23.208]]]},"properties":{"name":"Paranapanema","featurecla":"Lake Centerline","scalerank":7}},
{"type":"Feature","geometry":{"type":"MultiLineString","coordinates":[[[-51.464,-22.672],[-51.547,-22.685],[-51.875,-22.61],[-52.067,-22.522],[-52.217,-22.644],[-52.615,-22.57],[-52.694,-22.604],[-52.947,-22.571],[-53.171,-22.704]],[[-49.802,-23.083],[-49.909,-23.036],[-49.97,-22.912],[-50.291,-22.953],[-50.519,-22.942],[-50.523,-22.938]],[[-49.23,-23.207],[-49.467,-23.138]],[[-48.209,-24.139],[-48.181,-23.976],[-48.243,-23.858],[-48.351,-23.841],[-48.481,-23.599],[-48.654,-23.537]]]},"properties":{"name":"Paranapanema","featurecla":"River","scalerank":7}},
{"type":"Feature","geometry":{"type":"MultiLineString","coordinates":[[[37.74,-0.787],[37.81,-0.799]],[[37.292,-0.791],[37.52,-0.889],[37.682,-0.778]]]},"properties":{"name":"Tana","featurecla":"Lake Centerline","scalerank":7}},
{"type":"Feature","geometry":{"type":"MultiLineString","coordinates":[[[36.704,-0.35],[36.929,-0.306],[37.242,-0.677],[37.292,-0.791]],[[37.811,-0.799],[37.909,-0.723],[37.902,-0.518],[38.013,-0.276],[38.163,-0.236],[38.314,-0.053],[38.466,-0.075],[38.546,-0.024],[38.934,-0.093],[39.057,-0.038],[39.143,-0.127],[39.43,-0.189],[39.594,-0.346],[39.633,-0.49],[39.811,-0.69],[39.887,-1.015],[40.005,-1.258],[40.033,-1.48],[40.113,-1.626],[40.108,-1.818],[40.168,-2.043],[40.127,-2.261],[40.197,-2.457],[40.315,-2.512],[40.513,-2.525]]]},"properties":{"name":"Tana","featurecla":"River","scalerank":7}},
{"type":"Feature","geometry":{"type":"LineString","coordinates":[[29.206,-3.334],[29.242,-3.689],[29.398,-4.335],[29.482,-5.186],[29.549,-5.448],[29.55,-5.448]]},"properties":{"name":"Rusizi","featurecla":"Lake Centerline","scalerank":7}},
{"type":"Feature","geometry":{"type":"LineString","coordinates":[[28.874,-2.477],[28.891,-2.653],[29,-2.704],[28.994,-2.813],[29.234,-3.046],[29.206,-3.334]]},"properties":{"name":"Rusizi","featurecla":"River","scalerank":7}},
{"type":"Feature","geometry":{"type":"MultiLineString","coordinates":[[[76.432,12.516],[76.572,12.427]],[[77.675,11.971],[77.826,11.911],[77.817,11.817]]]},"properties":{"name":"Cauvery","featurecla":"Lake Centerline","scalerank":7}},
{"type":"Feature","geometry":{"type":"MultiLineString","coordinates":[[[76.572,12.427],[76.779,12.4],[76.914,12.226],[77.12,12.201],[77.183,12.308],[77.425,12.293],[77.492,12.206],[77.735,12.164],[77.675,11.971]],[[75.66,12.338],[75.849,12.311],[76.055,12.619],[76.239,12.517],[76.432,12.516]],[[77.817,11.817],[77.717,11.378],[77.851,11.244],[77.888,11.098],[78.123,11.062],[78.202,10.951],[78.363,10.961],[78.678,10.869]],[[78.6,10.878],[78.886,10.82]],[[78.886,10.82],[79.263,10.934],[79.632,10.934],[79.841,10.905]],[[78.886,10.82],[79.333,10.803],[79.43,10.724],[79.5,10.543],[79.529,10.338]],[[78.882,10.817],[78.886,10.82]]]},"properties":{"name":"Cauvery","featurecla":"River","scalerank":7}},
{"type":"Feature","geometry":{"type":"MultiLineString","coordinates":[[[75.507,24.744],[75.572,24.919]],[[75.386,24.223],[75.446,24.367],[75.597,24.542],[75.581,24.648]]]},"properties":{"name":"Chambal","featurecla":"Lake Centerline","scalerank":7}},
{"type":"Feature","geometry":{"type":"MultiLineString","coordinates":[[[75.572,24.919],[75.554,24.947],[75.931,25.284],[76.128,25.39],[76.271,25.529],[76.285,25.692],[76.652,25.923],[76.727,25.916],[76.796,25.965],[76.815,26.019],[76.908,26.099],[77.21,26.242],[77.831,26.576],[77.894,26.66],[78.079,26.683],[78.101,26.795],[78.371,26.851],[78.563,26.759],[78.693,26.798],[78.941,26.67],[79.115,26.536],[79.245,26.502]],[[75.581,24.648],[75.507,24.744]],[[75.667,22.473],[75.51,22.603],[75.469,22.812],[75.523,23.09],[75.497,23.227],[75.393,23.39],[75.35,23.802],[75.517,24.059],[75.386,24.223]]]},"properties":{"name":"Chambal","featurecla":"River","scalerank":7}},
{"type":"Feature","geometry":{"type":"LineString","coordinates":[[127.323,53.754],[127.323,53.755],[127.492,53.968],[127.868,54.151],[127.755,54.442],[127.935,54.578],[128.467,54.582],[128.539,54.637],[129.015,54.69],[129.242,54.633]]},"properties":{"name":"Zeya","featurecla":"Lake Centerline","scalerank":7}},
{"type":"Feature","geometry":{"type":"MultiLineString","coordinates":[[[130.668,55.569],[130.592,55.425],[130.386,55.328],[130.544,55.138],[130.55,54.941],[130.696,54.886],[130.499,54.729],[130.304,54.68],[129.915,54.503],[129.242,54.633]],[[127.323,53.755],[127.092,53.648],[126.932,53.427],[127.071,53.262],[127.782,52.824],[127.823,52.637],[128.122,52.503],[128.145,52.289],[128.258,52.089],[128.529,51.909],[128.873,51.771],[128.771,51.599],[128.44,51.523],[128.173,51.374],[128.197,51.248],[128.034,51.105],[127.865,51.073],[127.863,50.945],[127.666,50.523],[127.725,50.331],[127.584,50.281],[127.596,50.225],[127.584,50.206]]]},"properties":{"name":"Zeya","featurecla":"River","scalerank":7}},
{"type":"Feature","geometry":{"type":"LineString","coordinates":[[37.342,-3.608],[37.45,-3.772]]},"properties":{"name":"Pangani","featurecla":"Lake Centerline","scalerank":7}},
{"type":"Feature","geometry":{"type":"MultiLineString","coordinates":[[[37.194,-3.44],[37.342,-3.608]],[[37.45,-3.772],[37.473,-3.979],[37.58,-4.272],[37.579,-4.459],[37.761,-4.587],[37.982,-4.588],[38.159,-4.757],[38.268,-4.911],[38.317,-5.066],[38.48,-5.137],[38.639,-5.267],[38.732,-5.401],[38.982,-5.422]]]},"properties":{"name":"Pangani","featurecla":"River","scalerank":7}},
{"type":"Feature","geometry":{"type":"MultiLineString","coordinates":[[[-77.107,48.835],[-77.032,48.724],[-77.134,48.493]],[[-76.088,48.576],[-76.188,48.568]],[[-75.688,48.479],[-75.634,48.513]],[[-75.763,48.438],[-75.799,48.576],[-75.958,48.611]]]},"properties":{"name":"Bell","featurecla":"Lake Centerline","scalerank":7}},
{"type":"Feature","geometry":{"type":"MultiLineString","coordinates":[[[-77.107,48.836],[-77.032,48.977],[-77.192,49.076],[-77.139,49.156],[-77.206,49.376],[-77.418,49.452],[-77.64,49.819]],[[-76.088,48.576],[-75.958,48.611]],[[-76.188,48.568],[-76.432,48.519],[-76.604,48.373],[-76.87,48.229],[-77.066,48.294],[-77.134,48.492]],[[-75.688,48.479],[-75.763,48.438]],[[-75.735,48.026],[-75.633,48.514]]]},"properties":{"name":"Bell","featurecla":"River","scalerank":7}},
{"type":"Feature","geometry":{"type":"MultiLineString","coordinates":[[[-78.539,51.035],[-78.83,51.165]],[[-77.64,49.822],[-77.479,49.888],[-77.446,50.254],[-77.654,50.328]]]},"properties":{"name":"Nottaway","featurecla":"Lake Centerline","scalerank":7}},
{"type":"Feature","geometry":{"type":"MultiLineString","coordinates":[[[-78.83,51.165],[-78.847,51.164]],[[-77.655,50.328],[-77.877,50.644],[-77.855,50.724],[-78.244,50.966],[-78.539,51.035]]]},"properties":{"name":"Nottaway","featurecla":"River","scalerank":7}},
{"type":"Feature","geometry":{"type":"LineString","coordinates":[[-96.786,50.391],[-96.743,50.661],[-96.598,50.979]]},"properties":{"name":"Red","featurecla":"Lake Centerline","scalerank":7}},
{"type":"Feature","geometry":{"type":"LineString","coordinates":[[-96.602,45.82],[-96.556,45.942],[-96.602,46.324],[-96.709,46.434],[-96.795,46.642],[-96.853,47.488],[-96.895,47.679],[-96.992,47.815],[-97.13,48.17],[-97.101,48.65],[-97.229,48.969],[-97.188,49.044],[-97.35,49.356],[-97.143,49.571],[-97.092,49.946],[-96.815,50.22],[-96.786,50.391]]},"properties":{"name":"Red","featurecla":"River","scalerank":7}},
{"type":"Feature","geometry":{"type":"LineString","coordinates":[[96.941,31.966],[97.093,31.601],[97.18,31.541],[97.219,31.34],[97.161,31.289],[97.215,31.048],[97.377,30.943],[97.379,30.732],[97.558,30.582],[97.629,30.452],[97.937,30.206],[98.144,29.812],[98.339,29.639],[98.361,29.514],[98.632,29.16],[98.583,29.024],[98.68,28.724],[98.851,28.401],[98.898,28.034],[99.019,27.884],[99.042,27.469],[99.172,27.133],[99.186,26.886],[99.104,26.547],[99.153,25.908],[99.358,25.57],[99.289,25.382],[99.489,25.139],[99.635,25.099],[99.766,24.884],[99.893,24.771],[100.077,24.733],[100.323,24.769],[100.417,24.719],[100.557,24.465],[100.517,24.42],[100.531,24.163],[100.382,24.063],[100.407,23.936],[100.179,23.631],[100.043,23.212],[100.248,23.008],[100.362,22.777],[100.365,22.672],[100.568,22.527],[100.564,22.425],[100.699,22.237],[100.719,22.117],[100.867,21.983],[100.918,21.861],[101.108,21.791],[101.174,21.612],[101.143,21.514],[100.792,21.298],[100.725,21.312],[100.637,21.07],[100.543,21.028],[100.515,20.887],[100.211,20.698],[100.097,20.283],[100.306,20.4],[100.461,20.191],[100.594,20.128],[100.593,19.819],[100.806,19.892],[101.258,19.821],[101.56,19.824],[101.708,19.931],[101.899,19.979],[101.992,20.06],[102.191,20.081],[102.247,19.988],[102.045,19.852],[101.824,19.65],[101.817,19.482],[101.906,19.403],[101.824,19.279],[101.803,18.886],[101.862,18.793],[101.743,18.502],[101.66,18.471],[101.421,18.215],[101.424,17.929],[101.564,17.821]]},"properties":{"name":"Lancang","featurecla":"River","scalerank":2}},
{"type":"Feature","geometry":{"type":"MultiLineString","coordinates":[[[-69.363,51.795],[-69.077,51.588],[-69.133,51.431],[-69.062,51.261],[-68.785,51.101],[-68.684,50.897],[-68.743,50.693]],[[-68.362,49.335],[-68.419,49.601],[-68.548,49.685]]]},"properties":{"name":"Manicouagan","featurecla":"Lake Centerline","scalerank":7}},
{"type":"Feature","geometry":{"type":"MultiLineString","coordinates":[[[-69.421,52.982],[-69.783,52.533],[-69.688,52.276],[-69.378,51.981],[-69.363,51.796]],[[-68.743,50.693],[-68.623,50.622],[-68.671,50.463],[-68.552,50.269],[-68.675,50.056],[-68.616,49.756],[-68.548,49.685]],[[-68.362,49.335],[-68.301,49.192]]]},"properties":{"name":"Manicouagan","featurecla":"River","scalerank":7}},
{"type":"Feature","geometry":{"type":"LineString","coordinates":[[37.539,59.189],[37.74,59.08],[38.042,58.918],[38.371,58.435],[38.408,58.288]]},"properties":{"name":"Suda","featurecla":"Lake Centerline","scalerank":7}},
{"type":"Feature","geometry":{"type":"LineString","coordinates":[[35.213,60.346],[35.365,60.288],[35.549,60.064],[35.919,59.993],[36.298,59.649],[36.46,59.618],[36.842,59.342],[37.181,59.224],[37.539,59.189]]},"properties":{"name":"Suda","featurecla":"River","scalerank":7}},
{"type":"Feature","geometry":{"type":"MultiLineString","coordinates":[[[-116.007,62.796],[-116.297,63.061]],[[-114.492,61.474],[-114.491,61.475],[-114.412,61.615],[-114.432,61.96],[-114.575,62.126],[-115.238,62.517],[-115.746,62.614],[-115.992,62.783]]]},"properties":{"name":null,"featurecla":"Lake Centerline","scalerank":7}},
{"type":"Feature","geometry":{"type":"MultiLineString","coordinates":[[[-117.256,63.143],[-116.865,63.117],[-116.692,63.248],[-116.297,63.061]],[[-116.007,62.796],[-115.992,62.783]]]},"properties":{"name":null,"featurecla":"River","scalerank":7}},
{"type":"Feature","geometry":{"type":"LineString","coordinates":[[-109.514,41.302],[-109.602,40.927]]},"properties":{"name":"Green","featurecla":"Lake Centerline","scalerank":7}},
{"type":"Feature","geometry":{"type":"MultiLineString","coordinates":[[[-109.908,43.369],[-110.13,42.939],[-109.955,42.885],[-109.926,42.616],[-110.045,42.538],[-110.169,42.293],[-110.166,42.188],[-110.033,42.003],[-109.827,41.927],[-109.708,41.753],[-109.369,41.476],[-109.513,41.304]],[[-109.602,40.927],[-109.184,40.921],[-108.862,40.762],[-108.986,40.544],[-109.133,40.542],[-109.429,40.323],[-109.654,40.081],[-109.799,39.988],[-110.028,39.56],[-109.994,39.438],[-110.084,39.185],[-110.132,38.859],[-109.966,38.544],[-109.99,38.38],[-109.945,38.358],[-109.876,38.23],[-109.87,38.186]]]},"properties":{"name":"Green","featurecla":"River","scalerank":7}},
{"type":"Feature","geometry":{"type":"LineString","coordinates":[[-96.541,33.828],[-96.601,33.905],[-96.692,33.855],[-96.856,33.875],[-96.915,33.956],[-96.987,33.903]]},"properties":{"name":"Red","featurecla":"Lake Centerline","scalerank":7}},
{"type":"Feature","geometry":{"type":"MultiLineString","coordinates":[[[-100.899,34.637],[-100.736,34.571],[-100.509,34.602],[-100.36,34.54],[-99.986,34.576]],[[-96.987,33.903],[-97.078,33.808],[-97.212,33.91],[-97.372,33.83],[-97.68,33.983],[-97.801,33.888],[-98.088,34.028],[-98.091,34.138],[-98.343,34.143],[-98.491,34.075],[-98.575,34.152],[-98.72,34.137],[-98.953,34.212],[-99.193,34.232],[-99.266,34.411],[-99.417,34.38],[-99.681,34.395],[-99.882,34.565],[-99.983,34.577]],[[-96.541,33.828],[-96.29,33.763],[-95.938,33.895],[-95.772,33.862],[-95.598,33.952],[-95.357,33.868],[-95.22,33.963],[-94.982,33.862],[-94.873,33.756],[-94.467,33.644],[-94.388,33.562],[-94.193,33.594],[-93.991,33.548],[-93.824,33.597],[-93.684,33.382],[-93.717,33.224],[-93.862,33.096],[-93.792,32.859],[-93.826,32.737],[-93.67,32.415],[-93.472,32.232],[-93.466,32.107],[-93.315,31.956],[-93.176,31.909],[-92.885,31.628],[-92.796,31.594],[-92.65,31.395],[-92.463,31.347],[-92.271,31.148],[-91.891,31.297],[-91.703,31.207],[-91.747,31.032],[-91.662,30.997]]]},"properties":{"name":"Red","featurecla":"River","scalerank":7}},
{"type":"Feature","geometry":{"type":"MultiLineString","coordinates":[[[-104.294,32.754],[-104.333,32.608]],[[-103.882,31.917],[-103.983,32.047]]]},"properties":{"name":"Pecos","featurecla":"Lake Centerline","scalerank":7}},
{"type":"Feature","geometry":{"type":"MultiLineString","coordinates":[[[-105.635,35.85],[-105.719,35.681],[-105.631,35.516],[-105.338,35.271],[-104.971,35.203],[-104.692,35.068],[-104.666,34.949],[-104.394,34.575],[-104.25,34.513],[-104.156,34.355],[-104.285,34.171],[-104.271,33.812],[-104.346,33.633],[-104.38,33.382],[-104.264,33.115],[-104.339,32.988],[-104.294,32.754]],[[-104.333,32.607],[-104.031,32.341],[-103.955,32.197],[-103.983,32.047]],[[-103.88,31.916],[-103.511,31.621],[-103.433,31.447],[-103.024,31.396],[-102.811,31.278],[-102.682,31.328],[-102.48,31.259],[-102.4,31.11],[-102.267,31.046],[-101.991,31.005],[-101.905,30.949],[-101.821,30.717],[-101.708,30.681],[-101.657,30.561],[-101.725,30.479],[-101.709,30.274],[-101.492,30.121],[-101.502,29.889],[-101.372,29.857],[-101.334,29.728],[-101.345,29.699],[-101.356,29.69],[-101.372,29.689]]]},"properties":{"name":"Pecos","featurecla":"River","scalerank":7}},
{"type":"Feature","geometry":{"type":"LineString","coordinates":[[-62.997,7.774],[-62.824,7.539],[-62.781,7.326],[-62.922,7.078],[-62.938,6.907],[-62.856,6.815]]},"properties":{"name":"Caroní","featurecla":"Lake Centerline","scalerank":7}},
{"type":"Feature","geometry":{"type":"MultiLineString","coordinates":[[[-62.997,7.774],[-63.013,7.982],[-62.651,8.307],[-62.696,8.376]],[[-60.811,5.084],[-60.887,4.765],[-61.047,4.727],[-61.234,4.927],[-61.342,4.972],[-61.544,4.708],[-61.737,4.845],[-61.943,4.784],[-62.034,4.677],[-62.349,4.711],[-62.52,4.992],[-62.462,5.19],[-62.558,5.307],[-62.842,5.386],[-62.92,5.59],[-62.92,5.813],[-62.856,5.978],[-62.873,6.12],[-62.983,6.349],[-62.822,6.643],[-62.856,6.814]]]},"properties":{"name":"Caroní","featurecla":"River","scalerank":7}},
{"type":"Feature","geometry":{"type":"MultiLineString","coordinates":[[[-5.486,7.013],[-5.497,7.14],[-5.66,7.205],[-5.742,7.495],[-5.669,7.577],[-5.655,7.817],[-5.565,8.018],[-5.475,8.096]],[[-5.08,6.214],[-5.215,6.369]]]},"properties":{"name":"Bandama","featurecla":"Lake Centerline","scalerank":7}},
{"type":"Feature","geometry":{"type":"MultiLineString","coordinates":[[[-5.486,7.013],[-5.529,6.878],[-5.437,6.767],[-5.325,6.461],[-5.215,6.369]],[[-5.08,6.214],[-5.024,6.213],[-4.902,5.998],[-4.795,5.657],[-4.883,5.607],[-4.842,5.403],[-4.967,5.256],[-4.969,5.142]]]},"properties":{"name":"Bandama","featurecla":"River","scalerank":7}},
{"type":"Feature","geometry":{"type":"MultiLineString","coordinates":[[[28.181,59.356],[27.895,59.255],[27.871,59.173]],[[27.734,58.994],[27.448,58.828],[27.419,58.736],[27.546,58.413],[27.495,58.222],[27.666,58.08],[27.899,58.053],[28.142,57.869]]]},"properties":{"name":"Narva","featurecla":"Lake Centerline","scalerank":7}},
{"type":"Feature","geometry":{"type":"MultiLineString","coordinates":[[[28.181,59.356],[28.02,59.48]],[[27.734,58.994],[27.871,59.173]]]},"properties":{"name":"Narva","featurecla":"River","scalerank":7}},
{"type":"Feature","geometry":{"type":"MultiLineString","coordinates":[[[118.742,33.095],[118.59,33.243],[118.499,33.074],[118.351,32.968],[118.248,33.013],[118.218,33.18],[117.898,33.147],[117.764,33.054],[117.763,33.053]],[[119.284,32.718],[119.326,32.87],[119.309,33.119],[119.038,33.037],[118.846,33.095]]]},"properties":{"name":"Hudi","featurecla":"Lake Centerline","scalerank":7}},
{"type":"Feature","geometry":{"type":"MultiLineString","coordinates":[[[118.744,33.095],[118.846,33.095]],[[116.521,32.501],[116.736,32.615],[117.078,32.699],[117.173,32.925],[117.508,32.972],[117.647,32.903],[117.764,33.054]],[[119.616,32.354],[119.534,32.348],[119.424,32.628],[119.284,32.718]]]},"properties":{"name":"Hudi","featurecla":"River","scalerank":7}},
{"type":"Feature","geometry":{"type":"LineString","coordinates":[[26.441,-8.272],[26.465,-8.261],[26.54,-8.275],[26.725,-8.207],[26.962,-7.836],[26.794,-7.679],[26.932,-7.458],[27.081,-7.079],[27.012,-6.836],[26.961,-6.774],[26.952,-6.727],[26.99,-6.473],[26.912,-6.25],[26.893,-5.864],[26.912,-5.801],[26.915,-5.658],[26.93,-5.61]]},"properties":{"name":"Congo","featurecla":"River","scalerank":2}},
{"type":"Feature","geometry":{"type":"LineString","coordinates":[[98.896,17.387],[98.959,17.238]]},"properties":{"name":"Ping","featurecla":"Lake Centerline","scalerank":7}},
{"type":"Feature","geometry":{"type":"MultiLineString","coordinates":[[[98.864,19.78],[98.988,19.466],[98.963,19.312],[99.004,19.13],[98.95,19.088],[99,18.787],[98.926,18.529],[98.716,18.431],[98.597,18.074],[98.741,17.711],[98.716,17.42],[98.896,17.387]],[[98.959,17.238],[99.053,17.09],[99.157,16.814],[99.286,16.695],[99.429,16.634],[99.591,16.371],[99.655,16.354],[99.88,16.042],[100.063,15.881],[100.09,15.768],[100.118,15.739],[100.159,15.716]]]},"properties":{"name":"Ping","featurecla":"River","scalerank":7}},
{"type":"Feature","geometry":{"type":"LineString","coordinates":[[77.134,43.908],[77.269,43.868],[77.944,43.819],[78.176,43.867]]},"properties":{"name":"Ile","featurecla":"Lake Centerline","scalerank":7}},
{"type":"Feature","geometry":{"type":"MultiLineString","coordinates":[[[77.134,43.908],[76.897,44.244],[76.744,44.273],[76.72,44.445],[76.593,44.618],[76.38,44.702],[76.257,44.811],[76.113,44.813],[75.697,45.009],[75.256,45.084],[75.15,45.166],[74.783,45.231],[74.503,45.421],[74.17,45.423],[74.075,45.345]],[[81.752,43.621],[81.453,43.841],[81.236,43.915],[80.842,43.942],[80.353,43.773],[80.212,43.762],[79.857,43.83],[79.724,43.929],[79.53,43.968],[79.046,43.826],[78.604,43.823],[78.176,43.867]]]},"properties":{"name":"Ile","featurecla":"River","scalerank":7}},
{"type":"Feature","geometry":{"type":"LineString","coordinates":[[115.574,40.297],[115.574,40.296],[115.589,40.24]]},"properties":{"name":"Sanggan","featurecla":"Lake Centerline","scalerank":7}},
{"type":"Feature","geometry":{"type":"MultiLineString","coordinates":[[[112.59,39.344],[113.023,39.558],[113.233,39.78],[113.668,39.98],[114.062,40.003],[114.575,40.213],[114.994,40.355],[115.516,40.357],[115.574,40.296]],[[112.337,39.166],[112.38,39.275],[112.59,39.338]]]},"properties":{"name":"Sanggan","featurecla":"River","scalerank":7}},
{"type":"Feature","geometry":{"type":"MultiLineString","coordinates":[[[-79.772,37.234],[-79.512,37.049],[-79.509,37.047]],[[-78.285,36.605],[-78.285,36.604],[-78.471,36.595],[-78.636,36.687],[-78.675,36.799],[-78.676,36.8]],[[-78.143,36.586],[-77.913,36.513],[-77.655,36.487]]]},"properties":{"name":"Roanoke","featurecla":"Lake Centerline","scalerank":7}},
{"type":"Feature","geometry":{"type":"MultiLineString","coordinates":[[[-80.204,37.086],[-80.231,37.232],[-80.011,37.292],[-79.772,37.234]],[[-79.512,37.049],[-79.342,37.142],[-79.175,37.07],[-78.733,37.003],[-78.675,36.799]],[[-78.285,36.604],[-78.144,36.587]],[[-77.655,36.487],[-77.236,36.11],[-77.166,35.946],[-77.038,35.938],[-76.847,35.836],[-76.696,35.945]]]},"properties":{"name":"Roanoke","featurecla":"River","scalerank":7}},
{"type":"Feature","geometry":{"type":"MultiLineString","coordinates":[[[15.439,64.967],[15.151,65.09]],[[16.769,64.48],[16.594,64.625],[15.987,64.845],[15.898,64.939]]]},"properties":{"name":"ngermanlven","featurecla":"Lake Centerline","scalerank":7}},
{"type":"Feature","geometry":{"type":"MultiLineString","coordinates":[[[15.439,64.967],[15.898,64.939]],[[16.769,64.48],[16.94,64.354],[17.252,64.293],[17.316,64.158],[17.257,63.956],[17.017,63.684],[16.773,63.69],[16.83,63.473],[17.206,63.293],[17.255,63.18],[17.571,63.194],[17.799,62.994]]]},"properties":{"name":"ngermanlven","featurecla":"River","scalerank":7}},
{"type":"Feature","geometry":{"type":"LineString","coordinates":[[30.541,68.7],[31.174,68.603],[31.759,68.624]]},"properties":{"name":"Lotta","featurecla":"Lake Centerline","scalerank":7}},
{"type":"Feature","geometry":{"type":"LineString","coordinates":[[27.563,68.378],[27.982,68.521],[28.305,68.469],[28.971,68.568],[29.079,68.537],[29.789,68.66],[30.541,68.7]]},"properties":{"name":"Lotta","featurecla":"River","scalerank":7}},
{"type":"Feature","geometry":{"type":"MultiLineString","coordinates":[[[108.863,40.914],[108.862,40.949]],[[108.845,40.903],[108.711,40.804]]]},"properties":{"name":"Wujia","featurecla":"Lake Centerline","scalerank":7}},
{"type":"Feature","geometry":{"type":"MultiLineString","coordinates":[[[108.192,41.204],[108.552,41.162],[108.784,41]],[[107.953,41.172],[108.192,41.204]],[[107.953,41.172],[107.953,41.171]],[[108.784,41],[108.862,40.949]],[[108.863,40.914],[108.845,40.903]],[[107.841,40.9],[108.071,40.934],[108.163,41.043],[108.192,41.204]],[[107.841,40.9],[107.972,40.875],[108.262,40.931],[108.384,41.063],[108.526,41.071],[108.784,41]],[[107.683,40.859],[107.75,41.118],[107.953,41.172]],[[108.711,40.804],[108.677,40.639]],[[107.302,40.682],[107.432,40.846],[107.547,41.217],[107.704,41.243],[107.77,41.201],[107.79,41.195],[107.808,41.193],[107.848,41.183],[107.872,41.181],[107.935,41.191],[107.953,41.172]],[[107.302,40.682],[107.758,40.893],[107.841,40.9]],[[107.3,40.68],[107.302,40.682]],[[107.119,40.522],[106.962,40.8],[106.951,41.013],[107.204,41.183],[107.666,41.271],[107.711,41.256],[107.75,41.231],[107.796,41.195]],[[107.119,40.522],[107.302,40.682]],[[107.142,40.454],[107.119,40.522]],[[107.032,40.31],[107.119,40.522]]]},"properties":{"name":"Wujia","featurecla":"River","scalerank":7}},
{"type":"Feature","geometry":{"type":"LineString","coordinates":[[-55.877,-1.779],[-56.015,-1.546],[-56.273,-1.539],[-56.469,-1.395],[-56.576,-1.402]]},"properties":{"name":"Trombetas","featurecla":"Lake Centerline","scalerank":7}},
{"type":"Feature","geometry":{"type":"MultiLineString","coordinates":[[[-58.409,1.436],[-58.05,1.458],[-57.937,1.544],[-57.679,1.524],[-57.569,1.454],[-57.421,1.501],[-57.152,1.243],[-57.234,1.106],[-56.968,0.836],[-56.836,0.568],[-56.908,0.285],[-56.898,0.144],[-56.944,-0.164],[-56.88,-0.229],[-56.895,-0.49],[-56.848,-0.64],[-56.999,-0.833],[-57.064,-1.013],[-56.98,-1.171],[-56.728,-1.383],[-56.576,-1.402]],[[-55.877,-1.779],[-55.636,-1.908]]]},"properties":{"name":"Trombetas","featurecla":"River","scalerank":7}},
{"type":"Feature","geometry":{"type":"LineString","coordinates":[[99.782,74.306],[100.144,74.371],[100.62,74.549],[100.357,74.87],[100.593,75.001],[100.196,75.169]]},"properties":{"name":"Nizhnyaya Taymyra","featurecla":"Lake Centerline","scalerank":7}},
{"type":"Feature","geometry":{"type":"LineString","coordinates":[[99.424,75.793],[99.153,75.565],[99.752,75.478],[99.786,75.371],[100.196,75.169]]},"properties":{"name":"Nizhnyaya Taymyra","featurecla":"River","scalerank":7}},
{"type":"Feature","geometry":{"type":"LineString","coordinates":[[30.515,51.138],[30.46,51.179]]},"properties":{"name":"Pripyat","featurecla":"Lake Centerline","scalerank":7}},
{"type":"Feature","geometry":{"type":"LineString","coordinates":[[25.547,52.029],[25.704,52.069],[26.979,52.161],[27.361,52.153],[27.873,52.059],[28.195,52.114],[28.356,52.069],[28.566,52.131],[29.122,52.115],[29.482,51.938],[29.523,51.789],[30.083,51.425],[30.23,51.275],[30.46,51.179]]},"properties":{"name":"Pripyat","featurecla":"River","scalerank":7}},
{"type":"Feature","geometry":{"type":"LineString","coordinates":[[87.66,29.152],[87.776,29.334],[87.985,29.399],[88.149,29.34],[88.496,29.364],[89.123,29.343],[89.661,29.371],[89.764,29.326],[90.014,29.368],[90.286,29.336],[90.427,29.253],[90.7,29.349],[91.322,29.285],[91.837,29.305],[92.011,29.262],[92.146,29.303],[92.345,29.237],[92.474,29.254],[92.53,29.157],[93.283,29.004],[93.475,29.186],[93.879,29.165],[94.016,29.224],[94.195,29.222],[94.356,29.31]]},"properties":{"name":"Yarlung","featurecla":"River","scalerank":2}},
{"type":"Feature","geometry":{"type":"LineString","coordinates":[[17.378,67.639],[17.611,67.649],[18.165,67.545],[18.478,67.413],[18.813,67.378],[19.317,67.154],[19.797,67.001]]},"properties":{"name":"Stora Lule lv","featurecla":"Lake Centerline","scalerank":7}},
{"type":"Feature","geometry":{"type":"MultiLineString","coordinates":[[[17.18,67.564],[17.378,67.639]],[[19.797,67.001],[19.862,66.827],[20.338,66.687],[20.914,66.241],[20.982,66.065]]]},"properties":{"name":"Stora Lule lv","featurecla":"River","scalerank":7}},
{"type":"Feature","geometry":{"type":"MultiLineString","coordinates":[[[-13.623,13.243],[-13.904,13.482],[-14.02,13.407],[-14.386,13.339],[-14.582,13.496],[-14.992,13.601],[-15.131,13.695],[-15.371,13.612],[-15.3,13.495]],[[-12.315,11.433],[-12.1,11.487],[-11.849,11.732],[-11.758,11.948],[-11.953,12.041],[-12.251,12.462],[-12.122,12.584],[-12.143,12.708],[-12.36,12.843],[-12.508,12.711],[-12.641,12.748],[-12.739,12.701],[-12.863,12.782],[-13.139,12.827],[-13.171,12.962],[-13.328,13.044],[-13.356,13.325],[-13.599,13.313],[-13.623,13.249]]]},"properties":{"name":"Gambia","featurecla":"River","scalerank":7}},
{"type":"Feature","geometry":{"type":"LineString","coordinates":[[-72.176,7.887],[-72.245,7.699],[-72.168,7.605],[-71.992,7.508],[-71.64,7.432],[-71.249,7.454],[-70.947,7.308],[-70.631,7.294],[-70.368,7.45],[-70.3,7.59],[-70.134,7.629],[-70.087,7.711],[-69.734,7.844],[-69.441,8.072],[-69.213,8.076],[-68.887,7.911],[-68.65,7.966],[-68.257,7.956],[-68.055,8.048],[-67.629,7.993]]},"properties":{"name":"Apure","featurecla":"River","scalerank":7}},
{"type":"Feature","geometry":{"type":"LineString","coordinates":[[-54.733,2.237],[-54.747,1.786],[-54.335,1.752],[-54.147,1.644],[-54.082,1.545],[-53.832,1.39],[-53.739,1.421],[-53.553,1.362],[-53.458,1.175],[-53.417,0.94],[-53.28,0.791],[-53.108,0.722],[-53.143,0.544],[-53.095,0.306],[-53.047,0.257],[-52.939,-0.153],[-52.81,-0.176],[-52.629,-0.391],[-52.639,-0.538],[-52.536,-0.63],[-52.518,-0.865],[-52.414,-0.855],[-52.364,-1.053],[-52.269,-1.132],[-51.908,-1.158]]},"properties":{"name":"Jari","featurecla":"River","scalerank":7}},
{"type":"Feature","geometry":{"type":"LineString","coordinates":[[-78.088,-0.745],[-78.041,-0.79],[-78.019,-1.02],[-77.924,-1.08],[-77.759,-1.017],[-77.558,-1.048],[-77.45,-0.922],[-77.247,-0.83],[-77.139,-0.707],[-77.109,-0.554],[-77.02,-0.48],[-76.576,-0.405],[-76.41,-0.51],[-76.275,-0.443],[-76.084,-0.495],[-75.716,-0.653],[-75.349,-0.975],[-75.153,-1.001],[-74.939,-1.243],[-74.655,-1.429],[-74.639,-1.643],[-74.678,-1.868],[-74.548,-2.03],[-74.312,-2.189],[-74.127,-2.244],[-74.004,-2.462],[-73.835,-2.435],[-73.639,-2.512],[-73.497,-2.734],[-73.527,-2.832],[-73.42,-2.958],[-73.262,-2.971],[-73.15,-3.044],[-73.226,-3.227],[-73.201,-3.334],[-73.036,-3.43],[-72.995,-3.286],[-72.882,-3.191],[-72.706,-3.337],[-72.672,-3.413],[-72.666,-3.449]]},"properties":{"name":"Napo","featurecla":"River","scalerank":7}},
{"type":"Feature","geometry":{"type":"LineString","coordinates":[[-72.402,-10.088],[-72.495,-10.078],[-72.55,-9.927],[-72.645,-9.903],[-72.798,-9.658],[-72.817,-9.55],[-72.67,-9.301],[-72.719,-9.197],[-72.684,-9.06],[-72.79,-8.947],[-72.859,-8.778],[-72.883,-8.505],[-72.755,-8.289],[-72.834,-8.139],[-72.762,-8.021],[-72.769,-7.857],[-72.666,-7.816],[-72.701,-7.648],[-72.497,-7.45],[-72.347,-7.234],[-72.124,-7.159],[-71.988,-7.185],[-71.851,-7.145],[-71.479,-6.956],[-71.384,-6.959],[-71.146,-6.848],[-71.069,-6.758],[-70.893,-6.769],[-70.781,-6.827],[-70.491,-6.763],[-70.374,-6.699],[-70.233,-6.747],[-69.936,-6.737],[-69.785,-6.548],[-69.352,-6.6],[-69.171,-6.584],[-69.048,-6.506],[-68.945,-6.544],[-68.779,-6.454],[-68.694,-6.486],[-68.461,-6.465],[-68.359,-6.504],[-68.176,-6.326],[-68.186,-6.237],[-68.018,-6.212],[-67.826,-5.971],[-67.848,-5.805],[-67.663,-5.482],[-67.267,-5.323],[-67.158,-5.073],[-66.973,-5.107],[-66.89,-5.06],[-66.82,-4.834],[-66.555,-4.45],[-66.6,-4.407],[-66.57,-4.185],[-66.279,-3.656],[-66.231,-3.412],[-65.985,-3.172],[-65.998,-3.027],[-65.784,-2.74],[-65.74,-2.61]]},"properties":{"name":"Juruá","featurecla":"River","scalerank":7}},
{"type":"Feature","geometry":{"type":"LineString","coordinates":[[-45.954,-10.18],[-45.86,-10.001],[-45.837,-9.534],[-45.797,-9.461],[-45.896,-9.328],[-45.906,-9.179],[-45.982,-8.93],[-45.928,-8.789],[-45.766,-8.606],[-45.735,-8.433],[-45.578,-8.152],[-45.551,-7.93],[-45.473,-7.674],[-45.299,-7.558],[-45.025,-7.493],[-44.817,-7.364],[-44.714,-7.398],[-44.451,-7.148],[-44.288,-7.087],[-44.162,-6.887],[-44.038,-6.768],[-43.675,-6.701],[-43.461,-6.842],[-43.199,-6.755],[-43.018,-6.767],[-42.879,-6.561],[-42.85,-6.254],[-43.076,-6.055],[-43.102,-5.623],[-42.832,-5.313],[-42.805,-5.161],[-42.853,-4.936],[-42.947,-4.794],[-42.863,-4.499],[-42.966,-4.373],[-42.991,-4.24],[-42.734,-3.923],[-42.675,-3.699],[-42.501,-3.451],[-42.217,-3.434],[-42.005,-3.233],[-41.843,-3.034],[-41.843,-2.765]]},"properties":{"name":"Parnaíba","featurecla":"River","scalerank":7}},
{"type":"Feature","geometry":{"type":"LineString","coordinates":[[-83,47.821],[-82.571,48.104],[-82.434,48.26],[-82.402,48.587],[-82.213,48.656]]},"properties":{"name":"Ivanhoe","featurecla":"River","scalerank":7}},
{"type":"Feature","geometry":{"type":"LineString","coordinates":[[-160.114,68.773],[-160.361,68.878],[-160.265,68.962],[-159.141,69.059],[-158.798,69.005],[-158.481,69.046],[-158.123,68.984],[-157.568,68.968],[-157.146,68.886],[-156.53,68.884],[-156.29,68.952],[-155.852,68.96],[-155.344,69.078],[-154.356,69.096],[-153.908,69.043],[-153.405,69.119],[-152.939,69.243],[-151.563,69.445],[-151.475,69.623],[-151.637,69.935],[-151.586,70.076],[-151.131,70.068],[-150.706,70.347],[-150.417,70.415]]},"properties":{"name":"Colville","featurecla":"River","scalerank":7}},
{"type":"Feature","geometry":{"type":"LineString","coordinates":[[-74.882,42.818],[-75.005,42.475],[-75.281,42.349],[-75.49,42.301],[-75.643,42.138],[-75.603,41.984],[-75.757,41.983],[-75.847,42.116],[-76.101,42.081],[-76.288,42.102],[-76.497,41.989],[-76.483,41.819],[-76.268,41.678],[-75.911,41.515],[-75.784,41.331],[-76.092,41.186],[-76.145,41.077],[-76.339,41.046],[-76.552,40.927],[-76.754,40.906],[-76.97,40.578],[-77.014,40.395],[-76.658,40.088],[-76.53,40.062],[-76.457,39.939],[-76.236,39.761],[-76.077,39.56]]},"properties":{"name":"Susquehanna","featurecla":"River","scalerank":7}},
{"type":"Feature","geometry":{"type":"MultiLineString","coordinates":[[[25.876,-2.752],[25.817,-2.65],[25.759,-2.358],[25.761,-2.053],[25.844,-1.779],[25.863,-1.378],[25.711,-1.135],[25.682,-1.012],[25.504,-0.783],[25.437,-0.62],[25.406,-0.406],[25.54,-0.237],[25.561,-0.073],[25.516,0.199],[25.455,0.3],[25.204,0.497],[24.743,0.59],[24.531,0.743],[24.292,0.782]],[[26.93,-5.61],[27.027,-5.301],[26.925,-4.924],[26.927,-4.802],[26.808,-4.65],[26.575,-4.527],[26.475,-4.419],[26.303,-4.349],[26.235,-4.249],[26.013,-4.068],[25.993,-4.006],[26.054,-3.715],[25.904,-3.492],[25.883,-3.321],[25.95,-3.107],[25.944,-2.824],[25.876,-2.745]]]},"properties":{"name":"Lualaba","featurecla":"River","scalerank":2}},
{"type":"Feature","geometry":{"type":"LineString","coordinates":[[-102.55,34.808],[-102.136,34.863],[-101.861,35.04],[-101.71,35.073],[-101.554,34.897],[-101.394,34.873],[-101.19,34.678],[-100.899,34.637]]},"properties":{"name":"Prairie Dog Town Fork Red","featurecla":"River","scalerank":7}},
{"type":"Feature","geometry":{"type":"LineString","coordinates":[[21.346,42.242],[21.366,42.382],[21.6,42.465],[21.82,42.485],[22.015,42.619],[22.125,42.846],[22.03,43.022],[21.792,43.312],[21.751,43.507],[21.42,43.659],[21.339,43.806],[21.374,43.95],[21.195,44.079],[21.11,44.371],[21.161,44.505],[21.037,44.722]]},"properties":{"name":"Morava","featurecla":"River","scalerank":7}},
{"type":"Feature","geometry":{"type":"LineString","coordinates":[[23.676,42.278],[23.874,42.314],[24.003,42.225],[24.231,42.225],[24.405,42.15],[25.115,42.181],[25.523,42.065],[25.89,42.017],[26.273,41.715],[26.595,41.613],[26.636,41.379],[26.331,41.254],[26.358,40.965],[26.044,40.738]]},"properties":{"name":"Evros","featurecla":"River","scalerank":7}},
{"type":"Feature","geometry":{"type":"LineString","coordinates":[[12.052,43.765],[12.066,43.614],[12.211,43.49],[12.253,43.367],[12.438,43.174],[12.369,42.832],[12.21,42.666],[12.28,42.51],[12.602,42.278],[12.629,42.121],[12.515,42.039],[12.459,41.836],[12.232,41.742]]},"properties":{"name":"Tevere","featurecla":"River","scalerank":7}},
{"type":"Feature","geometry":{"type":"LineString","coordinates":[[-6.105,9.436],[-6.013,9.627],[-5.919,9.64],[-5.742,9.782],[-5.459,9.713],[-5.299,9.578],[-5.338,9.385],[-5.441,9.199],[-5.447,8.829],[-5.583,8.528],[-5.547,8.384],[-5.407,8.323],[-5.348,8.211],[-5.475,8.096]]},"properties":{"name":"Bandama Blanc","featurecla":"River","scalerank":7}},
{"type":"Feature","geometry":{"type":"LineString","coordinates":[[22.422,4.135],[22.492,4.174],[22.689,4.492],[22.786,4.725],[22.898,4.824],[23.017,4.751],[23.168,4.738],[23.388,4.587],[23.566,4.725],[23.816,4.821],[23.948,4.818],[24.162,4.908],[24.459,5.108],[24.61,5.017],[24.664,4.925],[24.789,4.92],[24.958,4.992],[25.307,5.032],[25.363,5.311],[25.581,5.375],[25.732,5.259],[26.026,5.19],[26.129,5.259],[26.462,5.06],[26.76,5.088],[26.866,5.038],[26.961,5.151],[27.116,5.201],[27.361,5.096]]},"properties":{"name":"Bomu","featurecla":"River","scalerank":7}},
{"type":"Feature","geometry":{"type":"LineString","coordinates":[[11.985,7.102],[11.986,6.884],[12.026,6.647],[12.145,6.541],[12.006,6.277],[11.788,6.193],[11.616,6.07],[11.275,5.981],[11.31,5.804],[11.211,5.684],[11.198,5.43],[11.077,5.302],[11.136,5.064],[11.108,4.916],[11.191,4.824],[11.378,4.748],[11.407,4.631],[11.28,4.402]]},"properties":{"name":"Mbam","featurecla":"River","scalerank":7}},
{"type":"Feature","geometry":{"type":"LineString","coordinates":[[12.534,2.045],[12.506,2.23],[12.574,2.278],[13.083,2.25],[13.242,2.272],[13.298,2.216],[13.281,2.045],[13.206,1.994],[13.129,1.593],[13.239,1.428],[13.233,1.309],[13.129,1.178]]},"properties":{"name":"Aïna","featurecla":"River","scalerank":7}},
{"type":"Feature","geometry":{"type":"MultiLineString","coordinates":[[[17.442,-13.205],[17.458,-13.098],[17.666,-12.778],[17.642,-12.456],[17.696,-12.291],[17.61,-12.158],[17.678,-11.934],[17.659,-11.819],[17.505,-11.687],[17.515,-11.379],[17.454,-11.122],[17.377,-10.944],[17.281,-10.858],[17.092,-10.833],[16.888,-10.75],[16.786,-10.769],[16.611,-10.619],[16.446,-10.345],[16.336,-10.249],[16.378,-10.139],[16.308,-9.899],[16.163,-9.743],[15.809,-9.716],[15.758,-9.783],[15.364,-9.817],[15.203,-9.796],[14.948,-9.674],[14.74,-9.759],[14.538,-9.782],[14.411,-9.688],[14.161,-9.628],[14.092,-9.523],[13.929,-9.475],[13.799,-9.302],[13.579,-9.186],[13.305,-9.162],[13.143,-9.33]],[[17.351,-13.538],[17.425,-13.468],[17.442,-13.205]]]},"properties":{"name":"Cuanza","featurecla":"River","scalerank":7}},
{"type":"Feature","geometry":{"type":"MultiLineString","coordinates":[[[19.205,-13.044],[19.354,-13.098],[19.469,-13.225],[19.536,-13.394],[19.522,-13.581],[19.668,-13.902],[19.729,-14.203],[19.93,-14.414],[20.082,-14.488],[20.195,-14.751],[20.394,-14.991]],[[20.4,-14.991],[20.683,-14.96],[20.928,-15.005],[21.264,-15.361],[21.377,-15.423],[21.622,-15.845],[21.709,-15.854],[21.854,-16.083],[22.045,-16.252],[22.079,-16.458],[22.151,-16.598],[22.333,-16.674],[22.522,-16.914],[22.71,-17.055],[22.755,-17.155],[22.998,-17.294],[23.073,-17.405],[23.382,-17.601],[23.292,-17.999],[23.359,-18.119],[23.501,-18.237],[23.592,-18.478]]]},"properties":{"name":"Cuando","featurecla":"River","scalerank":7}},
{"type":"Feature","geometry":{"type":"MultiLineString","coordinates":[[[68.861,61.124],[69.017,61.003],[69.474,60.941],[69.691,60.682],[69.845,60.336],[69.694,60.155],[69.913,60.039],[69.717,59.738],[69.587,59.757],[69.086,59.502],[68.794,59.261],[68.892,59.019],[68.614,58.789],[68.622,58.525],[68.343,58.466],[68.222,58.166]],[[73.722,54.694],[73.521,54.825],[73.303,54.852],[73.36,54.995],[73.187,55.023],[73.195,55.207],[73.016,55.311],[73.457,55.499],[73.554,55.583],[73.932,55.711],[74.367,55.744],[74.617,55.931],[74.776,56.11],[74.666,56.217],[74.787,56.315],[74.677,56.435],[74.603,56.749],[74.41,56.974],[74.105,57.031],[74.143,57.131],[73.821,57.163],[73.686,57.266],[73.422,57.287],[72.909,57.473],[72.543,57.501],[72.381,57.57],[71.811,57.581],[71.364,57.73],[71.192,57.693],[70.592,57.81],[70.093,58.005],[69.658,57.965],[69.408,58.034],[69.024,57.983],[68.792,58.002],[68.503,58.148],[68.226,58.168]],[[73.722,54.694],[73.728,54.694]],[[74.994,53.986],[74.935,54.085],[74.682,54.257],[74.573,54.401],[74.257,54.551],[74.03,54.578],[73.722,54.694]]]},"properties":{"name":"Irtysh","featurecla":"River","scalerank":2}},
{"type":"Feature","geometry":{"type":"LineString","coordinates":[[26.431,-24.982],[26.458,-24.845],[26.404,-24.633],[26.506,-24.489],[26.713,-24.316],[26.849,-24.248],[26.962,-23.737]]},"properties":{"name":"Marico","featurecla":"River","scalerank":7}},
{"type":"Feature","geometry":{"type":"LineString","coordinates":[[36.018,-10.444],[36.192,-10.07],[36.23,-9.846],[36.44,-9.634],[36.452,-9.551],[36.798,-9.425],[37.028,-9.22],[37.272,-9.09]]},"properties":{"name":"Luwegu","featurecla":"River","scalerank":7}},
{"type":"Feature","geometry":{"type":"LineString","coordinates":[[35.853,6.739],[35.648,6.623],[35.539,6.756],[35.4,6.713],[35.278,6.52],[35.075,6.467],[34.774,6.616],[34.635,6.73],[34.524,6.753],[34.503,6.89],[34.297,6.969],[34.195,7.129],[34.031,7.255],[34.006,7.41],[33.715,7.657],[33.462,7.75],[33.359,7.719],[33.242,7.781],[33.051,7.801],[32.989,7.917]]},"properties":{"name":"Akobo","featurecla":"River","scalerank":7}},
{"type":"Feature","geometry":{"type":"LineString","coordinates":[[80.923,30.552],[81.099,30.464],[81.198,30.224],[81.441,30.175],[81.541,30.071],[81.746,30.037],[81.86,29.927],[81.986,29.704],[81.787,29.62],[81.708,29.468],[81.724,29.281],[81.41,29.024],[81.426,28.904],[81.208,28.908],[81.278,28.658],[81.198,28.339],[81.099,28.339],[81.164,28.02],[81.239,27.948],[81.314,27.644],[81.307,27.539],[81.455,27.283],[81.449,27.142],[81.787,26.897],[81.986,26.794],[82.094,26.853],[82.419,26.648],[82.814,26.578],[83.077,26.4],[83.323,26.352],[83.429,26.271],[83.775,26.249],[83.915,26.122],[84.15,26.066],[84.261,25.931],[84.374,25.94],[84.713,25.742]]},"properties":{"name":"Ghäghara","featurecla":"River","scalerank":7}},
{"type":"Feature","geometry":{"type":"LineString","coordinates":[[96.903,25.632],[96.908,25.832],[97.017,26.012],[97.062,26.177],[96.804,26.379],[96.568,26.42],[96.487,26.51],[96.251,26.588],[96.231,26.42],[96.13,26.28],[95.891,26.087],[95.719,26.031],[95.516,25.785],[95.362,25.385],[95.2,25.254],[95.077,25.22],[94.876,24.878],[94.846,24.759],[94.738,24.727],[94.691,24.553],[94.823,24.325],[94.612,24.129],[94.593,23.913],[94.444,23.747],[94.421,23.527],[94.321,23.391],[94.307,23.212],[94.528,22.888],[94.655,22.908],[94.78,22.679],[94.819,22.47],[94.976,22.397],[95.135,22.073],[95.147,21.84],[95.243,21.712],[95.273,21.445]]},"properties":{"name":"Chindwin","featurecla":"River","scalerank":7}},
{"type":"Feature","geometry":{"type":"LineString","coordinates":[[108.066,11.885],[107.984,12.067],[108.129,12.201],[107.979,12.307],[107.93,12.41],[107.916,12.732],[107.793,12.902],[107.553,12.978],[107.423,13.075],[107.377,13.237]]},"properties":{"name":"Krong","featurecla":"River","scalerank":7}},
{"type":"Feature","geometry":{"type":"MultiLineString","coordinates":[[[106.731,27.318],[106.918,27.274],[107.018,27.359],[107.238,27.252],[107.426,27.403],[107.667,27.383],[107.888,27.637],[108.139,27.794],[108.247,27.953],[108.191,28.079],[108.211,28.236],[108.331,28.407],[108.458,28.503],[108.485,28.64],[108.367,28.777],[108.291,29.137],[108.198,29.209],[108.108,29.387],[107.952,29.385],[107.824,29.316],[107.516,29.442],[107.402,29.73]],[[106.731,27.318],[106.724,27.318]],[[104.592,26.808],[104.757,26.699],[105,26.646],[105.185,26.664],[105.34,26.553],[105.472,26.341],[105.754,26.386],[106.076,26.481],[106.171,26.69],[106.145,26.854],[106.271,26.869],[106.44,27.012],[106.405,27.141],[106.731,27.318]]]},"properties":{"name":"Wu","featurecla":"River","scalerank":7}},
{"type":"Feature","geometry":{"type":"LineString","coordinates":[[110.617,25.488],[110.679,25.628],[110.893,25.844],[111.034,25.899],[111.161,26.021],[111.274,26.303],[111.522,26.302],[111.698,26.572],[111.867,26.588],[111.952,26.465],[112.303,26.564],[112.62,26.614],[112.677,26.751],[112.616,26.923],[112.728,27.083],[112.808,27.102],[112.932,27.324],[112.914,27.423],[113.138,27.517],[113.103,27.637],[113.131,27.841],[112.884,27.849],[112.988,27.965],[112.932,28.045],[112.937,28.307],[112.766,28.508],[112.874,28.777],[112.896,28.972],[112.994,29.147]]},"properties":{"name":"Xiang","featurecla":"River","scalerank":7}},
{"type":"Feature","geometry":{"type":"MultiLineString","coordinates":[[[113.72,32.416],[113.856,32.403],[114.004,32.242],[114.13,32.45],[114.365,32.286],[114.717,32.32],[114.931,32.271],[115.289,32.351],[115.426,32.434],[115.564,32.41]],[[115.564,32.402],[115.694,32.492],[115.989,32.611],[116.151,32.439],[116.289,32.519],[116.441,32.436],[116.481,32.445],[116.505,32.475],[116.521,32.501]]]},"properties":{"name":"Huai","featurecla":"River","scalerank":7}},
{"type":"Feature","geometry":{"type":"LineString","coordinates":[[111.028,49.796],[111.17,49.931],[111.146,50.113],[111.213,50.299],[111.312,50.317],[111.488,50.503],[111.26,50.676],[111.302,50.813],[111.554,50.848],[111.799,50.987],[112.124,51.076],[112.42,51.252],[112.535,51.396],[112.769,51.472],[112.94,51.588],[113.218,51.944],[113.508,52.019],[113.746,51.836],[114.128,51.608],[114.575,51.639],[114.797,51.753],[115.046,51.746],[115.375,51.792],[115.829,51.722]]},"properties":{"name":"Ingoda","featurecla":"River","scalerank":7}},
{"type":"Feature","geometry":{"type":"LineString","coordinates":[[24.292,0.782],[24.203,0.924],[23.91,1.075],[23.785,1.083],[23.592,1.18],[23.545,1.239],[23.512,1.3],[23.438,1.391],[23.184,1.643],[23.051,1.841],[22.942,1.908],[22.715,1.959],[22.515,2.146],[22.093,2.187],[21.597,2.148],[21.344,2.091],[21.207,2.006],[20.907,2.017],[20.155,1.961],[19.918,1.893],[19.695,1.789],[19.341,1.67],[19.123,1.563],[18.778,1.291],[18.468,1.005],[18.349,0.769],[18.257,0.216],[18.199,0.1],[18.144,-0.102],[18.07,-0.209],[17.664,-0.613],[17.411,-0.918],[17.297,-1.021],[17.028,-1.094],[16.839,-1.262],[16.522,-1.862],[16.231,-2.129],[16.176,-2.287],[16.225,-2.635],[16.177,-2.882],[16.193,-3.238],[16.227,-3.29],[15.882,-3.945],[15.566,-4.038],[15.458,-4.214],[15.203,-4.339],[15.097,-4.5],[14.93,-4.647],[14.831,-4.815],[14.634,-4.903],[14.519,-4.841],[14.372,-4.908],[14.146,-4.938],[13.98,-5.065],[13.976,-5.168],[13.825,-5.315],[13.623,-5.28],[13.534,-5.346],[13.617,-5.515],[13.488,-5.783],[13.342,-5.89],[13.184,-5.856]]},"properties":{"name":"Congo","featurecla":"River","scalerank":2}},
{"type":"Feature","geometry":{"type":"MultiLineString","coordinates":[[[120.654,60.407],[121.032,60.341],[121.211,60.192],[121.138,60.079]],[[117.39,53.886],[117.726,53.926],[118.113,54.256],[118.63,54.358],[118.809,54.359],[119.052,54.492],[119.228,54.675],[119.29,54.842],[119.633,55.003],[119.915,55.277],[120.179,55.427],[120.499,55.387],[120.832,55.597],[121.203,55.695],[121.529,55.701],[121.607,55.83],[121.512,55.939],[121.635,56.224],[121.486,56.571],[121.274,56.694],[120.942,57.17],[121.303,57.354],[121.484,57.283],[121.572,57.512],[121.743,57.761],[121.67,58.093],[121.568,58.311],[121.636,58.459],[121.463,58.736],[121.81,59.05],[121.739,59.218],[121.543,59.34],[121.129,59.22],[121.04,59.281],[121.44,59.564],[121.49,59.772],[121.327,59.854],[121.135,60.074]]]},"properties":{"name":"Olëkma","featurecla":"River","scalerank":7}},
{"type":"Feature","geometry":{"type":"LineString","coordinates":[[84.96,43.367],[84.721,43.242],[84.361,43.257],[84.028,43.321],[83.748,43.448],[83.16,43.537],[82.832,43.521],[82.417,43.614],[82.201,43.596],[81.987,43.657],[81.752,43.621]]},"properties":{"name":"Künes","featurecla":"River","scalerank":7}},
{"type":"Feature","geometry":{"type":"LineString","coordinates":[[133.429,64.37],[133.367,64.525],[132.908,64.974],[132.978,65.229],[132.751,65.419],[132.668,65.755],[132.728,65.981],[133.011,66.225],[132.822,66.687],[132.228,66.899],[132.354,67.003],[132.969,67.011],[132.771,67.145],[133.265,67.454],[133.249,67.529],[134.143,67.604],[134.545,67.671],[134.736,67.912],[134.658,68.112],[134.838,68.378],[134.581,68.674],[134.499,68.742],[134.478,68.755],[134.456,68.763],[134.41,68.773]]},"properties":{"name":"Sartang","featurecla":"River","scalerank":7}},
{"type":"Feature","geometry":{"type":"MultiLineString","coordinates":[[[36.95,50.98],[36.732,50.805],[36.6,50.576],[36.847,50.288],[36.812,50.041],[36.967,49.894],[36.582,49.789],[36.333,49.604],[36.383,49.553],[36.812,49.409],[36.956,49.304],[36.935,49.171],[37.402,49.116],[37.608,48.965],[37.923,48.89],[38.21,48.924],[38.344,48.999],[38.642,48.767],[38.971,48.746],[39.109,48.65],[39.324,48.767],[39.527,48.607],[39.809,48.584],[39.924,48.376]],[[39.924,48.369],[40.198,48.355],[40.736,48.155],[40.997,47.928],[41.04,47.773],[40.925,47.588]]]},"properties":{"name":"Donets","featurecla":"River","scalerank":7}},
{"type":"Feature","geometry":{"type":"MultiLineString","coordinates":[[[37.072,54.536],[37.315,54.868],[37.744,54.818],[38.187,54.873],[38.608,54.845],[38.869,55.069],[39.225,54.992],[39.35,54.861],[39.55,54.895],[39.76,54.813],[39.771,54.634],[40.115,54.502]],[[40.115,54.509],[40.26,54.377],[40.854,54.407],[41.034,54.497],[41.006,54.782],[41.165,54.968],[41.594,54.786],[41.863,54.742],[41.772,54.866],[41.75,55.143],[41.933,55.33],[42.117,55.422],[42.056,55.613],[42.494,55.907],[42.755,55.972],[43.056,55.987],[43.189,56.186],[43.516,56.241],[43.775,56.201],[43.979,56.337]],[[36.248,52.392],[36.075,52.414],[35.923,52.549],[35.857,52.803],[36.052,52.94],[36.079,53.05],[36.297,53.144],[36.388,53.434],[36.189,53.591],[36.189,54.002],[36.304,54.207],[36.177,54.242],[36.093,54.427],[36.135,54.516],[36.6,54.422],[36.86,54.427],[37.073,54.537]]]},"properties":{"name":"Oka","featurecla":"River","scalerank":7}},
{"type":"Feature","geometry":{"type":"MultiLineString","coordinates":[[[33.941,54.372],[34.106,54.338],[34.156,54.196],[34.336,54.158],[34.404,54.04],[34.406,53.726],[34.537,53.598],[34.331,53.31],[34.375,53.239],[34.137,53.125],[33.979,52.87],[34.007,52.65],[33.484,52.444],[33.414,52.364]],[[33.421,52.364],[33.262,52.035],[33.062,51.793],[33.133,51.665],[31.916,51.35],[31.549,51.522],[31.361,51.502],[30.855,51.054],[30.879,50.963],[30.694,50.782],[30.706,50.61],[30.582,50.584],[30.565,50.438]]]},"properties":{"name":"Desna","featurecla":"River","scalerank":7}},
{"type":"Feature","geometry":{"type":"LineString","coordinates":[[157.626,62.731],[157.809,62.746],[158.064,62.902],[158.181,63.076],[158.1,63.206],[158.565,63.382],[159.134,63.472],[159.325,63.599],[160.225,63.919],[160.625,63.845],[160.998,64.126],[161.041,64.393],[161.216,64.618],[161.115,64.757],[160.2,65.358],[160.164,65.458],[159.373,65.665],[158.928,65.741],[158.94,65.907],[159.208,66.166],[159.181,66.284],[159.409,66.416],[159.379,66.525],[159.515,66.639],[159.553,66.83],[159.425,66.916],[159.363,67.169],[159.056,67.31],[158.784,67.339],[158.681,67.447],[158.798,67.756],[158.63,67.82],[158.47,68.103],[158.668,68.372],[158.681,68.729]]},"properties":{"name":"Omolon","featurecla":"River","scalerank":7}},
{"type":"Feature","geometry":{"type":"LineString","coordinates":[[85.755,28.552],[85.789,28.687],[86.122,28.675],[86.213,28.791],[86.399,28.777],[86.427,28.67],[86.58,28.627],[87.008,28.593],[87.118,28.62],[87.365,28.585],[87.605,28.441],[87.38,28.272],[87.331,28.184],[87.386,28.013],[87.331,27.599],[87.14,27.456],[87.269,27.143],[87.197,27.082],[87.154,26.837],[87.004,26.723],[86.926,26.497],[86.637,26.318],[86.418,25.99],[86.467,25.721],[86.66,25.626],[86.783,25.482],[87.023,25.432],[87.332,25.456],[87.516,25.411],[87.758,25.244]]},"properties":{"name":"Sapt","featurecla":"River","scalerank":7}},
{"type":"Feature","geometry":{"type":"LineString","coordinates":[[50.792,64.357],[50.444,64.119],[49.93,64.348],[49.707,64.351],[49.359,64.144],[49.185,63.904],[49.428,63.637],[49.442,63.431],[48.712,63.455],[48.627,63.733],[48.505,63.826],[48.609,64.101],[48.839,64.123],[48.76,64.455],[48.414,64.548],[48.043,64.584],[47.565,64.832],[47.116,64.933],[46.668,64.892],[46.048,65.008],[45.643,64.942],[45.621,65.123],[45.297,65.24],[44.998,65.45],[44.303,65.691],[44.18,65.864]]},"properties":{"name":"Mezen","featurecla":"River","scalerank":7}},
{"type":"Feature","geometry":{"type":"LineString","coordinates":[[44.371,53.077],[44.604,52.974],[44.282,52.645],[43.815,52.551],[43.679,52.42],[43.405,52.399],[43.281,52.008],[43.4,51.805],[43.194,51.698],[43.226,51.59],[42.929,51.535],[42.593,51.582],[42.624,51.433],[42.494,51.309],[42.228,51.233],[42.053,51.33],[41.747,51.275],[41.646,51.052],[41.913,50.941],[41.848,50.68],[41.932,50.548],[41.909,50.406],[42.069,50.212],[42.25,50.189],[42.439,50.055],[42.308,49.874],[42.421,49.699],[42.29,49.644],[42.315,49.596]]},"properties":{"name":"Khopr","featurecla":"River","scalerank":7}},
{"type":"Feature","geometry":{"type":"MultiLineString","coordinates":[[[103.09,18.137],[103.138,18.167],[103.185,18.258],[103.273,18.276],[103.24,18.336],[103.261,18.4],[103.386,18.442],[103.832,18.321],[104,18.319],[104.111,18.115],[104.481,17.641],[104.702,17.528],[104.816,17.373],[104.81,17.172],[104.745,17.025],[104.778,16.716],[104.754,16.529],[105.026,16.258],[105.079,16.106],[105.405,16.019],[105.372,15.882],[105.448,15.765],[105.613,15.722],[105.65,15.635],[105.588,15.424],[105.614,15.329],[105.767,15.133]],[[101.564,17.821],[101.729,17.912],[101.79,18.074],[101.904,18.037],[102.078,18.214],[102.153,18.21],[102.306,18.052],[102.567,17.971],[102.595,17.85],[102.722,17.882],[102.938,18.009],[103.038,17.991],[103.073,18.036],[103.064,18.094],[103.092,18.141]],[[105.782,15.121],[105.903,14.981],[105.934,14.778],[105.851,14.478],[105.88,14.322],[105.816,14.112],[106.001,13.886],[106.037,13.686],[105.908,13.424],[106.047,13.144],[105.975,12.88],[106.037,12.301],[105.809,12.255],[105.604,12.3],[105.431,11.915],[105.184,11.94],[104.984,11.83],[104.952,11.595]],[[104.95,11.593],[104.951,11.59]],[[104.951,11.591],[104.951,11.59]],[[104.951,11.59],[105.25,11.409],[105.289,11.261],[105.194,10.994],[105.216,10.845],[105.324,10.793],[105.378,10.612],[105.566,10.456],[105.8,10.32],[106.119,10.238]],[[104.951,11.59],[104.963,11.471],[105.058,11.299],[105.086,10.814],[105.267,10.564],[105.439,10.415],[105.664,10.148],[105.838,10.005]]]},"properties":{"name":"Mekong","featurecla":"River","scalerank":2}},
{"type":"Feature","geometry":{"type":"LineString","coordinates":[[27.884,54.68],[26.746,54.414],[26.404,54.524],[26.411,54.66],[26.134,54.838],[25.914,54.787],[25.636,54.907],[25.204,54.66],[24.906,54.79],[24.773,54.914],[24.334,55.099],[23.837,54.908]]},"properties":{"name":"Neris","featurecla":"River","scalerank":7}},
{"type":"Feature","geometry":{"type":"LineString","coordinates":[[29.638,56.62],[29.33,56.448],[28.829,56.435],[28.614,56.606],[28.767,56.867],[28.842,57.103],[28.485,57.199],[28.454,57.352],[28.168,57.39],[28.178,57.668],[28.33,57.824],[28.142,57.869]]},"properties":{"name":"Velikaya","featurecla":"River","scalerank":7}},
{"type":"Feature","geometry":{"type":"LineString","coordinates":[[-131.681,64.47],[-131.285,64.664],[-131.433,64.808],[-131.426,64.966],[-131.274,65.13],[-131.247,65.347],[-131.077,65.569],[-131.196,65.722],[-131.124,65.877],[-131.547,65.934],[-132.665,66.266],[-132.738,66.444],[-133.045,66.501],[-133.118,66.936],[-133.354,67.023],[-133.619,67.228],[-133.743,67.464]]},"properties":{"name":"Arctic Red","featurecla":"River","scalerank":7}},
{"type":"Feature","geometry":{"type":"LineString","coordinates":[[117.489,27.866],[117.338,27.539],[117.446,27.362],[117.565,27.28],[117.611,27.143],[117.804,26.791],[117.982,26.756],[117.962,26.633],[118.158,26.643],[118.371,26.54],[118.447,26.403],[118.658,26.418],[118.849,26.232],[119.094,26.146]]},"properties":{"name":"Min","featurecla":"River","scalerank":7}},
{"type":"Feature","geometry":{"type":"LineString","coordinates":[[36.017,-14.991],[36.431,-14.797],[36.642,-14.814],[36.89,-14.775],[37.17,-14.595],[37.342,-14.549],[37.495,-14.394],[37.676,-14.271],[37.856,-14.23],[37.936,-14.305],[38.169,-14.231],[38.264,-14.161],[38.481,-14.126],[38.707,-14.144],[38.841,-14.106],[39.101,-13.942],[39.208,-13.954],[39.484,-13.784],[39.742,-13.674],[39.849,-13.675],[40.115,-13.456],[40.252,-13.488],[40.42,-13.456],[40.527,-13.511]]},"properties":{"name":"Lúrio","featurecla":"River","scalerank":7}},
{"type":"Feature","geometry":{"type":"LineString","coordinates":[[-66.995,-17.079],[-66.932,-16.835],[-66.762,-16.758],[-66.816,-16.483],[-66.8,-16.283],[-66.946,-16.075],[-66.92,-15.857],[-66.958,-15.791],[-67.218,-15.614],[-67.474,-15.497],[-67.576,-15.366],[-67.518,-15.243],[-67.758,-15.028],[-67.488,-14.512],[-67.561,-14.369],[-67.508,-14.275],[-67.536,-13.998],[-67.472,-13.711],[-67.37,-13.591],[-67.396,-13.403],[-67.337,-13.305],[-67.052,-13.016],[-67.004,-12.901],[-66.928,-12.525],[-66.936,-12.4],[-66.878,-12.065],[-66.918,-11.842],[-66.721,-11.584],[-66.656,-11.44],[-66.497,-11.442],[-66.317,-11.386],[-66.147,-11.081],[-66.122,-10.968]]},"properties":{"name":"Beni","featurecla":"River","scalerank":7}},
{"type":"Feature","geometry":{"type":"LineString","coordinates":[[149.049,-34.004],[148.964,-33.98]]},"properties":{"name":"Lachlan","featurecla":"Lake Centerline","scalerank":7}},
{"type":"Feature","geometry":{"type":"MultiLineString","coordinates":[[[148.964,-33.98],[148.831,-33.951],[148.633,-33.8],[148.411,-33.538],[148.152,-33.405],[147.696,-33.381],[147.47,-33.241],[147.146,-33.095],[146.847,-33.094],[146.696,-33.033],[146.354,-33.207],[146.126,-33.285],[146.092,-33.379],[145.814,-33.345],[145.605,-33.387],[145.528,-33.493],[145.353,-33.561],[145.22,-33.691],[145.045,-33.733],[144.486,-34.226],[143.945,-34.289],[143.757,-34.405],[143.604,-34.648],[143.221,-34.733]],[[149.279,-34.747],[149.159,-34.545],[149.053,-34.462],[149.13,-34.266],[149.027,-34.134],[149.049,-34.004]]]},"properties":{"name":"Lachlan","featurecla":"River","scalerank":7}},
{"type":"Feature","geometry":{"type":"LineString","coordinates":[[30.131,2.025],[29.848,1.479],[29.75,1.449],[29.645,1.261],[29.418,1.192],[29.35,0.996],[29.243,0.982],[29.066,1.065],[28.966,1.196],[28.788,1.171],[28.658,1.002],[28.219,1.311],[27.976,1.354],[27.808,1.292],[27.565,1.346],[27.428,1.572],[27.103,1.614],[26.837,1.708]]},"properties":{"name":"Ituri","featurecla":"River","scalerank":7}},
{"type":"Feature","geometry":{"type":"LineString","coordinates":[[47.839,-19.246],[47.742,-19.027],[47.504,-18.935],[47.071,-18.69],[46.975,-18.541],[46.923,-18.21],[46.79,-17.746],[46.877,-17.478],[46.866,-17.301],[46.762,-17.005],[46.87,-16.813],[46.694,-16.573],[46.706,-16.473],[46.574,-16.357],[46.537,-16.239],[46.604,-16.118],[46.474,-15.953]]},"properties":{"name":"Betsiboka","featurecla":"River","scalerank":7}},
{"type":"Feature","geometry":{"type":"LineString","coordinates":[[-56.809,2.196],[-57.028,2.648],[-57.175,2.819],[-57.276,3.134],[-57.284,3.344],[-57.566,3.35],[-57.652,3.487]]},"properties":{"name":"Courantyne","featurecla":"River","scalerank":7}},
{"type":"Feature","geometry":{"type":"LineString","coordinates":[[94.356,29.31],[94.596,29.486],[94.807,29.486],[94.924,29.61],[94.892,29.697],[95.092,29.814],[95.276,29.868],[95.384,29.771],[95.429,29.451],[95.255,29.288],[95.044,29.177],[94.783,28.924],[94.9,28.825],[95.098,28.539],[95.092,28.406],[95,28.309],[95.032,28.174],[95.281,28.149],[95.396,28.003]]},"properties":{"name":"Dihang","featurecla":"River","scalerank":2}},
{"type":"Feature","geometry":{"type":"LineString","coordinates":[[-79.998,36.172],[-79.93,36.224],[-79.577,36.254],[-79.358,36.071],[-79.34,35.985],[-79.167,35.803],[-79.043,35.604]]},"properties":{"name":"Haw","featurecla":"River","scalerank":7}},
{"type":"Feature","geometry":{"type":"LineString","coordinates":[[37.661,39.88],[37.479,39.869],[37.002,39.753],[36.635,39.698],[36.464,39.609],[36.372,39.495],[35.69,39.034],[35.292,38.902],[35.048,38.77],[34.905,38.739],[34.634,38.774],[34.369,38.863],[34.178,39.009],[33.673,39.17],[33.395,39.426],[33.489,39.659],[33.414,39.893],[33.478,40.098],[33.66,40.331],[33.989,40.358],[34.113,40.482],[34.241,40.486],[34.617,40.637],[34.856,40.832],[34.833,40.975],[34.463,41.101],[34.742,41.145],[34.954,41.33],[35.102,41.385],[35.296,41.258],[35.773,41.377],[35.915,41.646]]},"properties":{"name":"Kiz?lirmak","featurecla":"River","scalerank":7}},
{"type":"Feature","geometry":{"type":"LineString","coordinates":[[31.71,-18.032],[31.697,-17.885],[31.594,-17.713],[31.627,-17.431],[31.754,-17.282],[31.758,-17.187],[31.88,-17.08],[32.042,-16.815],[32.438,-16.71],[32.665,-16.745],[32.739,-16.703],[33.062,-16.676],[33.292,-16.547],[33.401,-16.543],[33.59,-16.417],[33.691,-16.426],[33.802,-16.406]]},"properties":{"name":"Mazoe","featurecla":"River","scalerank":7}},
{"type":"Feature","geometry":{"type":"LineString","coordinates":[[104.265,14.26],[104.155,14.28],[103.85,14.148],[103.687,13.995],[103.42,13.872],[103.405,13.428],[103.557,13.278],[103.687,13.225]]},"properties":{"name":"Sreng","featurecla":"River","scalerank":7}},
{"type":"Feature","geometry":{"type":"LineString","coordinates":[[-79.238,-4.347],[-79.425,-4.006],[-79.604,-4.159],[-79.839,-4.217],[-79.931,-4.188],[-80.185,-4.289],[-80.478,-4.561],[-80.575,-4.76],[-80.719,-4.864],[-81.096,-4.843],[-81.191,-4.89]]},"properties":{"name":"Tumbes","featurecla":"River","scalerank":7}},
{"type":"Feature","geometry":{"type":"LineString","coordinates":[[91.777,28.292],[91.776,28.098],[91.828,27.94],[91.673,27.496],[91.529,27.322],[91.392,27.243],[91.345,27.088],[91.145,26.884],[90.945,26.838],[90.856,26.419],[90.649,26.193]]},"properties":{"name":"Mamas","featurecla":"River","scalerank":7}},
{"type":"Feature","geometry":{"type":"LineString","coordinates":[[101.759,22.434],[101.834,22.055],[102.254,22.08],[102.312,21.945],[102.187,21.777],[102.333,21.552],[102.34,21.379],[102.459,21.266],[102.498,21.085],[102.662,21.075],[102.768,20.891],[102.653,20.792],[102.646,20.609],[102.466,20.409],[102.421,20.293],[102.224,20.049]]},"properties":{"name":"Ou","featurecla":"River","scalerank":7}},
{"type":"Feature","geometry":{"type":"MultiLineString","coordinates":[[[141.755,-5.355],[141.741,-5.74],[141.611,-5.774],[141.455,-5.951],[141.388,-6.103],[141.221,-6.178],[140.964,-6.348],[140.953,-6.48],[140.849,-6.703],[140.916,-6.863],[141.008,-6.891]],[[141.015,-6.891],[141.18,-7.131],[141.248,-7.466],[141.361,-7.556],[141.522,-7.792],[141.721,-7.796],[141.941,-7.977]],[[141.939,-7.973],[141.941,-7.977]],[[141.941,-7.977],[141.947,-7.973]],[[141.941,-7.977],[142.036,-8.083],[142.001,-8.186],[142.139,-8.227]]]},"properties":{"name":"Fly","featurecla":"River","scalerank":7}},
{"type":"Feature","geometry":{"type":"LineString","coordinates":[[23.422,9.124],[23.353,8.867],[23.278,8.719],[23.307,8.506],[23.483,8.221],[23.56,8.147],[23.492,7.879],[23.033,7.634],[22.933,7.449],[22.796,7.432],[22.74,7.146],[22.259,6.787],[22.13,6.736],[22,6.45],[21.988,6.224],[22.117,5.963],[22.052,5.708],[22.086,5.643],[21.901,5.488],[21.875,5.157],[21.782,4.929],[21.742,4.698],[21.874,4.663],[22.001,4.519],[22.132,4.534],[22.038,4.231]]},"properties":{"name":"Kotto","featurecla":"River","scalerank":7}},
{"type":"Feature","geometry":{"type":"LineString","coordinates":[[22.639,-32.167],[22.568,-32.396],[22.018,-32.749],[21.963,-32.851],[21.979,-33.016],[21.827,-33.203],[21.69,-33.223]]},"properties":{"name":"Gamka","featurecla":"River","scalerank":7}},
{"type":"Feature","geometry":{"type":"LineString","coordinates":[[29.659,45.216],[29.65,45.346],[29.322,45.444],[28.747,45.231],[28.883,45.18]]},"properties":{"name":"Bratul Chillia","featurecla":"River","scalerank":2}},
{"type":"Feature","geometry":{"type":"LineString","coordinates":[[58.909,37.124],[58.721,37.189],[58.623,37.127],[58.378,37.165],[58.046,37.38],[57.553,37.486],[57.386,37.623],[57.213,37.679],[57.032,37.665],[56.689,37.72],[56.251,37.933],[55.747,37.894],[55.366,38.015],[55.13,37.953],[54.856,37.761],[54.783,37.518],[54.199,37.406],[54.123,37.467],[53.905,37.406]]},"properties":{"name":"Atrek","featurecla":"River","scalerank":7}},
{"type":"Feature","geometry":{"type":"LineString","coordinates":[[98.864,38.159],[98.807,37.898],[98.642,37.642],[98.703,37.446],[99.14,37.268],[99.566,37.132],[99.839,37]]},"properties":{"name":"Buh","featurecla":"River","scalerank":7}},
{"type":"Feature","geometry":{"type":"MultiLineString","coordinates":[[[36.1,67.79],[35.966,67.693],[36.248,67.498],[37.356,67.334],[37.467,67.177],[37.294,67.028],[37.429,66.872],[37.111,66.836],[36.374,66.971],[35.954,66.954],[36.012,66.679],[36.887,66.285]],[[41.28,67.002],[41.058,67.137],[40.554,67.15],[40.245,67.032],[39.286,67.42],[38.997,67.419]]]},"properties":{"name":null,"featurecla":"River","scalerank":7}},
{"type":"Feature","geometry":{"type":"MultiLineString","coordinates":[[[102.974,71.539],[102.63,71.613],[102.184,71.806],[102.081,71.943]],[[95.437,68.959],[96.597,68.727],[97.354,68.791],[97.877,68.425],[97.938,68.326],[98.107,68.289],[98.326,68.19],[98.461,68.095],[98.835,68.034]],[[98.268,68.206],[98.305,68.135],[98.469,68.057],[98.835,68.034]],[[98.835,68.034],[98.837,68.034]],[[98.835,68.034],[99.105,67.918],[99.007,67.76],[99.461,67.433],[100.253,67.217],[100.334,67.041],[100.613,66.989],[100.721,67.119],[101.111,67.241],[101.379,67.55],[101.705,67.607],[101.735,67.728],[102.345,68.016],[102.564,68.003],[103.272,68.211],[103.148,68.259],[103.11,68.536],[103.554,68.7],[103.472,68.869],[103.584,69.005],[104.097,69.075],[103.537,69.366],[103.401,69.575],[103.037,69.647],[102.878,69.799],[103.254,70.122],[103.727,70.263],[103.124,70.641],[102.891,70.918],[102.494,71.012],[102.357,71.121],[102.995,71.295],[103.228,71.455],[102.969,71.539]]]},"properties":{"name":"Kotuy","featurecla":"River","scalerank":7}},
{"type":"Feature","geometry":{"type":"LineString","coordinates":[[15.23,46.046],[15.435,46.018],[15.867,45.792],[16.145,45.792],[16.406,45.573],[16.391,45.476],[16.789,45.341],[17.187,45.149],[17.572,45.121],[17.684,45.164],[17.835,45.065],[17.988,45.144],[18.237,45.158],[18.466,45.074],[18.616,45.098],[18.789,45.006],[18.889,44.861],[19.359,44.901],[19.463,44.98],[19.757,44.915],[19.701,44.808],[19.99,44.679],[20.274,44.665],[20.455,44.84]]},"properties":{"name":"Sava","featurecla":"River","scalerank":7}},
{"type":"Feature","geometry":{"type":"LineString","coordinates":[[73.074,50.63],[72.392,50.727],[72.164,50.862],[72.128,50.983],[71.909,51.076],[71.436,51.152],[71.042,51.274],[70.63,51.336],[70.399,51.268],[70.002,51.337],[69.733,51.522],[69.402,51.59],[69.132,51.72],[68.612,51.735],[67.811,51.544],[67.585,51.59],[67.256,51.53],[67.119,51.236],[66.789,51.203],[66.472,51.035],[66.362,51.203],[66.551,51.35],[66.423,51.485],[66.462,51.638],[66.251,51.908],[66.238,52.104],[66.406,52.248],[66.623,52.31],[66.747,52.502],[66.557,52.552],[66.599,52.768],[66.794,53.184],[67.013,53.338]]},"properties":{"name":"Esil","featurecla":"River","scalerank":7}},
{"type":"Feature","geometry":{"type":"MultiLineString","coordinates":[[[77.415,64.823],[77.802,64.958],[78.069,65.253],[77.915,65.398],[78.286,65.713],[78.198,65.803],[78.317,66.014],[78.223,66.227],[77.997,66.33],[78.11,66.43],[77.823,66.864],[78.197,67.026],[77.839,67.315],[77.888,67.564]],[[73.77,63.809],[73.583,63.652],[73.831,63.528],[74.349,63.488],[74.926,63.533],[75.194,63.596],[75.164,63.716],[75.501,63.856],[75.701,64.031],[76.037,64.113],[76.243,64.353],[76.572,64.444],[76.968,64.435],[77.394,64.658],[77.421,64.823]]]},"properties":{"name":"Pur","featurecla":"River","scalerank":7}},
{"type":"Feature","geometry":{"type":"MultiLineString","coordinates":[[[85.776,51.696],[85.923,52.09],[85.765,52.423],[85.316,52.491],[85.056,52.434]],[[86.303,49.64],[86.002,49.61]],[[85.996,49.61],[85.752,49.621],[85.496,49.832],[85.434,50.041],[85.509,50.23],[85.648,50.293],[86.02,50.202],[86.09,50.146],[86.563,50.17],[86.72,50.279],[86.643,50.51],[86.521,50.612],[86.537,50.759],[86.35,50.887],[86.108,51.178],[85.997,51.479],[85.77,51.696]]]},"properties":{"name":"Katun","featurecla":"River","scalerank":7}},
{"type":"Feature","geometry":{"type":"LineString","coordinates":[[-91.697,15.065],[-91.621,15.234],[-91.763,15.405],[-92.068,15.414],[-92.161,15.606],[-92.202,15.826]]},"properties":{"name":"Cuilco","featurecla":"River","scalerank":7}},
{"type":"Feature","geometry":{"type":"MultiLineString","coordinates":[[[-7.106,12.008],[-7.104,12.284],[-7.134,12.447],[-7.034,12.544],[-6.918,12.563],[-6.719,12.515],[-6.603,12.554],[-6.597,12.593],[-6.559,12.611],[-6.518,12.674]],[[-7.463,9.549],[-7.613,9.731],[-7.55,9.856],[-7.61,10.199],[-7.838,10.589],[-7.684,10.764],[-7.638,10.933],[-7.687,10.983],[-7.644,11.251],[-7.475,11.403],[-7.358,11.435],[-7.371,11.588],[-7.27,11.707],[-7.141,11.718],[-7.154,11.896],[-7.106,12.016]]]},"properties":{"name":"Baoulé","featurecla":"River","scalerank":7}},
{"type":"Feature","geometry":{"type":"LineString","coordinates":[[28.883,45.18],[28.891,45.175],[28.931,45.159],[28.963,45.141],[29.205,45.092],[29.307,44.99],[29.611,44.888]]},"properties":{"name":"Bratul Sfintu Gheorghe","featurecla":"River","scalerank":2}},
{"type":"Feature","geometry":{"type":"LineString","coordinates":[[32.879,23.988],[32.919,23.785],[32.856,23.539],[32.943,23.307],[32.801,23.197],[32.582,22.888],[32.571,22.772],[32.394,22.627],[32.292,22.634],[32.185,22.751],[31.994,22.682],[31.861,22.474],[31.757,22.429],[31.419,22.15],[31.343,21.923],[31.091,21.609]]},"properties":{"name":"Nile","featurecla":"Lake Centerline","scalerank":1}},
{"type":"Feature","geometry":{"type":"MultiLineString","coordinates":[[[32.879,23.988],[32.909,24.324],[32.878,24.49],[32.927,24.769],[32.836,25.105],[32.583,25.253],[32.488,25.586],[32.595,25.636],[32.786,26.007],[32.649,26.18],[32.375,26.068],[32.235,26.091],[31.824,26.413],[31.808,26.541],[31.545,26.769],[31.468,26.925],[31.28,27.158],[31.115,27.202],[30.878,27.421],[30.896,27.668],[30.837,28.038],[30.762,28.106],[30.741,28.322],[30.817,28.415],[30.837,28.627],[30.906,28.815],[31.221,29.233],[31.215,29.437],[31.283,29.559],[31.289,29.885],[31.221,30.008],[31.237,30.124]],[[33.693,18.489],[33.66,18.724],[33.563,18.749],[33.577,19.141],[33.425,19.269],[33.38,19.423],[33.085,19.527],[32.87,19.436],[32.683,19.189],[32.509,19.148],[32.358,18.923],[32.192,18.892],[32.037,18.785],[32.046,18.619],[31.888,18.572],[31.778,18.366],[31.529,18.081],[31.207,17.984],[30.962,18.054],[30.769,18.169],[30.706,18.306],[30.709,18.45],[30.577,18.616],[30.492,18.842],[30.49,19.352],[30.312,19.867],[30.587,19.972],[30.523,20.347],[30.402,20.35],[30.299,20.582],[30.41,20.815],[30.543,20.838],[30.679,21.173],[30.987,21.396],[31.091,21.609]],[[33.693,18.489],[33.693,18.49]],[[33.791,18.352],[33.693,18.489]],[[32.49,15.635],[32.55,15.883],[32.547,16.166],[32.863,16.499],[33.154,16.553],[33.279,16.66],[33.599,16.765],[33.73,16.964],[33.707,17.13],[33.753,17.294],[33.982,17.635],[33.974,18.024],[33.928,18.265],[33.817,18.318],[33.693,18.489]]]},"properties":{"name":"Nile","featurecla":"River","scalerank":1}},
{"type":"Feature","geometry":{"type":"LineString","coordinates":[[13.503,7.442],[13.555,7.411],[13.955,7.544],[14.25,7.616],[14.515,7.586],[14.894,7.771],[15.076,7.781],[15.138,7.719],[15.496,7.769]]},"properties":{"name":"Vina","featurecla":"River","scalerank":7}},
{"type":"Feature","geometry":{"type":"LineString","coordinates":[[24.725,-8.741],[24.58,-8.659],[24.587,-8.569],[24.762,-8.359],[24.814,-8.076],[24.943,-7.98],[25.059,-7.747],[25.258,-7.584],[25.211,-7.375],[25.33,-7.187],[25.605,-7.073],[25.643,-6.952],[25.443,-6.703],[25.454,-6.579],[25.36,-6.525],[25.124,-6.258],[25.346,-6.202],[25.958,-5.952],[25.858,-5.781],[25.853,-5.62],[25.624,-5.455],[25.557,-5.318],[25.3,-5.253],[25.064,-5.007],[25.002,-4.847],[24.902,-4.751],[24.875,-4.593],[25.012,-4.445],[24.996,-4.105],[24.743,-3.798],[24.796,-3.686],[24.772,-3.544],[24.9,-3.271],[24.961,-3.256],[25.106,-2.791],[25.077,-2.588],[25.108,-2.412],[25.191,-2.224],[25.053,-2.063],[25.011,-1.842],[25.046,-1.51],[24.959,-1.24],[24.786,-1.128],[24.75,-1.027],[24.467,-0.788],[24.436,-0.641],[24.334,-0.6],[24.32,-0.393],[24.166,-0.114],[24.035,-0.114],[23.992,-0.011],[24.046,0.185],[24.119,0.263],[24.197,0.633],[24.284,0.777]]},"properties":{"name":"Lomami","featurecla":"River","scalerank":7}},
{"type":"Feature","geometry":{"type":"LineString","coordinates":[[-13.208,11.057],[-13.246,11.142],[-13.28,11.59],[-13.153,11.892],[-13.203,11.927],[-13.38,12.243],[-13.562,12.283],[-13.655,12.235],[-13.841,12.277],[-13.944,12.219],[-14.096,11.925],[-14.337,11.902],[-14.29,11.796],[-14.405,11.623],[-14.683,11.632],[-14.925,11.769]]},"properties":{"name":"Gêba","featurecla":"River","scalerank":7}},
{"type":"Feature","geometry":{"type":"LineString","coordinates":[[47.667,-20.189],[47.541,-20.308],[47.277,-20.332],[47.237,-20.394],[47.003,-20.404],[46.845,-20.261],[46.567,-20.271],[46.304,-20.206],[46.289,-20.048],[45.728,-19.839],[45.536,-19.808],[45.399,-19.723]]},"properties":{"name":"Mania","featurecla":"River","scalerank":7}},
{"type":"Feature","geometry":{"type":"LineString","coordinates":[[25.259,-11.51],[25.372,-11.712],[25.203,-12],[25.195,-12.195],[25.06,-12.39],[24.875,-12.517],[24.875,-12.658],[24.998,-12.935],[24.992,-13.017],[24.678,-13.095],[24.434,-13.271],[24.375,-13.439],[24.255,-13.587],[24.135,-13.647],[23.926,-13.965],[23.683,-13.99],[23.264,-14.168],[23.223,-14.168],[23.223,-14.141],[23.182,-14.155]]},"properties":{"name":"Kabompo","featurecla":"River","scalerank":7}},
{"type":"Feature","geometry":{"type":"LineString","coordinates":[[31.125,-18.547],[31.339,-18.642],[31.529,-18.787],[31.639,-18.808],[31.703,-19.007],[31.83,-19.098],[31.985,-19.132],[32.095,-19.375],[32.221,-19.542],[32.28,-19.695],[32.391,-19.767],[32.248,-20.672],[32.135,-20.92],[32.313,-21.233],[32.561,-21.384],[32.797,-21.481],[32.92,-21.487],[33.07,-21.596],[33.2,-21.49],[33.304,-21.507],[33.567,-21.396],[33.89,-21.408],[33.965,-21.316],[34.244,-21.268],[34.362,-21.291],[34.463,-21.171],[35.106,-20.953]]},"properties":{"name":"Save","featurecla":"River","scalerank":7}},
{"type":"Feature","geometry":{"type":"LineString","coordinates":[[7.23,11.586],[7.124,11.613],[6.896,11.797],[6.792,11.992],[6.56,12.253],[6.249,12.429],[6.074,12.659],[5.879,12.709],[5.841,12.82],[5.512,13.102],[5.214,13.086],[4.961,13.008],[4.732,13.04],[4.627,12.856],[4.257,12.529],[4.001,12.383],[4.01,12.157],[4.126,11.856],[4.14,11.657],[4.242,11.525],[4.122,11.387]]},"properties":{"name":"Sokoto","featurecla":"River","scalerank":7}},
{"type":"Feature","geometry":{"type":"LineString","coordinates":[[6.903,11.492],[6.866,11.336],[6.775,11.273],[6.669,11.066],[6.474,11.01],[6.343,11.04],[6.114,10.806],[6.086,10.491]]},"properties":{"name":"Mariga","featurecla":"River","scalerank":7}},
{"type":"Feature","geometry":{"type":"LineString","coordinates":[[-54.088,-14.422],[-54.336,-14.428],[-54.481,-14.477],[-54.778,-14.332],[-54.898,-14.221],[-54.959,-13.977],[-55.072,-13.682],[-55.382,-13.559],[-55.583,-13.374],[-55.783,-13.009],[-55.949,-12.802],[-55.903,-12.673],[-55.96,-12.522],[-55.698,-12.435],[-55.785,-12.095],[-55.749,-12.009],[-55.816,-11.857],[-55.617,-11.406],[-55.473,-11.345],[-55.341,-11.21],[-55.371,-11.133],[-55.58,-11.079],[-55.849,-11.112],[-55.968,-10.888],[-55.846,-10.634],[-55.903,-10.377],[-55.826,-10.269],[-55.639,-10.244],[-55.546,-10.052],[-55.575,-9.939],[-55.93,-9.65],[-56.18,-9.628],[-56.421,-9.481],[-56.691,-9.381],[-56.785,-9.392],[-56.844,-9.261],[-57.06,-9.204],[-57.092,-9.066],[-57.302,-8.949],[-57.443,-8.811],[-57.596,-8.729],[-57.672,-8.407],[-57.634,-8.237],[-57.786,-8.03],[-57.92,-7.655],[-58.058,-7.404],[-58.136,-7.34]]},"properties":{"name":"Jamanxim","featurecla":"River","scalerank":7}},
{"type":"Feature","geometry":{"type":"LineString","coordinates":[[-60.404,-14.683],[-60.345,-14.491],[-60.465,-14.278],[-60.48,-14.163],[-60.397,-14.008]]},"properties":{"name":null,"featurecla":"River","scalerank":7}},
{"type":"Feature","geometry":{"type":"LineString","coordinates":[[28.883,45.18],[28.891,45.182],[28.946,45.195],[29.011,45.175],[29.484,45.169],[29.682,45.149]]},"properties":{"name":"Bratul Sulina","featurecla":"River","scalerank":2}},
{"type":"Feature","geometry":{"type":"LineString","coordinates":[[-76.374,5.797],[-76.541,5.514],[-76.675,5.543],[-76.693,5.918],[-76.772,6.067],[-76.702,6.128],[-76.802,6.317],[-76.788,6.483],[-76.898,6.595],[-76.983,6.828],[-76.955,7.031],[-77.107,7.362],[-77.072,7.486],[-77.132,7.687],[-77.12,7.842],[-77.004,7.999],[-76.839,8.137]]},"properties":{"name":"Atrato","featurecla":"River","scalerank":7}},
{"type":"Feature","geometry":{"type":"MultiLineString","coordinates":[[[-54.671,-9.276],[-54.685,-9.372],[-54.255,-9.68],[-54.022,-9.645],[-53.984,-9.548]],[[-53.984,-9.548],[-53.941,-9.37],[-53.727,-9.231],[-53.623,-9.02],[-53.367,-8.778],[-53.524,-8.406],[-53.486,-8.152],[-53.406,-8.118],[-53.269,-7.928],[-53.411,-7.518],[-53.666,-7.242],[-53.691,-7.162],[-53.838,-7.066],[-53.812,-6.888],[-53.935,-6.642],[-54.039,-6.306],[-54.075,-6.055],[-54.172,-5.97],[-54.19,-5.798],[-54.306,-5.443],[-54.444,-5.117],[-54.572,-4.937],[-54.538,-4.865],[-54.313,-4.715],[-54.178,-4.746],[-54.099,-4.636],[-53.813,-4.457],[-53.681,-4.48],[-53.482,-4.391],[-53.349,-4.113],[-53.193,-3.998],[-52.973,-3.979],[-52.837,-3.88],[-52.609,-3.855]]]},"properties":{"name":"Iriri","featurecla":"River","scalerank":7}},
{"type":"Feature","geometry":{"type":"LineString","coordinates":[[-62.078,8.109],[-62.077,8.001],[-62.202,7.849],[-62.01,7.404],[-61.698,7.332],[-61.616,7.214],[-61.593,7.064],[-61.64,6.904],[-61.534,6.71],[-61.339,6.849],[-61.149,6.715],[-60.935,6.732],[-60.85,6.79],[-60.722,6.76],[-60.621,6.846],[-60.395,6.949],[-60.247,6.862],[-60.02,6.794],[-59.89,6.853],[-59.587,6.787],[-59.581,6.697],[-59.423,6.638],[-59.288,6.809],[-59.039,6.726],[-58.981,6.583],[-58.79,6.42],[-58.678,6.397]]},"properties":{"name":"Cuyuni","featurecla":"River","scalerank":7}},
{"type":"Feature","geometry":{"type":"LineString","coordinates":[[-47.318,-5.205],[-47.43,-5.066],[-47.371,-4.961],[-47.423,-4.803],[-47.372,-4.639],[-47.414,-4.294],[-47.311,-4.067],[-47.066,-3.842],[-47.023,-3.56],[-46.945,-3.398],[-46.818,-3.319],[-46.667,-3.094],[-46.667,-2.739],[-46.427,-2.511],[-46.448,-2.361],[-46.28,-2.141],[-46.214,-1.929],[-46.201,-1.484],[-46.085,-1.21]]},"properties":{"name":"Gurupi","featurecla":"River","scalerank":7}},
{"type":"Feature","geometry":{"type":"LineString","coordinates":[[-52.197,2.443],[-52.216,2.377],[-52.12,2.128],[-52.129,1.877],[-51.992,1.555],[-52.038,1.317],[-51.999,1.1],[-51.704,1.016],[-51.559,0.747],[-51.377,0.736],[-51.233,0.873],[-51.107,0.808],[-50.964,0.966],[-50.824,0.993],[-50.468,1.145],[-50.367,1.133],[-50.313,1.26],[-50.172,1.287],[-50.128,1.2],[-49.916,1.25]]},"properties":{"name":"Amapari","featurecla":"River","scalerank":7}},
{"type":"Feature","geometry":{"type":"LineString","coordinates":[[-43.707,-20.85],[-43.583,-20.822],[-43.357,-20.664],[-43.18,-20.755],[-43.086,-20.743],[-42.98,-20.409],[-42.881,-20.203],[-42.473,-19.777],[-42.514,-19.486],[-42.411,-19.328],[-41.956,-18.837],[-41.752,-18.852],[-41.542,-19.012],[-41.465,-19.15],[-41.312,-19.238],[-41.014,-19.493],[-40.403,-19.534],[-40.096,-19.418],[-39.952,-19.432],[-39.807,-19.636]]},"properties":{"name":"Doce","featurecla":"River","scalerank":7}},
{"type":"Feature","geometry":{"type":"LineString","coordinates":[[-54.945,2.58],[-54.486,2.429],[-54.36,2.508],[-54.213,2.777],[-54.164,2.97],[-54.191,3.178],[-54.004,3.456],[-54.051,3.635]]},"properties":{"name":"Litani","featurecla":"River","scalerank":7}},
{"type":"Feature","geometry":{"type":"LineString","coordinates":[[-76.866,1.305],[-76.961,1.169],[-76.862,0.973],[-76.569,0.664],[-76.537,0.516],[-76.408,0.4],[-76.312,0.459],[-76.12,0.352],[-76.054,0.364],[-75.928,0.181],[-75.791,0.085],[-75.647,0.086],[-75.422,-0.062],[-75.269,-0.102],[-75.142,-0.043],[-74.934,-0.209],[-74.825,-0.17],[-74.413,-0.573],[-74.29,-0.943],[-73.921,-1.114],[-73.881,-1.191],[-73.637,-1.255],[-73.498,-1.478],[-73.532,-1.674],[-73.341,-1.792],[-73.187,-1.799],[-73.112,-2.073],[-73.196,-2.187],[-72.944,-2.419],[-72.645,-2.334],[-72.397,-2.446],[-72.162,-2.406],[-71.967,-2.328],[-71.769,-2.142],[-71.457,-2.255],[-71.388,-2.369],[-71.221,-2.341],[-70.993,-2.197],[-70.875,-2.229],[-70.458,-2.493],[-70.358,-2.487],[-70.237,-2.625],[-70.041,-2.717],[-69.764,-2.718],[-69.742,-2.86],[-69.593,-2.958],[-69.502,-2.848],[-69.051,-3.005],[-68.825,-2.958],[-68.705,-2.858],[-68.582,-2.904],[-68.362,-2.889],[-68.283,-3.023],[-67.988,-3.121],[-67.932,-3.094]]},"properties":{"name":"Putumayo","featurecla":"River","scalerank":7}},
{"type":"Feature","geometry":{"type":"MultiLineString","coordinates":[[[-76.72,-7.493],[-76.654,-7.436],[-76.727,-7.178],[-76.603,-7.068],[-76.445,-7.018],[-76.323,-6.897],[-76.301,-6.611],[-76.166,-6.619],[-75.763,-6.397],[-75.709,-6.298],[-75.928,-6.127],[-76.041,-5.991],[-76.073,-5.782],[-75.935,-5.49],[-75.614,-5.075]],[[-76.594,-10.57],[-76.183,-10.108],[-76.233,-9.919],[-76.179,-9.843],[-75.918,-9.726],[-75.825,-9.649],[-75.947,-9.492],[-75.983,-9.219],[-76.117,-9.071],[-76.115,-8.835],[-76.262,-8.739],[-76.269,-8.63],[-76.371,-8.308],[-76.535,-8.237],[-76.534,-8.13],[-76.733,-7.906],[-76.798,-7.605],[-76.728,-7.498]]]},"properties":{"name":"Huallaga","featurecla":"River","scalerank":7}},
{"type":"Feature","geometry":{"type":"LineString","coordinates":[[-58.793,1.308],[-58.805,1.442],[-58.644,1.558],[-58.543,1.778],[-58.522,1.943],[-58.359,2.194],[-58.337,2.408],[-58.149,3.003],[-58.306,3.136],[-58.236,3.37],[-58.357,3.82],[-58.495,4.129],[-58.461,4.344],[-58.486,4.496],[-58.57,4.546],[-58.735,4.762],[-58.794,4.766],[-58.846,5.013],[-58.821,5.229],[-58.859,5.409],[-58.676,5.455],[-58.617,5.623],[-58.573,5.914],[-58.574,6.294],[-58.602,6.417]]},"properties":{"name":"Essequibo","featurecla":"River","scalerank":7}},
{"type":"Feature","geometry":{"type":"MultiLineString","coordinates":[[[95.396,28.003],[95.459,27.844],[95.149,27.701],[95.102,27.61],[94.917,27.572],[94.571,27.218],[94.555,27.101],[94.287,26.92],[93.946,26.842],[93.863,26.766],[93.841,26.756],[93.764,26.74],[93.752,26.732],[93.657,26.715],[93.44,26.768],[93.119,26.647],[92.898,26.654],[92.657,26.591],[92.595,26.518],[92.402,26.536],[92.076,26.38],[92.066,26.31],[91.692,26.172],[91.498,26.14],[91.12,26.212],[90.831,26.135],[90.507,26.229],[90.294,26.12],[89.937,25.994],[89.836,25.871],[89.698,25.573],[89.701,25.266],[89.613,24.96],[89.716,24.726],[89.767,24.511],[89.702,24.036],[89.726,23.884],[89.909,23.674],[89.985,23.644],[90.143,23.545],[90.25,23.462]],[[89.755,24.274],[89.961,24.04],[90.212,23.916],[90.303,23.757],[90.476,23.583]]]},"properties":{"name":"Brahmaputra","featurecla":"River","scalerank":2}},
{"type":"Feature","geometry":{"type":"LineString","coordinates":[[-61.54,-34.074],[-61.369,-34.331],[-61.158,-34.484],[-61.037,-34.653],[-60.786,-34.609],[-60.582,-34.806],[-60.471,-34.854],[-60.406,-35.049],[-59.931,-35.129],[-59.788,-35.202],[-59.573,-35.217],[-59.526,-35.296],[-59.049,-35.468],[-59.043,-35.595],[-58.846,-35.699],[-58.499,-35.743],[-58.351,-35.856],[-58.202,-35.841],[-57.978,-36.015],[-57.541,-35.856],[-57.358,-35.754]]},"properties":{"name":"Salado","featurecla":"River","scalerank":7}},
{"type":"Feature","geometry":{"type":"MultiLineString","coordinates":[[[-74.407,3.732],[-74.242,3.792],[-74.078,3.723],[-73.95,3.815],[-73.831,3.758],[-73.749,3.51],[-73.494,3.378],[-73.237,3.096],[-73.225,2.895],[-73.119,2.839],[-72.796,2.782],[-72.762,2.572]],[[-72.762,2.566],[-72.367,2.738],[-71.836,2.805],[-71.504,2.783],[-71.061,2.681],[-70.925,2.71],[-70.782,2.813],[-70.754,2.996],[-70.625,3.08],[-70.645,3.193],[-70.515,3.233],[-70.284,3.388],[-70.069,3.425],[-70.011,3.529],[-69.629,3.605],[-69.408,3.523],[-69.147,3.556],[-68.963,3.641],[-68.647,3.836],[-68.481,3.968],[-68.17,3.92],[-68.093,4.005],[-67.988,3.935],[-67.797,3.954],[-67.732,4.086]]]},"properties":{"name":"Guainía","featurecla":"River","scalerank":7}},
{"type":"Feature","geometry":{"type":"LineString","coordinates":[[-43.8,-20.095],[-43.884,-19.745],[-43.796,-19.657],[-43.926,-19.521],[-44.104,-18.836],[-44.193,-18.67],[-44.18,-18.486],[-44.244,-18.271],[-44.529,-18.047],[-44.529,-17.903],[-44.755,-17.492],[-44.837,-17.191]]},"properties":{"name":"Velhas","featurecla":"River","scalerank":7}},
{"type":"Feature","geometry":{"type":"LineString","coordinates":[[-86.056,12.857],[-86.152,12.764],[-86.01,12.651],[-85.903,12.631],[-85.795,12.741],[-85.573,12.834],[-85.23,12.627],[-85.118,12.776],[-85.032,12.762],[-84.919,12.9],[-84.748,12.95],[-84.734,13.026],[-84.485,13.053],[-84.377,12.987],[-84.123,13.201],[-83.932,13.215],[-83.831,13.005],[-83.678,12.91],[-83.508,12.903]]},"properties":{"name":"Ro Grande de Matagalpa","featurecla":"River","scalerank":7}},
{"type":"Feature","geometry":{"type":"LineString","coordinates":[[-71.18,45.162],[-71.325,45.057],[-71.522,45.01],[-71.515,44.895],[-71.635,44.74],[-71.55,44.596],[-71.678,44.446],[-72.042,44.282],[-72.049,44.143],[-72.214,43.784],[-72.398,43.531],[-72.404,43.3],[-72.481,42.989],[-72.556,42.878],[-72.473,42.758],[-72.625,42.25],[-72.605,42.065],[-72.656,41.773],[-72.629,41.613],[-72.379,41.366]]},"properties":{"name":"Connecticut","featurecla":"River","scalerank":7}},
{"type":"Feature","geometry":{"type":"LineString","coordinates":[[-116.19,48.155],[-116.36,48.259],[-116.568,48.251]]},"properties":{"name":"Clark Fork","featurecla":"Lake Centerline","scalerank":7}},
{"type":"Feature","geometry":{"type":"LineString","coordinates":[[-112.514,45.806],[-112.508,45.986],[-112.791,46.011],[-112.797,46.167],[-112.706,46.3],[-112.714,46.467],[-113.304,46.728],[-113.508,46.695],[-113.711,46.737],[-113.901,46.881],[-114.091,46.876],[-114.331,47.033],[-114.725,47.039],[-114.959,47.252],[-114.931,47.505],[-115.346,47.599],[-115.489,47.815],[-115.686,47.897],[-115.85,48.056],[-116.189,48.155]]},"properties":{"name":"Clark Fork","featurecla":"River","scalerank":7}},
{"type":"Feature","geometry":{"type":"LineString","coordinates":[[-87.324,53.028],[-87.314,53.289],[-87.194,53.598],[-86.964,53.759],[-87.102,53.918],[-87.123,54.381],[-87.203,54.478],[-87.272,54.753],[-86.92,54.742],[-86.652,54.79],[-86.48,54.709],[-86.181,54.692],[-85.536,54.847],[-85.417,54.999]]},"properties":{"name":"Winisk","featurecla":"River","scalerank":7}},
{"type":"Feature","geometry":{"type":"LineString","coordinates":[[-63.312,52.467],[-63.199,52.416],[-62.712,52.357],[-62.2,52.149],[-62,51.784],[-61.906,51.745],[-61.699,51.23],[-61.524,51.052],[-61.649,50.894],[-61.616,50.731],[-61.686,50.458],[-61.581,50.189]]},"properties":{"name":"Natashquan","featurecla":"River","scalerank":7}},
{"type":"Feature","geometry":{"type":"MultiLineString","coordinates":[[[-90.174,31.94],[-90.243,32.163],[-90.029,32.488],[-89.842,32.595],[-89.278,32.824],[-89.119,32.836],[-88.982,32.916],[-89.14,33.17]],[[-90.174,31.94],[-90.153,31.902]],[[-90.153,31.902],[-90.174,31.94]],[[-90.153,31.902],[-90.14,31.874]],[[-90.14,31.874],[-90.153,31.902]],[[-90.006,31.433],[-90.047,31.451],[-90.14,31.874]],[[-90.006,31.433],[-89.858,31.266],[-89.732,30.985],[-89.846,30.682],[-89.784,30.552]],[[-89.982,31.409],[-90.006,31.433]],[[-89.784,30.552],[-89.678,30.457],[-89.588,30.212],[-89.526,30.193]],[[-89.784,30.552],[-89.731,30.449]],[[-89.731,30.449],[-89.673,30.409]],[[-89.731,30.449],[-89.614,30.184]]]},"properties":{"name":"Pearl","featurecla":"River","scalerank":7}},
{"type":"Feature","geometry":{"type":"LineString","coordinates":[[-83.709,34.061],[-83.571,34.043],[-83.31,33.843],[-83.283,33.504],[-83.16,33.313],[-83.26,33.187],[-83.021,32.863],[-82.804,32.386],[-82.664,32.293],[-82.574,31.995]]},"properties":{"name":"Oconee","featurecla":"River","scalerank":7}},
{"type":"Feature","geometry":{"type":"LineString","coordinates":[[27.292,44.151],[27.653,44.275],[27.939,44.453],[27.877,44.744]]},"properties":{"name":"Borcea","featurecla":"River","scalerank":2}},
{"type":"Feature","geometry":{"type":"LineString","coordinates":[[-87.907,14.185],[-87.868,14.284],[-88.122,14.731],[-88.267,14.841],[-88.201,15.119],[-88.031,15.225],[-87.82,15.416],[-87.762,15.61],[-87.82,15.672],[-87.729,15.922]]},"properties":{"name":"Ula","featurecla":"River","scalerank":7}},
{"type":"Feature","geometry":{"type":"LineString","coordinates":[[-66.053,58.333],[-65.811,58.229],[-65.784,58.114],[-65.565,58.06],[-65.512,57.893],[-65.612,57.798],[-65.456,57.707],[-65.528,57.604],[-65.327,57.533],[-65.264,57.275],[-65.346,57.084],[-65.008,56.953],[-64.845,56.808],[-64.75,56.617],[-64.729,55.97],[-64.766,55.896],[-65.05,55.823],[-65.081,55.505],[-65.246,55.41],[-65.255,55.115],[-65.319,54.93]]},"properties":{"name":"George","featurecla":"River","scalerank":7}},
{"type":"Feature","geometry":{"type":"MultiLineString","coordinates":[[[-131.58,64.236],[-131.949,64.075]],[[-131.954,64.077],[-132.533,64.072],[-133.053,64.028],[-133.299,63.958],[-133.953,63.967],[-133.605,63.694],[-134.19,63.517],[-135.11,63.465],[-135.409,63.628],[-136.012,63.606],[-136.616,63.395],[-137,63.505],[-137.63,63.617],[-137.838,63.506],[-138.161,63.446],[-138.319,63.336],[-138.603,63.313],[-139.004,63.203],[-139.439,63.321]]]},"properties":{"name":"Stewart","featurecla":"River","scalerank":7}},
{"type":"Feature","geometry":{"type":"LineString","coordinates":[[39.823,62.439],[39.755,62.501],[39.903,62.702],[39.73,62.884],[39.283,63.018],[39.267,63.102],[38.846,63.717],[38.539,63.715],[37.991,63.946]]},"properties":{"name":"Onega","featurecla":"River","scalerank":7}},
{"type":"Feature","geometry":{"type":"LineString","coordinates":[[6.922,48.015],[6.817,47.963],[6.594,48.045],[6.393,48.306],[6.257,48.404],[6.295,48.504],[6.018,48.651],[6.136,48.772],[6.03,48.993],[6.206,49.177],[6.153,49.356],[6.346,49.452],[6.418,49.67],[6.589,49.708],[6.722,49.825],[7.06,49.921],[7.129,50.097],[7.449,50.233],[7.463,50.309],[7.521,50.315],[7.556,50.338],[7.569,50.371],[7.579,50.37],[7.606,50.364]]},"properties":{"name":"Mosel","featurecla":"River","scalerank":7}},
{"type":"Feature","geometry":{"type":"LineString","coordinates":[[73.694,19.005],[73.877,18.849],[73.988,18.683],[74.136,18.605],[74.246,18.665],[74.324,18.58],[74.778,18.401],[74.838,18.259],[75.089,18.216],[75.088,18.063],[75.188,17.943],[75.163,17.787],[75.448,17.667],[75.678,17.425],[75.937,17.326],[76.362,17.119],[76.906,17.043],[76.94,16.832],[77.141,16.709],[77.167,16.577],[77.285,16.415]]},"properties":{"name":"Bhima","featurecla":"River","scalerank":7}},
{"type":"Feature","geometry":{"type":"LineString","coordinates":[[88.592,27.695],[88.66,27.606],[88.544,27.524],[88.44,27.27],[88.533,27.154],[88.435,27.067],[88.509,26.858],[88.739,26.595],[88.775,26.46],[89.133,26.071],[89.167,25.954],[89.318,25.831],[89.468,25.773],[89.57,25.546],[89.697,25.433]]},"properties":{"name":"Tista","featurecla":"River","scalerank":7}},
{"type":"Feature","geometry":{"type":"LineString","coordinates":[[107.368,16.107],[107.249,16.23],[107.087,16.148],[106.874,15.86],[106.712,15.331],[106.87,15.052],[106.882,14.949],[106.797,14.821],[106.419,14.467],[106.333,14.448],[106.348,14.246],[106.429,14.181],[106.162,13.68],[106.032,13.571]]},"properties":{"name":"Kong","featurecla":"River","scalerank":7}},
{"type":"Feature","geometry":{"type":"LineString","coordinates":[[106.882,34.208],[106.758,34.147],[106.642,33.965],[106.313,33.796],[106.224,33.673],[106.022,33.515],[106.128,33.275],[106.052,33.205],[106.059,32.985],[105.915,32.881],[105.927,32.771],[105.805,32.396],[105.709,32.32],[105.702,32.046],[105.934,31.749],[106.021,31.4],[106.197,31.361],[106.271,31.282],[106.313,31.025],[106.08,30.761],[106.063,30.621],[106.269,30.305],[106.203,30.203],[106.31,30.086],[106.333,29.963],[106.509,29.782],[106.459,29.596],[106.587,29.586]]},"properties":{"name":"Jialing","featurecla":"River","scalerank":7}},
{"type":"Feature","geometry":{"type":"MultiLineString","coordinates":[[[115.708,25.057],[115.74,24.965],[115.474,24.494],[115.197,24.29],[115.233,24.11],[114.976,23.89],[114.72,23.769],[114.651,23.554],[114.687,23.473],[114.502,23.333],[114.594,23.193],[114.296,23.158],[114.112,23.058],[113.844,23.11]],[[114.636,23.736],[114.707,23.747]],[[113.844,23.111],[113.844,23.11]],[[113.844,23.11],[113.83,23.117]],[[113.844,23.11],[113.618,22.949]]]},"properties":{"name":"Dong","featurecla":"River","scalerank":7}},
{"type":"Feature","geometry":{"type":"MultiLineString","coordinates":[[[-145.825,66.611],[-145.827,66.611]],[[-145.827,66.611],[-145.833,66.611]],[[-145.827,66.611],[-146.735,66.513],[-147.584,66.283],[-148.226,66.26],[-148.612,66.125],[-149.235,65.982],[-149.355,65.875],[-149.787,65.921],[-149.862,65.648],[-150.185,65.541],[-150.661,65.498],[-151.509,65.232],[-151.713,65.25],[-152.046,65.166]],[[-152.046,65.166],[-152.423,65.115],[-152.76,65.206],[-153.082,65.187],[-153.259,65.103],[-153.564,65.135],[-154.313,64.923],[-154.67,64.94],[-155.193,64.86],[-155.492,64.75],[-155.72,64.768],[-156.694,64.644],[-157.057,64.815],[-157.913,64.858],[-158.277,64.66],[-158.504,64.441],[-158.694,64.361],[-158.634,64.213],[-158.764,64.017],[-159.21,63.857],[-159.496,63.514],[-159.432,63.408],[-159.727,63.233],[-159.761,63.068],[-160.047,62.9],[-160.173,62.558],[-160.036,62.458],[-159.946,62.25],[-159.724,62.205],[-160.164,61.936],[-160.954,61.938],[-161.292,61.853],[-161.428,61.649],[-161.975,61.586],[-161.967,61.686],[-162.191,61.923],[-162.999,61.9],[-163.257,62.031],[-163.286,62.045],[-163.406,62.057],[-163.469,62.082],[-163.849,62.097],[-163.971,62.225],[-163.853,62.378],[-163.948,62.564],[-164.178,62.712],[-164.482,62.745]],[[-152.046,65.166],[-152.048,65.165]],[[-152.041,65.165],[-152.046,65.166]],[[-138.432,62.811],[-138.651,62.877],[-139.496,63.014],[-139.581,63.206],[-139.432,63.294],[-139.715,63.464],[-139.765,63.68],[-139.689,63.985],[-139.452,64.09],[-139.61,64.254],[-140.519,64.403],[-140.702,64.618],[-141.067,64.714],[-141.416,65.101],[-142.012,65.322],[-143.377,65.361],[-143.66,65.449],[-143.811,65.59],[-144.119,65.723],[-144.005,65.874],[-144.194,66.024],[-144.811,66.309],[-144.895,66.412],[-145.359,66.584],[-145.51,66.58],[-145.827,66.611]],[[-138.402,62.801],[-138.432,62.811]],[[-138.402,62.801],[-138.432,62.811]],[[-138.398,62.801],[-138.402,62.801]],[[-163.309,62.044],[-163.286,61.979],[-163.218,61.905],[-163.303,61.834],[-163.663,61.782],[-164.089,61.888],[-164.231,61.785],[-164.807,61.76],[-164.766,61.629]],[[-134.916,61.568],[-134.855,61.649],[-135.015,61.933],[-135.78,62.027],[-136.39,62.158],[-136.342,62.315],[-136.733,62.473],[-136.904,62.609],[-137.485,62.819],[-138.148,62.83],[-138.402,62.801]]]},"properties":{"name":"Yukon","featurecla":"River","scalerank":3}},
{"type":"Feature","geometry":{"type":"LineString","coordinates":[[97.617,34.064],[97.346,33.942],[97.159,33.81],[97.252,33.458],[97.332,33.373],[97.84,33.377],[97.951,33.229],[98.158,33.17],[98.32,33.046],[98.392,32.905],[98.665,32.883],[98.862,32.753],[99.004,32.762],[99.096,32.65],[99.062,32.28],[99.282,32.265],[99.48,32.007],[99.636,31.897],[99.841,31.641],[100.061,31.596],[100.226,31.392],[100.31,31.128],[100.309,30.959],[100.164,30.857],[100.218,30.626],[100.463,30.444],[100.594,30.42],[100.75,30.226],[100.996,30.203],[101.003,29.981],[101.09,29.839],[101.072,29.712],[101.14,29.429],[101.043,29.332],[101.181,28.949],[101.175,28.796],[101.242,28.495],[101.386,28.281],[101.379,28.166],[101.487,28.063],[101.625,28.18],[101.763,28.565],[101.886,28.326],[101.772,28.077],[102.011,27.708],[101.961,27.366],[101.774,27.012],[101.725,26.848],[101.865,26.743],[101.796,26.605]]},"properties":{"name":"Yalong","featurecla":"River","scalerank":7}},
{"type":"Feature","geometry":{"type":"LineString","coordinates":[[80.941,31.392],[80.736,31.382],[80.632,31.472],[80.452,31.486],[80.293,31.77],[80.185,31.87],[80.043,32.146],[79.811,32.394],[79.701,32.45],[79.683,32.498]]},"properties":{"name":null,"featurecla":"River","scalerank":7}},
{"type":"Feature","geometry":{"type":"MultiLineString","coordinates":[[[113.797,2.709],[113.653,2.539],[113.217,2.317],[113.061,2.061],[112.991,2.021],[112.524,2.017],[112.187,2.075],[111.96,2.151],[111.815,2.292],[111.677,2.289]],[[111.678,2.292],[111.677,2.289]],[[111.677,2.289],[111.493,2.354]],[[111.677,2.289],[111.452,2.139],[111.378,2.162]]]},"properties":{"name":"Bajang","featurecla":"River","scalerank":7}},
{"type":"Feature","geometry":{"type":"MultiLineString","coordinates":[[[73.523,64.583],[73.524,64.678],[73.817,64.908],[74.003,64.958],[73.875,65.162],[73.322,65.264],[72.834,65.449],[72.515,65.694],[72.467,65.823],[72.055,65.949],[71.992,66.23]],[[71.563,63.541],[72.412,63.869],[72.813,63.966],[73.091,64.103],[73.516,64.583]]]},"properties":{"name":"Nadym","featurecla":"River","scalerank":7}},
{"type":"Feature","geometry":{"type":"LineString","coordinates":[[114.365,1.36],[114.206,1.025],[114.114,0.933],[114.123,0.809],[114.462,0.739],[114.732,0.881],[115.026,0.877],[115.03,0.763],[115.236,0.674],[115.426,0.424],[115.444,0.326],[115.557,0.219],[115.548,0.101],[115.631,-0.073],[115.776,-0.089],[115.79,-0.209],[115.886,-0.299],[116.07,-0.311],[116.221,-0.378],[116.435,-0.355],[116.688,-0.156],[116.775,-0.184],[116.859,-0.332],[117,-0.288],[117.032,-0.587],[117.16,-0.518],[117.274,-0.587],[117.441,-0.518]]},"properties":{"name":"Mahakam","featurecla":"River","scalerank":7}},
{"type":"Feature","geometry":{"type":"LineString","coordinates":[[138.22,-3.889],[138.584,-3.955],[138.714,-3.883],[138.866,-3.92],[138.979,-4.061],[139.081,-4.377],[139.228,-4.422],[139.377,-4.599],[139.305,-4.691],[139.341,-4.809],[139.288,-5.032],[138.877,-5.355],[138.856,-5.572],[138.729,-5.63],[138.5,-5.598],[138.363,-5.679]]},"properties":{"name":"Baliem","featurecla":"River","scalerank":7}},
{"type":"Feature","geometry":{"type":"LineString","coordinates":[[95.787,20.218],[96.121,20.156],[96.241,20.069],[96.232,19.787],[96.294,19.711],[96.28,19.478],[96.31,19.324],[96.411,19.197],[96.501,18.857],[96.455,18.693],[96.605,18.52],[96.699,18.196],[96.804,18.054],[96.902,17.657],[96.883,17.457]]},"properties":{"name":"Sittong","featurecla":"River","scalerank":7}},
{"type":"Feature","geometry":{"type":"LineString","coordinates":[[102.791,4.44],[102.58,4.512],[102.479,4.501],[102.397,4.374],[102.317,4.096],[102.418,3.945],[102.373,3.746],[102.433,3.5],[102.526,3.383],[102.608,3.507],[103.051,3.447],[103.255,3.544],[103.448,3.505]]},"properties":{"name":"Pahang","featurecla":"River","scalerank":7}},
{"type":"Feature","geometry":{"type":"MultiLineString","coordinates":[[[105.257,24.448],[105.408,24.376],[105.755,24.301],[106.021,24.111],[106.139,23.942],[106.412,23.981],[106.457,23.946]],[[106.457,23.946],[106.613,23.898],[106.674,23.793],[106.909,23.761],[106.967,23.657],[107.244,23.584],[107.881,23.034],[108.04,22.962],[108.092,22.844]],[[106.457,23.939],[106.457,23.946]]]},"properties":{"name":"You","featurecla":"River","scalerank":7}},
{"type":"Feature","geometry":{"type":"LineString","coordinates":[[72.907,22.279],[73.04,22.307],[73.09,22.491],[73.245,22.663],[73.244,22.759],[73.371,22.83],[73.436,23.033],[73.692,23.26],[73.913,23.335],[74.104,23.619],[74.137,23.774],[74.453,23.914],[74.55,23.757],[74.527,23.539],[74.698,23.349],[74.812,23.135],[75.005,23.102],[74.973,22.73]]},"properties":{"name":"Mahi","featurecla":"River","scalerank":7}},
{"type":"Feature","geometry":{"type":"LineString","coordinates":[[141.926,-34.117],[141.748,-34.103],[141.568,-34.214],[141.241,-34.076],[141.045,-34.062],[140.942,-33.989],[140.83,-34.069],[140.727,-34.256],[140.609,-34.298],[140.573,-34.452],[140.412,-34.375],[140.363,-34.194],[140.113,-34.191],[139.7,-34.023],[139.583,-34.5],[139.61,-34.634],[139.549,-34.805],[139.261,-34.966],[139.375,-35.026],[139.315,-35.186],[139.441,-35.238],[139.363,-35.377]]},"properties":{"name":"Murray","featurecla":"River","scalerank":3}},
{"type":"Feature","geometry":{"type":"LineString","coordinates":[[78.131,21.701],[77.997,21.684],[77.808,21.733],[77.729,21.821],[77.312,21.808],[77.178,21.729],[76.844,21.613],[76.673,21.453],[76.343,21.4],[76,21.102],[75.771,21.063],[75.44,21.17],[75.24,21.15],[75.014,21.186],[74.681,21.4],[74.405,21.444],[74.314,21.517],[73.941,21.474],[73.727,21.325],[73.679,21.245],[73.388,21.28],[73.198,21.228],[72.982,21.305],[72.729,21.148]]},"properties":{"name":"Tapi","featurecla":"River","scalerank":7}},
{"type":"Feature","geometry":{"type":"LineString","coordinates":[[83.903,23.198],[83.988,23.056],[84.176,23],[84.217,23.113],[84.381,22.98],[84.414,22.627],[84.34,22.454],[84.512,22.325],[84.668,22.265]]},"properties":{"name":"Sankh","featurecla":"River","scalerank":7}},
{"type":"Feature","geometry":{"type":"LineString","coordinates":[[112.529,25.317],[112.722,25.367],[113.017,25.282],[113.292,25.162],[113.542,24.878],[113.523,24.632],[113.581,24.543],[113.414,24.3],[113.4,24.114],[113.292,24.033],[113.203,23.737],[113.001,23.687],[112.895,23.458],[112.819,23.153]]},"properties":{"name":"Bei","featurecla":"River","scalerank":7}},
{"type":"Feature","geometry":{"type":"LineString","coordinates":[[134.316,43.649],[134.155,43.598],[133.847,43.747],[133.932,43.916],[133.831,44.088],[133.829,44.241],[134.063,44.431],[134.131,44.597],[133.967,44.682],[133.772,44.675],[133.586,44.847],[133.511,45.08],[133.586,45.227],[133.388,45.471],[133.415,45.573]]},"properties":{"name":"Ussuri","featurecla":"River","scalerank":7}},
{"type":"Feature","geometry":{"type":"LineString","coordinates":[[24.584,48.292],[24.553,48.444],[24.641,48.542],[24.929,48.578],[25.049,48.494],[25.551,48.449],[26.074,48.25],[26.33,48.209],[26.665,48.274],[26.804,48.259],[27.047,48.123],[27.271,47.715],[27.563,47.469],[27.806,47.145],[28.037,47.017],[28.233,46.663],[28.246,46.428],[28.086,46.001],[28.155,45.762],[28.14,45.56],[28.212,45.45]]},"properties":{"name":"Prut","featurecla":"River","scalerank":7}},
{"type":"Feature","geometry":{"type":"LineString","coordinates":[[128.879,37.405],[128.683,37.464],[128.529,37.114],[128.325,36.97],[128.178,37.007],[128.047,36.953],[127.834,37.086],[127.554,37.362],[127.488,37.482],[127.183,37.58]]},"properties":{"name":"Namhan","featurecla":"River","scalerank":7}},
{"type":"Feature","geometry":{"type":"LineString","coordinates":[[106.46,69.361],[106.775,69.308],[107.033,69.426],[107.491,69.441],[108.335,69.408],[109.04,69.448],[109.851,69.565],[110.904,69.784],[110.96,69.931],[111.477,70.024],[112.234,69.901],[112.757,69.91],[112.332,70.514],[112.548,70.739]]},"properties":{"name":"Bol’shaya Kuonamka","featurecla":"River","scalerank":7}},
{"type":"Feature","geometry":{"type":"LineString","coordinates":[[42.073,43.243],[41.998,43.41],[42.118,43.634],[41.918,43.696],[41.906,43.983],[42.047,44.231],[41.945,44.403],[41.936,44.603],[41.737,44.853],[41.421,44.842],[41.163,44.993],[41.015,45.198],[41.008,45.385],[40.664,45.431],[40.471,45.377],[40.04,45.326],[39.906,45.231],[39.612,45.193],[39.324,45.001],[39.042,44.966],[38.921,45.017],[38.358,45.125],[38.225,45.174],[38.019,45.132],[37.584,45.132],[37.421,45.185],[37.382,45.308]]},"properties":{"name":"Kuban","featurecla":"River","scalerank":7}},
{"type":"Feature","geometry":{"type":"LineString","coordinates":[[28.131,-28.729],[28.018,-28.857],[27.747,-28.909],[27.664,-29.066],[27.453,-29.292],[27.417,-29.396],[27.241,-29.549],[27.014,-29.625],[26.856,-29.868],[26.85,-30.006],[26.69,-30.195],[26.751,-30.233],[26.407,-30.416],[26.128,-30.446],[26.06,-30.514]]},"properties":{"name":"Caledon","featurecla":"River","scalerank":7}},
{"type":"Feature","geometry":{"type":"LineString","coordinates":[[38.803,6.941],[39.404,7.161],[39.495,7.335],[39.65,7.472],[39.747,7.43],[39.917,7.493],[40.123,7.421],[40.527,7.664],[40.767,7.929],[40.959,7.966],[41.188,8.127],[41.483,8.137],[41.617,7.888],[41.624,7.75],[41.748,7.587],[42.055,7.513],[42.176,7.408],[42.227,7.223],[42.178,7.034],[42.076,6.859],[42.014,6.643],[42.281,6.328],[42.422,6.286],[42.723,6.266],[42.818,6.162],[43.273,5.955],[43.476,5.965],[43.688,5.866],[43.918,5.694],[44.263,5.598],[44.422,5.474],[44.529,5.464],[44.611,5.327],[44.735,5.245],[44.855,5.073],[45.008,4.964]]},"properties":{"name":"Shebele","featurecla":"River","scalerank":7}},
{"type":"Feature","geometry":{"type":"MultiLineString","coordinates":[[[79.841,30.888],[79.875,30.689],[79.738,30.524],[79.523,30.564],[79.269,30.304],[79.001,30.306],[78.687,30.24],[78.579,30.098],[78.463,30.073],[78.32,30.141],[78.164,29.95],[78.189,29.707],[78.019,29.619],[77.992,29.531],[78.117,29.251],[78.08,29.141],[78.096,28.828],[78.265,28.489],[78.29,28.307],[78.463,28.106],[78.614,27.996],[78.877,27.922],[78.957,27.838],[79.156,27.818],[79.204,27.691],[79.41,27.647],[79.558,27.531],[79.698,27.242],[79.912,27.148],[80.108,26.874],[80.128,26.762],[80.245,26.682],[80.297,26.549],[80.51,26.381],[80.598,26.175],[80.853,26.058],[80.962,26.077],[81.204,25.939],[81.393,25.772],[81.383,25.682],[81.705,25.495],[81.886,25.513],[81.938,25.345],[82.383,25.262],[82.527,25.159],[82.637,25.22],[82.779,25.125],[83.02,25.228],[83.135,25.326],[83.123,25.452],[83.491,25.517],[83.693,25.615],[83.772,25.517],[83.898,25.524],[84.143,25.736],[84.272,25.693],[84.373,25.765],[84.499,25.699],[85.086,25.721],[85.183,25.638],[85.388,25.508],[85.515,25.585],[85.652,25.463],[85.831,25.505],[86.039,25.33],[86.306,25.293],[86.591,25.461],[86.611,25.304],[86.694,25.256],[86.89,25.35],[87.16,25.228],[87.351,25.399],[87.512,25.382],[87.599,25.267],[87.784,25.214],[87.781,25.09],[87.954,24.988],[87.907,24.861],[87.948,24.796],[87.959,24.717],[88.133,24.482],[88.308,24.486],[88.444,24.351],[88.681,24.334],[88.751,24.153],[88.931,24.172],[89.089,23.977]],[[87.938,24.806],[87.92,24.727],[87.941,24.619],[88.156,24.372],[88.252,24.312],[88.257,24.141],[88.195,24.001],[88.228,23.756],[88.163,23.624],[88.368,23.512],[88.343,23.341],[88.444,23.217],[88.495,23.049],[88.407,22.946]],[[88.429,24.356],[88.649,24.067],[88.633,23.988],[88.853,23.925],[88.87,23.7],[88.736,23.58],[88.835,23.43],[89.023,23.357],[89.041,23.174],[89.129,22.838],[89.256,22.737],[89.293,22.6]],[[89.088,23.978],[89.089,23.977]],[[89.089,23.977],[89.321,23.93],[89.556,23.815],[89.749,23.848]],[[89.089,23.977],[89.353,23.672],[89.421,23.674],[89.599,23.473],[89.698,23.097],[89.943,22.857],[90.024,22.651],[90.01,22.49]],[[90.087,23.579],[90.071,23.504],[90.112,23.439],[90.145,23.237],[90.213,23.191]],[[90.213,23.191],[90.319,23.106],[90.394,22.775]],[[88.407,22.946],[88.537,22.98],[88.739,22.935],[88.849,22.83],[88.93,22.659],[89.062,22.212],[89.06,22.131]],[[88.407,22.946],[88.348,22.788],[88.342,22.576],[88.126,22.456],[88.071,22.235]],[[88.406,22.946],[88.407,22.946]],[[89.293,22.6],[89.251,22.553],[89.275,22.313],[89.387,22.087],[89.352,21.972]],[[89.293,22.6],[89.293,22.598]],[[89.476,22.295],[89.426,22.534],[89.293,22.6]]]},"properties":{"name":"Ganges","featurecla":"River","scalerank":3}},
{"type":"Feature","geometry":{"type":"LineString","coordinates":[[31.482,-29.217],[31.288,-29.15],[30.952,-28.796],[30.761,-28.729],[30.172,-28.747],[29.991,-28.643],[29.678,-28.749],[29.597,-28.659],[29.445,-28.661],[29.265,-28.763],[29.123,-28.643],[29.005,-28.659]]},"properties":{"name":"Tugela","featurecla":"River","scalerank":7}},
{"type":"Feature","geometry":{"type":"LineString","coordinates":[[77.573,13.407],[77.463,13.825],[77.266,14.669],[77.328,14.867],[77.62,14.952],[77.781,14.899],[77.931,14.964],[78.241,14.804],[78.345,14.862],[78.689,14.613],[78.929,14.469],[79.15,14.426],[79.45,14.568],[79.735,14.588],[79.848,14.493],[80.016,14.478],[80.149,14.565]]},"properties":{"name":"Penner","featurecla":"River","scalerank":7}},
{"type":"Feature","geometry":{"type":"LineString","coordinates":[[-2.386,40.04],[-2.463,40.016],[-2.625,39.769],[-2.563,39.646],[-2.577,39.371],[-2.824,39.379],[-3.165,39.317]]},"properties":{"name":"Zncara","featurecla":"River","scalerank":7}},
{"type":"Feature","geometry":{"type":"LineString","coordinates":[[10.978,50.487],[10.875,50.412],[10.418,50.543],[10.29,50.803],[9.976,50.864],[10.11,51.011],[10.29,51.097],[9.993,51.227],[9.95,51.323],[9.642,51.425],[9.587,51.589],[9.404,51.637],[9.382,51.776],[9.515,51.983],[9.264,52.161],[8.898,52.172],[8.929,52.327],[9.194,52.646],[9.19,52.95],[8.873,53.036],[8.484,53.245],[8.504,53.358]]},"properties":{"name":"Weser","featurecla":"River","scalerank":7}},
{"type":"Feature","geometry":{"type":"MultiLineString","coordinates":[[[-122.165,43.083],[-122.372,43.043],[-122.498,42.755],[-122.804,42.638],[-122.878,42.457],[-123.433,42.448],[-123.472,42.535],[-123.854,42.747],[-124.131,42.557]],[[-124.131,42.557],[-124.423,42.428]]]},"properties":{"name":"Rogue","featurecla":"River","scalerank":7}},
{"type":"Feature","geometry":{"type":"MultiLineString","coordinates":[[[-124.069,40.479],[-124.176,40.625],[-124.306,40.637]],[[-122.855,39.334],[-122.96,39.424],[-123.106,39.4],[-123.26,39.56],[-123.457,39.933],[-123.507,40.109],[-123.718,40.312],[-123.901,40.36],[-124.069,40.48]]]},"properties":{"name":"Eel","featurecla":"River","scalerank":7}},
{"type":"Feature","geometry":{"type":"LineString","coordinates":[[-119.668,38.378],[-119.727,38.441],[-119.916,38.372],[-120.054,38.223],[-120.295,38.195],[-120.461,38.064],[-120.645,37.846],[-121.09,37.757],[-121.152,37.72],[-121.197,37.706],[-121.234,37.68]]},"properties":{"name":"Stanislaus","featurecla":"River","scalerank":7}},
{"type":"Feature","geometry":{"type":"MultiLineString","coordinates":[[[16.076,66.81],[16.303,66.625]],[[21.12,64.726],[20.663,64.735],[20.252,64.814],[20.096,64.921],[19.729,65.008],[19.231,65.262],[18.25,65.531],[18.135,65.724],[17.87,65.946],[17.856,66.103],[17.474,66.281],[17.017,66.428],[16.439,66.482],[16.303,66.625]]]},"properties":{"name":"Skelleftelven","featurecla":"River","scalerank":7}},
{"type":"Feature","geometry":{"type":"LineString","coordinates":[[-71.199,-46.569],[-71.034,-46.543],[-70.704,-46.597],[-70.533,-46.519],[-70.262,-46.582],[-70.022,-46.528],[-69.534,-46.76],[-69.199,-46.738],[-68.965,-46.679],[-68.569,-46.703],[-68.216,-46.804],[-67.976,-47.041],[-67.808,-47.101],[-67.37,-47.127],[-67.184,-47.246],[-67.065,-47.45],[-67.075,-47.57],[-66.878,-47.691],[-66.712,-47.701],[-66.609,-47.825],[-66.384,-47.865]]},"properties":{"name":"Deseado","featurecla":"River","scalerank":7}},
{"type":"Feature","geometry":{"type":"LineString","coordinates":[[-96.787,45.535],[-96.708,45.421],[-96.459,45.3],[-96.109,45.182],[-95.532,44.767],[-94.628,44.394],[-94.423,44.285],[-94.073,44.162],[-93.951,44.361],[-93.909,44.59],[-93.641,44.71],[-93.597,44.791],[-93.322,44.798],[-93.174,44.901]]},"properties":{"name":"Minnesota","featurecla":"River","scalerank":7}},
{"type":"Feature","geometry":{"type":"LineString","coordinates":[[72.782,34.623],[72.837,34.481],[72.833,34.168],[72.707,34.086]]},"properties":{"name":"Indus","featurecla":"Lake Centerline","scalerank":3}},
{"type":"Feature","geometry":{"type":"MultiLineString","coordinates":[[[72.707,34.086],[72.633,34.014],[72.431,34.011],[72.24,33.938],[72.234,33.766],[72.022,33.746],[71.953,33.526],[71.741,33.376],[71.718,33.029],[71.462,32.898],[71.331,32.656],[71.347,32.432],[71.229,32.182],[70.993,31.898],[70.791,31.426],[70.768,31.264],[70.836,30.978],[70.752,30.789],[70.849,30.503],[70.774,30.316],[70.844,29.9],[70.659,29.661],[70.645,29.546],[70.72,29.4],[70.648,29.215],[70.66,29.059],[70.476,28.923],[70.374,28.915],[70.157,28.745],[70.029,28.598],[69.781,28.52],[69.585,28.259],[69.411,28.226],[69.145,28.063],[68.917,27.974],[68.95,27.868],[68.791,27.667],[68.647,27.711],[68.45,27.677],[68.291,27.557],[68.327,27.374],[68.153,27.301],[68.182,27.202],[68.041,27.013],[67.908,26.947],[67.881,26.633],[67.926,26.574],[67.89,26.386],[67.939,26.269],[68.124,26.152],[68.271,25.903],[68.391,25.827],[68.426,25.661],[68.311,25.409],[68.274,24.993],[68.181,24.998],[67.97,24.656],[67.974,24.464],[67.664,24.106]],[[79.437,32.738],[79.309,32.928],[79.182,32.989],[78.955,33.201],[78.711,33.165],[78.434,33.282],[78.152,33.469],[78.15,33.567],[77.858,33.78],[77.66,34.029],[76.843,34.33],[76.584,34.563],[76.301,34.681],[76.19,34.83],[76.225,34.931],[75.922,35.166],[75.843,35.341],[75.636,35.314],[75.38,35.472],[75.323,35.586],[75.105,35.603],[74.872,35.712],[74.611,35.671],[74.632,35.527],[74.426,35.424],[74.207,35.405],[73.911,35.494],[73.44,35.562],[73.323,35.548],[73.269,35.26],[72.928,35.035],[72.782,34.623]],[[79.735,32.444],[79.676,32.512],[79.43,32.745]],[[67.664,24.106],[67.661,24.108]],[[67.664,24.106],[67.532,24.06]],[[67.713,24.066],[67.664,24.106]],[[67.713,24.066],[67.76,24.053]],[[67.926,23.982],[67.927,23.985]],[[68.025,23.934],[67.956,23.999]],[[67.651,23.931],[67.713,24.066]],[[67.858,23.909],[67.926,23.982]]]},"properties":{"name":"Indus","featurecla":"River","scalerank":3}},
{"type":"Feature","geometry":{"type":"LineString","coordinates":[[-81.952,49.719],[-82.138,49.909],[-82.171,50.236],[-81.757,50.425],[-81.54,50.569],[-81.475,50.727]]},"properties":{"name":"Mattagami","featurecla":"River","scalerank":7}},
{"type":"Feature","geometry":{"type":"LineString","coordinates":[[-82.213,48.656],[-82.231,48.847],[-82.027,49.143],[-82.048,49.298],[-81.934,49.553],[-81.952,49.726]]},"properties":{"name":"Groundhog","featurecla":"River","scalerank":7}},
{"type":"Feature","geometry":{"type":"LineString","coordinates":[[-88.235,49.438],[-88.359,49.255],[-88.263,48.993]]},"properties":{"name":null,"featurecla":"River","scalerank":7}},
{"type":"Feature","geometry":{"type":"LineString","coordinates":[[13.129,1.178],[13.059,1.043],[12.834,0.467],[12.529,0.245],[12.437,0.258],[12.249,-0.077],[12.155,-0.125]]},"properties":{"name":"Ivindo","featurecla":"River","scalerank":7}},
{"type":"Feature","geometry":{"type":"LineString","coordinates":[[37.272,-9.09],[37.369,-8.499],[37.628,-8.187],[37.887,-7.805],[38.2,-7.805],[38.577,-7.878],[38.81,-7.997],[39.007,-8.001],[39.211,-8.049],[39.31,-7.952],[39.253,-7.823]]},"properties":{"name":"Rufiji","featurecla":"River","scalerank":7}},
{"type":"Feature","geometry":{"type":"LineString","coordinates":[[115.829,51.722],[115.851,51.718],[115.871,51.722],[115.889,51.735],[115.91,51.795],[115.978,51.826],[116.225,51.88],[116.473,51.871],[117.243,52.088],[117.716,52.258],[118.536,52.382],[118.78,52.699],[119.168,53.069],[119.477,53.191],[119.789,53.419],[120.078,53.489],[120.349,53.442],[120.888,53.513],[121.286,53.488],[121.377,53.416],[121.402,53.352],[121.443,53.346],[121.461,53.338],[121.478,53.324]]},"properties":{"name":"Shilka","featurecla":"River","scalerank":7}},
{"type":"Feature","geometry":{"type":"LineString","coordinates":[[20.811,67.79],[21.014,67.731],[21.764,67.674],[22.586,67.409],[22.732,67.267],[23.297,67.249],[23.573,67.173],[24.001,66.813],[23.881,66.564],[23.642,66.437],[23.724,66.207],[24.019,66.049],[24.163,65.823]]},"properties":{"name":"Tornelven","featurecla":"River","scalerank":7}},
{"type":"Feature","geometry":{"type":"LineString","coordinates":[[-74.146,56.826],[-73.649,56.758],[-73.115,56.832],[-72.147,57.012],[-72.049,57.135],[-71.767,57.234],[-71.475,57.207],[-71.202,57.239],[-70.551,57.452],[-70.444,57.583],[-69.89,57.574],[-69.667,57.68],[-69.475,57.683]]},"properties":{"name":"Mlzes","featurecla":"River","scalerank":7}},
{"type":"Feature","geometry":{"type":"LineString","coordinates":[[-55.002,4.978],[-54.983,5.109],[-55.083,5.166],[-55.003,5.38],[-55.125,5.824]]},"properties":{"name":"Suriname","featurecla":"River","scalerank":7}},
{"type":"Feature","geometry":{"type":"LineString","coordinates":[[-57.652,3.487],[-57.831,3.663],[-57.855,3.767],[-58.033,3.988],[-58.068,4.151],[-57.966,4.282],[-57.953,4.41],[-57.838,4.651],[-57.919,4.83],[-57.721,4.99],[-57.316,5.026],[-57.29,5.171],[-57.325,5.339],[-57.248,5.485]]},"properties":{"name":"Corantijn","featurecla":"River","scalerank":7}},
{"type":"Feature","geometry":{"type":"LineString","coordinates":[[-79.043,35.604],[-78.676,35.28],[-78.844,35.121],[-78.793,34.766],[-78.44,34.55],[-78.204,34.355],[-78.045,34.327],[-77.963,34.184]]},"properties":{"name":"Cape Fear","featurecla":"River","scalerank":7}},
{"type":"Feature","geometry":{"type":"LineString","coordinates":[[37.682,-0.778],[37.74,-0.786]]},"properties":{"name":null,"featurecla":"River","scalerank":7}},
{"type":"Feature","geometry":{"type":"LineString","coordinates":[[120.587,31.128],[120.879,31.317],[121.385,31.219],[121.531,31.254],[121.512,31.388]]},"properties":{"name":null,"featurecla":"River","scalerank":7}},
{"type":"Feature","geometry":{"type":"LineString","coordinates":[[21.69,-33.223],[21.604,-33.495],[21.684,-33.571],[21.745,-33.783],[21.638,-34.002],[21.778,-34.258],[21.878,-34.344]]},"properties":{"name":"Gourits","featurecla":"River","scalerank":7}},
{"type":"Feature","geometry":{"type":"LineString","coordinates":[[-67.225,-18.129],[-67.44,-17.851],[-67.531,-17.607],[-67.622,-17.561],[-67.876,-17.546],[-68.15,-17.457],[-68.222,-17.492],[-68.496,-17.487],[-68.746,-17.184],[-68.852,-17.011],[-68.773,-16.957],[-68.965,-16.805],[-69.038,-16.55]]},"properties":{"name":null,"featurecla":"River","scalerank":7}},
{"type":"Feature","geometry":{"type":"MultiLineString","coordinates":[[[-124.589,54.085],[-124.347,54.135],[-124.064,54.03],[-123.643,53.975]],[[-123.643,53.975],[-123.491,53.998],[-123.065,53.861],[-122.878,53.974],[-122.71,53.928]],[[-123.643,53.975],[-123.636,53.968]],[[-124.891,53.563],[-124.925,53.647],[-124.605,53.788],[-124.47,53.916],[-124.603,54.085]]]},"properties":{"name":"Nechako","featurecla":"River","scalerank":7}},
{"type":"Feature","geometry":{"type":"LineString","coordinates":[[88.016,70.088],[88.098,70.239],[88.45,70.277],[88.927,70.554],[89.721,70.793],[89.873,70.894],[89.729,71.119],[89.215,71.203],[89.111,71.363],[89.56,71.677],[90.005,71.724],[90.111,72.015],[90.607,72.285],[91.648,72.576],[91.36,72.697],[90.977,73.228],[90.724,73.28],[90.017,73.184],[89.546,73.244],[88.952,73.183],[88.423,73.193],[88.291,73.107],[87.639,73.005],[86.906,72.95],[86.782,72.998]]},"properties":{"name":"Pyasina","featurecla":"River","scalerank":7}},
{"type":"Feature","geometry":{"type":"LineString","coordinates":[[-71.476,66.595],[-72.077,66.691],[-72.949,66.735]]},"properties":{"name":null,"featurecla":"River","scalerank":7}},
{"type":"Feature","geometry":{"type":"LineString","coordinates":[[15.496,7.769],[15.641,7.754],[15.75,7.833],[15.844,8.055],[15.868,8.413],[16.145,8.597],[16.365,8.649],[16.513,8.753],[16.597,8.881],[16.307,9.324],[16.219,9.529],[15.823,9.755],[15.803,9.877],[15.536,10.081],[15.301,10.312],[15.065,10.793],[15.021,11.183],[15.06,11.416],[15.135,11.531],[15.068,11.7],[15.11,11.783],[15.049,12.085]]},"properties":{"name":"Logone","featurecla":"River","scalerank":7}},
{"type":"Feature","geometry":{"type":"LineString","coordinates":[[11.908,1.577],[11.728,1.464],[11.388,1.464],[10.976,1.57],[10.575,1.587],[10.61,1.83],[10.512,1.921],[10.367,1.934],[9.905,1.516],[9.745,1.6]]},"properties":{"name":"Mbini","featurecla":"River","scalerank":7}},
{"type":"Feature","geometry":{"type":"LineString","coordinates":[[-54.051,3.635],[-54.356,4.067],[-54.411,4.209],[-54.451,4.484],[-54.436,4.71],[-54.483,4.913],[-54.431,5.054],[-54.27,5.269],[-54.171,5.348]]},"properties":{"name":"Maroni","featurecla":"River","scalerank":7}},
{"type":"Feature","geometry":{"type":"LineString","coordinates":[[-73.66,54.935],[-73.975,54.869],[-74.612,54.893],[-75.06,55.025],[-75.271,55.131],[-75.704,55.045],[-76.187,55.064],[-76.821,55.346],[-77.189,55.184],[-77.607,55.297],[-77.782,55.274]]},"properties":{"name":"Grande Rivire de la Baleine","featurecla":"River","scalerank":7}},
{"type":"Feature","geometry":{"type":"LineString","coordinates":[[-72.233,52.526],[-72.457,52.519],[-72.831,52.319],[-72.906,52.227],[-73.177,52.095],[-73.777,51.924],[-74.29,51.96],[-74.604,52.188],[-74.897,52.142],[-75.354,52.15],[-75.702,52.077],[-75.949,52.1],[-76.052,52.2],[-76.292,52.272],[-76.775,52.218],[-77.112,52.335],[-77.841,52.197],[-78.046,52.252],[-78.406,52.244]]},"properties":{"name":"Eastmain","featurecla":"River","scalerank":7}},
{"type":"Feature","geometry":{"type":"LineString","coordinates":[[-82.574,31.995],[-82.143,31.902],[-81.726,31.6],[-81.603,31.424],[-81.492,31.368]]},"properties":{"name":"Altamaha","featurecla":"River","scalerank":7}},
{"type":"Feature","geometry":{"type":"LineString","coordinates":[[-96.399,18.235],[-96.278,18.271],[-96.17,18.16],[-95.714,18.38],[-95.732,18.46],[-95.639,18.703]]},"properties":{"name":"Papaloapan","featurecla":"River","scalerank":7}},
{"type":"Feature","geometry":{"type":"LineString","coordinates":[[-64.729,55.994],[-64.628,56.031]]},"properties":{"name":null,"featurecla":"River","scalerank":7}},
{"type":"Feature","geometry":{"type":"LineString","coordinates":[[-140.005,62.619],[-139.483,62.562],[-139.443,62.321],[-139.84,62.233],[-139.918,62.159],[-139.85,61.948],[-139.524,61.882],[-139.303,61.557],[-139.007,61.414]]},"properties":{"name":"Donjek","featurecla":"River","scalerank":7}},
{"type":"Feature","geometry":{"type":"LineString","coordinates":[[10.69,45.45],[10.779,45.169],[10.865,45.115],[10.927,45.104],[10.956,45.091],[10.978,45.073]]},"properties":{"name":"Mincio","featurecla":"River","scalerank":7}},
{"type":"Feature","geometry":{"type":"MultiLineString","coordinates":[[[90.64,22.953],[90.589,22.962]],[[90.463,22.823],[90.544,22.782]],[[90.662,22.804],[90.582,22.788]],[[90.67,22.473],[90.683,22.392]],[[90.716,22.452],[90.86,22.342]]]},"properties":{"name":null,"featurecla":"River","scalerank":7}},
{"type":"Feature","geometry":{"type":"LineString","coordinates":[[108.092,22.844],[108.485,22.782],[108.568,22.847],[108.873,22.881],[108.898,22.733]]},"properties":{"name":"Yong","featurecla":"River","scalerank":7}},
{"type":"Feature","geometry":{"type":"MultiLineString","coordinates":[[[-3.98,15.281],[-4.229,15.393],[-4.304,15.507]],[[4.626,9.865],[4.528,10.141],[4.502,10.335],[4.57,10.533],[4.657,10.609]]]},"properties":{"name":"Niger","featurecla":"Lake Centerline","scalerank":3}},
{"type":"Feature","geometry":{"type":"MultiLineString","coordinates":[[[-3.222,16.4],[-3.119,16.464],[-3.045,16.661],[-2.302,16.795],[-2.235,16.842],[-2.053,16.821],[-2.013,16.878],[-1.548,17.025],[-1.389,17.009],[-1.099,17.065],[-1.035,16.994],[-0.803,17.014],[-0.637,16.925],[-0.385,16.964],[-0.209,16.578],[-0.132,16.523],[-0.054,16.25],[0.073,16.118],[0.19,15.921],[0.365,15.756],[0.466,15.726],[0.486,15.538],[0.734,15.429],[0.649,15.075],[0.684,14.958],[0.856,14.894],[0.91,14.696],[1.131,14.432],[1.302,14.277],[1.439,14.229],[1.542,13.887],[1.73,13.683],[2.08,13.523],[2.198,13.366],[2.361,13.246],[2.378,12.876],[2.462,12.795],[2.502,12.571],[2.684,12.511],[2.844,12.399],[3.255,12.019],[3.292,11.919],[3.503,11.83],[3.643,11.637],[3.837,11.576],[4.079,11.455],[4.124,11.375],[4.177,11.345],[4.295,11.197],[4.574,11.1],[4.721,10.914],[4.689,10.646],[4.656,10.607]],[[-3.222,16.4],[-3.204,16.252],[-3.342,16.07],[-3.466,16.074]],[[-3.466,16.074],[-3.457,16.161]],[[-3.466,16.074],[-3.706,15.861],[-3.717,15.689],[-3.878,15.529],[-3.804,15.413],[-3.983,15.311]],[[-4.304,15.507],[-4.351,15.632],[-4.219,15.756],[-4.174,15.902],[-4.03,15.863],[-3.756,16.108],[-3.489,16.128],[-3.453,16.17],[-3.399,16.201],[-3.402,16.259],[-3.325,16.257],[-3.222,16.4]],[[-4.233,15.233],[-4.469,14.948],[-4.613,14.912],[-4.683,14.739],[-4.672,14.567],[-4.922,14.172]],[[-9.382,11.003],[-9.223,11.073],[-9.096,11.199],[-9.152,11.409],[-8.986,11.419],[-8.799,11.536],[-8.706,11.684],[-8.495,11.816],[-8.336,12.023],[-8.305,12.125],[-8.119,12.301],[-8.038,12.606],[-7.773,12.641],[-7.68,12.784],[-7.569,12.842],[-7.361,13.051],[-7.015,13.257],[-6.906,13.359],[-6.618,13.392],[-6.432,13.371],[-6.172,13.522],[-6.079,13.71],[-5.893,13.672],[-5.486,13.961],[-5.278,13.985],[-5.138,14.114],[-4.55,14.273],[-4.486,14.234],[-4.348,14.425],[-4.222,14.49],[-4.096,14.833],[-3.934,14.932],[-3.899,15.062],[-3.975,15.137],[-3.979,15.281]],[[4.626,9.865],[4.65,9.719],[4.572,9.586],[4.622,9.341],[4.743,9.275],[4.799,9.14],[4.979,9.2],[5.15,9.113],[5.197,9.017],[5.538,8.929],[5.791,8.746],[6.092,8.759],[6.371,8.681],[6.465,8.432],[6.572,8.354],[6.776,8.063],[6.798,7.937],[6.725,7.648],[6.696,7.239],[6.719,7.149],[6.649,6.844],[6.651,6.663],[6.737,6.233],[6.685,5.906],[6.626,5.819],[6.552,5.514],[6.479,5.362],[6.35,5.343],[6.215,5.194],[6.023,5.108],[5.916,5.188],[5.496,5.142]],[[-10.732,9.09],[-10.643,9.175],[-10.556,9.441],[-10.65,9.55],[-10.635,9.796],[-10.758,10.004],[-10.826,10.225],[-10.628,10.336],[-10.409,10.529],[-10.238,10.512],[-9.873,10.654],[-9.605,10.676],[-9.491,10.817],[-9.461,10.964],[-9.382,11.003]],[[6.565,5.54],[6.617,5.329],[6.49,5.202],[6.434,4.997],[6.529,4.987],[6.736,4.608]],[[6.503,5.382],[6.253,5.096],[6.257,4.95]],[[6.257,4.951],[6.257,4.95]],[[6.257,4.95],[6.236,4.498]],[[6.257,4.95],[6.109,4.842],[6.055,4.42]]]},"properties":{"name":"Niger","featurecla":"River","scalerank":3}},
{"type":"Feature","geometry":{"type":"MultiLineString","coordinates":[[[32.241,1.666],[32.475,1.552]],[[32.545,1.522],[32.624,1.441],[32.826,1.41],[32.893,1.311]],[[33.187,0.428],[33.192,0.299],[33.078,0.091],[33.014,-0.147],[32.837,-0.48],[32.467,-0.74],[31.999,-0.886],[31.768,-0.936]]]},"properties":{"name":"Victoria Nile","featurecla":"Lake Centerline","scalerank":1}},
{"type":"Feature","geometry":{"type":"MultiLineString","coordinates":[[[31.366,2.193],[31.546,2.278],[31.661,2.267],[31.92,2.36],[32.18,2.231],[32.277,2.249],[32.352,2.031],[32.342,1.868],[32.163,1.778],[32.241,1.666]],[[32.475,1.552],[32.545,1.522]],[[32.893,1.311],[32.961,1.182],[32.966,0.911],[33.046,0.756],[33.085,0.562],[33.187,0.428]]]},"properties":{"name":"Victoria Nile","featurecla":"River","scalerank":1}},
{"type":"Feature","geometry":{"type":"LineString","coordinates":[[84.668,22.265],[84.773,22.252],[84.863,22.098],[84.872,21.869],[84.97,21.833],[85.01,21.604],[84.94,21.44],[85.128,21.108],[85.23,21.03],[85.245,20.907],[85.355,20.796],[85.552,20.741],[85.812,20.887],[86.131,20.874],[86.444,20.683],[86.711,20.678],[86.749,20.611],[86.94,20.698]]},"properties":{"name":"Brahmani","featurecla":"River","scalerank":7}},
{"type":"Feature","geometry":{"type":"MultiLineString","coordinates":[[[144.416,-3.902],[144.297,-3.802]],[[144.416,-3.902],[144.538,-3.848]],[[141.846,-5.206],[141.596,-5.162],[141.481,-4.919],[141.209,-4.808],[140.944,-4.516],[140.916,-4.417],[141.013,-4.271],[141.007,-4.155],[141.159,-4.094],[141.221,-3.979],[141.394,-3.922],[141.597,-4.007],[141.796,-4.047],[142.018,-4.294],[142.228,-4.225],[142.372,-4.294],[142.642,-4.165],[142.773,-4.261],[142.891,-4.209],[143.029,-4.068],[143.225,-4.126],[143.351,-4.28],[143.783,-4.188],[144.058,-4.067],[144.379,-3.987],[144.416,-3.902]]]},"properties":{"name":"Sepik","featurecla":"River","scalerank":7}},
{"type":"Feature","geometry":{"type":"LineString","coordinates":[[18.043,46.917],[18.399,46.764],[18.596,46.747],[18.633,46.406],[18.907,46.348]]},"properties":{"name":"Sio","featurecla":"River","scalerank":7}},
{"type":"Feature","geometry":{"type":"LineString","coordinates":[[-100.31,41.006],[-99.789,40.759],[-99.549,40.704],[-99.027,40.663],[-98.566,40.755],[-98.364,40.824],[-97.685,41.284],[-97.532,41.359],[-97.104,41.399],[-96.9,41.462],[-96.503,41.419],[-96.362,41.297],[-96.285,41.041],[-95.87,41.05]]},"properties":{"name":"Platte","featurecla":"River","scalerank":7}},
{"type":"Feature","geometry":{"type":"LineString","coordinates":[[-81.475,50.727],[-81.166,50.899],[-81.013,51.035]]},"properties":{"name":"Moose","featurecla":"River","scalerank":7}},
{"type":"Feature","geometry":{"type":"LineString","coordinates":[[26.837,1.708],[26.633,1.69],[26.294,1.919],[26.068,1.978],[25.917,1.874],[25.637,1.891],[25.399,1.734],[25.273,1.503],[24.907,1.47],[24.811,1.316],[24.56,1.261],[24.395,1.327],[24.225,1.338],[23.827,1.291],[23.706,1.245],[23.552,1.227]]},"properties":{"name":"Aruwimi","featurecla":"River","scalerank":7}},
{"type":"Feature","geometry":{"type":"LineString","coordinates":[[23.592,-18.478],[23.715,-18.419],[24.056,-18.119],[24.218,-18.012],[24.399,-17.952]]},"properties":{"name":"Linyanti","featurecla":"River","scalerank":7}},
{"type":"Feature","geometry":{"type":"MultiLineString","coordinates":[[[33.208,8.438],[33.046,8.623],[32.965,8.606],[32.673,8.68],[32.693,8.798],[32.415,8.936],[32.352,9.11],[32.2,9.151],[32.033,9.302],[31.779,9.301],[31.536,9.377]],[[32.989,7.917],[33.206,8.241],[33.201,8.438]]]},"properties":{"name":"Sobat","featurecla":"River","scalerank":7}},
{"type":"Feature","geometry":{"type":"LineString","coordinates":[[107.377,13.237],[107.254,13.37],[107.108,13.311],[106.97,13.517],[106.88,13.442],[106.62,13.45],[106.557,13.555],[106.436,13.468],[106.19,13.586],[105.97,13.541]]},"properties":{"name":"Srepok","featurecla":"River","scalerank":7}},
{"type":"Feature","geometry":{"type":"LineString","coordinates":[[115.589,40.24],[115.701,40.064],[115.982,39.971],[116.229,39.803],[116.208,39.577],[116.317,39.461],[116.502,39.465],[117.034,39.33]]},"properties":{"name":"Yongding","featurecla":"River","scalerank":7}},
{"type":"Feature","geometry":{"type":"LineString","coordinates":[[18.597,3.679],[18.626,3.463],[18.634,3.449],[18.642,3.324],[18.613,3.128],[18.528,3.065],[18.393,2.714],[18.225,2.487],[18.072,2.16],[18.071,1.552],[17.963,1.192],[17.866,1.017],[17.939,0.361],[17.854,0.241],[17.716,-0.196],[17.749,-0.523]]},"properties":{"name":"Ubangi","featurecla":"River","scalerank":3}},
{"type":"Feature","geometry":{"type":"LineString","coordinates":[[132.839,45.059],[132.953,45.025],[133.115,45.123],[133.097,45.244],[133.202,45.512],[133.413,45.574]]},"properties":{"name":"Song’acha","featurecla":"River","scalerank":7}},
{"type":"Feature","geometry":{"type":"LineString","coordinates":[[133.413,45.574],[133.514,45.879],[133.658,45.935],[133.687,46.142],[133.902,46.259],[133.849,46.481],[133.988,46.625],[134.02,46.834],[134.124,47.071],[134.227,47.118],[134.154,47.258],[134.292,47.41],[134.484,47.43],[134.772,47.711],[134.567,48.041],[134.703,48.253],[135.052,48.393],[135.086,48.459],[135.043,48.484]]},"properties":{"name":"Ussuri","featurecla":"River","scalerank":7}},
{"type":"Feature","geometry":{"type":"LineString","coordinates":[[23.837,54.908],[23.631,54.944],[23.551,55.05],[23.001,55.105],[22.662,55.064],[22.251,55.071],[22.099,55.03],[21.268,55.249]]},"properties":{"name":"Neman","featurecla":"River","scalerank":7}},
{"type":"Feature","geometry":{"type":"LineString","coordinates":[[67.005,53.338],[67.106,53.554],[67.362,53.742],[67.461,53.912],[67.622,53.975],[67.75,54.162],[68.295,54.282],[68.575,54.417],[68.834,54.636],[68.974,54.685],[69.131,55.058],[69.478,55.286],[69.329,55.431],[69.329,55.654],[69.253,55.745],[69.454,55.903],[69.424,56.014],[69.711,56.147],[70.127,56.141],[70.381,56.202],[70.756,56.574],[70.583,56.722],[70.619,56.947],[70.76,57.117],[70.699,57.202],[70.805,57.448],[71.174,57.593],[71.234,57.696]]},"properties":{"name":"Ishim","featurecla":"River","scalerank":7}},
{"type":"Feature","geometry":{"type":"LineString","coordinates":[[-69.475,57.683],[-69.37,57.771]]},"properties":{"name":"Koksoak","featurecla":"River","scalerank":7}},
{"type":"Feature","geometry":{"type":"MultiLineString","coordinates":[[[-5.544,13.208],[-5.357,13.281],[-5.236,13.276],[-5.057,13.366],[-4.848,13.403],[-4.679,13.619],[-4.542,13.706],[-4.517,13.885],[-4.271,13.982],[-4.159,14.207],[-4.215,14.308],[-4.211,14.512]],[[-6.518,12.674],[-6.314,12.797],[-6.346,12.91],[-6.28,13.025],[-6.123,13.051],[-5.949,13.201],[-5.544,13.201]]]},"properties":{"name":"Bani","featurecla":"River","scalerank":7}},
{"type":"Feature","geometry":{"type":"LineString","coordinates":[[45.399,-19.723],[45.314,-19.685],[45.125,-19.781],[45.022,-19.702],[44.844,-19.753],[44.775,-19.674],[44.532,-19.713],[44.412,-19.644]]},"properties":{"name":"Tsiribihina","featurecla":"River","scalerank":7}},
{"type":"Feature","geometry":{"type":"LineString","coordinates":[[-139.581,63.206],[-140.196,63.238],[-140.359,63.15],[-140.055,62.839],[-140.005,62.619]]},"properties":{"name":"White","featurecla":"River","scalerank":7}},
{"type":"Feature","geometry":{"type":"LineString","coordinates":[[20.982,66.065],[21.248,65.978],[21.764,65.728]]},"properties":{"name":"Lule lv","featurecla":"River","scalerank":7}},
{"type":"Feature","geometry":{"type":"LineString","coordinates":[[44.354,32.241],[44.385,32.142],[44.584,31.978],[44.611,31.762],[44.563,31.615]]},"properties":{"name":"Hindiyah Channel","featurecla":"River","scalerank":7}},
{"type":"Feature","geometry":{"type":"LineString","coordinates":[[-132.095,59.607],[-132.438,60.025],[-132.866,60.2],[-133.245,60.449]]},"properties":{"name":"Teslin","featurecla":"Lake Centerline","scalerank":3}},
{"type":"Feature","geometry":{"type":"MultiLineString","coordinates":[[[-133.245,60.449],[-133.986,60.897],[-134.496,61.248],[-134.636,61.302],[-134.678,61.499],[-134.913,61.57]],[[-131.208,59.087],[-131.455,59.067],[-131.808,59.135],[-131.964,59.282],[-132.095,59.607]]]},"properties":{"name":"Teslin","featurecla":"River","scalerank":3}},
{"type":"Feature","geometry":{"type":"LineString","coordinates":[[44.268,32.731],[44.401,32.613],[44.529,32.41],[44.715,32.414],[44.805,32.261],[44.81,32.07],[44.981,31.929],[44.988,31.727],[45.275,31.486],[45.317,31.402],[45.262,31.381],[45.224,31.395],[45.207,31.388]]},"properties":{"name":"Shatt al Hillah","featurecla":"River","scalerank":7}},
{"type":"Feature","geometry":{"type":"LineString","coordinates":[[111.815,2.292],[111.845,2.423],[111.812,2.606],[111.853,2.683],[111.768,2.805],[111.658,2.84]]},"properties":{"name":"Igan","featurecla":"River","scalerank":7}},
{"type":"Feature","geometry":{"type":"LineString","coordinates":[[31.759,68.624],[33.04,68.9]]},"properties":{"name":"Tuloma","featurecla":"River","scalerank":7}},
{"type":"Feature","geometry":{"type":"LineString","coordinates":[[108.898,22.733],[108.972,22.638],[109.243,22.656],[109.553,22.872],[109.592,23.092],[109.883,23.124],[110.089,23.405]]},"properties":{"name":"Yu","featurecla":"River","scalerank":7}},
{"type":"Feature","geometry":{"type":"LineString","coordinates":[[27.987,45.292],[28.13,45.238],[28.125,44.891],[28.034,44.763],[27.884,44.758]]},"properties":{"name":null,"featurecla":"River","scalerank":7}},
{"type":"Feature","geometry":{"type":"LineString","coordinates":[[102.236,60.101],[102.386,60.251],[101.96,60.361],[101.296,60.321],[101.108,60.341],[100.744,60.232],[100.142,60.266],[99.868,60.348],[99.371,60.302],[99.104,60.341],[98.807,60.268],[98.417,60.295],[98.149,60.484],[97.624,60.615],[97.411,60.858],[97.238,60.853],[96.807,61.022],[96.706,61.268],[96.41,61.414],[96.5,61.585],[96.349,61.657],[96.024,61.636],[95.923,61.807],[95.726,61.869],[95.317,61.854],[94.801,61.992],[94.559,61.84],[94.183,61.828],[93.76,61.892],[93.703,61.803],[93.293,61.848],[93.05,61.802],[92.477,61.952],[92.389,62.074],[91.86,62.301],[91.781,62.162],[91.552,62.109],[91.401,61.835],[91.518,61.671],[91.097,61.586],[90.561,61.681],[90.225,61.666],[90.12,61.589]]},"properties":{"name":"Podkamennaya Tunguska","featurecla":"River","scalerank":7}},
{"type":"Feature","geometry":{"type":"LineString","coordinates":[[127.183,37.58],[126.982,37.511],[126.755,37.638]]},"properties":{"name":"Han","featurecla":"River","scalerank":7}},
{"type":"Feature","geometry":{"type":"LineString","coordinates":[[112.548,70.739],[112.87,70.727],[113.352,70.806],[113.697,71.115],[113.941,71.569],[114.137,71.767],[114.065,71.986],[113.471,72.235],[113.484,72.352],[114.235,72.542],[114.09,72.601]]},"properties":{"name":"Anabar","featurecla":"River","scalerank":7}},
{"type":"Feature","geometry":{"type":"LineString","coordinates":[[45.008,4.964],[45.16,4.854],[45.296,4.447],[45.406,4.221],[45.515,4.105],[45.515,3.957],[45.662,3.709],[45.643,3.465],[45.582,3.375],[45.515,3.044],[45.55,2.905],[45.504,2.53],[45.365,2.319],[45.241,2.292],[45.114,2.153],[44.921,2.118],[44.817,1.929],[44.622,1.751],[44.464,1.751],[44.378,1.647],[44.264,1.652],[43.976,1.489],[43.708,1.135],[43.487,1.106],[43.364,1.038],[43.233,0.798]]},"properties":{"name":"Shabeelle","featurecla":"River","scalerank":7}},
{"type":"Feature","geometry":{"type":"MultiLineString","coordinates":[[[-97.556,57.394],[-97.116,57.332]],[[-99.634,56.646],[-99.595,56.726],[-99.068,56.901],[-98.813,56.915],[-98.629,57.107],[-98.296,57.138],[-98.243,57.321],[-97.988,57.377]],[[-100.378,56.178],[-100.468,56.28],[-100.024,56.496],[-100.023,56.496]],[[-107.704,55.956],[-107.669,55.991],[-107.669,55.992]],[[-106.947,55.82],[-107.067,55.866]],[[-100.735,55.764],[-100.492,55.788],[-100.413,55.936],[-100.487,56.139]],[[-106.149,55.764],[-105.984,55.709]],[[-102.061,55.717],[-101.619,55.777]],[[-106.553,55.7],[-106.272,55.77]],[[-104.543,55.427],[-104.545,55.427],[-104.478,55.508],[-104.701,55.635]],[[-104.487,55.426],[-104.483,55.427],[-104.107,55.4]],[[-107.738,55.407],[-107.74,55.408],[-107.7,55.741],[-107.738,55.922],[-107.738,55.923]],[[-103.836,55.374],[-103.832,55.373],[-103.551,55.407]]]},"properties":{"name":"Churchill","featurecla":"Lake Centerline","scalerank":7}},
{"type":"Feature","geometry":{"type":"MultiLineString","coordinates":[[[-97.986,57.376],[-97.556,57.394]],[[-97.116,57.332],[-96.932,57.209],[-96.299,57.134],[-95.982,57.155],[-95.89,57.308],[-95.455,57.595],[-95.478,57.738],[-94.799,58.088],[-94.362,58.223]],[[-100.024,56.496],[-99.634,56.646]],[[-100.487,56.139],[-100.378,56.178]],[[-107.669,55.991],[-107.289,55.963],[-107.067,55.866]],[[-107.704,55.956],[-107.738,55.922]],[[-106.947,55.82],[-106.845,55.745],[-106.553,55.7]],[[-101.619,55.777],[-101.389,55.809],[-101.256,55.706],[-100.929,55.7],[-100.735,55.764]],[[-106.272,55.77],[-106.149,55.764]],[[-102.061,55.717],[-102.164,55.711]],[[-102.164,55.711],[-102.126,55.756]],[[-105.984,55.709],[-105.688,55.626],[-105.326,55.578],[-104.898,55.701],[-104.702,55.635]],[[-104.545,55.427],[-104.483,55.427]],[[-103.551,55.407],[-103.306,55.534],[-102.868,55.594],[-102.591,55.592],[-102.422,55.511],[-102.271,55.567],[-102.164,55.711]],[[-104.107,55.4],[-103.832,55.373]]]},"properties":{"name":"Churchill","featurecla":"River","scalerank":7}},
{"type":"Feature","geometry":{"type":"MultiLineString","coordinates":[[[40.993,34.428],[41.106,34.369],[41.24,34.451],[41.465,34.422],[41.968,34.472],[42.145,34.279],[42.297,34.347],[42.599,33.857],[42.932,33.53],[43.169,33.519],[43.484,33.407],[43.645,33.397],[44.159,33.032],[44.29,32.8],[44.22,32.608],[44.354,32.275],[44.344,32.204],[44.357,32.118],[44.478,31.936],[44.494,31.659],[44.786,31.464],[45.2,31.402],[45.21,31.376],[45.238,31.328]],[[45.238,31.328],[45.467,31.305]],[[45.238,31.328],[45.235,31.327],[45.238,31.328]],[[45.463,31.305],[45.594,31.214],[45.884,31.131],[46.041,31.126],[46.252,31.044],[46.363,30.965],[46.427,30.95],[46.511,30.884],[46.748,30.962],[47.469,30.968]]]},"properties":{"name":"Euphrates","featurecla":"River","scalerank":3}},
{"type":"Feature","geometry":{"type":"LineString","coordinates":[[24.399,-17.952],[24.577,-18.044],[24.725,-17.896],[24.958,-17.801],[25.259,-17.794]]},"properties":{"name":"Chobe","featurecla":"River","scalerank":7}},
{"type":"Feature","geometry":{"type":"LineString","coordinates":[[117.034,39.33],[117.232,39.093],[117.371,39.033],[117.709,38.981]]},"properties":{"name":"Hai","featurecla":"River","scalerank":7}},
{"type":"Feature","geometry":{"type":"MultiLineString","coordinates":[[[135.974,71.159],[136.109,71.436],[136.52,71.518]],[[135.974,71.159],[135.5,71.374],[134.772,71.429]],[[135.975,71.158],[135.974,71.159]],[[134.41,68.773],[134.457,69.113],[134.405,69.246],[134.636,69.46],[134.878,69.565],[135.231,69.913],[135.553,69.983],[135.258,70.152],[135.176,70.312],[134.786,70.463],[135.005,70.593],[135.431,70.68],[135.836,70.682],[136.341,70.919],[135.974,71.159]]]},"properties":{"name":"Yana","featurecla":"River","scalerank":7}},
{"type":"Feature","geometry":{"type":"LineString","coordinates":[[65.046,63.007],[64.9,63.134],[64.963,63.315],[65.25,63.465],[65.162,63.675],[65.606,64.042],[65.458,64.206],[65.344,64.415],[65.409,64.501],[65.215,64.659],[65.231,64.884],[64.976,64.985],[64.725,65.302],[64.755,65.552],[65.163,65.862],[65.396,65.898],[65.704,66.136]]},"properties":{"name":"Malaya Ob","featurecla":"River","scalerank":7}},
{"type":"Feature","geometry":{"type":"LineString","coordinates":[[30.755,30.764],[30.685,30.874],[30.409,31.099],[30.168,31.138],[29.958,31.249]]},"properties":{"name":null,"featurecla":"River","scalerank":7}},
{"type":"Feature","geometry":{"type":"MultiLineString","coordinates":[[[66.534,62.29],[66.019,62.342],[65.521,62.718]],[[73.961,61.182],[73.96,61.157],[73.964,61.149],[74.018,61.113],[73.858,61.059],[73.573,61.126],[73.087,60.951],[71.891,61.015],[71.27,61.146],[71.087,61.094],[70.72,61.163],[69.627,61.141],[69.302,61.151],[68.911,61.102]],[[68.548,61.093],[68.23,61.025],[67.968,61.105],[67.693,61.403],[67.499,61.491],[67.174,61.804],[67.265,61.891],[66.683,62.275]]]},"properties":{"name":null,"featurecla":"River","scalerank":7}},
{"type":"Feature","geometry":{"type":"MultiLineString","coordinates":[[[100.141,15.707],[100.058,15.287],[100.116,15.187],[100.242,15.169],[100.44,14.852],[100.459,14.466],[100.574,13.978],[100.498,13.767],[100.598,13.612]],[[100.083,15.237],[100.014,15.131],[100.097,14.709],[100.147,14.651],[100.162,14.401],[100.117,14.175],[100.214,13.927],[100.275,13.517]]]},"properties":{"name":"Chao Phraya","featurecla":"River","scalerank":7}},
{"type":"Feature","geometry":{"type":"LineString","coordinates":[[-54.643,-25.406],[-54.957,-25.353]]},"properties":{"name":null,"featurecla":"River","scalerank":8}},
{"type":"Feature","geometry":{"type":"LineString","coordinates":[[-155.885,59.344],[-156.209,59.233],[-156.398,59.256],[-156.783,59.155]]},"properties":{"name":"Iliamna Lake Outlet","featurecla":"River","scalerank":8}},
{"type":"Feature","geometry":{"type":"LineString","coordinates":[[81.64,31.45],[81.477,31.402],[81.218,31.601],[81.205,31.841],[81.394,31.986],[81.281,32.049],[81.283,32.173],[81.156,32.375],[80.991,32.453],[80.648,32.553],[80.196,32.552],[80.005,32.482],[79.735,32.444]]},"properties":{"name":"Shiquan","featurecla":"River","scalerank":3}},
{"type":"Feature","geometry":{"type":"LineString","coordinates":[[-108.142,55.654],[-107.793,55.445]]},"properties":{"name":null,"featurecla":"Lake Centerline","scalerank":8}},
{"type":"Feature","geometry":{"type":"LineString","coordinates":[[-108.368,55.811],[-108.142,55.654]]},"properties":{"name":null,"featurecla":"River","scalerank":8}},
{"type":"Feature","geometry":{"type":"LineString","coordinates":[[-52.656,-32.177],[-52.735,-32.272],[-52.722,-32.45],[-52.777,-32.579],[-53.154,-32.746],[-53.291,-32.997],[-53.613,-33.143]]},"properties":{"name":null,"featurecla":"Lake Centerline","scalerank":8}},
{"type":"Feature","geometry":{"type":"MultiLineString","coordinates":[[[-52.656,-32.177],[-52.246,-31.982]],[[-54.947,-33.782],[-54.787,-33.829],[-54.444,-33.744],[-54.209,-33.487],[-54.057,-33.439],[-53.769,-33.189],[-53.616,-33.144]]]},"properties":{"name":null,"featurecla":"River","scalerank":8}},
{"type":"Feature","geometry":{"type":"LineString","coordinates":[[-73.793,-7.05],[-73.766,-6.904],[-73.686,-6.812],[-73.371,-6.584],[-73.2,-6.546],[-73.133,-6.435],[-73.236,-6.077],[-73.141,-5.878],[-73.002,-5.709],[-72.974,-5.466],[-72.897,-5.271],[-72.919,-5.132],[-72.628,-5.022],[-72.252,-4.759],[-72.072,-4.605],[-71.775,-4.481],[-71.666,-4.507],[-71.507,-4.448],[-70.969,-4.385],[-70.833,-4.179],[-70.586,-4.194],[-70.431,-4.134],[-70.312,-4.171],[-70.232,-4.303],[-70.097,-4.266],[-69.99,-4.314],[-69.963,-4.264],[-69.966,-4.236]]},"properties":{"name":"Javari","featurecla":"River","scalerank":8}},
{"type":"Feature","geometry":{"type":"MultiLineString","coordinates":[[[2.755,45.594],[2.523,45.564],[2.217,45.238],[2.038,45.221],[1.829,45.027],[1.809,44.915]],[[1.809,44.909],[1.651,44.929],[1.192,44.813],[1.044,44.858],[0.752,44.843],[0.251,44.879],[0.174,44.827],[-0.212,44.892],[-0.494,44.998]]]},"properties":{"name":"Dordogne","featurecla":"River","scalerank":8}},
{"type":"Feature","geometry":{"type":"MultiLineString","coordinates":[[[-66.946,9.808],[-67.101,9.886]],[[-67.402,8.961],[-67.393,9.158]]]},"properties":{"name":"Guárico","featurecla":"Lake Centerline","scalerank":8}},
{"type":"Feature","geometry":{"type":"MultiLineString","coordinates":[[[-67.336,10.06],[-67.341,9.926],[-67.101,9.886]],[[-66.946,9.808],[-66.857,9.599],[-66.981,9.509],[-67.083,9.349],[-67.288,9.324],[-67.393,9.158]],[[-67.402,8.961],[-67.453,8.928],[-67.434,8.661],[-67.506,8.594],[-67.511,8.425],[-67.425,8.297],[-67.464,8.116],[-67.401,7.911]]]},"properties":{"name":"Guárico","featurecla":"River","scalerank":8}},
{"type":"Feature","geometry":{"type":"LineString","coordinates":[[-69.313,-39.656],[-69.265,-39.598],[-68.962,-39.489],[-68.761,-39.266]]},"properties":{"name":"Limay","featurecla":"Lake Centerline","scalerank":8}},
{"type":"Feature","geometry":{"type":"MultiLineString","coordinates":[[[-68.011,-38.976],[-68.259,-38.996],[-68.321,-38.962],[-68.575,-39.108],[-68.761,-39.266]],[[-70.868,-40.611],[-70.576,-40.524],[-70.445,-40.567],[-70.214,-40.538],[-70.085,-40.421],[-69.967,-39.973],[-69.68,-39.823],[-69.54,-39.826],[-69.313,-39.656]],[[-71.172,-41.062],[-71.033,-40.886],[-71.13,-40.779],[-70.868,-40.614]]]},"properties":{"name":"Limay","featurecla":"River","scalerank":8}},
{"type":"Feature","geometry":{"type":"LineString","coordinates":[[126.905,43.511],[126.904,43.624],[126.68,43.703],[126.679,43.704]]},"properties":{"name":"Di’er Songhua","featurecla":"Lake Centerline","scalerank":8}},
{"type":"Feature","geometry":{"type":"MultiLineString","coordinates":[[[126.68,43.703],[126.551,43.779],[126.394,44.109],[126.494,44.231],[126.432,44.508],[126.268,44.696],[126.136,44.773],[125.941,44.773],[125.728,44.935],[125.586,44.895],[125.185,44.868],[125.046,45.018],[124.741,45.202],[124.651,45.448]],[[127.376,42.567],[127.228,42.675],[127.227,42.887],[126.991,43.034],[126.98,43.213],[127.098,43.242],[126.905,43.511]]]},"properties":{"name":"Di’er Songhua","featurecla":"River","scalerank":8}},
{"type":"Feature","geometry":{"type":"LineString","coordinates":[[9.984,-0.785],[10.031,-0.811]]},"properties":{"name":"Ogooué","featurecla":"Lake Centerline","scalerank":8}},
{"type":"Feature","geometry":{"type":"MultiLineString","coordinates":[[[12.155,-0.125],[11.962,-0.095],[11.889,-0.032],[11.618,-0.026],[11.331,-0.093],[11.185,-0.075],[11.069,-0.135],[10.985,-0.086],[10.65,-0.175],[10.495,-0.3],[10.437,-0.436],[10.339,-0.48],[10.253,-0.646],[10.142,-0.711],[10.003,-0.657],[9.724,-0.69],[9.595,-0.901]],[[9.984,-0.785],[9.709,-0.838],[9.595,-0.901]],[[10.031,-0.811],[10.162,-0.797],[10.272,-0.628]],[[9.595,-0.901],[9.271,-1.032],[8.929,-0.96]],[[9.595,-0.901],[9.594,-0.901]],[[13.945,-3.06],[13.908,-2.885],[13.665,-2.416],[13.644,-2.215],[13.528,-1.881],[13.56,-1.766],[13.522,-1.594],[13.369,-1.526],[13.328,-1.391],[13.335,-1.203],[13.146,-1.102],[12.955,-0.836],[12.718,-0.791],[12.582,-0.847],[12.445,-0.566],[12.445,-0.409],[12.283,-0.212],[12.157,-0.127]]]},"properties":{"name":"Ogooué","featurecla":"River","scalerank":8}},
{"type":"Feature","geometry":{"type":"LineString","coordinates":[[-135.073,60.937],[-135.235,61.393]]},"properties":{"name":null,"featurecla":"Lake Centerline","scalerank":8}},
{"type":"Feature","geometry":{"type":"MultiLineString","coordinates":[[[-135.235,61.394],[-135.139,61.578],[-134.916,61.568]],[[-134.495,60.547],[-135.025,60.677],[-135.166,60.864],[-135.073,60.937]]]},"properties":{"name":null,"featurecla":"River","scalerank":8}},
{"type":"Feature","geometry":{"type":"MultiLineString","coordinates":[[[-93.148,50.63],[-92.977,50.562],[-92.711,50.328],[-92.446,50.339],[-92.192,50.221]],[[-94.985,50.265],[-94.624,50.35]],[[-94.463,50.262],[-94.349,50.193],[-94.109,50.185]],[[-94.026,50.254],[-93.93,50.35]],[[-91.992,50.117],[-91.991,50.117],[-91.895,50.069]],[[-90.752,50.024],[-90.818,50.075]],[[-90.928,49.908],[-90.767,49.979]],[[-90.949,49.754],[-90.956,49.836]]]},"properties":{"name":"English","featurecla":"Lake Centerline","scalerank":8}},
{"type":"Feature","geometry":{"type":"MultiLineString","coordinates":[[[-93.148,50.63],[-93.648,50.573],[-93.93,50.35]],[[-94.985,50.265],[-95.022,50.2]],[[-94.463,50.262],[-94.624,50.35]],[[-94.026,50.254],[-94.108,50.185]],[[-91.991,50.117],[-92.191,50.221]],[[-90.818,50.075],[-91.258,50.151],[-91.308,50.216],[-91.895,50.069]],[[-90.752,50.024],[-90.767,49.979]],[[-90.956,49.836],[-90.929,49.907]],[[-91.278,49.082],[-91.218,49.155],[-90.924,49.27],[-90.974,49.356],[-90.902,49.527],[-90.949,49.754]]]},"properties":{"name":"English","featurecla":"River","scalerank":8}},
{"type":"Feature","geometry":{"type":"MultiLineString","coordinates":[[[-118.527,52.102],[-118.366,52.09]],[[-117.517,51.659],[-117.873,51.87]],[[-117.906,50.682],[-117.92,50.392],[-117.817,50.207],[-117.88,50.103]],[[-118.092,49.802],[-118.123,49.506],[-117.907,49.342]],[[-118.072,48.664],[-118.209,48.462],[-118.168,48.232]]]},"properties":{"name":"Columbia","featurecla":"Lake Centerline","scalerank":3}},
{"type":"Feature","geometry":{"type":"MultiLineString","coordinates":[[[-118.53,52.102],[-118.668,51.672],[-118.437,51.387],[-118.23,51.228],[-118.223,51.001],[-117.906,50.683]],[[-117.873,51.87],[-118.366,52.09]],[[-115.865,50.287],[-116.153,50.693],[-116.514,51.006],[-116.902,51.205],[-117.156,51.476],[-117.394,51.524],[-117.517,51.659]],[[-117.88,50.103],[-118.085,49.883],[-118.092,49.802]],[[-117.907,49.342],[-117.659,49.327],[-117.716,49.109],[-117.629,49.006],[-118.061,48.738],[-118.074,48.664]],[[-118.168,48.232],[-118.351,47.852],[-118.679,47.938],[-118.948,47.932],[-119.062,48.122],[-119.628,48.013],[-119.769,48.094],[-119.962,47.814],[-120.19,47.753],[-120.286,47.472],[-120.094,47.362],[-120.012,47.239],[-119.94,46.924],[-119.932,46.708],[-119.843,46.639],[-119.612,46.663],[-119.471,46.734],[-119.258,46.514],[-119.242,46.278],[-119.052,46.224]],[[-118.919,46.08],[-119.093,45.949],[-119.592,45.921],[-120.23,45.737],[-120.621,45.731],[-120.9,45.642],[-121.133,45.624],[-121.272,45.709],[-121.793,45.721],[-122.15,45.594]],[[-122.15,45.594],[-122.261,45.566],[-122.739,45.663],[-122.807,45.978],[-122.91,46.108],[-123.206,46.167]]]},"properties":{"name":"Columbia","featurecla":"River","scalerank":3}},
{"type":"Feature","geometry":{"type":"LineString","coordinates":[[-121.291,39.623],[-121.473,39.557]]},"properties":{"name":"Feather","featurecla":"Lake Centerline","scalerank":8}},
{"type":"Feature","geometry":{"type":"MultiLineString","coordinates":[[[-121.291,39.623],[-121.146,39.795],[-120.952,39.858],[-120.708,39.878],[-120.222,39.8],[-120.156,39.838]],[[-121.608,38.782],[-121.622,38.816],[-121.627,38.831],[-121.611,38.896],[-121.568,38.928],[-121.626,39.475],[-121.473,39.557]]]},"properties":{"name":"Feather","featurecla":"River","scalerank":8}},
{"type":"Feature","geometry":{"type":"LineString","coordinates":[[-110.654,37.224],[-110.903,37.186]]},"properties":{"name":"San Juan","featurecla":"Lake Centerline","scalerank":8}},
{"type":"Feature","geometry":{"type":"LineString","coordinates":[[-106.795,37.429],[-106.983,37.286],[-107.045,37.135],[-107.161,37.033],[-107.381,37.025],[-107.461,36.904],[-107.7,36.825],[-107.868,36.713],[-108.093,36.709],[-108.583,36.772],[-108.923,36.919],[-109.175,37.233],[-109.416,37.314],[-109.536,37.306],[-109.929,37.19],[-110.159,37.33],[-110.335,37.318],[-110.654,37.226]]},"properties":{"name":"San Juan","featurecla":"River","scalerank":8}},
{"type":"Feature","geometry":{"type":"LineString","coordinates":[[-108.157,43.417],[-108.158,43.416],[-108.158,43.218]]},"properties":{"name":"Wind","featurecla":"Lake Centerline","scalerank":8}},
{"type":"Feature","geometry":{"type":"MultiLineString","coordinates":[[[-109.884,43.649],[-109.527,43.526],[-109.023,43.263],[-108.745,43.19],[-108.465,43.05],[-108.158,43.218]],[[-108.158,43.416],[-108.191,43.588],[-108.167,43.844],[-107.964,43.998],[-107.897,44.163]],[[-109.746,43.237],[-109.908,43.369]]]},"properties":{"name":"Wind","featurecla":"River","scalerank":8}},
{"type":"Feature","geometry":{"type":"LineString","coordinates":[[-75.976,56.222],[-76.509,56.149],[-76.619,56.167]]},"properties":{"name":null,"featurecla":"Lake Centerline","scalerank":8}},
{"type":"Feature","geometry":{"type":"LineString","coordinates":[[-74.832,56.216],[-75.395,56.185],[-75.976,56.222]]},"properties":{"name":null,"featurecla":"River","scalerank":8}},
{"type":"Feature","geometry":{"type":"MultiLineString","coordinates":[[[-98.055,63.938],[-98.438,63.843]],[[-97.43,63.809],[-97.706,64.033],[-98.058,63.98]],[[-98.84,63.622],[-98.665,63.781]]]},"properties":{"name":null,"featurecla":"Lake Centerline","scalerank":8}},
{"type":"Feature","geometry":{"type":"MultiLineString","coordinates":[[[-98.055,63.938],[-98.057,63.979]],[[-97.43,63.809],[-96.952,63.637]],[[-98.665,63.781],[-98.439,63.843]],[[-99.261,63.192],[-98.909,63.353],[-98.84,63.622]]]},"properties":{"name":null,"featurecla":"River","scalerank":8}},
{"type":"Feature","geometry":{"type":"MultiLineString","coordinates":[[[-98.781,60.78],[-99.146,60.776],[-99.365,60.649],[-99.364,60.562],[-99.682,60.279],[-99.776,60.042],[-99.94,59.971],[-100.023,59.824],[-100.199,59.741]],[[-97.069,60.368],[-97.436,60.505]],[[-101.242,59.655],[-101.002,59.621]]]},"properties":{"name":"Thlewiaza","featurecla":"Lake Centerline","scalerank":8}},
{"type":"Feature","geometry":{"type":"MultiLineString","coordinates":[[[-98.781,60.78],[-98.503,60.603],[-97.94,60.668],[-97.816,60.533],[-97.436,60.505]],[[-97.069,60.368],[-96.388,60.552],[-95.75,60.381],[-95.66,60.423],[-94.935,60.517],[-94.801,60.498]],[[-101.883,59.963],[-101.653,59.744],[-101.242,59.656]],[[-101.002,59.621],[-100.471,59.625],[-100.199,59.741]]]},"properties":{"name":"Thlewiaza","featurecla":"River","scalerank":8}},
{"type":"Feature","geometry":{"type":"LineString","coordinates":[[-101.16,62.282],[-101.163,62.367]]},"properties":{"name":"Kazan","featurecla":"Lake Centerline","scalerank":8}},
{"type":"Feature","geometry":{"type":"LineString","coordinates":[[-101.513,61.163],[-101.696,61.261],[-101.505,61.504],[-101.536,61.674],[-101.355,61.876],[-101.368,62.037],[-101.151,62.194],[-101.161,62.282]]},"properties":{"name":"Kazan","featurecla":"River","scalerank":8}},
{"type":"Feature","geometry":{"type":"LineString","coordinates":[[-118.306,40.515],[-118.233,40.699]]},"properties":{"name":"Humboldt","featurecla":"Lake Centerline","scalerank":8}},
{"type":"Feature","geometry":{"type":"MultiLineString","coordinates":[[[-114.92,41.25],[-115.479,40.947],[-115.675,40.945],[-115.954,40.721],[-116.11,40.712],[-116.204,40.606],[-116.473,40.608],[-116.574,40.719],[-116.897,40.69],[-117.254,40.997],[-117.414,40.982],[-117.695,41.028],[-117.948,40.902],[-118.035,40.739],[-118.233,40.699]],[[-118.306,40.515],[-118.296,40.433],[-118.439,40.182],[-118.42,40.103],[-118.606,40.01]]]},"properties":{"name":"Humboldt","featurecla":"River","scalerank":8}},
{"type":"Feature","geometry":{"type":"MultiLineString","coordinates":[[[-109.369,30.442],[-109.362,30.562]],[[-109.345,29.177],[-109.676,29.073],[-109.623,28.909]],[[-109.878,28.13],[-109.801,27.935],[-109.897,27.839]]]},"properties":{"name":"Yaqui","featurecla":"Lake Centerline","scalerank":8}},
{"type":"Feature","geometry":{"type":"MultiLineString","coordinates":[[[-109.21,30.831],[-109.377,30.631],[-109.362,30.563]],[[-109.369,30.442],[-109.377,30.341],[-109.255,30.075],[-109.319,29.942],[-109.31,29.711],[-109.236,29.25],[-109.345,29.177]],[[-109.623,28.908],[-109.634,28.741],[-109.522,28.539],[-109.561,28.373],[-109.668,28.193],[-109.878,28.13]],[[-109.898,27.838],[-109.908,27.691],[-110.038,27.574],[-110.166,27.569],[-110.359,27.641],[-110.45,27.6],[-110.61,27.667]]]},"properties":{"name":"Yaqui","featurecla":"River","scalerank":8}},
{"type":"Feature","geometry":{"type":"MultiLineString","coordinates":[[[-101.523,35.726],[-101.825,35.487]],[[-104.216,35.548],[-104.171,35.42],[-104.17,35.42]],[[-103.414,35.37],[-103.593,35.363]]]},"properties":{"name":"Canadian","featurecla":"Lake Centerline","scalerank":8}},
{"type":"Feature","geometry":{"type":"MultiLineString","coordinates":[[[-104.51,36.418],[-104.307,35.999],[-104.399,35.726],[-104.216,35.548]],[[-101.523,35.726],[-101.286,35.787],[-100.999,35.964],[-100.543,35.986],[-100.111,35.856],[-99.788,35.919],[-99.585,35.864],[-99.458,36.007],[-99.255,35.994],[-99.131,35.878],[-99.008,36.033],[-98.908,36.049],[-98.781,35.891],[-98.453,35.568],[-98.323,35.557],[-97.98,35.37],[-97.552,35.315],[-97.354,35.094],[-97.315,34.966],[-97.014,34.917],[-96.938,34.979],[-96.72,34.878],[-96.424,34.917],[-96.352,35.009],[-96.175,34.981],[-95.982,35.157],[-95.727,35.203],[-95.457,35.309],[-95.223,35.288],[-95.055,35.459]],[[-104.171,35.42],[-103.866,35.318],[-103.593,35.363]],[[-103.414,35.37],[-103.333,35.406],[-102.944,35.408],[-102.689,35.528],[-102.369,35.562],[-102.022,35.459],[-101.825,35.487]]]},"properties":{"name":"Canadian","featurecla":"River","scalerank":8}},
{"type":"Feature","geometry":{"type":"MultiLineString","coordinates":[[[38.768,38.813],[38.813,38.875],[38.74,39.078]],[[38.471,38.741],[38.349,38.596],[38.482,38.476],[38.886,38.364],[39.073,38.348]],[[38.983,37.899],[38.868,37.651],[38.646,37.624],[38.515,37.511],[38.327,37.49]]]},"properties":{"name":"Firat","featurecla":"Lake Centerline","scalerank":3}},
{"type":"Feature","geometry":{"type":"MultiLineString","coordinates":[[[41.455,40.18],[41.307,39.994],[40.911,39.925],[40.469,39.954],[40.179,39.908],[40.251,39.764],[40.172,39.581],[39.91,39.584],[39.536,39.701],[39.201,39.612],[39.048,39.616],[38.64,39.513],[38.361,39.399],[38.425,39.318],[38.711,39.166],[38.74,39.078]],[[38.768,38.813],[38.471,38.741]],[[39.073,38.348],[39.256,38.153],[39.225,38.064],[38.983,37.899]],[[38.327,37.49],[38.197,37.424],[37.974,37.435],[37.841,37.268],[37.868,37.078],[38.008,36.957],[38.026,36.836]]]},"properties":{"name":"Firat","featurecla":"River","scalerank":3}},
{"type":"Feature","geometry":{"type":"LineString","coordinates":[[-108.526,26.729],[-108.539,26.566],[-108.574,26.515]]},"properties":{"name":"Fuerte","featurecla":"Lake Centerline","scalerank":8}},
{"type":"Feature","geometry":{"type":"MultiLineString","coordinates":[[[-107.947,26.945],[-108.271,26.904],[-108.331,26.935],[-108.526,26.729]],[[-108.574,26.516],[-108.612,26.447],[-108.774,26.287],[-108.732,26.146],[-108.958,25.926],[-109.259,25.946],[-109.418,25.872]]]},"properties":{"name":"Fuerte","featurecla":"River","scalerank":8}},
{"type":"Feature","geometry":{"type":"MultiLineString","coordinates":[[[-100.488,20.041],[-100.7,20.054]],[[-100.228,20.02],[-100.23,20.038],[-100.186,20.081]]]},"properties":{"name":"Lerma","featurecla":"Lake Centerline","scalerank":8}},
{"type":"Feature","geometry":{"type":"MultiLineString","coordinates":[[[-100.7,20.054],[-100.858,20.115],[-100.924,20.272],[-101.167,20.561],[-101.335,20.544],[-101.461,20.335],[-101.608,20.32],[-101.69,20.201],[-101.905,20.203],[-101.996,20.403],[-102.243,20.34],[-102.421,20.343],[-102.77,20.198]],[[-100.228,20.02],[-100.372,19.923],[-100.488,20.04]],[[-99.508,19.215],[-99.536,19.364],[-99.748,19.499],[-99.866,19.661],[-99.889,19.79],[-100.022,19.976],[-100.154,20.082],[-100.17,20.09],[-100.186,20.081]]]},"properties":{"name":"Lerma","featurecla":"River","scalerank":8}},
{"type":"Feature","geometry":{"type":"LineString","coordinates":[[-44.861,-18.84],[-45.176,-18.801]]},"properties":{"name":null,"featurecla":"Lake Centerline","scalerank":8}},
{"type":"Feature","geometry":{"type":"LineString","coordinates":[[-44.001,-20.449],[-44.125,-20.194],[-44.453,-19.743],[-44.576,-19.452],[-44.532,-19.372],[-44.691,-19.199],[-44.694,-19.056],[-44.861,-18.84]]},"properties":{"name":null,"featurecla":"River","scalerank":8}},
{"type":"Feature","geometry":{"type":"LineString","coordinates":[[-68.543,-45.593],[-68.77,-45.66]]},"properties":{"name":"Chico","featurecla":"Lake Centerline","scalerank":8}},
{"type":"Feature","geometry":{"type":"MultiLineString","coordinates":[[[-71.364,-44.964],[-70.925,-45.034],[-70.629,-45.028],[-70.458,-44.954],[-70.13,-44.952],[-70.033,-45.236],[-69.852,-45.456],[-69.72,-45.694],[-69.76,-45.864],[-69.553,-45.995],[-69.173,-45.752],[-68.865,-45.721],[-68.77,-45.66]],[[-68.543,-45.593],[-68.306,-45.6],[-67.515,-45.139],[-67.26,-44.846],[-67.12,-44.774],[-66.963,-44.507],[-66.724,-44.216],[-66.636,-44.026],[-66.428,-43.858],[-66.445,-43.75],[-66.462,-43.738]]]},"properties":{"name":"Chico","featurecla":"River","scalerank":8}},
{"type":"Feature","geometry":{"type":"LineString","coordinates":[[31.891,-27.356],[32.066,-27.413]]},"properties":{"name":"Pongola","featurecla":"Lake Centerline","scalerank":8}},
{"type":"Feature","geometry":{"type":"LineString","coordinates":[[30.388,-27.331],[30.586,-27.359],[30.702,-27.293],[30.954,-27.351],[31.061,-27.335],[31.233,-27.443],[31.637,-27.421],[31.891,-27.356]]},"properties":{"name":"Pongola","featurecla":"River","scalerank":8}},
{"type":"Feature","geometry":{"type":"LineString","coordinates":[[26.993,-10.914],[27.219,-10.81]]},"properties":{"name":"Lufira","featurecla":"Lake Centerline","scalerank":8}},
{"type":"Feature","geometry":{"type":"MultiLineString","coordinates":[[[27.219,-10.81],[27.488,-10.504],[27.327,-10.207],[27.226,-9.689],[27.135,-9.643],[26.962,-9.4],[26.801,-9.287],[26.677,-8.954],[26.775,-8.631],[26.686,-8.466],[26.585,-8.495],[26.426,-8.319],[26.452,-8.269]],[[26.472,-11.571],[26.564,-11.506],[26.81,-11.48],[26.875,-11.139],[26.993,-10.914]]]},"properties":{"name":"Lufira","featurecla":"River","scalerank":8}},
{"type":"Feature","geometry":{"type":"LineString","coordinates":[[18.18,-2.711],[18.249,-2.639],[18.261,-2.464],[18.358,-2.248],[18.353,-2.111],[18.232,-1.942],[18.282,-1.74],[18.412,-1.735]]},"properties":{"name":"Lokoro","featurecla":"Lake Centerline","scalerank":8}},
{"type":"Feature","geometry":{"type":"LineString","coordinates":[[21.085,-2.786],[20.863,-2.834],[20.777,-2.8],[20.435,-2.765],[19.927,-2.572],[19.679,-2.559],[19.35,-2.428],[19.259,-2.2],[19.051,-1.902],[18.772,-1.823],[18.674,-1.724],[18.412,-1.735]]},"properties":{"name":"Lokoro","featurecla":"River","scalerank":8}},
{"type":"Feature","geometry":{"type":"MultiLineString","coordinates":[[[41.651,11.523],[41.623,11.593],[41.622,11.593]],[[41.577,11.367],[41.595,11.403]],[[39.011,8.4],[39.139,8.47]]]},"properties":{"name":"Awash","featurecla":"Lake Centerline","scalerank":8}},
{"type":"Feature","geometry":{"type":"MultiLineString","coordinates":[[[41.595,11.403],[41.651,11.522]],[[41.577,11.367],[41.585,11.218],[41.684,11.2]],[[38.075,8.971],[38.128,9.01],[38.382,8.872],[38.491,8.711],[38.733,8.632],[38.762,8.385],[39.011,8.4]],[[39.139,8.47],[39.368,8.386],[39.779,8.655],[39.923,8.857],[40.039,8.843],[40.183,9.041],[40.084,9.28],[40.299,9.638],[40.229,9.8],[40.351,9.965],[40.501,9.976],[40.6,10.072],[40.512,10.591],[40.436,10.778],[40.454,10.987],[40.574,11.095],[40.753,11.135],[40.947,11.375],[40.958,11.697],[41.02,11.741],[41.199,11.627],[41.342,11.628],[41.477,11.559],[41.623,11.593]]]},"properties":{"name":"Awash","featurecla":"River","scalerank":8}},
{"type":"Feature","geometry":{"type":"MultiLineString","coordinates":[[[-7.94,53.84],[-7.983,53.879],[-7.983,53.88]],[[-8.004,53.667],[-7.958,53.454]],[[-8.449,52.817],[-8.199,53.079]]]},"properties":{"name":"Shannon","featurecla":"Lake Centerline","scalerank":8}},
{"type":"Feature","geometry":{"type":"MultiLineString","coordinates":[[[-8.068,54.064],[-7.983,53.879]],[[-7.94,53.84],[-8.004,53.667]],[[-7.958,53.454],[-8.045,53.273],[-7.977,53.207],[-8.199,53.079]],[[-8.449,52.817],[-8.508,52.71],[-8.739,52.673]]]},"properties":{"name":"Shannon","featurecla":"River","scalerank":8}},
{"type":"Feature","geometry":{"type":"LineString","coordinates":[[8.621,45.726],[8.578,45.905],[8.843,46.172]]},"properties":{"name":"Ticino","featurecla":"Lake Centerline","scalerank":8}},
{"type":"Feature","geometry":{"type":"LineString","coordinates":[[8.404,46.496],[8.71,46.535],[8.934,46.391],[9.048,46.241],[8.843,46.172]]},"properties":{"name":"Ticino","featurecla":"River","scalerank":8}},
{"type":"Feature","geometry":{"type":"MultiLineString","coordinates":[[[97.763,35.088],[97.697,34.92],[97.546,34.876]],[[97.288,34.835],[97.072,34.931]]]},"properties":{"name":"Huang","featurecla":"Lake Centerline","scalerank":3}},
{"type":"Feature","geometry":{"type":"MultiLineString","coordinates":[[[96.164,35.13],[96.811,35.061],[97.072,34.931]],[[97.763,35.088],[97.992,35.081],[98.137,34.893],[98.378,34.815],[98.401,34.649],[98.327,34.598],[98.515,34.401],[98.71,34.355],[98.868,34.479],[99.053,34.411],[99.049,34.071],[99.111,33.913],[99.248,33.784],[99.377,33.753],[99.771,33.8],[100.149,33.574],[100.317,33.746],[100.632,33.91],[100.782,33.924],[100.913,33.759],[101.112,33.862],[101.288,33.711],[101.737,33.683],[102.009,33.376],[102.166,33.333],[102.386,33.41],[102.482,33.54],[102.356,33.609],[102.343,33.725],[102.194,33.919],[101.913,33.999],[101.611,34.191],[101.234,34.301],[101.14,34.5],[100.929,34.552],[100.871,34.709],[100.697,34.671],[100.495,34.805],[100.336,34.834],[100.255,35.027],[100.191,35.402],[100.131,35.467],[100.296,35.772],[100.591,35.889],[100.816,36.132],[101.08,36.14],[101.191,36.088],[101.479,36.066],[101.697,36.184],[101.852,36.134],[102.016,35.992],[102.078,35.847],[102.417,35.888],[102.735,35.83],[102.837,35.861],[103.116,35.778],[103.304,35.864],[103.215,35.957],[103.261,36.066],[103.455,36.189],[103.541,36.134],[103.876,36.065],[104.191,36.335],[104.494,36.46],[104.714,36.621],[104.719,36.697],[104.528,36.872],[104.336,36.901],[104.306,37.157],[104.493,37.209],[104.578,37.324],[105.102,37.475],[105.548,37.498],[105.889,37.599],[105.993,37.885],[106.14,37.983],[106.278,38.233],[106.517,38.427],[106.573,38.71],[106.84,38.988],[106.882,39.105],[106.808,39.199],[106.752,39.466],[106.785,39.675],[106.709,40.038],[107.032,40.31],[107.142,40.454],[107.271,40.638],[107.711,40.787],[107.758,40.859],[108.438,40.817],[108.591,40.662],[108.83,40.543],[109.037,40.549],[109.397,40.468],[109.911,40.523],[110.246,40.474],[110.88,40.255],[111.061,40.267],[111.303,40.156],[111.437,39.917],[111.365,39.778],[111.421,39.522],[111.225,39.31],[111.118,39.067],[110.995,39.004],[110.98,38.817],[110.872,38.621],[110.899,38.545],[110.511,38.202],[110.515,37.955],[110.753,37.746],[110.789,37.561],[110.63,37.397],[110.665,37.282],[110.46,37.051],[110.389,37.022],[110.397,36.781],[110.483,36.593],[110.447,36.142],[110.62,35.597],[110.335,35.198],[110.237,34.801],[110.27,34.637]],[[97.288,34.835],[97.547,34.876]]]},"properties":{"name":"Huang","featurecla":"River","scalerank":3}},
{"type":"Feature","geometry":{"type":"LineString","coordinates":[[27.69,49.475],[27.473,49.417]]},"properties":{"name":"Southern Bug","featurecla":"Lake Centerline","scalerank":8}},
{"type":"Feature","geometry":{"type":"MultiLineString","coordinates":[[[26.502,49.621],[27.047,49.41],[27.318,49.376],[27.473,49.417]],[[27.69,49.475],[27.738,49.535],[28.334,49.474],[28.487,49.335],[28.333,49.043],[28.648,49.021],[28.623,48.897],[28.958,48.834],[29.216,48.709],[29.393,48.503],[29.658,48.483],[29.758,48.369],[29.96,48.281],[30.083,48.144],[30.603,48.14],[30.799,48.013],[31.009,47.995],[31.19,47.715],[31.179,47.596],[31.407,47.514],[31.749,47.259]]]},"properties":{"name":"Southern Bug","featurecla":"River","scalerank":8}},
{"type":"Feature","geometry":{"type":"LineString","coordinates":[[76.2,31.886],[75.935,31.965]]},"properties":{"name":"Beas","featurecla":"Lake Centerline","scalerank":8}},
{"type":"Feature","geometry":{"type":"MultiLineString","coordinates":[[[77.195,32.259],[77.123,31.924],[77.215,31.738],[77.067,31.701],[76.747,31.877],[76.594,31.904],[76.321,31.782],[76.2,31.886]],[[75.935,31.965],[75.588,32.08],[75.535,31.94],[75.528,31.712],[75.227,31.457],[75.169,31.347],[75.037,31.198],[75.003,31.176]]]},"properties":{"name":"Beas","featurecla":"River","scalerank":8}},
{"type":"Feature","geometry":{"type":"MultiLineString","coordinates":[[[75.894,15.093],[76.156,15.228],[76.318,15.271],[76.319,15.273]],[[75.632,13.712],[75.556,13.676],[75.531,13.496]]]},"properties":{"name":"Tungabhadra","featurecla":"Lake Centerline","scalerank":8}},
{"type":"Feature","geometry":{"type":"MultiLineString","coordinates":[[[76.318,15.271],[76.716,15.497],[77.073,15.921],[77.226,15.976],[77.641,15.901],[77.888,15.919],[78.087,15.833],[78.237,15.97]],[[75.632,13.712],[75.696,13.775],[75.686,14.121],[75.619,14.338],[75.64,14.448],[75.795,14.548],[75.805,14.651],[75.667,14.835],[75.677,14.935],[75.894,15.093]],[[75.318,13.229],[75.471,13.278],[75.531,13.496]]]},"properties":{"name":"Tungabhadra","featurecla":"River","scalerank":8}},
{"type":"Feature","geometry":{"type":"MultiLineString","coordinates":[[[81.142,7.999],[80.992,7.801]],[[80.656,7.308],[80.807,7.233]]]},"properties":{"name":"Mahaweli","featurecla":"Lake Centerline","scalerank":8}},
{"type":"Feature","geometry":{"type":"MultiLineString","coordinates":[[[81.142,7.999],[81.28,8.231],[81.417,8.254]],[[80.807,7.233],[81.012,7.23],[80.978,7.568],[80.992,7.801]],[[80.656,7.034],[80.574,7.087],[80.656,7.308]]]},"properties":{"name":"Mahaweli","featurecla":"River","scalerank":8}},
{"type":"Feature","geometry":{"type":"LineString","coordinates":[[102.781,18.715],[102.567,18.55]]},"properties":{"name":"Ngun","featurecla":"Lake Centerline","scalerank":8}},
{"type":"Feature","geometry":{"type":"MultiLineString","coordinates":[[[103.205,19.684],[103.068,19.597],[102.972,19.424],[102.764,19.416],[102.88,19.075],[102.789,18.956],[102.781,18.713]],[[102.567,18.55],[102.513,18.511],[102.538,18.242],[102.773,18.132],[102.899,18.194],[103.087,18.14]]]},"properties":{"name":"Ngun","featurecla":"River","scalerank":8}},
{"type":"Feature","geometry":{"type":"LineString","coordinates":[[149.12,-32.656],[149.235,-32.797],[149.245,-32.911]]},"properties":{"name":"Macquarie","featurecla":"Lake Centerline","scalerank":8}},
{"type":"Feature","geometry":{"type":"MultiLineString","coordinates":[[[149.12,-32.656],[149.003,-32.609],[148.835,-32.449],[148.659,-32.389],[148.546,-32.219],[148.258,-32.222],[148.244,-31.992],[148.012,-31.862],[147.799,-31.663],[147.58,-31.124],[147.488,-31.019],[147.527,-30.663],[147.607,-30.491],[147.537,-30.407],[147.528,-30.187],[147.412,-30.127]],[[149.718,-33.637],[149.605,-33.554],[149.578,-33.415],[149.409,-33.342],[149.395,-33.102],[149.278,-33.057],[149.244,-32.909]]]},"properties":{"name":"Macquarie","featurecla":"River","scalerank":8}},
{"type":"Feature","geometry":{"type":"LineString","coordinates":[[92.299,35.223],[92.067,35.219]]},"properties":{"name":"Qumar","featurecla":"Lake Centerline","scalerank":8}},
{"type":"Feature","geometry":{"type":"MultiLineString","coordinates":[[[90.949,35.245],[91.977,35.155],[92.067,35.219]],[[92.299,35.223],[92.625,35.176],[93.402,35.359],[93.769,35.299],[93.896,35.222],[94.105,35.217],[94.377,35.052],[94.752,35.011],[94.93,34.905],[94.966,34.807],[94.955,34.719],[94.924,34.677]]]},"properties":{"name":"Qumar","featurecla":"River","scalerank":8}},
{"type":"Feature","geometry":{"type":"MultiLineString","coordinates":[[[11.795,61.931],[11.781,61.921]],[[12.547,60.945],[12.595,61.027]],[[12.335,58.374],[12.834,58.701],[13.217,58.781],[13.384,58.86],[13.374,59.307],[13.474,59.36]]]},"properties":{"name":"Klarlven","featurecla":"Lake Centerline","scalerank":8}},
{"type":"Feature","geometry":{"type":"MultiLineString","coordinates":[[[11.901,61.927],[11.795,61.931]],[[11.781,61.921],[11.638,61.773],[11.995,61.534],[12.595,61.027]],[[12.547,60.945],[12.989,60.646],[13.487,60.217],[13.565,60.004],[13.433,59.502],[13.475,59.36]]]},"properties":{"name":"Klarlven","featurecla":"River","scalerank":8}},
{"type":"Feature","geometry":{"type":"MultiLineString","coordinates":[[[15.057,58.55],[15.282,58.559]],[[15.53,58.5],[15.954,58.514]]]},"properties":{"name":"Motala strm","featurecla":"Lake Centerline","scalerank":8}},
{"type":"Feature","geometry":{"type":"MultiLineString","coordinates":[[[15.282,58.559],[15.529,58.501]],[[14.978,58.524],[15.057,58.55]],[[15.954,58.514],[16.413,58.477]]]},"properties":{"name":"Motala strm","featurecla":"River","scalerank":8}},
{"type":"Feature","geometry":{"type":"LineString","coordinates":[[-108.912,62.797],[-109.093,62.696],[-109.399,62.788],[-110.041,62.889],[-110.675,62.882],[-111.455,62.648],[-111.72,62.368],[-111.963,62.212],[-112.39,62.075],[-112.725,62.043],[-112.976,61.912],[-113.189,61.857],[-114.853,61.371]]},"properties":{"name":null,"featurecla":"Lake Centerline","scalerank":8}},
{"type":"Feature","geometry":{"type":"LineString","coordinates":[[-108.465,62.897],[-108.912,62.797]]},"properties":{"name":null,"featurecla":"River","scalerank":8}},
{"type":"Feature","geometry":{"type":"LineString","coordinates":[[37.113,11.855],[37.258,11.927],[37.346,11.858],[37.387,11.634],[37.387,11.632]]},"properties":{"name":"Abay","featurecla":"Lake Centerline","scalerank":3}},
{"type":"Feature","geometry":{"type":"LineString","coordinates":[[37.179,11.036],[36.963,11.265],[36.998,11.494],[37.175,11.769],[37.113,11.855]]},"properties":{"name":"Abay","featurecla":"River","scalerank":3}},
{"type":"Feature","geometry":{"type":"LineString","coordinates":[[124.959,40.454],[125.053,40.548],[125.336,40.641]]},"properties":{"name":"Yalu","featurecla":"Lake Centerline","scalerank":8}},
{"type":"Feature","geometry":{"type":"MultiLineString","coordinates":[[[128.091,41.918],[128.159,41.712],[128.303,41.584],[128.185,41.405],[127.944,41.471],[127.638,41.43],[127.474,41.499],[127.269,41.505],[126.887,41.785],[126.618,41.666],[126.501,41.435],[126.261,41.143],[126.147,41.092],[126.007,40.9],[125.761,40.886],[125.336,40.641]],[[124.959,40.454],[124.895,40.484],[124.37,40.098]]]},"properties":{"name":"Yalu","featurecla":"River","scalerank":8}},
{"type":"Feature","geometry":{"type":"LineString","coordinates":[[-48.952,-18.326],[-48.753,-18.218],[-48.657,-18.068],[-48.657,-18.067]]},"properties":{"name":"Corumba","featurecla":"Lake Centerline","scalerank":8}},
{"type":"Feature","geometry":{"type":"LineString","coordinates":[[-48.764,-15.841],[-48.763,-16.039],[-48.671,-16.138],[-48.429,-16.222],[-48.387,-16.295],[-48.084,-16.349],[-48.007,-16.515],[-48.022,-16.666],[-47.908,-16.8],[-47.893,-16.913],[-48.023,-17.187],[-48.216,-17.327],[-48.456,-17.629],[-48.551,-17.812],[-48.503,-17.899],[-48.552,-18.04],[-48.657,-18.068]]},"properties":{"name":"Corumba","featurecla":"River","scalerank":8}},
{"type":"Feature","geometry":{"type":"LineString","coordinates":[[29.816,-5.205],[29.665,-5.226],[29.549,-5.448],[29.539,-5.81],[29.482,-5.878],[29.276,-5.934],[29.19,-5.912]]},"properties":{"name":"Lukuga","featurecla":"Lake Centerline","scalerank":8}},
{"type":"Feature","geometry":{"type":"LineString","coordinates":[[29.19,-5.912],[28.757,-5.855],[28.424,-5.943],[28.163,-5.868],[27.993,-5.677],[27.666,-5.863],[27.354,-5.996],[27.216,-6.015],[26.953,-5.762],[26.918,-5.658]]},"properties":{"name":"Lukuga","featurecla":"River","scalerank":8}},
{"type":"Feature","geometry":{"type":"LineString","coordinates":[[-100.726,44.785],[-101.109,44.754],[-101.222,44.703]]},"properties":{"name":"Cheyenne","featurecla":"Lake Centerline","scalerank":8}},
{"type":"Feature","geometry":{"type":"MultiLineString","coordinates":[[[-103.003,43.606],[-102.823,43.676],[-102.653,43.893],[-102.468,43.991],[-102.305,44.436],[-101.697,44.58],[-101.56,44.571],[-101.222,44.703]],[[-105.062,43.441],[-104.907,43.528],[-104.688,43.565],[-104.462,43.408],[-104.291,43.373],[-104.191,43.452],[-103.924,43.418],[-103.661,43.276],[-103.424,43.351],[-103.044,43.531],[-102.996,43.621]]]},"properties":{"name":"Cheyenne","featurecla":"River","scalerank":8}},
{"type":"Feature","geometry":{"type":"LineString","coordinates":[[-80.506,33.58],[-80.368,33.464],[-80.155,33.402]]},"properties":{"name":"Congaree","featurecla":"Lake Centerline","scalerank":8}},
{"type":"Feature","geometry":{"type":"MultiLineString","coordinates":[[[-81.215,34.047],[-81.051,33.997]],[[-81.056,34.004],[-81.051,33.997]],[[-81.051,33.997],[-81.05,33.996]],[[-81.051,33.997],[-80.972,33.843],[-80.651,33.758],[-80.506,33.582]]]},"properties":{"name":"Congaree","featurecla":"River","scalerank":8}},
{"type":"Feature","geometry":{"type":"LineString","coordinates":[[-114.125,48.083],[-114.106,47.716]]},"properties":{"name":"Flathead","featurecla":"Lake Centerline","scalerank":8}},
{"type":"Feature","geometry":{"type":"MultiLineString","coordinates":[[[-114.674,49.392],[-114.564,49.366],[-114.502,49.1],[-114.327,48.843],[-114.146,48.658],[-114.057,48.415],[-114.204,48.365],[-114.245,48.189],[-114.125,48.083]],[[-114.107,47.715],[-114.317,47.656],[-114.278,47.489],[-114.375,47.334],[-114.535,47.384],[-114.775,47.352]]]},"properties":{"name":"Flathead","featurecla":"River","scalerank":8}},
{"type":"Feature","geometry":{"type":"LineString","coordinates":[[-81.671,29.504],[-81.555,29.211]]},"properties":{"name":"Saint Johns","featurecla":"Lake Centerline","scalerank":8}},
{"type":"Feature","geometry":{"type":"MultiLineString","coordinates":[[[-81.671,29.504],[-81.542,29.769],[-81.673,30.024],[-81.687,30.293],[-81.614,30.383],[-81.389,30.395]],[[-81.555,29.211],[-81.369,29.061],[-81.322,28.832],[-81.061,28.784],[-81.001,28.634],[-80.879,28.497],[-80.862,28.222],[-80.753,28.161],[-80.855,28.051],[-81.052,28.163],[-81.081,28.236]]]},"properties":{"name":"Saint Johns","featurecla":"River","scalerank":8}},
{"type":"Feature","geometry":{"type":"LineString","coordinates":[[-94.411,18.135],[-94.478,17.953]]},"properties":{"name":"Coatzacoalcos","featurecla":"Lake Centerline","scalerank":8}},
{"type":"Feature","geometry":{"type":"MultiLineString","coordinates":[[[-94.41,18.155],[-94.411,18.135]],[[-94.928,17.183],[-94.972,17.343],[-94.726,17.514],[-94.671,17.866],[-94.478,17.953]]]},"properties":{"name":"Coatzacoalcos","featurecla":"River","scalerank":8}},
{"type":"Feature","geometry":{"type":"MultiLineString","coordinates":[[[-51.264,-20.653],[-51.263,-20.653],[-51.115,-20.662],[-51.014,-20.746],[-50.634,-20.922],[-50.506,-21.018],[-50.304,-21.059]],[[-49.01,-21.753],[-49.338,-21.564],[-49.595,-21.374],[-50.197,-21.107]],[[-48.538,-22.514],[-48.353,-22.664],[-48.14,-22.762]]]},"properties":{"name":"Tietê","featurecla":"Lake Centerline","scalerank":8}},
{"type":"Feature","geometry":{"type":"MultiLineString","coordinates":[[[-51.263,-20.653],[-51.362,-20.667],[-51.486,-20.654],[-51.534,-20.623],[-51.59,-20.621]],[[-50.197,-21.107],[-50.304,-21.059]],[[-48.538,-22.514],[-48.614,-22.498],[-48.865,-22.108],[-48.871,-21.95],[-49.01,-21.753]],[[-45.961,-23.625],[-45.973,-23.575],[-46.243,-23.527],[-46.366,-23.468],[-46.777,-23.529],[-46.963,-23.4],[-47.109,-23.401],[-47.308,-23.189],[-47.544,-23.214],[-47.775,-22.984],[-47.949,-22.93],[-48.14,-22.762]]]},"properties":{"name":"Tietê","featurecla":"River","scalerank":8}},
{"type":"Feature","geometry":{"type":"LineString","coordinates":[[42.315,0.14],[42.342,0.067],[42.523,0.021],[42.569,-0.044]]},"properties":{"name":null,"featurecla":"Lake Centerline","scalerank":8}},
{"type":"Feature","geometry":{"type":"LineString","coordinates":[[39.088,3.533],[39.218,3.341],[39.42,3.187],[39.561,2.552],[39.562,2.242],[39.767,1.966],[39.869,1.714],[39.973,1.583],[40.225,1.417],[40.58,1.351],[40.942,1.026],[41.4,1.046],[41.478,1.004],[41.628,0.743],[41.988,0.736],[42.052,0.538],[42.153,0.485],[42.315,0.14]]},"properties":{"name":null,"featurecla":"River","scalerank":8}},
{"type":"Feature","geometry":{"type":"MultiLineString","coordinates":[[[38.434,58.02],[38.299,58.08],[38.408,58.288],[38.704,58.113]],[[41.342,57.493],[41.196,57.508],[40.915,57.777],[40.668,57.806],[40.389,57.737],[40.007,57.567]],[[37.761,57.291],[37.98,57.306],[38.301,57.572]],[[37.151,56.753],[37.148,56.752],[36.916,56.803],[36.6,56.629],[36.375,56.706]],[[43.432,56.675],[43.314,56.753],[43.079,57.174],[43.178,57.329],[43.127,57.381],[42.576,57.415]],[[45.195,56.142],[45.513,56.163],[45.968,56.141],[46.174,56.252],[46.591,56.361],[46.899,56.166],[47.463,56.157]],[[49.059,55.483],[49.36,55.152],[48.891,54.97],[48.867,54.648],[48.49,54.482],[48.461,54.213],[48.853,53.998],[48.989,53.858],[48.985,53.608],[49.069,53.494],[49.262,53.463],[49.905,53.457]],[[48.662,53.138],[48.497,52.995],[48.54,52.83],[48.249,52.623],[48.213,52.516],[47.971,52.162],[47.769,52.074]],[[45.664,50.222],[45.873,50.372],[45.858,50.467],[45.682,50.622],[45.678,50.73],[45.956,50.803],[46.054,50.888],[45.99,51.055],[45.835,51.152],[45.837,51.295],[45.983,51.486],[46.152,51.547],[46.332,51.754],[46.483,51.784],[46.777,51.741]]]},"properties":{"name":"Volga","featurecla":"Lake Centerline","scalerank":3}},
{"type":"Feature","geometry":{"type":"MultiLineString","coordinates":[[[38.301,57.572],[38.494,57.824],[38.437,58.018]],[[40.007,57.567],[39.757,57.81],[39.17,58.034],[38.704,58.113]],[[41.344,57.493],[41.82,57.432],[42.027,57.507],[42.576,57.415]],[[32.598,57.25],[32.703,56.945],[33.159,56.934],[33.693,56.769],[34.032,56.516],[33.823,56.438],[34.086,56.31],[34.611,56.189],[34.923,56.361],[34.961,56.582],[35.183,56.589],[35.371,56.733],[35.664,56.851],[35.941,56.876],[36.284,56.787],[36.375,56.706]],[[37.148,56.752],[37.473,56.898],[37.508,57.069],[37.761,57.291]],[[43.432,56.675],[43.74,56.433],[43.979,56.337],[44.19,56.273],[44.589,56.07],[45.1,56.101],[45.195,56.142]],[[47.463,56.157],[47.829,56.145],[48.024,55.937],[48.359,55.828],[48.984,55.763],[49.059,55.483]],[[49.905,53.457],[50.047,53.471],[50.169,53.257],[49.956,53.174],[49.75,53.215],[49.429,53.137],[49.344,53.214],[49.018,53.232],[48.662,53.138]],[[47.769,52.074],[47.495,52.073],[47.073,51.92],[46.777,51.741]],[[45.664,50.222],[45.448,50.105],[45.361,49.959],[45.355,49.783],[45.153,49.59],[44.962,49.259],[44.969,49.155],[44.719,48.922],[44.461,48.585],[44.544,48.524],[44.999,48.426],[45.441,48.478],[45.957,48.322],[46.167,48.149],[46.142,47.936],[46.525,47.759],[46.838,47.451],[47.081,47.337],[47.192,47.183],[47.428,47.02],[47.589,46.971],[47.842,46.735]],[[47.842,46.735],[48.199,46.67],[48.266,46.423],[48.459,46.334],[48.627,46.087]],[[47.842,46.735],[48.015,46.504],[48.021,46.384],[47.9,46.214],[47.644,45.961],[47.556,45.766]]]},"properties":{"name":"Volga","featurecla":"River","scalerank":3}},
{"type":"Feature","geometry":{"type":"LineString","coordinates":[[-4.676,57.148],[-4.675,57.148],[-4.344,57.394]]},"properties":{"name":"Ness","featurecla":"Lake Centerline","scalerank":8}},
{"type":"Feature","geometry":{"type":"LineString","coordinates":[[-4.344,57.394],[-4.226,57.494]]},"properties":{"name":"Ness","featurecla":"River","scalerank":8}},
{"type":"Feature","geometry":{"type":"LineString","coordinates":[[-4.836,57.01],[-4.969,56.928]]},"properties":{"name":"Oich","featurecla":"Lake Centerline","scalerank":8}},
{"type":"Feature","geometry":{"type":"LineString","coordinates":[[-4.675,57.148],[-4.836,57.01]]},"properties":{"name":"Oich","featurecla":"River","scalerank":8}},
{"type":"Feature","geometry":{"type":"LineString","coordinates":[[123.835,45.724],[124.038,45.71]]},"properties":{"name":"Tao’er","featurecla":"Lake Centerline","scalerank":8}},
{"type":"Feature","geometry":{"type":"MultiLineString","coordinates":[[[120.165,46.996],[120.263,46.798],[120.515,46.733],[121.286,46.639]],[[121.286,46.632],[121.441,46.478],[121.964,46.299],[122.142,46.031],[122.377,45.848],[122.53,45.551],[122.785,45.377],[122.971,45.363],[123.15,45.454],[123.338,45.681],[123.512,45.737],[123.835,45.724]],[[124.038,45.71],[124.088,45.718]]]},"properties":{"name":"Tao’er","featurecla":"River","scalerank":8}},
{"type":"Feature","geometry":{"type":"LineString","coordinates":[[101.802,56.289],[101.758,56.118],[101.848,56.061],[101.843,55.696],[101.926,55.631],[102.35,55.556],[102.283,55.444],[102.318,55.193],[102.1,55.041]]},"properties":{"name":"Oka","featurecla":"Lake Centerline","scalerank":8}},
{"type":"Feature","geometry":{"type":"LineString","coordinates":[[100.523,51.974],[100.39,52.043],[100.228,52.319],[99.976,52.335],[99.685,52.616],[99.805,52.784],[100.141,52.865],[100.205,53.013],[100.36,53.085],[100.423,53.249],[100.744,53.305],[100.931,53.269],[101.152,53.32],[101.433,53.488],[101.588,53.493],[101.968,53.667],[102.16,54.002],[102.067,54.267],[102.077,54.441],[101.986,54.527],[101.739,54.556],[101.718,54.653],[102.057,54.667],[102.1,55.041]]},"properties":{"name":"Oka","featurecla":"River","scalerank":8}},
{"type":"Feature","geometry":{"type":"LineString","coordinates":[[-44.634,-3.859],[-44.69,-3.779]]},"properties":{"name":"Mearim","featurecla":"Lake Centerline","scalerank":8}},
{"type":"Feature","geometry":{"type":"MultiLineString","coordinates":[[[-44.69,-3.779],[-44.823,-3.684],[-44.854,-3.582],[-44.796,-3.3]],[[-46.287,-6.754],[-46.132,-6.572],[-46.056,-6.308],[-46.048,-6.122],[-45.995,-5.989],[-46,-5.765],[-45.845,-5.732],[-45.706,-5.796],[-45.556,-5.675],[-45.105,-5.411],[-45.005,-5.239],[-44.937,-5.018],[-44.637,-4.762],[-44.705,-4.51],[-44.691,-4.369],[-44.776,-4.249],[-44.741,-4.047],[-44.661,-4.03],[-44.634,-3.859]]]},"properties":{"name":"Mearim","featurecla":"River","scalerank":8}},
{"type":"Feature","geometry":{"type":"LineString","coordinates":[[-112.191,41.467],[-112.256,41.475]]},"properties":{"name":"Bear","featurecla":"Lake Centerline","scalerank":8}},
{"type":"Feature","geometry":{"type":"MultiLineString","coordinates":[[[-112.257,41.474],[-112.286,41.447]],[[-110.843,40.832],[-110.836,40.973],[-110.924,41.05],[-110.883,41.201],[-110.987,41.318],[-111.007,41.529],[-111.134,41.668],[-110.938,42.044],[-111.048,42.222],[-111.249,42.241],[-111.411,42.531],[-111.658,42.664],[-111.778,42.563],[-111.705,42.3],[-111.901,42.113],[-111.931,41.829],[-112.095,41.79],[-112.096,41.544],[-112.191,41.467]]]},"properties":{"name":"Bear","featurecla":"River","scalerank":8}},
{"type":"Feature","geometry":{"type":"LineString","coordinates":[[-57.788,-17.622],[-57.788,-17.62],[-57.872,-17.511]]},"properties":{"name":null,"featurecla":"Lake Centerline","scalerank":8}},
{"type":"Feature","geometry":{"type":"MultiLineString","coordinates":[[[-58.364,-16.436],[-58.357,-16.509],[-58.481,-16.684],[-58.467,-16.887],[-58.382,-17.267],[-58.241,-17.325],[-58.011,-17.497],[-57.872,-17.511]],[[-57.788,-17.62],[-57.725,-17.737],[-57.498,-17.866],[-57.474,-17.945]]]},"properties":{"name":null,"featurecla":"River","scalerank":8}},
{"type":"Feature","geometry":{"type":"LineString","coordinates":[[-98.896,26.19],[-99.022,26.1]]},"properties":{"name":"San Juan","featurecla":"Lake Centerline","scalerank":8}},
{"type":"Feature","geometry":{"type":"MultiLineString","coordinates":[[[-98.849,26.363],[-98.896,26.19]],[[-100.269,25.238],[-100.051,25.026],[-99.653,25.258],[-99.514,25.491],[-99.336,25.533],[-99.176,25.808],[-99.186,26.07],[-99.022,26.1]]]},"properties":{"name":"San Juan","featurecla":"River","scalerank":8}},
{"type":"Feature","geometry":{"type":"LineString","coordinates":[[-124.576,66.968],[-124.582,66.906]]},"properties":{"name":"Anderson","featurecla":"Lake Centerline","scalerank":8}},
{"type":"Feature","geometry":{"type":"MultiLineString","coordinates":[[[-124.576,66.968],[-124.62,67.087],[-124.24,67.344],[-124.354,67.659],[-124.728,67.838],[-124.801,67.982],[-125.263,68.122],[-125.631,68.098],[-125.973,68.232],[-126.084,68.487],[-126.677,68.609],[-126.977,68.53],[-127.381,68.517],[-127.7,68.386],[-128.084,68.4],[-128.718,68.359],[-128.795,68.482],[-128.46,68.584],[-128.345,68.789],[-128.412,69.043],[-128.29,69.133],[-128.447,69.298],[-128.251,69.397],[-128.407,69.529],[-128.92,69.688]],[[-124.582,66.906],[-125.216,66.982]]]},"properties":{"name":"Anderson","featurecla":"River","scalerank":8}},
{"type":"Feature","geometry":{"type":"MultiLineString","coordinates":[[[56.433,59.905],[56.434,59.883]],[[56.434,59.883],[56.364,59.923]],[[56.309,58.059],[56.334,58.146],[56.248,58.304],[56.43,58.385],[56.089,58.655],[56.236,58.756],[56.254,58.988],[56.171,59.07],[56.24,59.25],[56.678,59.389],[56.689,59.593],[56.434,59.883]],[[55.247,57.874],[55.525,57.577],[55.535,57.334],[55.314,57.298],[55.051,57.332],[54.979,57.114],[54.67,57.042],[54.502,57.066],[54.167,56.942],[54.088,56.771]],[[53.539,55.94],[53.286,55.852],[52.658,55.959],[52.53,55.863],[52.318,55.863],[52.277,55.696]],[[51.998,55.723],[51.513,55.583],[51.472,55.481],[51.242,55.514],[51.033,55.462],[50.791,55.487],[50.657,55.404],[50.245,55.406],[49.599,55.284],[49.36,55.152]]]},"properties":{"name":"Kama","featurecla":"Lake Centerline","scalerank":6}},
{"type":"Feature","geometry":{"type":"MultiLineString","coordinates":[[[53.694,58.206],[53.552,58.394],[53.523,58.558],[53.191,58.861],[53.219,59.099],[53.003,59.209],[52.903,59.471],[52.636,59.58],[52.975,59.956],[53.427,60.058],[54.006,60.334],[54.267,60.361],[54.521,60.239],[55.035,60.226],[55.118,60.185],[55.571,60.311],[55.715,60.485],[56.11,60.424],[56.144,60.176],[56.268,60.15],[56.364,59.923]],[[56.309,58.059],[56.014,58.025],[55.788,58.059],[55.623,57.998],[55.44,57.825],[55.247,57.874]],[[54.088,56.771],[53.743,56.794],[53.858,56.406],[54.178,56.217],[54.047,56.058],[53.774,56.051],[53.539,55.94]],[[52.277,55.696],[51.998,55.723]]]},"properties":{"name":"Kama","featurecla":"River","scalerank":6}},
{"type":"Feature","geometry":{"type":"LineString","coordinates":[[38.561,35.863],[38.56,35.863],[38.46,35.859],[38.175,35.973],[38.066,36.148],[38.184,36.342]]},"properties":{"name":"Al Furat","featurecla":"Lake Centerline","scalerank":3}},
{"type":"Feature","geometry":{"type":"MultiLineString","coordinates":[[[38.026,36.836],[38.098,36.679],[38.293,36.528],[38.184,36.342]],[[38.56,35.863],[38.741,35.853],[38.813,35.932],[39.009,35.932],[39.278,35.831],[39.622,35.795],[39.814,35.726],[39.917,35.527],[40.059,35.461],[40.17,35.327],[40.404,35.219],[40.445,35.039],[40.556,34.958],[40.638,34.797],[40.927,34.618],[40.993,34.428]]]},"properties":{"name":"Al Furat","featurecla":"River","scalerank":3}},
{"type":"Feature","geometry":{"type":"LineString","coordinates":[[29.594,-2.984],[29.731,-3.053],[29.904,-3.068],[30.015,-3.232],[30.031,-3.354],[30.176,-3.304],[30.488,-2.943],[30.415,-2.851],[30.45,-2.742],[30.58,-2.597],[30.772,-2.492],[30.834,-2.345],[30.887,-2.082],[30.83,-1.96],[30.83,-1.594],[30.737,-1.407],[30.555,-1.318],[30.511,-1.073],[30.638,-1.073],[30.777,-0.986],[30.907,-1.022],[31.047,-1.183],[31.282,-1.242],[31.574,-1.19],[31.604,-1.029],[31.768,-0.936]]},"properties":{"name":"Kagera","featurecla":"River","scalerank":1}},
{"type":"Feature","geometry":{"type":"LineString","coordinates":[[-71.75,48.575],[-71.866,48.569],[-72.371,48.664]]},"properties":{"name":"Saguenay","featurecla":"Lake Centerline","scalerank":8}},
{"type":"Feature","geometry":{"type":"MultiLineString","coordinates":[[[-73.043,50.713],[-73.241,50.305],[-73.33,49.848],[-73.474,49.606],[-73.363,49.545],[-73.402,49.382],[-73.344,49.206],[-73.2,49.187],[-73.027,48.949],[-72.683,48.859],[-72.371,48.664]],[[-71.749,48.577],[-71.206,48.451],[-71.07,48.445]]]},"properties":{"name":"Saguenay","featurecla":"River","scalerank":8}},
{"type":"Feature","geometry":{"type":"MultiLineString","coordinates":[[[0.183,8.75],[0.093,8.507],[0.208,8.394],[0.198,8.256]],[[0.198,8.256],[0.197,8.084],[0.068,7.934],[0.133,7.852],[0.075,7.575]]]},"properties":{"name":"Oti","featurecla":"Lake Centerline","scalerank":8}},
{"type":"Feature","geometry":{"type":"LineString","coordinates":[[1.466,10.658],[1.568,10.77],[1.741,11.056],[1.757,11.182],[1.867,11.293],[1.905,11.433],[1.433,11.46],[1.235,11.264],[1.13,11.248],[1.034,11.049],[0.745,10.768],[0.768,10.673],[0.566,10.558],[0.357,10.22],[0.369,9.939],[0.322,9.761],[0.354,9.571],[0.23,9.576],[0.175,9.284],[0.226,9.022],[0.183,8.75]]},"properties":{"name":"Oti","featurecla":"River","scalerank":8}},
{"type":"Feature","geometry":{"type":"LineString","coordinates":[[28.887,-8.484],[28.88,-8.688],[28.516,-9.378]]},"properties":{"name":"Luvua","featurecla":"Lake Centerline","scalerank":8}},
{"type":"Feature","geometry":{"type":"LineString","coordinates":[[28.887,-8.484],[28.802,-8.326],[28.859,-8.208],[28.767,-8.155],[28.696,-7.915],[28.567,-7.921],[28.284,-7.799],[28.075,-7.633],[28.101,-7.484],[28.007,-7.316],[27.846,-7.216],[27.7,-7.004],[27.339,-6.866],[27.081,-6.815],[27.021,-6.775],[26.967,-6.757],[26.952,-6.747]]},"properties":{"name":"Luvua","featurecla":"River","scalerank":8}},
{"type":"Feature","geometry":{"type":"LineString","coordinates":[[57.111,58.168],[56.567,58.13],[56.334,58.146]]},"properties":{"name":"Chusovaya","featurecla":"Lake Centerline","scalerank":8}},
{"type":"Feature","geometry":{"type":"LineString","coordinates":[[60.002,56.25],[60.283,56.424],[60.358,56.636],[59.949,56.919],[59.708,56.956],[59.543,57.115],[59.381,57.165],[59.254,57.365],[59.107,57.458],[59.077,57.607],[58.697,57.823],[58.759,57.908],[58.596,58.041],[58.355,58.093],[58.192,58.226],[57.621,58.306],[57.111,58.168]]},"properties":{"name":"Chusovaya","featurecla":"River","scalerank":8}},
{"type":"Feature","geometry":{"type":"LineString","coordinates":[[-79.997,33.243],[-80.109,33.34],[-80.11,33.341]]},"properties":{"name":"Cooper","featurecla":"Lake Centerline","scalerank":8}},
{"type":"Feature","geometry":{"type":"MultiLineString","coordinates":[[[-80.155,33.402],[-80.109,33.34]],[[-79.997,33.243],[-79.913,33.002],[-79.944,32.851]]]},"properties":{"name":"Cooper","featurecla":"River","scalerank":8}},
{"type":"Feature","geometry":{"type":"LineString","coordinates":[[-88.208,37.008],[-88.057,37.019],[-87.9,36.596]]},"properties":{"name":"Cumberland","featurecla":"Lake Centerline","scalerank":8}},
{"type":"Feature","geometry":{"type":"MultiLineString","coordinates":[[[-82.813,37.053],[-83.584,36.785],[-83.63,36.718],[-83.93,36.872],[-84.071,36.724],[-84.341,36.815],[-84.309,36.953],[-84.656,37.004],[-84.937,36.956],[-85.094,36.875],[-85.263,36.87],[-85.52,36.697],[-85.522,36.534],[-85.823,36.265],[-86.07,36.269],[-86.105,36.346],[-86.553,36.303],[-86.715,36.165],[-87.013,36.223],[-87.211,36.321],[-87.317,36.452],[-87.66,36.402],[-87.828,36.488],[-87.9,36.596]],[[-88.208,37.008],[-88.212,37.175],[-88.434,37.136]]]},"properties":{"name":"Cumberland","featurecla":"River","scalerank":8}},
{"type":"Feature","geometry":{"type":"LineString","coordinates":[[-93.568,31.196],[-93.655,31.37],[-93.827,31.588],[-93.814,31.713],[-93.904,31.883],[-94.068,31.998]]},"properties":{"name":"Sabine","featurecla":"Lake Centerline","scalerank":8}},
{"type":"Feature","geometry":{"type":"MultiLineString","coordinates":[[[-96.342,33.115],[-96.305,32.944],[-96.111,32.859],[-95.643,32.731],[-95.471,32.616],[-94.982,32.528],[-94.746,32.423],[-94.396,32.365],[-94.204,32.166],[-94.187,32.043],[-94.068,31.998]],[[-93.567,31.196],[-93.538,30.944],[-93.753,30.393],[-93.717,30.08],[-93.796,29.99]]]},"properties":{"name":"Sabine","featurecla":"River","scalerank":8}},
{"type":"Feature","geometry":{"type":"LineString","coordinates":[[94.465,51.734],[94.369,52.131],[94.721,52.353],[94.781,52.455],[95.065,52.531],[95.38,52.543],[95.476,52.644],[95.741,52.707],[96,52.625],[96.151,52.419],[96.107,52.251],[96.48,52.276],[96.606,52.169],[97.057,52.179],[97.225,52.138],[97.473,52.172],[97.802,52.118],[97.983,52.219],[98.593,52.341],[98.733,52.515]]},"properties":{"name":"Bol’shoy Yenisey","featurecla":"River","scalerank":8}},
{"type":"Feature","geometry":{"type":"LineString","coordinates":[[-106.026,39.24],[-105.896,39.11],[-105.477,38.912],[-105.355,39.035],[-105.048,39.6],[-105.039,39.754],[-104.865,39.936],[-104.82,40.124],[-104.86,40.291],[-104.608,40.429],[-104.346,40.321],[-103.998,40.359],[-103.783,40.28],[-103.484,40.378],[-103.196,40.611],[-103.107,40.747],[-102.392,40.964],[-102.078,41.075],[-101.676,41.127],[-100.87,41.159],[-100.655,41.133],[-100.437,41.012],[-100.296,40.996]]},"properties":{"name":"South Platte","featurecla":"River","scalerank":8}},
{"type":"Feature","geometry":{"type":"MultiLineString","coordinates":[[[-79.923,39.809],[-79.995,40.008],[-79.858,40.095],[-79.95,40.214],[-79.859,40.384],[-80.005,40.441]],[[-80.046,38.547],[-79.867,38.886],[-80.067,39.098],[-79.961,39.251],[-80.169,39.459],[-80.009,39.571],[-79.923,39.809]]]},"properties":{"name":"Monongahela","featurecla":"River","scalerank":8}},
{"type":"Feature","geometry":{"type":"MultiLineString","coordinates":[[[32.708,-15.579],[32.708,-15.58],[32.589,-15.553],[32.043,-15.677],[31.884,-15.629],[31.64,-15.68],[31.344,-15.648],[31.154,-15.725],[30.796,-15.642]],[[27.021,-17.958],[27.157,-17.769],[27.577,-17.363],[27.641,-17.198],[27.868,-16.93],[28.113,-16.827],[28.28,-16.706],[28.761,-16.532]]]},"properties":{"name":"Zambezi","featurecla":"Lake Centerline","scalerank":3}},
{"type":"Feature","geometry":{"type":"MultiLineString","coordinates":[[[24.266,-11.379],[24.348,-11.243],[24.272,-11.085],[23.982,-11.127],[23.693,-11.375],[23.434,-11.48],[23.285,-11.626],[23.204,-11.636],[22.718,-11.972],[22.665,-12.16],[22.557,-12.258],[22.54,-12.61],[22.703,-12.928],[22.716,-13.134],[22.857,-13.205],[23.034,-13.359],[23.168,-13.716],[23.237,-14.058],[23.189,-14.127],[23.183,-14.163],[23.191,-14.254],[23.223,-14.332],[23.223,-14.395],[23.066,-14.638],[22.977,-14.898],[22.928,-15.186],[22.99,-15.339],[23.119,-15.441],[23.121,-15.692],[23.285,-16.098],[23.276,-16.303],[23.488,-16.588],[23.621,-16.67],[24.035,-17.047],[24.238,-17.478],[24.407,-17.475],[24.591,-17.528],[24.684,-17.492],[24.958,-17.552],[25.259,-17.794],[25.495,-17.855],[25.681,-17.811],[25.978,-17.999],[26.203,-17.887],[26.408,-17.939],[26.711,-18.066],[26.888,-17.984],[27.021,-17.958]],[[32.708,-15.58],[32.998,-15.588],[33.119,-15.771],[33.239,-15.823],[33.589,-16.159],[33.784,-16.388],[33.823,-16.423],[33.916,-16.555],[34.017,-16.629],[34.408,-16.731],[34.861,-16.975],[35.105,-17.568],[35.343,-17.74],[35.44,-17.889],[35.614,-18.034]],[[28.761,-16.532],[28.857,-16.388],[28.87,-16.087],[28.932,-15.964],[29.042,-15.946],[29.186,-15.813],[29.407,-15.714],[29.837,-15.615],[30.207,-15.653],[30.47,-15.63],[30.796,-15.642]],[[35.614,-18.034],[35.725,-18.051],[35.84,-18.15],[35.913,-18.263],[36.088,-18.369],[36.149,-18.521],[36.134,-18.808]],[[35.614,-18.034],[35.757,-18.081]],[[36.072,-18.348],[36.186,-18.369],[36.47,-18.561]]]},"properties":{"name":"Zambezi","featurecla":"River","scalerank":3}},
{"type":"Feature","geometry":{"type":"LineString","coordinates":[[-88.283,34.705],[-88.329,34.479],[-88.425,34.393],[-88.373,34.153],[-88.543,33.984],[-88.49,33.794],[-88.476,33.513],[-88.276,33.238],[-88.263,33.095],[-88.169,32.992],[-88.173,32.838],[-88.078,32.805],[-88.052,32.608],[-87.888,32.529],[-88.026,32.443],[-88.009,32.176],[-88.097,31.914],[-88.077,31.608],[-87.912,31.497],[-87.945,31.15]]},"properties":{"name":"Tombigbee","featurecla":"River","scalerank":8}},
{"type":"Feature","geometry":{"type":"LineString","coordinates":[[-98.59,21.98],[-98.466,21.774],[-98.816,21.476],[-98.72,21.315],[-99.001,21.174],[-99.364,21.111],[-99.354,21.028],[-99.521,20.735],[-99.464,20.635],[-99.241,20.528],[-99.211,20.276],[-99.355,20.167],[-99.32,20.037],[-99.506,19.623]]},"properties":{"name":"Moctezuma","featurecla":"River","scalerank":8}},
{"type":"Feature","geometry":{"type":"LineString","coordinates":[[-102.986,22.741],[-103.116,22.37],[-103.218,22.291],[-103.243,22.149],[-103.367,22.102],[-103.569,22.152],[-103.711,22.12],[-103.801,21.963],[-103.779,21.831],[-103.871,21.492],[-103.983,21.271],[-104.079,21.206]]},"properties":{"name":"Atengo","featurecla":"River","scalerank":8}},
{"type":"Feature","geometry":{"type":"LineString","coordinates":[[-106.825,26.528],[-106.542,26.37],[-106.359,26.003]]},"properties":{"name":"Verde","featurecla":"River","scalerank":8}},
{"type":"Feature","geometry":{"type":"LineString","coordinates":[[-108.533,29.655],[-108.555,29.786],[-108.76,30.015],[-108.803,30.169],[-108.964,30.335],[-108.922,30.455],[-108.957,30.607],[-109.14,30.827],[-109.21,30.831]]},"properties":{"name":"Bavispe","featurecla":"River","scalerank":8}},
{"type":"Feature","geometry":{"type":"LineString","coordinates":[[-91.103,14.928],[-90.754,14.928],[-90.594,14.883],[-90.412,14.917],[-90.156,14.894],[-90.106,14.938],[-89.722,14.979],[-89.346,15.146],[-89.284,15.199],[-88.921,15.312],[-88.789,15.51],[-88.492,15.552],[-88.366,15.675],[-88.222,15.726]]},"properties":{"name":"Motagua","featurecla":"River","scalerank":8}},
{"type":"Feature","geometry":{"type":"LineString","coordinates":[[-86.228,41.435],[-86.36,41.267],[-86.69,41.311],[-86.999,41.223],[-87.146,41.284],[-87.369,41.175],[-87.667,41.167],[-87.845,41.095]]},"properties":{"name":"Kankakee","featurecla":"River","scalerank":8}},
{"type":"Feature","geometry":{"type":"LineString","coordinates":[[25.784,46.684],[25.76,46.384],[25.897,46.22],[25.825,46.022],[25.855,45.923],[25.763,45.759],[25.554,45.87],[25.571,46.021],[25.258,45.975],[25.149,45.858],[24.415,45.765],[24.261,45.622],[24.278,45.345],[24.382,45.14],[24.245,44.915],[24.334,44.576],[24.306,44.479],[24.478,44.148],[24.588,44.032],[24.678,43.83],[24.731,43.81],[24.774,43.741]]},"properties":{"name":"Olt","featurecla":"River","scalerank":8}},
{"type":"Feature","geometry":{"type":"LineString","coordinates":[[9.746,46.403],[10.087,46.698],[10.13,46.779],[10.461,46.89],[10.654,47.062],[10.588,47.174],[11.027,47.311],[11.369,47.275],[11.677,47.345],[12.031,47.507],[12.202,47.63],[12.129,47.797],[12.163,47.987],[12.265,48.144],[12.472,48.24],[12.818,48.275],[12.931,48.212],[13.405,48.377],[13.487,48.582]]},"properties":{"name":"Inn","featurecla":"River","scalerank":8}},
{"type":"Feature","geometry":{"type":"LineString","coordinates":[[16.843,50.196],[16.879,49.966],[17.011,49.727],[17.262,49.617],[17.316,49.373],[17.511,49.212],[17.501,49.086],[17.025,48.747],[16.844,48.366],[16.974,48.177]]},"properties":{"name":"Morava","featurecla":"River","scalerank":8}},
{"type":"Feature","geometry":{"type":"LineString","coordinates":[[35.257,-14.504],[35.278,-14.758]]},"properties":{"name":"Shire","featurecla":"Lake Centerline","scalerank":3}},
{"type":"Feature","geometry":{"type":"MultiLineString","coordinates":[[[35.257,-14.504],[35.236,-14.401]],[[35.278,-14.758],[35.315,-14.872],[35.181,-15.223],[34.948,-15.368],[34.736,-15.703],[34.781,-15.963],[34.921,-16.176],[34.938,-16.371],[35.086,-16.455],[35.174,-16.625],[35.278,-16.701],[35.314,-16.982],[35.301,-17.26],[35.336,-17.368],[35.326,-17.704]]]},"properties":{"name":"Shire","featurecla":"River","scalerank":3}},
{"type":"Feature","geometry":{"type":"LineString","coordinates":[[19.489,50.487],[19.164,50.713],[19.155,50.824],[19.44,50.898],[19.411,51.028],[19.034,51.06],[18.751,51.147],[18.879,51.522],[18.649,51.743],[18.803,51.96],[18.624,52.199],[18.221,52.227],[17.36,52.097],[16.996,52.123],[16.879,52.275],[16.967,52.577],[16.594,52.714],[16.296,52.727],[15.85,52.611],[15.461,52.614],[15.401,52.741],[14.613,52.593]]},"properties":{"name":"Warta","featurecla":"River","scalerank":8}},
{"type":"Feature","geometry":{"type":"LineString","coordinates":[[11.54,49.857],[11.632,49.919],[11.432,50.075],[11.125,50.199],[10.963,50.113],[10.868,49.931],[10.491,50.034],[10.18,49.999],[10.213,49.803],[10.082,49.667],[9.875,49.813],[9.758,49.986],[9.491,49.795],[9.196,49.733],[9.149,49.909],[8.888,50.13],[8.549,50.096],[8.292,49.993]]},"properties":{"name":"Main","featurecla":"River","scalerank":8}},
{"type":"Feature","geometry":{"type":"LineString","coordinates":[[8.773,51.88],[8.443,51.795],[8.147,51.974],[7.808,51.983],[7.591,52.115],[7.359,52.334],[7.257,52.579],[7.25,52.789],[7.429,53.228],[7.367,53.303]]},"properties":{"name":"Ems","featurecla":"River","scalerank":8}},
{"type":"Feature","geometry":{"type":"LineString","coordinates":[[-2.899,37.994],[-2.803,38.098],[-2.915,38.196],[-3.049,38.07],[-3.359,37.929],[-3.67,37.953],[-4.147,38.071],[-4.301,37.999],[-4.413,38.035],[-4.735,37.892],[-5.198,37.79],[-5.313,37.713],[-5.646,37.617],[-5.839,37.611],[-5.978,37.518],[-6.099,37.086],[-6.195,36.932]]},"properties":{"name":"Guadalquivir","featurecla":"River","scalerank":8}},
{"type":"Feature","geometry":{"type":"LineString","coordinates":[[-19.551,64.186],[-19.775,64.068],[-19.961,64.08],[-20.476,63.999],[-20.686,63.863]]},"properties":{"name":"Thjórsá","featurecla":"River","scalerank":8}},
{"type":"Feature","geometry":{"type":"LineString","coordinates":[[8.908,10.022],[9.135,10.256],[9.243,10.454],[9.347,10.426],[9.593,10.76],[9.637,11.048],[9.757,11.228],[9.941,11.373],[9.943,11.649],[10.149,11.893],[10.45,12.454],[10.606,12.58],[10.729,12.747]]},"properties":{"name":"Bunga","featurecla":"River","scalerank":8}},
{"type":"Feature","geometry":{"type":"LineString","coordinates":[[14.603,-3.307],[14.496,-3.61],[14.323,-3.623],[14.213,-3.691],[14.377,-3.951],[14.248,-3.987],[14.161,-4.151],[13.99,-4.267],[13.89,-4.271],[13.815,-4.163],[13.023,-4.089],[12.796,-3.562],[12.701,-3.519]]},"properties":{"name":"Niari","featurecla":"River","scalerank":8}},
{"type":"Feature","geometry":{"type":"LineString","coordinates":[[18.53,-12.524],[18.729,-12.552],[19.07,-12.681],[19.283,-12.647],[19.479,-12.498],[19.579,-12.334],[20.054,-12.451],[20.244,-12.635],[20.38,-12.619],[20.492,-12.708],[20.675,-12.709],[20.985,-12.76],[21.117,-12.822],[21.412,-13.106],[21.678,-13.303],[21.818,-13.292],[22.065,-13.504],[22.374,-13.614],[22.55,-13.812],[22.632,-13.961],[22.772,-13.992],[22.95,-14.106],[23.089,-14.293],[23.196,-14.278]]},"properties":{"name":"Lungwebungu","featurecla":"River","scalerank":8}},
{"type":"Feature","geometry":{"type":"MultiLineString","coordinates":[[[33.167,-9.749],[33.196,-9.882],[33.108,-9.933],[33.039,-10.211],[32.893,-10.461],[32.825,-10.741],[32.894,-11.062],[32.855,-11.392],[32.714,-11.628],[32.613,-11.665],[32.289,-12.119],[32.256,-12.295],[32.138,-12.451],[32.082,-12.744],[31.913,-13.031],[31.675,-13.201],[31.638,-13.336],[31.518,-13.432],[31.359,-13.461],[31.135,-13.607],[31.074,-13.739]],[[31.074,-13.739],[30.892,-13.922]],[[30.892,-13.928],[30.616,-14.185],[30.469,-14.407],[30.301,-14.845],[30.22,-14.902],[30.225,-15.106],[30.369,-15.375],[30.412,-15.628]]]},"properties":{"name":"Luangwa","featurecla":"River","scalerank":8}},
{"type":"Feature","geometry":{"type":"MultiLineString","coordinates":[[[140.114,51.764],[139.858,51.579]],[[137.07,50.454],[137.094,50.22],[136.87,50.102],[136.757,49.88],[136.811,49.759]]]},"properties":{"name":"Amur","featurecla":"Lake Centerline","scalerank":3}},
{"type":"Feature","geometry":{"type":"MultiLineString","coordinates":[[[140.707,53.111],[140.594,53.084],[140.263,53.222],[139.916,53.213],[139.706,52.953],[140,52.837],[140.128,52.627],[140.304,52.583],[140.449,52.334],[140.361,52.151],[140.174,52.027],[140.242,51.86],[140.114,51.764]],[[139.858,51.579],[139.481,51.507],[139.235,51.358],[138.932,51.38],[138.888,51.274],[138.45,51.101],[138.138,50.876],[137.688,50.689],[137.233,50.64],[137.07,50.454]],[[136.811,49.759],[136.837,49.576],[136.435,49.419],[136.269,49.213],[136.303,49.09],[136.15,48.965],[136.008,48.94],[135.754,48.753],[135.273,48.746],[135.046,48.635],[134.997,48.549],[135.05,48.459],[135.019,48.433],[134.884,48.424],[134.769,48.374],[134.598,48.416],[134.206,48.36],[133.721,48.245],[133.463,48.09],[133.092,48.107],[132.659,47.87],[132.524,47.708],[132.332,47.737],[132.161,47.69],[131.577,47.669],[131.418,47.743],[131.023,47.683],[130.907,47.884],[130.663,48.117],[130.819,48.282],[130.715,48.499],[130.533,48.636],[130.674,48.871],[130.249,48.865],[129.913,49.04],[129.711,49.274],[129.362,49.35],[129.05,49.377],[128.797,49.573],[128.666,49.61],[128.092,49.542],[127.831,49.594],[127.508,49.823],[127.486,50.026],[127.59,50.209]]]},"properties":{"name":"Amur","featurecla":"River","scalerank":3}},
{"type":"Feature","geometry":{"type":"LineString","coordinates":[[34.559,-9.413],[34.613,-9.282],[34.503,-9.173],[34.501,-9.059],[34.368,-8.699],[34.205,-8.671],[34.156,-8.488],[34.377,-8.398],[34.483,-8.306],[34.525,-8.164],[34.506,-8.002],[34.608,-7.897],[34.806,-7.828],[35.118,-7.5],[35.255,-7.454],[35.42,-7.296],[35.855,-7.088],[36.243,-7.172],[36.339,-7.327],[36.449,-7.321],[36.517,-7.501],[36.777,-7.578],[36.817,-7.652],[37.056,-7.698],[37.155,-7.851],[37.512,-7.835],[37.812,-7.908]]},"properties":{"name":"Great Ruaha","featurecla":"River","scalerank":8}},
{"type":"Feature","geometry":{"type":"LineString","coordinates":[[39.266,11.975],[39.043,11.911],[38.861,11.92],[38.759,12.043],[38.627,12.043],[38.473,12.123],[38.416,12.476],[38.463,12.742],[38.665,12.826],[38.582,12.952],[38.731,13.293],[38.662,13.544],[38.577,13.662],[38.328,13.804],[38.228,13.729],[38.009,13.765],[37.817,13.875]]},"properties":{"name":"Tekeze","featurecla":"River","scalerank":8}},
{"type":"Feature","geometry":{"type":"MultiLineString","coordinates":[[[23.168,52.282],[22.923,52.372],[22.583,52.395],[22.511,52.535],[22.141,52.707],[21.843,52.701],[21.646,52.605],[21.363,52.539],[20.772,52.474],[20.682,52.426]],[[24.95,49.883],[24.643,49.938],[24.348,50.11],[24.409,50.179],[24.231,50.343],[24.306,50.563],[23.974,50.776],[24.13,50.869],[23.911,51.007],[23.874,51.136],[23.634,51.34],[23.697,51.405],[23.539,51.607],[23.676,51.994],[23.664,52.011],[23.65,52.049],[23.642,52.062],[23.641,52.073],[23.637,52.085],[23.168,52.289]]]},"properties":{"name":"Bug","featurecla":"River","scalerank":8}},
{"type":"Feature","geometry":{"type":"LineString","coordinates":[[48.983,33.948],[48.845,34.235],[48.62,34.355],[48.23,34.317],[47.709,34.381],[47.65,34.455],[47.434,34.376],[47.338,34.198],[47.503,33.89],[47.399,33.752],[47.058,33.711],[46.977,33.595],[46.827,33.561],[47.245,33.251],[47.465,33.16],[47.607,33.04],[47.797,32.982],[48.028,32.831],[48.083,32.735],[47.91,32.572],[48.119,32.505],[48.223,32.187],[48.251,31.911],[48.593,31.643],[48.396,31.477],[48.168,31.559],[48.058,31.505],[47.846,31.526],[47.625,31.334],[47.522,31.028],[47.466,30.976]]},"properties":{"name":"Karkheh","featurecla":"River","scalerank":8}},
{"type":"Feature","geometry":{"type":"LineString","coordinates":[[102.002,14.277],[102.161,14.503],[102.166,14.662],[102.256,14.991],[102.391,15.209],[102.51,15.245],[102.729,15.394],[102.951,15.381],[103.058,15.463],[103.294,15.312],[103.367,15.353],[103.558,15.284],[103.894,15.469],[104.05,15.408],[104.461,15.137],[104.676,15.146],[105.126,15.309],[105.266,15.238],[105.504,15.32]]},"properties":{"name":"Mun","featurecla":"River","scalerank":8}},
{"type":"Feature","geometry":{"type":"LineString","coordinates":[[101.406,16.374],[101.503,16.224],[101.695,16.086],[101.711,15.889],[101.927,15.661],[102.084,15.62],[102.176,15.745],[102.337,15.817],[102.382,15.976],[102.578,16.093],[102.795,16.351],[102.942,16.38],[103.113,16.202],[103.421,16.244],[103.738,16.216],[103.9,16.066],[103.914,15.959],[104.111,15.823],[104.144,15.708],[104.307,15.456],[104.429,15.325],[104.572,15.325],[104.716,15.189]]},"properties":{"name":"Chi","featurecla":"River","scalerank":8}},
{"type":"Feature","geometry":{"type":"LineString","coordinates":[[101.681,5.705],[101.619,5.828],[101.413,5.781],[101.347,5.444],[101.164,5.282],[101,5.074],[100.939,4.515],[100.886,4.337],[100.934,4.178],[101.022,4.071],[100.872,4.019]]},"properties":{"name":null,"featurecla":"River","scalerank":8}},
{"type":"Feature","geometry":{"type":"LineString","coordinates":[[115.996,41.51],[115.979,41.588],[115.756,41.709],[115.946,42.251],[116.146,42.346],[116.345,42.359],[116.641,42.202],[116.701,42.021],[116.614,41.908]]},"properties":{"name":"Shandian","featurecla":"River","scalerank":8}},
{"type":"Feature","geometry":{"type":"LineString","coordinates":[[100.612,24.749],[100.775,24.617],[100.841,24.461],[101.01,24.216],[101.157,23.919],[101.166,23.597],[101.252,23.546],[101.282,23.396],[101.245,23.265],[101.331,23.124],[101.498,23.075],[101.523,22.894],[101.646,22.855],[101.764,22.908],[101.948,22.816],[102.073,22.674],[102.308,22.562],[102.509,22.567],[102.777,22.36],[102.845,22.205],[102.952,22.136],[103.267,22.082],[103.4,22.136],[103.643,21.672],[103.815,21.559],[104.106,21.432],[104.167,21.322],[104.364,21.214],[104.532,21.069],[104.867,21.034],[105.117,20.759],[105.34,20.829],[105.285,21.191],[105.34,21.273]]},"properties":{"name":"Da","featurecla":"River","scalerank":8}},
{"type":"Feature","geometry":{"type":"LineString","coordinates":[[108.907,48.878],[109.443,49.113],[109.51,49.21],[109.715,49.231],[110.124,48.901],[110.233,48.754],[110.953,48.566],[111.194,48.686],[111.526,48.756],[111.652,48.829],[112.12,49.307],[112.341,49.453],[112.585,49.544],[112.781,49.868],[113.069,50.176],[113.274,50.305],[113.309,50.417],[113.813,50.437],[113.91,50.491],[114.53,50.491],[115.452,50.61],[115.572,50.578],[115.688,50.738],[115.602,50.974],[115.879,51.19],[116.072,51.389],[116.046,51.485],[115.831,51.567],[115.79,51.656],[115.81,51.673],[115.81,51.69],[115.824,51.716],[115.831,51.725]]},"properties":{"name":"Onon","featurecla":"River","scalerank":8}},
{"type":"Feature","geometry":{"type":"LineString","coordinates":[[34.38,11.783],[34.419,11.591],[34.778,11.296]]},"properties":{"name":"El Bahr el Azraq","featurecla":"Lake Centerline","scalerank":3}},
{"type":"Feature","geometry":{"type":"MultiLineString","coordinates":[[[34.38,11.783],[34.306,12.154],[34.344,12.382],[34.147,12.515],[34.143,12.775],[34.065,12.836],[33.943,13.071],[33.919,13.265],[33.727,13.321],[33.662,13.419],[33.599,13.852],[33.681,14.158],[33.307,14.743],[33.216,14.917],[33.167,15.134],[33.003,15.286],[32.893,15.305],[32.711,15.422],[32.557,15.627],[32.528,15.62],[32.516,15.623],[32.508,15.627],[32.489,15.633]],[[35.351,10.149],[35.274,10.498],[35.143,10.578],[35.201,10.893],[35.193,11.108],[35.065,11.233],[34.778,11.296]]]},"properties":{"name":"El Bahr el Azraq","featurecla":"River","scalerank":3}},
{"type":"Feature","geometry":{"type":"LineString","coordinates":[[139.067,36.907],[138.968,36.74],[139.045,36.585],[139.072,36.36],[139.232,36.242],[139.61,36.179],[139.769,36.11],[139.932,35.938],[140.127,35.854],[140.551,35.888],[140.857,35.732]]},"properties":{"name":"Tone","featurecla":"River","scalerank":8}},
{"type":"Feature","geometry":{"type":"LineString","coordinates":[[29.535,40.038],[29.515,40.234],[29.778,40.272],[30.1,40.499],[30.308,40.557],[30.474,40.839],[30.597,40.893],[30.646,41.133]]},"properties":{"name":"Sakarya","featurecla":"River","scalerank":8}},
{"type":"Feature","geometry":{"type":"LineString","coordinates":[[20.887,68.927],[21.463,68.687],[22.072,68.477],[22.607,68.425],[23.052,68.299],[23.151,68.131],[23.661,67.933],[23.498,67.882],[23.553,67.587],[23.431,67.486],[23.765,67.42],[23.573,67.173]]},"properties":{"name":"Muonio","featurecla":"River","scalerank":8}},
{"type":"Feature","geometry":{"type":"LineString","coordinates":[[104.092,62.465],[103.777,62.371],[103.04,62.437],[102.629,62.565],[102.362,62.53],[102.246,62.403],[101.709,62.382],[101.518,62.506],[101.196,62.547],[101.145,62.717],[100.858,62.6],[100.299,62.657],[99.923,63],[99.785,63.215],[99.595,63.314],[99.083,63.446],[98.714,63.481],[98.048,63.761]]},"properties":{"name":"Taymura","featurecla":"River","scalerank":8}},
{"type":"Feature","geometry":{"type":"LineString","coordinates":[[149.129,68.153],[149.403,68.236],[149.726,68.213],[150.188,68.257],[150.66,68.146],[150.988,67.993],[151.529,67.966],[151.769,68.086],[152.461,68.175],[152.706,68.283],[152.894,68.494],[153.263,68.49],[153.472,68.405],[153.834,68.524],[154.033,68.829],[154.274,68.914],[154.195,69.074],[154.675,69.321],[154.901,69.335],[155.118,69.476],[154.795,69.691],[155.145,69.894],[154.83,70.044],[154.741,70.25],[154.402,70.469],[154.076,70.565],[153.987,70.681],[153.623,70.75],[153.664,70.861]]},"properties":{"name":"Alazeya","featurecla":"River","scalerank":8}},
{"type":"Feature","geometry":{"type":"LineString","coordinates":[[132.751,-14.47],[132.648,-14.593],[132.82,-14.696],[133.097,-14.916],[133.366,-14.947],[133.464,-14.823],[133.988,-14.854],[134.087,-14.7],[134.271,-14.614],[134.564,-14.721],[134.728,-14.726],[135.057,-14.812],[135.27,-14.689],[135.368,-14.723]]},"properties":{"name":"Roper","featurecla":"River","scalerank":8}},
{"type":"Feature","geometry":{"type":"LineString","coordinates":[[145.548,-19.188],[145.687,-19.101],[145.774,-19.184],[145.894,-19.503],[145.897,-19.702],[146.021,-19.805],[146.431,-19.973],[146.473,-20.11],[146.652,-20.205],[146.863,-20.262],[147.042,-20.623],[147.158,-20.645],[147.293,-20.527],[147.324,-20.347],[147.3,-20.055],[147.238,-19.911],[147.264,-19.746],[147.434,-19.614],[147.593,-19.678]]},"properties":{"name":"Burdekin","featurecla":"River","scalerank":8}},
{"type":"Feature","geometry":{"type":"LineString","coordinates":[[46.338,40.9],[46.34,40.9],[46.568,40.935],[46.788,40.911],[47.02,40.78]]},"properties":{"name":"Kura","featurecla":"Lake Centerline","scalerank":8}},
{"type":"Feature","geometry":{"type":"MultiLineString","coordinates":[[[43.288,40.975],[43.467,40.798]],[[42.822,40.921],[42.427,40.984],[42.526,41.104],[42.813,41.203],[43.085,41.175],[43.325,41.377],[43.122,41.713],[43.61,42.002],[43.751,42.05],[44.032,42.027],[44.71,41.834],[44.922,41.645],[45.102,41.337],[45.276,41.256],[45.488,41.231],[45.92,40.982],[46.34,40.9]],[[47.02,40.78],[47.189,40.639],[47.544,40.173],[47.831,40.105],[48.086,40.097],[48.26,40.031],[48.628,40.069],[48.839,40.003],[48.942,39.858],[49.024,39.591],[49.001,39.452],[49.243,39.42],[49.367,39.351]]]},"properties":{"name":"Kura","featurecla":"River","scalerank":8}},
{"type":"Feature","geometry":{"type":"MultiLineString","coordinates":[[[95.732,55.75],[95.891,55.879],[95.828,56.213],[95.513,56.255],[95.102,56.229],[94.773,56.134],[94.149,56.14],[93.978,56.448],[93.786,56.54]],[[95.507,54.346],[95.595,54.651],[95.129,54.893],[95.162,55.34],[95.391,55.607],[95.732,55.756]]]},"properties":{"name":"Mana","featurecla":"River","scalerank":8}},
{"type":"Feature","geometry":{"type":"LineString","coordinates":[[110.883,70.881],[111.174,70.965],[112.038,71.116],[112.378,71.129],[111.877,71.55],[111.77,71.746],[110.746,71.951],[110.649,72.291],[110.164,72.369],[109.658,72.549],[108.392,72.687],[108.039,72.791],[107.317,72.861],[106.696,72.863],[106.115,72.957]]},"properties":{"name":"Popigay","featurecla":"River","scalerank":8}},
{"type":"Feature","geometry":{"type":"LineString","coordinates":[[117.873,49.513],[117.964,49.363],[118.144,49.29],[118.398,49.452],[118.565,49.39],[118.634,49.219],[119.292,49.206],[119.558,49.299],[119.897,49.284],[120.26,49.191],[121.107,49.423],[121.624,49.642],[121.978,49.692],[122.287,49.849]]},"properties":{"name":"Hailar","featurecla":"River","scalerank":3}},
{"type":"Feature","geometry":{"type":"LineString","coordinates":[[-41.839,-13.281],[-41.691,-13.346],[-41.624,-13.497],[-41.633,-13.661],[-41.495,-14],[-41.233,-14.147],[-41.024,-14.095],[-40.948,-13.9],[-40.775,-13.821],[-40.55,-13.887],[-40.392,-13.852],[-40.112,-13.867],[-40.035,-14.012],[-39.814,-14.089],[-39.664,-14.204],[-39.479,-14.223],[-39.431,-14.298],[-39.226,-14.337],[-38.992,-14.268]]},"properties":{"name":"Contas","featurecla":"River","scalerank":8}},
{"type":"Feature","geometry":{"type":"LineString","coordinates":[[-55.356,1.428],[-55.149,1.1],[-55.045,1.021],[-55.041,0.921],[-54.907,0.767],[-54.813,0.723],[-54.691,0.555],[-54.698,0.402],[-54.585,0.11],[-54.609,-0.192],[-54.538,-0.407],[-54.51,-0.634],[-54.399,-0.904],[-54.465,-1.119],[-54.42,-1.542],[-54.356,-1.651],[-54.419,-1.74],[-54.344,-1.951],[-54.321,-2.19]]},"properties":{"name":"Maicuru","featurecla":"River","scalerank":8}},
{"type":"Feature","geometry":{"type":"MultiLineString","coordinates":[[[-103.229,52.33],[-103.051,52.268],[-102.7,51.963],[-102.475,51.892],[-102.208,51.727],[-101.976,51.722],[-101.921,51.569],[-101.718,51.359],[-101.532,51.257],[-101.423,51.093],[-101.433,50.84],[-101.392,50.554],[-101.324,50.438]],[[-101.31,50.438],[-101.05,50.122],[-100.884,50.04],[-100.813,49.843],[-100.546,49.787],[-100.241,49.897],[-99.832,49.845],[-99.656,49.702],[-99.398,49.596],[-99.223,49.698],[-98.898,49.678],[-98.686,49.754]],[[-98.302,49.944],[-97.808,50.041],[-97.462,49.864],[-97.136,49.87]],[[-97.136,49.87],[-97.109,49.877]],[[-98.612,49.767],[-98.302,49.944]],[[-98.686,49.754],[-98.612,49.767]],[[-98.686,49.754],[-98.686,49.76]]]},"properties":{"name":"Assiniboine","featurecla":"River","scalerank":8}},
{"type":"Feature","geometry":{"type":"LineString","coordinates":[[-99.783,47.486],[-99.821,47.717],[-99.46,47.679],[-99.402,47.73],[-99.087,47.684],[-98.775,47.523],[-98.85,47.208],[-98.697,46.909],[-98.593,46.875],[-98.538,46.578],[-98.11,46.151],[-98.326,45.626],[-98.233,45.518],[-98.358,45.327],[-98.499,44.92],[-98.349,44.889],[-98.282,44.634],[-98.127,44.439],[-98.2,44.346],[-98.075,43.977],[-97.993,43.898],[-97.964,43.687],[-97.83,43.595],[-97.783,43.416],[-97.638,43.354],[-97.665,43.236],[-97.364,43.03],[-97.281,42.886]]},"properties":{"name":"James","featurecla":"River","scalerank":8}},
{"type":"Feature","geometry":{"type":"LineString","coordinates":[[-84.172,42.23],[-84.414,42.251],[-84.462,42.427],[-84.652,42.51],[-84.599,42.617],[-84.727,42.757],[-84.928,42.813],[-84.949,42.994],[-85.406,42.938],[-85.626,43.061],[-85.713,42.956],[-86.262,43.072]]},"properties":{"name":"Grand","featurecla":"River","scalerank":8}},
{"type":"Feature","geometry":{"type":"LineString","coordinates":[[-114.854,43.93],[-114.879,44.187],[-114.835,44.275],[-114.326,44.283],[-114.166,44.507],[-114.174,44.589],[-113.991,44.755],[-114.001,44.821],[-113.875,45.226],[-113.977,45.411],[-114.221,45.412],[-114.354,45.342],[-114.593,45.317],[-114.713,45.408],[-115.183,45.588],[-115.502,45.394],[-115.879,45.472],[-116.213,45.41],[-116.27,45.602],[-116.293,45.895],[-116.576,46.02],[-116.779,45.866]]},"properties":{"name":"Salmon","featurecla":"River","scalerank":8}},
{"type":"Feature","geometry":{"type":"LineString","coordinates":[[-130.806,62.215],[-131.057,61.845],[-131.424,61.739],[-131.624,61.763],[-133.605,62.287],[-134.113,62.472],[-134.84,62.768],[-135.637,62.779],[-135.951,62.887],[-136.358,62.846],[-136.809,62.877],[-137.178,62.858],[-137.317,62.771]]},"properties":{"name":"Pelly","featurecla":"River","scalerank":8}},
{"type":"Feature","geometry":{"type":"LineString","coordinates":[[-154.089,67.296],[-154.715,66.828],[-154.976,66.839],[-155.477,66.771],[-155.974,66.794],[-156.156,66.852],[-156.99,66.922],[-157.399,66.892],[-157.55,66.982],[-158.53,67.201],[-159.077,67.139],[-159.354,67.196],[-159.905,67.012],[-160.675,66.94],[-161.057,66.935],[-161.875,66.817]]},"properties":{"name":"Kobuk","featurecla":"River","scalerank":8}},
{"type":"Feature","geometry":{"type":"LineString","coordinates":[[-81.498,36.316],[-81.288,36.598],[-81.05,36.606],[-80.916,36.802],[-80.743,36.943],[-80.547,37.189],[-80.628,37.311],[-80.794,37.353],[-80.865,37.485],[-80.875,37.714],[-81.048,37.901],[-81.033,38.055],[-81.16,38.148]]},"properties":{"name":"New","featurecla":"River","scalerank":8}},
{"type":"Feature","geometry":{"type":"LineString","coordinates":[[-96.178,38.763],[-95.896,38.495],[-95.546,38.539],[-95.514,38.591],[-95.199,38.607],[-94.807,38.441],[-94.687,38.23],[-94.43,38.186],[-94.244,38.033]]},"properties":{"name":"Marais des Cygnes","featurecla":"River","scalerank":8}},
{"type":"Feature","geometry":{"type":"MultiLineString","coordinates":[[[-62.326,9.721],[-62.44,9.541],[-62.318,9.274],[-62.206,9.141],[-62.053,9.055],[-62.088,8.968],[-62.013,8.855],[-62.137,8.673]],[[-62.044,9.055],[-61.884,9.184],[-61.886,9.291],[-61.743,9.603]],[[-61.106,8.945],[-61.29,8.843],[-61.599,8.624]],[[-61.65,8.603],[-61.93,8.575],[-62.137,8.673]],[[-63.436,2.374],[-63.514,2.379],[-63.745,2.26],[-63.82,2.153],[-64.032,2.153],[-64.148,2.228],[-64.381,2.303],[-64.528,2.289],[-64.749,2.379],[-65.022,2.436],[-65.209,2.572],[-65.176,2.71],[-65.26,2.876],[-65.348,2.922],[-65.467,3.105],[-65.56,3.155],[-66.025,3.151],[-66.019,3.032],[-66.328,3.038],[-66.551,3.208],[-66.594,3.358],[-66.751,3.558],[-67.013,3.772],[-67.04,3.957],[-67.379,3.943],[-67.732,4.086],[-67.787,4.173],[-67.783,4.339],[-67.866,4.512],[-67.794,5.064],[-67.844,5.297],[-67.811,5.379],[-67.648,5.484],[-67.65,5.656],[-67.602,5.821],[-67.429,6.039],[-67.477,6.179],[-67.322,6.272],[-67.17,6.429],[-67.035,6.913],[-67.09,7.066],[-66.995,7.157],[-66.596,7.339],[-66.371,7.64],[-66.131,7.684],[-65.94,7.679],[-65.648,7.9],[-65.307,7.876],[-65.104,7.834],[-64.873,7.666],[-64.62,7.774],[-64.523,7.774],[-64.524,7.996],[-64.353,8.009],[-64.232,8.071],[-64.139,7.974],[-63.961,7.974],[-63.84,8.11],[-63.683,8.158],[-63.492,8.146],[-63.175,8.313],[-62.879,8.274],[-62.527,8.513],[-62.436,8.514],[-62.137,8.673]]]},"properties":{"name":"Orinoco","featurecla":"River","scalerank":3}},
{"type":"Feature","geometry":{"type":"LineString","coordinates":[[-95.952,44.176],[-95.83,44.229],[-95.401,43.865],[-95.201,43.925],[-94.971,43.565],[-94.797,43.361],[-94.714,43.097],[-94.553,43.011],[-94.43,42.796],[-94.293,42.762],[-94.237,42.602],[-93.986,42.272],[-93.969,42.129],[-93.824,41.822],[-93.607,41.585],[-93.265,41.482],[-92.737,41.233],[-92.44,41.016],[-92.128,40.845],[-91.765,40.68],[-91.682,40.551],[-91.442,40.379]]},"properties":{"name":"Des Moines","featurecla":"River","scalerank":8}},
{"type":"Feature","geometry":{"type":"MultiLineString","coordinates":[[[-120.093,44.771],[-120.367,44.766],[-120.457,44.892],[-120.529,45.246],[-120.503,45.449],[-120.36,45.519],[-120.599,45.727]],[[-118.532,44.262],[-118.605,44.447],[-119.17,44.432],[-119.614,44.538],[-119.675,44.804],[-119.784,44.854],[-120.097,44.768]]]},"properties":{"name":"John Day","featurecla":"River","scalerank":8}},
{"type":"Feature","geometry":{"type":"LineString","coordinates":[[-126.631,55.318],[-126.743,55.537],[-126.936,55.63],[-127.218,55.612],[-127.687,55.713]]},"properties":{"name":"Babine","featurecla":"River","scalerank":8}},
{"type":"Feature","geometry":{"type":"LineString","coordinates":[[-119.535,50.915],[-119.896,50.667],[-120.472,50.708],[-120.763,50.786],[-121.203,50.78],[-121.304,50.696],[-121.323,50.44],[-121.41,50.289],[-121.588,50.24]]},"properties":{"name":"Thompson","featurecla":"River","scalerank":8}},
{"type":"Feature","geometry":{"type":"LineString","coordinates":[[-91.141,46.224],[-91.336,46.184],[-91.539,45.971],[-91.789,45.916],[-92.178,46.1]]},"properties":{"name":"Namekagon","featurecla":"River","scalerank":8}},
{"type":"Feature","geometry":{"type":"MultiLineString","coordinates":[[[-92.663,45.426],[-92.751,45.559],[-92.883,45.576],[-92.882,45.716],[-92.704,45.913],[-92.178,46.1],[-91.929,46.271],[-91.724,46.243],[-91.47,46.34]],[[-92.82,44.758],[-92.758,44.926],[-92.803,45.078],[-92.751,45.3],[-92.663,45.426]]]},"properties":{"name":"St. Croix","featurecla":"River","scalerank":8}},
{"type":"Feature","geometry":{"type":"LineString","coordinates":[[-77.912,0.326],[-77.958,0.434],[-78.131,0.506],[-78.169,0.651],[-78.289,0.802],[-78.532,0.91],[-78.611,1.384],[-78.907,1.721],[-78.916,1.792]]},"properties":{"name":"Mira","featurecla":"River","scalerank":8}},
{"type":"Feature","geometry":{"type":"LineString","coordinates":[[-69.267,-27.228],[-69.424,-27.349],[-69.457,-27.602],[-69.574,-27.749],[-69.744,-27.771],[-69.831,-27.984],[-69.939,-28.03],[-70.203,-27.736],[-70.288,-27.437],[-70.44,-27.307],[-70.646,-27.376],[-70.933,-27.319]]},"properties":{"name":"Copiapó","featurecla":"River","scalerank":8}},
{"type":"Feature","geometry":{"type":"LineString","coordinates":[[-65.662,-26.229],[-65.56,-26.195],[-65.309,-26.252],[-65.22,-26.4],[-65.288,-26.59],[-65.182,-26.835],[-65.329,-27.178],[-65.157,-27.414],[-64.943,-27.547],[-64.553,-27.481],[-64.192,-27.815],[-64.104,-28.091],[-64.114,-28.174],[-63.986,-28.348],[-63.737,-28.482],[-63.516,-28.642],[-63.401,-28.912],[-63.394,-29.117],[-63.205,-29.368],[-62.808,-29.753],[-62.805,-29.861],[-62.697,-30.008],[-62.572,-30.04],[-62.591,-30.236],[-62.524,-30.33],[-62.558,-30.519]]},"properties":{"name":"Dulce","featurecla":"River","scalerank":8}},
{"type":"Feature","geometry":{"type":"LineString","coordinates":[[103.832,19.9],[104.03,19.702],[104.327,19.718],[104.328,19.598],[104.595,19.513],[104.419,19.285],[104.978,19.022],[105.065,18.953],[105.257,18.917],[105.287,18.809],[105.422,18.683],[105.681,18.577],[105.751,18.663]]},"properties":{"name":"Ca","featurecla":"River","scalerank":8}},
{"type":"Feature","geometry":{"type":"LineString","coordinates":[[129.057,37.042],[129.099,36.979],[128.899,36.829],[128.832,36.69],[128.871,36.576],[128.581,36.594],[128.403,36.504],[128.27,36.526],[128.407,36.047],[128.368,35.531],[128.448,35.385],[128.862,35.403],[129.026,35.263],[128.982,35.137]]},"properties":{"name":"Nakdong","featurecla":"River","scalerank":8}},
{"type":"Feature","geometry":{"type":"LineString","coordinates":[[151.863,-28.739],[151.704,-28.788],[151.561,-28.939],[151.422,-29.155],[151.315,-29.099],[151.287,-28.921],[151.077,-28.837],[151.046,-28.735],[150.793,-28.635],[150.47,-28.65]]},"properties":{"name":"Weir","featurecla":"River","scalerank":3}},
{"type":"Feature","geometry":{"type":"LineString","coordinates":[[177.211,67.927],[176.913,68.079],[176.558,68.114],[176.018,68.234],[175.616,68.367],[175.078,68.375],[174.482,68.548],[173.928,68.598],[173.739,68.807],[173.216,68.906],[172.493,68.888],[171.674,68.715],[171.153,68.722],[170.722,68.825]]},"properties":{"name":"Palyavaam","featurecla":"River","scalerank":8}},
{"type":"Feature","geometry":{"type":"LineString","coordinates":[[-86.872,52.42],[-86.609,52.757],[-86.543,53.097],[-86.26,53.237],[-86.152,53.504],[-85.885,53.57],[-85.649,53.755],[-85.436,53.742],[-85.27,53.811],[-85.045,53.768],[-84.796,53.845],[-84.52,53.572],[-84.32,53.6],[-83.678,53.497],[-83.095,53.491],[-82.726,53.434],[-82.582,53.317],[-82.253,53.215]]},"properties":{"name":"Ekwan","featurecla":"River","scalerank":8}},
{"type":"Feature","geometry":{"type":"LineString","coordinates":[[-91.332,35.644],[-91.368,35.709],[-91.217,35.863],[-91.23,35.945],[-90.984,36.247],[-90.586,36.379],[-90.391,36.521],[-90.307,36.642],[-90.466,36.897],[-90.616,36.98],[-90.783,37.149],[-90.79,37.34],[-91.025,37.686]]},"properties":{"name":"Black","featurecla":"River","scalerank":8}},
{"type":"Feature","geometry":{"type":"LineString","coordinates":[[-83.925,40.619],[-83.769,40.677],[-83.437,40.611],[-83.202,40.53],[-83.119,40.104],[-83.014,39.864],[-82.968,39.623],[-82.986,39.361],[-82.842,39.201],[-83.043,39.076],[-83.003,38.722]]},"properties":{"name":"Scioto","featurecla":"River","scalerank":8}},
{"type":"Feature","geometry":{"type":"LineString","coordinates":[[-82.721,31.163],[-82.51,31.054],[-82.43,30.903],[-82.464,30.775],[-82.718,30.553],[-82.651,30.425],[-82.836,30.347],[-82.993,30.429],[-83.158,30.422],[-83.251,30.251],[-83.238,30.132],[-83.082,30.08],[-82.884,29.876],[-82.944,29.597],[-83.078,29.343],[-83.158,29.305]]},"properties":{"name":"Suwannee","featurecla":"River","scalerank":8}},
{"type":"Feature","geometry":{"type":"LineString","coordinates":[[26.464,-32.165],[26.454,-31.987],[26.647,-32.031],[26.965,-32.047],[27.247,-32.172],[27.571,-32.198],[27.761,-32.379],[27.889,-32.381],[27.95,-32.494],[28.343,-32.637],[28.363,-32.678]]},"properties":{"name":"Great Kei","featurecla":"River","scalerank":8}},
{"type":"Feature","geometry":{"type":"LineString","coordinates":[[-63.997,56.839],[-63.684,56.73],[-62.243,56.62]]},"properties":{"name":"Fraser","featurecla":"River","scalerank":8}},
{"type":"Feature","geometry":{"type":"LineString","coordinates":[[3.968,47.04],[3.878,47.17],[3.746,47.189],[3.518,47.473],[3.652,47.554],[3.681,47.682],[3.514,47.954],[3.303,48.013],[3.303,48.161],[3.184,48.329],[3.09,48.363],[2.972,48.378],[2.961,48.397]]},"properties":{"name":"Yonne","featurecla":"River","scalerank":8}},
{"type":"Feature","geometry":{"type":"LineString","coordinates":[[24.25,-3.52],[24.005,-3.684],[23.726,-3.714],[23.332,-3.432],[22.703,-3.396],[22.429,-3.485],[21.967,-3.594],[21.703,-3.512],[21.518,-3.588],[21.389,-3.469],[21.246,-3.484],[20.663,-3.442],[20.525,-3.36],[20.195,-3.465],[20.078,-3.334],[19.948,-3.403],[19.616,-3.41],[19.424,-3.348],[19.234,-3.355],[19.044,-3.21],[18.913,-3.232],[18.753,-3.135],[18.447,-2.817],[18.153,-2.729]]},"properties":{"name":"Lukenie","featurecla":"River","scalerank":8}},
{"type":"Feature","geometry":{"type":"LineString","coordinates":[[23.75,51.485],[23.891,51.635],[24.205,51.761],[24.204,51.865],[24.471,51.992],[24.374,52.172],[23.991,52.159],[23.885,52.097],[23.636,52.084]]},"properties":{"name":"Mukhavyets","featurecla":"River","scalerank":8}},
{"type":"Feature","geometry":{"type":"MultiLineString","coordinates":[[[-66.323,-17.577],[-66.238,-17.704],[-66.064,-17.813],[-65.931,-17.984],[-65.843,-17.968],[-65.642,-18.129],[-65.436,-18.369],[-65.094,-18.651],[-64.965,-18.531],[-64.839,-18.487],[-64.703,-18.528],[-64.584,-18.661],[-64.37,-18.609],[-64.289,-18.814],[-64.065,-19],[-64.016,-19.161],[-63.873,-19.026],[-63.751,-19.028]],[[-63.758,-19.028],[-63.558,-19.058],[-63.516,-18.929],[-63.363,-18.887],[-63.137,-18.711],[-62.886,-18.33],[-62.8,-17.994],[-62.766,-17.753],[-62.788,-17.515],[-62.727,-17.268],[-62.764,-17.173],[-62.971,-17.106],[-63.15,-16.743],[-63.232,-16.739],[-63.548,-16.58],[-63.754,-16.518],[-63.901,-16.259],[-64.169,-16.16],[-64.176,-16.095],[-64.415,-15.957],[-64.661,-15.861],[-64.664,-15.86]]]},"properties":{"name":"Grande","featurecla":"River","scalerank":3}},
{"type":"Feature","geometry":{"type":"LineString","coordinates":[[88.249,52.439],[87.954,52.789],[87.416,52.672],[87.086,53.012],[87.265,53.218],[87.215,53.762]]},"properties":{"name":"Kondoma","featurecla":"River","scalerank":8}},
{"type":"Feature","geometry":{"type":"LineString","coordinates":[[118.979,41.134],[119.344,41.231],[119.61,41.138],[119.792,41.121],[119.951,41.305],[120.108,41.413],[120.269,41.427],[120.571,41.628],[120.664,41.61],[120.855,41.736],[120.976,41.744],[121.094,41.564],[121.431,41.468],[121.343,41.223],[121.636,40.962],[121.565,40.849]]},"properties":{"name":"Daling","featurecla":"River","scalerank":8}},
{"type":"Feature","geometry":{"type":"LineString","coordinates":[[168.953,66.744],[168.216,66.655],[167.909,66.716],[166.866,66.691],[166.425,66.607],[165.959,66.591],[165.665,66.68],[165.038,66.699],[164.616,66.823],[163.729,66.89],[162.648,67.015],[162.398,67.151],[162.265,67.379],[162.354,67.557],[162.231,67.694],[161.786,67.824],[160.744,68.351],[160.936,68.523]]},"properties":{"name":"Bol’shoy Anyuy","featurecla":"River","scalerank":8}},
{"type":"Feature","geometry":{"type":"LineString","coordinates":[[22.847,11.036],[22.75,10.957],[22.46,11.001],[22.253,10.916],[22.176,10.816],[22.048,10.837],[22.003,10.743],[21.722,10.637],[21.75,10.412],[21.656,10.234],[21.485,10.164],[21.374,9.973],[21.271,9.987],[20.806,9.424]]},"properties":{"name":"Aoukalé","featurecla":"River","scalerank":8}},
{"type":"Feature","geometry":{"type":"LineString","coordinates":[[130.149,-17.821],[130.318,-17.798],[130.475,-17.954],[130.606,-17.938],[130.678,-17.824],[130.675,-17.694],[130.751,-17.536],[131.047,-17.24],[131.091,-17.099],[131.238,-16.843],[131.191,-16.687],[131.057,-16.54],[131.159,-16.254],[131.075,-16.018],[131.117,-15.576],[130.79,-15.52],[130.692,-15.611],[130.479,-15.622],[130.386,-15.573],[130.294,-15.398],[129.858,-15.405],[129.818,-15.243],[129.731,-15.188]]},"properties":{"name":"Victoria","featurecla":"River","scalerank":8}},
{"type":"Feature","geometry":{"type":"LineString","coordinates":[[148.854,-25.338],[148.742,-25.07],[148.66,-24.973],[148.73,-24.647],[148.655,-24.564],[148.591,-24.362],[148.614,-24.27],[148.486,-23.898],[148.515,-23.569],[148.606,-23.54],[148.71,-23.393],[148.871,-23.348],[148.97,-23.107],[149.177,-23.049],[149.306,-22.92],[149.409,-22.912],[149.502,-23.117],[149.509,-23.361],[149.673,-23.533]]},"properties":{"name":"Mackenzie","featurecla":"River","scalerank":8}},
{"type":"Feature","geometry":{"type":"LineString","coordinates":[[147.692,-42.178],[147.47,-42.059],[147.436,-41.922],[147.118,-41.686],[146.95,-41.161]]},"properties":{"name":"Tamar","featurecla":"River","scalerank":8}},
{"type":"Feature","geometry":{"type":"LineString","coordinates":[[116.743,-33.219],[116.829,-33.331],[116.805,-33.602],[116.379,-33.838],[116.391,-33.925],[116.226,-33.992],[116.049,-33.965],[115.903,-33.839],[115.689,-33.959],[115.578,-34.069],[115.255,-34.068],[115.165,-34.31]]},"properties":{"name":"Blackwood","featurecla":"River","scalerank":8}},
{"type":"Feature","geometry":{"type":"LineString","coordinates":[[-82.383,35.253],[-82.216,35.347],[-82.075,35.332],[-81.929,35.226],[-81.681,35.213],[-81.482,35.024],[-81.479,34.74],[-81.416,34.628],[-81.408,34.425],[-81.325,34.26],[-81.108,34.102],[-81.056,34.004]]},"properties":{"name":"Broad","featurecla":"River","scalerank":8}},
{"type":"Feature","geometry":{"type":"LineString","coordinates":[[-79.382,38.396],[-79.642,38.087],[-79.656,38]]},"properties":{"name":"Cowpasture","featurecla":"River","scalerank":8}},
{"type":"Feature","geometry":{"type":"LineString","coordinates":[[-79.656,38],[-79.725,37.806],[-79.821,37.729],[-79.698,37.539],[-79.435,37.623],[-79.088,37.406],[-78.845,37.54],[-78.602,37.752],[-78.501,37.764],[-78.066,37.655],[-77.833,37.638],[-77.433,37.526],[-77.411,37.436],[-77.251,37.35]]},"properties":{"name":"Cowpasture","featurecla":"River","scalerank":8}},
{"type":"Feature","geometry":{"type":"LineString","coordinates":[[-70.336,2.058],[-70.127,2.107],[-70.041,2.08],[-69.702,2.186],[-69.589,2.175],[-69.339,2.292],[-68.993,2.209],[-68.75,2.216],[-68.554,2.408],[-68.329,2.292],[-68.251,2.356],[-68.241,2.493],[-67.917,2.776],[-67.752,2.842],[-67.627,2.814],[-67.326,2.475],[-67.198,2.402],[-67.218,2.285],[-67.136,2.003],[-67.068,1.894],[-66.934,1.502],[-66.855,1.178],[-66.855,0.955],[-66.943,0.886],[-67.216,0.868],[-67.231,0.653],[-67.315,0.452],[-67.263,0.073],[-67.108,-0.113],[-66.968,-0.191],[-66.891,-0.157],[-66.516,-0.376],[-66.343,-0.402],[-66.241,-0.326],[-66.038,-0.329],[-65.85,-0.252],[-65.738,-0.305],[-65.556,-0.283],[-65.243,-0.408],[-65.048,-0.418],[-64.91,-0.475],[-64.647,-0.436],[-64.43,-0.367],[-64.059,-0.297],[-63.78,-0.312],[-63.644,-0.36],[-63.405,-0.546],[-63.146,-0.643],[-62.976,-0.742],[-62.83,-0.931],[-62.432,-1.146],[-62.19,-1.233],[-61.969,-1.362],[-61.881,-1.389],[-61.778,-1.376],[-61.571,-1.474],[-61.463,-1.648],[-61.449,-1.671],[-61.438,-1.698],[-61.429,-1.752],[-61.418,-1.873],[-61.221,-2.025],[-61.059,-2.254],[-60.95,-2.513],[-60.663,-2.775],[-60.451,-3.049],[-60.177,-3.082],[-60.03,-3.16],[-59.905,-3.127]]},"properties":{"name":"Negro","featurecla":"River","scalerank":3}},
{"type":"Feature","geometry":{"type":"LineString","coordinates":[[-78.751,40.605],[-78.796,40.675],[-78.745,40.887],[-78.577,40.929],[-78.331,41.077],[-78.102,41.088],[-77.783,41.337],[-77.61,41.309],[-77.426,41.16],[-76.929,41.261],[-76.874,40.974],[-76.791,40.88]]},"properties":{"name":"W. Branch Susquehanna","featurecla":"River","scalerank":8}},
{"type":"Feature","geometry":{"type":"LineString","coordinates":[[-74.619,42.435],[-75.418,42.052],[-75.056,41.775],[-75.064,41.616],[-74.886,41.448],[-74.699,41.354],[-75.14,40.982],[-75.061,40.891],[-75.189,40.758],[-75.182,40.57],[-74.739,40.185],[-75.024,40.016]]},"properties":{"name":"Delaware","featurecla":"River","scalerank":8}},
{"type":"Feature","geometry":{"type":"LineString","coordinates":[[-71.412,44.134],[-71.671,44.003],[-71.639,43.652],[-71.72,43.596],[-71.631,43.38],[-71.465,43.149],[-71.471,42.854],[-71.401,42.686],[-71.262,42.658],[-70.864,42.826]]},"properties":{"name":"Merrimack","featurecla":"River","scalerank":8}},
{"type":"Feature","geometry":{"type":"LineString","coordinates":[[-75.469,43.483],[-75.38,43.333],[-75.438,43.207],[-75.02,43.04],[-74.855,43.061],[-74.506,42.914],[-74.251,42.968],[-73.978,42.841],[-73.833,42.798],[-73.743,42.813],[-73.68,42.791]]},"properties":{"name":"Mohawk","featurecla":"River","scalerank":8}},
{"type":"Feature","geometry":{"type":"LineString","coordinates":[[-80.273,44.018],[-80.362,43.729],[-80.507,43.566],[-80.327,43.367],[-80.365,43.183],[-80.226,43.12],[-79.953,43.089],[-79.865,42.951],[-79.659,42.934],[-79.569,42.861]]},"properties":{"name":"Grand","featurecla":"River","scalerank":8}},
{"type":"Feature","geometry":{"type":"LineString","coordinates":[[-83.081,37.144],[-83.213,37.285],[-83.388,37.373],[-83.412,37.59],[-83.623,37.641],[-83.796,37.575],[-84.093,37.754],[-84.132,37.858],[-84.3,37.915],[-84.584,37.748],[-84.809,37.892],[-84.898,38.272],[-84.899,38.412],[-85.021,38.57],[-85.186,38.694]]},"properties":{"name":"Kentucky","featurecla":"River","scalerank":8}},
{"type":"Feature","geometry":{"type":"MultiLineString","coordinates":[[[-92.541,36.348],[-92.441,36.179]],[[-92.441,36.179],[-92.3,36.216],[-92.1,36.017],[-91.868,35.881],[-91.871,35.79],[-91.678,35.763],[-91.478,35.646],[-91.332,35.644]],[[-93.909,35.874],[-94.068,36.085],[-93.97,36.354],[-93.746,36.533],[-93.502,36.63],[-93.378,36.576],[-93.198,36.693],[-93.006,36.489],[-92.792,36.48],[-92.541,36.348]],[[-91.332,35.644],[-91.305,35.556],[-91.442,35.325],[-91.481,35.034],[-91.463,34.866],[-91.261,34.51],[-91.103,34.359],[-91.066,34.248],[-91.176,34.093],[-91.147,33.977],[-91.058,33.958]]]},"properties":{"name":"White","featurecla":"River","scalerank":8}},
{"type":"Feature","geometry":{"type":"LineString","coordinates":[[-88.358,40.154],[-88.417,39.744],[-88.393,39.609],[-88.708,39.536],[-88.847,39.338],[-88.868,39.211],[-89.041,39.094],[-89.104,38.952],[-89.436,38.494],[-89.592,38.481],[-89.919,38.309],[-89.92,38.136],[-89.969,38.073],[-89.957,37.961]]},"properties":{"name":"Kaskaskia","featurecla":"River","scalerank":8}},
{"type":"Feature","geometry":{"type":"LineString","coordinates":[[-93.211,43.559],[-92.843,43.27],[-92.703,43.082],[-92.532,42.952],[-92.498,42.606],[-91.909,42.195],[-91.772,42.126],[-91.727,42.003],[-91.412,41.859],[-91.155,41.677],[-91.113,41.554],[-91.354,41.325],[-91.189,41.208],[-91.091,41.099],[-91.07,41.115],[-91.052,41.144],[-91.031,41.167]]},"properties":{"name":"Cedar","featurecla":"River","scalerank":8}},
{"type":"Feature","geometry":{"type":"LineString","coordinates":[[-71.129,-41.683],[-71.12,-41.892],[-71.169,-42.071],[-71.128,-42.297],[-70.658,-42.374],[-70.517,-42.44],[-70.548,-42.569],[-70.435,-42.633]]},"properties":{"name":"Chico","featurecla":"River","scalerank":8}},
{"type":"Feature","geometry":{"type":"LineString","coordinates":[[30.371,2.333],[30.435,2.699],[30.337,2.879],[30.07,2.883],[29.758,3.063],[29.514,3.11],[29.487,3.299],[29.3,3.304],[29.081,3.612],[28.867,3.555],[28.586,3.596]]},"properties":{"name":"Kibali","featurecla":"River","scalerank":3}},
{"type":"Feature","geometry":{"type":"LineString","coordinates":[[-111.098,44.759],[-111.31,44.873]]},"properties":{"name":"Madison","featurecla":"Lake Centerline","scalerank":1}},
{"type":"Feature","geometry":{"type":"MultiLineString","coordinates":[[[-111.31,44.873],[-111.508,44.852],[-111.636,44.978],[-111.727,45.218],[-111.692,45.4],[-111.516,45.616],[-111.405,46.17],[-111.516,46.36]],[[-110.744,44.727],[-110.808,44.66],[-111.05,44.677],[-111.098,44.759]]]},"properties":{"name":"Madison","featurecla":"River","scalerank":1}},
{"type":"Feature","geometry":{"type":"LineString","coordinates":[[-70.409,-16.349],[-70.454,-16.185],[-70.559,-16.117],[-70.743,-16.243],[-70.744,-16.356],[-70.835,-16.499],[-70.76,-16.67],[-70.804,-16.744],[-71.057,-16.761],[-71.21,-16.914],[-71.464,-17.02],[-71.662,-17.007],[-71.85,-17.168]]},"properties":{"name":"Tambo","featurecla":"River","scalerank":8}},
{"type":"Feature","geometry":{"type":"LineString","coordinates":[[-75.243,-12.938],[-75.512,-13.537],[-75.884,-13.724],[-76.221,-13.687]]},"properties":{"name":"Pisco","featurecla":"River","scalerank":8}},
{"type":"Feature","geometry":{"type":"LineString","coordinates":[[-73.577,-14.689],[-73.534,-14.805],[-73.403,-14.888],[-73.339,-15.034],[-73.337,-15.256],[-73.278,-15.41],[-73.117,-15.584],[-73.094,-15.791],[-73.163,-16.004],[-73.151,-16.34],[-73.119,-16.447]]},"properties":{"name":"Ocoña","featurecla":"River","scalerank":8}},
{"type":"Feature","geometry":{"type":"LineString","coordinates":[[-64.188,-17.718],[-64.11,-17.575],[-64.227,-17.475],[-64.234,-17.319],[-64.376,-17.175],[-64.648,-16.996],[-64.756,-16.874],[-64.807,-16.717],[-64.765,-16.526],[-64.684,-16.388],[-64.661,-15.861]]},"properties":{"name":"Yapacani","featurecla":"River","scalerank":8}},
{"type":"Feature","geometry":{"type":"LineString","coordinates":[[-36.879,-8.293],[-36.721,-8.249],[-36.501,-8.401],[-36.348,-8.324],[-36.21,-8.329],[-35.603,-8.203],[-35.379,-8.258],[-35.318,-8.347],[-34.975,-8.416]]},"properties":{"name":"Una","featurecla":"River","scalerank":8}},
{"type":"Feature","geometry":{"type":"LineString","coordinates":[[-43.353,-9.195],[-43.255,-9.307],[-42.88,-9.14],[-42.671,-9.002],[-42.39,-8.985],[-42.209,-8.818],[-42.142,-8.561],[-42.193,-8.392],[-42.299,-8.245],[-42.497,-8.161],[-42.611,-8.048],[-42.645,-7.934],[-42.639,-7.691],[-42.531,-7.466],[-42.538,-7.183],[-42.684,-6.877],[-42.711,-6.337],[-42.849,-6.26]]},"properties":{"name":"Piauí","featurecla":"River","scalerank":8}},
{"type":"Feature","geometry":{"type":"LineString","coordinates":[[-81.167,8.35],[-81.095,8.259],[-80.944,8.202],[-80.478,8.091]]},"properties":{"name":"Santa Mara","featurecla":"River","scalerank":8}},
{"type":"Feature","geometry":{"type":"LineString","coordinates":[[-83.514,9.536],[-83.336,9.821],[-83.284,10.063],[-83.191,10.118]]},"properties":{"name":"Chirrip del Atlntico","featurecla":"River","scalerank":8}},
{"type":"Feature","geometry":{"type":"LineString","coordinates":[[-85.109,12.204],[-85.085,12.113],[-84.937,12.048],[-84.733,12.147],[-84.538,12.08],[-84.295,12.19],[-83.945,12.076],[-83.807,12.143],[-83.734,12.072]]},"properties":{"name":"Mico","featurecla":"River","scalerank":8}},
{"type":"Feature","geometry":{"type":"LineString","coordinates":[[-96.918,17.301],[-96.735,16.998],[-96.884,16.586],[-96.879,16.344],[-97.2,16.364],[-97.517,16.496],[-97.606,16.376]]},"properties":{"name":"Atoyac","featurecla":"River","scalerank":8}},
{"type":"Feature","geometry":{"type":"LineString","coordinates":[[-77.86,41.832],[-78.045,41.764],[-78.271,41.806],[-78.375,41.907],[-78.398,42.079],[-78.649,42.093],[-78.761,42.158],[-78.943,42.028],[-78.951,41.901],[-79.094,41.832],[-79.258,41.838],[-79.418,41.676],[-79.465,41.484],[-79.815,41.395],[-79.851,41.312],[-79.71,41.199],[-79.652,41.051],[-79.478,40.882],[-79.601,40.702],[-79.991,40.448]]},"properties":{"name":"Allegheny","featurecla":"River","scalerank":3}},
{"type":"Feature","geometry":{"type":"LineString","coordinates":[[-105.478,21.782],[-105.427,21.89]]},"properties":{"name":"San Pedro","featurecla":"Lake Centerline","scalerank":8}},
{"type":"Feature","geometry":{"type":"MultiLineString","coordinates":[[[-104.686,23.988],[-104.49,24.077],[-104.347,24.023],[-104.265,23.692],[-104.363,23.596],[-104.507,23.211],[-104.752,23.161],[-104.994,23.025],[-104.994,22.851],[-104.906,22.754],[-104.899,22.543],[-105.051,22.437],[-104.932,22.118],[-104.995,21.961],[-105.124,21.971],[-105.426,21.89]],[[-105.478,21.782],[-105.496,21.761]]]},"properties":{"name":"San Pedro","featurecla":"River","scalerank":8}},
{"type":"Feature","geometry":{"type":"LineString","coordinates":[[19.248,-33.183],[19.21,-32.987],[19.08,-32.759],[18.92,-32.249],[18.776,-32.001],[18.665,-31.914],[18.494,-31.651],[18.267,-31.54],[18.189,-31.687]]},"properties":{"name":"Olifants","featurecla":"River","scalerank":8}},
{"type":"Feature","geometry":{"type":"LineString","coordinates":[[14.208,-2.488],[14.428,-2.252],[14.597,-2.187],[14.799,-1.99],[14.909,-1.776],[14.967,-1.585],[15.091,-1.445],[15.229,-1.153],[15.443,-0.978],[15.709,-0.959],[15.748,-1.057],[15.948,-1.178],[16.27,-1.316],[16.343,-1.473],[16.623,-1.59]]},"properties":{"name":"Alima","featurecla":"River","scalerank":8}},
{"type":"Feature","geometry":{"type":"LineString","coordinates":[[22.736,3.625],[22.452,3.587],[22.126,3.716],[22.036,3.706],[21.71,3.501],[21.195,3.453],[20.986,3.332],[20.866,3.322]]},"properties":{"name":"Ebola","featurecla":"River","scalerank":8}},
{"type":"Feature","geometry":{"type":"LineString","coordinates":[[20.193,4.011],[20.125,4.051],[19.809,4.083],[19.504,4.052],[19.348,3.771],[19.259,3.729],[19.25,3.502],[19.078,3.344],[19.015,3.129],[18.803,3.081],[18.609,2.94],[18.576,2.808],[18.416,2.746]]},"properties":{"name":"Lua","featurecla":"River","scalerank":8}},
{"type":"Feature","geometry":{"type":"LineString","coordinates":[[24.488,7.796],[24.499,7.63],[24.594,7.485],[24.511,7.308],[24.554,7.042],[24.363,6.965],[24.255,6.712],[24.25,6.502],[24.181,6.333],[24.226,6.274],[24.263,5.914],[24.231,5.81],[24.334,5.642],[24.24,5.523],[23.873,4.93],[23.887,4.824]]},"properties":{"name":"Chinko","featurecla":"River","scalerank":8}},
{"type":"Feature","geometry":{"type":"LineString","coordinates":[[-8.73,12.359],[-8.606,12.448],[-8.562,12.679],[-8.634,12.859],[-8.579,12.978],[-8.555,13.218],[-8.457,13.463],[-8.555,13.683],[-8.458,13.823],[-8.704,13.85],[-8.847,13.969],[-8.765,14.109],[-8.809,14.288],[-8.958,14.358],[-9.009,14.187],[-8.926,14.094],[-8.977,13.967],[-9.086,14.04],[-9.171,13.971],[-9.322,13.961],[-9.433,13.79],[-9.592,13.678],[-9.809,13.684],[-9.889,13.56]]},"properties":{"name":"Baoulé","featurecla":"River","scalerank":8}},
{"type":"Feature","geometry":{"type":"LineString","coordinates":[[-5.073,33.157],[-5.063,33.263],[-4.852,33.368],[-4.744,33.476],[-4.539,33.572],[-4.54,33.737],[-4.626,33.892],[-4.911,34.072],[-4.974,34.291],[-5.421,34.281],[-5.58,34.407],[-5.713,34.395],[-5.939,34.579],[-6.108,34.612],[-6.426,34.482],[-6.502,34.343],[-6.675,34.267]]},"properties":{"name":"Oued Sebou","featurecla":"River","scalerank":8}},
{"type":"Feature","geometry":{"type":"LineString","coordinates":[[15.408,-7.934],[15.54,-8.054],[15.716,-8.011],[15.797,-8.12],[15.817,-8.383],[15.933,-8.495],[16.016,-8.695],[16.037,-8.99],[15.905,-9.144],[15.489,-9.16],[15.285,-9.233],[15.231,-9.338],[14.854,-9.419],[14.466,-9.427],[14.305,-9.533],[14.24,-9.631]]},"properties":{"name":"Lucala","featurecla":"River","scalerank":8}},
{"type":"Feature","geometry":{"type":"LineString","coordinates":[[12.126,-2.066],[11.986,-2.107],[11.963,-2.309],[11.756,-2.415],[11.551,-2.325],[11.346,-2.019],[11.199,-2.001],[11.083,-1.916],[10.738,-1.372],[10.586,-1.225],[10.697,-1.095],[10.581,-0.877],[10.436,-0.753],[10.387,-0.608],[10.296,-0.592]]},"properties":{"name":"Ngounie","featurecla":"River","scalerank":8}},
{"type":"Feature","geometry":{"type":"MultiLineString","coordinates":[[[16.966,-3.009],[16.821,-3.071],[16.487,-3.05],[16.24,-3.108],[16.2,-3.19]],[[22.237,-11.249],[22.243,-11.078],[22.165,-10.852],[22.322,-10.742],[22.273,-10.503],[22.313,-10.368],[22.202,-10.131],[22.159,-9.931],[21.998,-9.809],[21.854,-9.618],[21.793,-9.393],[21.841,-9.276],[21.859,-8.846],[21.935,-8.413],[21.851,-8.143],[21.758,-8.015],[21.77,-7.807],[21.854,-7.586],[21.842,-7.37],[21.661,-7.054],[21.518,-6.925],[21.062,-6.579],[20.953,-6.557],[20.808,-6.435],[20.58,-6.018],[20.579,-5.918],[20.857,-5.685],[20.983,-5.376],[21.08,-5.28],[21.096,-4.997],[21.027,-4.626],[20.914,-4.608],[20.729,-4.5],[20.589,-4.338],[20.394,-4.278],[20.266,-4.391],[20.134,-4.28],[20.031,-4.273],[19.783,-4.086],[19.619,-4.067],[19.373,-3.91],[18.781,-3.635],[18.459,-3.589],[18.259,-3.455],[18.027,-3.38],[17.906,-3.416],[17.426,-3.204],[17.23,-3.158],[16.96,-3.012]]]},"properties":{"name":"Kasai","featurecla":"River","scalerank":3}},
{"type":"Feature","geometry":{"type":"LineString","coordinates":[[-49.824,-25.069],[-49.637,-25.008],[-49.145,-24.678],[-48.636,-24.659],[-48.465,-24.54],[-48.365,-24.6],[-48.148,-24.565],[-47.887,-24.385],[-47.722,-24.646],[-47.555,-24.709]]},"properties":{"name":"Ribeira","featurecla":"River","scalerank":8}},
{"type":"Feature","geometry":{"type":"LineString","coordinates":[[3.264,49.991],[3.181,50.131],[3.337,50.295],[3.587,50.439],[3.438,50.509],[3.35,50.684],[3.593,50.832],[3.728,50.994],[4.196,51.055],[4.308,51.269]]},"properties":{"name":"Schelde","featurecla":"River","scalerank":8}},
{"type":"Feature","geometry":{"type":"LineString","coordinates":[[-2.164,53.04],[-2.148,52.915],[-1.901,52.77],[-1.73,52.753],[-1.586,52.853],[-1.263,52.896],[-0.831,53.097],[-0.748,53.312],[-0.802,53.44],[-0.706,53.692]]},"properties":{"name":"Trent","featurecla":"River","scalerank":8}},
{"type":"Feature","geometry":{"type":"LineString","coordinates":[[105.902,22.933],[106.032,22.749],[106.448,22.568],[106.726,22.381],[106.939,22.321],[107.102,22.414],[107.213,22.351],[107.435,22.527],[107.565,22.542],[107.672,22.668],[107.87,22.646],[108.092,22.844]]},"properties":{"name":"Zuo","featurecla":"River","scalerank":8}},
{"type":"Feature","geometry":{"type":"LineString","coordinates":[[109.459,25.651],[109.401,25.707],[109.163,25.706],[109.132,25.773],[108.899,25.721],[108.725,25.743],[108.5,25.903],[108.175,25.841],[107.986,25.996],[107.785,25.945],[107.736,25.79],[107.598,25.806]]},"properties":{"name":"Duliu","featurecla":"River","scalerank":8}},
{"type":"Feature","geometry":{"type":"LineString","coordinates":[[140.039,37.766],[140.125,38.01],[140.06,38.146],[140.151,38.304],[140.328,38.385],[140.35,38.64],[139.999,38.784],[139.816,38.914]]},"properties":{"name":"Mogami","featurecla":"River","scalerank":8}},
{"type":"Feature","geometry":{"type":"LineString","coordinates":[[-102.405,39.59],[-102.058,39.677],[-101.803,39.801],[-101.456,40.111],[-101.299,40.161],[-100.795,40.239]]},"properties":{"name":"S. Fork Republican","featurecla":"River","scalerank":8}},
{"type":"Feature","geometry":{"type":"LineString","coordinates":[[-67.577,-10.115],[-67.419,-9.91],[-67.077,-9.578],[-66.837,-9.487],[-66.545,-9.233],[-66.51,-9.107],[-66.345,-8.94],[-66.222,-8.913],[-66.113,-8.782],[-65.94,-8.798],[-65.752,-8.561],[-65.809,-8.474],[-65.631,-8.191],[-65.298,-8.074],[-65.201,-7.953],[-65.164,-7.78],[-64.958,-7.61],[-64.904,-7.507],[-64.936,-7.33],[-64.841,-7.289]]},"properties":{"name":"Ituxi","featurecla":"River","scalerank":8}},
{"type":"Feature","geometry":{"type":"LineString","coordinates":[[-81.346,40.953],[-81.585,41.032],[-81.631,40.933],[-81.41,40.571],[-81.41,40.384],[-81.582,40.267],[-81.846,40.293]]},"properties":{"name":"Tuscarawas","featurecla":"River","scalerank":8}},
{"type":"Feature","geometry":{"type":"LineString","coordinates":[[-106.941,26.906],[-107.062,26.954],[-107.032,27.106],[-107.141,27.278],[-107.271,27.353],[-107.523,27.418],[-107.74,27.552],[-107.825,27.44],[-107.897,27.23],[-107.868,27.017],[-107.947,26.945]]},"properties":{"name":"Urique","featurecla":"River","scalerank":8}},
{"type":"Feature","geometry":{"type":"LineString","coordinates":[[150.47,-28.65],[150.298,-28.535],[150.02,-28.6],[149.484,-28.584],[149.416,-28.681],[149.093,-28.848],[149.046,-28.954],[148.813,-29.118],[148.696,-29.375],[148.682,-29.506],[148.499,-29.652],[148.166,-29.975],[147.415,-30.125]]},"properties":{"name":"Barwon","featurecla":"River","scalerank":3}},
{"type":"Feature","geometry":{"type":"LineString","coordinates":[[-9.182,8.726],[-9.059,8.768],[-9.112,8.179],[-9.052,8.083],[-9.303,7.811],[-9.354,7.623],[-9.484,7.362],[-9.669,7.213],[-9.813,7.212],[-9.921,7.125],[-10.56,6.821],[-10.601,6.619],[-10.759,6.404]]},"properties":{"name":"St. Paul","featurecla":"River","scalerank":8}},
{"type":"Feature","geometry":{"type":"LineString","coordinates":[[15.596,5.971],[15.785,5.862],[15.81,5.787],[16.313,5.377],[16.45,5.329],[16.627,5.182],[16.83,4.903],[16.83,4.738],[16.934,4.514],[17.401,3.995],[17.513,3.769],[17.68,3.737],[17.836,3.789],[18.009,3.641],[18.243,3.633],[18.53,3.696],[18.564,3.683],[18.59,3.679],[18.599,3.676]]},"properties":{"name":"Lobaye","featurecla":"River","scalerank":8}},
{"type":"Feature","geometry":{"type":"MultiLineString","coordinates":[[[13.654,3.631],[13.498,3.433],[13.239,3.432],[13.147,3.358],[12.92,3.388],[12.833,3.359],[12.653,3.43],[12.493,3.361],[12.417,3.238],[12.438,3.11],[12.835,2.903],[13.075,2.853],[13.311,2.84],[13.431,2.786],[13.685,2.943],[13.841,2.937],[14.093,2.831],[14.175,2.553],[14.166,2.412],[14.274,2.346],[14.465,2.342],[14.569,2.209]],[[16.069,1.655],[16.03,1.706],[16.022,1.723],[16.026,1.752],[15.889,1.793],[15.764,1.909],[15.482,1.976],[15.349,1.923],[15.233,2.031],[15.091,1.985],[14.963,2.011],[14.871,2.102],[14.705,2.106],[14.562,2.209]]]},"properties":{"name":"Dja","featurecla":"River","scalerank":8}},
{"type":"Feature","geometry":{"type":"LineString","coordinates":[[24.087,-10.009],[24.025,-9.893],[24.11,-9.702],[24.142,-9.369],[23.926,-9.124],[23.775,-8.999],[23.928,-8.736],[23.952,-8.481],[23.925,-8.329],[24.005,-8.23],[23.923,-7.73],[23.932,-7.524],[23.991,-7.343],[23.968,-7.206],[24.149,-7.001],[24.182,-6.647],[23.979,-6.544],[23.851,-6.382],[23.761,-6.093],[23.764,-5.905],[23.709,-5.85],[23.743,-5.639],[23.889,-5.486],[23.91,-5.283],[23.71,-4.934],[23.454,-4.979],[23.323,-4.938],[23.278,-4.848],[23.196,-4.39],[23.005,-4.156],[22.508,-4.034],[22.381,-3.938],[22.133,-4.026],[22.084,-3.975],[21.737,-4.007],[21.446,-4.082],[21.374,-4.007],[21.212,-3.972],[21.047,-4.01],[20.915,-4.111],[20.644,-4.153],[20.394,-4.278]]},"properties":{"name":"Sankuru","featurecla":"River","scalerank":8}},
{"type":"Feature","geometry":{"type":"LineString","coordinates":[[19.317,-10.961],[19.431,-10.797],[19.42,-10.712],[19.543,-10.272],[19.455,-9.854],[19.53,-9.64],[19.471,-9.499],[19.473,-9.325],[19.332,-8.884],[19.371,-8.402],[19.451,-8.232],[19.455,-7.796],[19.368,-7.559],[19.365,-7.452],[19.243,-7.159],[19.201,-6.925],[19.277,-6.802],[19.347,-6.42],[19.304,-6.23],[19.393,-6.141],[19.339,-5.726],[19.2,-5.488],[18.936,-5.331],[18.927,-5.129],[18.79,-5.007],[18.748,-4.743],[18.69,-4.581],[18.465,-4.479],[18.327,-4.136],[18.001,-3.759],[17.826,-3.632],[17.547,-3.522],[17.353,-3.339],[17.351,-3.19]]},"properties":{"name":"Kwilu","featurecla":"River","scalerank":8}},
{"type":"Feature","geometry":{"type":"LineString","coordinates":[[31.31,-9.104],[31.387,-9.341],[31.496,-9.5],[31.524,-9.631],[31.737,-9.808],[32.03,-9.83],[32.119,-9.995],[32.026,-10.056],[31.981,-10.248],[31.668,-10.52],[31.335,-10.612],[31.275,-10.728],[31.131,-10.75],[31.171,-10.873],[30.849,-11.057],[30.706,-11.29],[30.484,-11.491],[30.247,-11.57],[30.027,-11.745],[29.898,-11.764],[29.844,-11.809],[29.823,-11.864],[29.789,-11.9]]},"properties":{"name":"Chambeshi","featurecla":"River","scalerank":8}},
{"type":"Feature","geometry":{"type":"LineString","coordinates":[[15.28,-7.299],[15.253,-6.93],[15.275,-6.681],[15.359,-6.285],[15.287,-5.879],[15.085,-5.682],[15.231,-5.482],[15.247,-5.381],[15.064,-5.147],[15.054,-4.929],[14.863,-4.76]]},"properties":{"name":"Inkisi","featurecla":"River","scalerank":8}},
{"type":"Feature","geometry":{"type":"LineString","coordinates":[[33.941,-6.165],[33.853,-6.375],[33.468,-6.661],[33.275,-6.576],[32.924,-6.514],[32.727,-6.391],[32.512,-6.361],[32.328,-6.208]]},"properties":{"name":"Shama","featurecla":"River","scalerank":8}},
{"type":"Feature","geometry":{"type":"LineString","coordinates":[[30.399,-3.786],[30.47,-3.981],[30.734,-4.108],[30.777,-4.281],[30.655,-4.452],[30.774,-4.688],[30.956,-4.83],[30.96,-4.993]]},"properties":{"name":"Malagarasi","featurecla":"River","scalerank":8}},
{"type":"Feature","geometry":{"type":"LineString","coordinates":[[128.111,42.171],[128.056,42.318],[128.184,42.558],[127.878,42.668],[127.733,42.818],[127.536,42.641],[127.376,42.567]]},"properties":{"name":"Erdao","featurecla":"River","scalerank":8}},
{"type":"Feature","geometry":{"type":"LineString","coordinates":[[28.586,3.596],[28.377,3.665],[28.261,3.607],[28.157,3.732],[28.05,3.746],[27.726,3.641],[27.511,3.644],[27.176,3.845],[27.186,3.653],[27.061,3.559],[26.842,3.505],[26.801,3.577],[26.814,3.781],[26.717,3.996],[26.619,4.015],[26.385,3.773],[26.201,3.651],[26.024,3.72],[25.855,3.676],[25.841,3.558],[25.704,3.587],[25.486,3.521],[25.239,3.525],[25.138,3.422],[24.995,3.395],[24.933,3.484],[24.554,3.474],[24.361,3.559],[24.216,3.693],[24,3.725],[23.774,3.708],[23.61,3.855],[23.351,3.813],[23.149,3.902],[22.75,3.834],[22.598,3.927],[22.511,4.101],[22.422,4.135],[22.207,4.15],[22.008,4.243],[21.722,4.295],[21.538,4.245],[21.298,4.33],[21.158,4.31],[21.084,4.388],[20.871,4.454],[20.603,4.41],[20.452,4.529],[20.463,4.601],[20.338,4.772],[20.003,4.975],[19.89,5.002],[19.719,5.136],[19.408,5.131],[19.083,4.909],[19.011,4.765],[18.828,4.56],[18.72,4.378],[18.537,4.306],[18.632,4.131],[18.597,3.679]]},"properties":{"name":"Uele","featurecla":"River","scalerank":3}},
{"type":"Feature","geometry":{"type":"LineString","coordinates":[[124.64,51.311],[124.995,51.276],[125.241,51.295],[125.569,51.17],[125.843,51.206],[126.041,51.019]]},"properties":{"name":"Nanweng","featurecla":"River","scalerank":8}},
{"type":"Feature","geometry":{"type":"MultiLineString","coordinates":[[[95.466,57.733],[95.193,57.769],[94.478,57.787],[94.317,57.825],[94.186,58],[93.984,58.123]],[[95.466,57.733],[95.465,57.732]],[[95.471,57.732],[95.466,57.733]],[[97.013,53.833],[97.534,53.655],[98.125,53.587],[98.354,53.866],[98.796,53.926],[98.97,54.247],[98.83,54.409],[98.905,54.491],[99.256,54.5],[99.31,54.635],[99.129,54.799],[98.991,55.023],[99.186,55.053],[99.435,55.211],[99.358,55.279],[99.399,55.485],[99.55,55.661],[99.601,56.09],[99.396,56.105],[99.226,56.234],[99.222,56.347],[98.928,56.544],[99.056,56.636],[99.083,56.89],[98.729,57.077],[98.717,57.16],[98.423,57.208],[98.235,57.368],[97.189,57.463],[96.784,57.657],[96.592,57.623],[96.202,57.79],[95.939,57.718],[95.578,57.781],[95.466,57.733]]]},"properties":{"name":"Chuna","featurecla":"River","scalerank":8}},
{"type":"Feature","geometry":{"type":"LineString","coordinates":[[59.702,62.146],[60.335,62.108],[60.936,62.448],[61.243,62.429],[61.359,62.332],[61.646,62.575],[61.654,62.869],[61.421,62.929],[61.277,63.206],[61.483,63.321],[61.556,63.557],[61.866,63.63],[62.134,63.596],[62.73,63.357],[63.006,63.383],[63.171,63.236],[64.285,63.134],[64.642,63.401],[64.82,63.46],[64.772,63.737],[65.081,63.956],[65.349,64.064],[65.458,64.206]]},"properties":{"name":"Severnaya Sos’va","featurecla":"River","scalerank":8}},
{"type":"Feature","geometry":{"type":"LineString","coordinates":[[134.331,51.207],[134.326,51.115],[133.942,50.901],[134.119,50.829],[134.676,51.11],[134.751,51.269],[135.113,51.428],[135.402,51.442],[135.612,51.643],[136.012,51.733],[136.176,51.976],[136.236,52.233],[136.451,52.241],[136.638,52.462],[136.937,52.433],[137.141,52.57],[137.418,52.66],[138.306,52.801],[138.631,52.933],[139.031,52.911],[139.281,52.96],[139.418,52.919],[139.706,52.953]]},"properties":{"name":"Amgun’","featurecla":"River","scalerank":8}},
{"type":"Feature","geometry":{"type":"LineString","coordinates":[[147.179,64.764],[147.23,64.912],[147.079,65.2],[146.744,65.432],[146.703,65.577],[146.464,65.606],[146.188,65.817],[145.729,65.916],[144.893,65.987],[144.641,66.07],[143.951,66.109],[143.41,66.293],[143.132,66.454]]},"properties":{"name":"Moma","featurecla":"River","scalerank":8}},
{"type":"Feature","geometry":{"type":"LineString","coordinates":[[140.193,65.59],[139.632,65.381],[139.09,65.351],[138.719,65.414],[138.196,65.558],[137.631,65.765],[137.275,65.936],[137.136,66.09],[136.823,66.208],[136.833,66.285],[136.533,66.611],[136.672,66.948],[136.467,67.071],[136.061,67.015],[135.75,67.182],[135.588,67.628],[135.739,67.694],[135.429,67.846],[135.392,67.989],[134.96,68.097],[134.791,68.233]]},"properties":{"name":"Adycha","featurecla":"River","scalerank":8}},
{"type":"Feature","geometry":{"type":"LineString","coordinates":[[121.827,48.784],[122.038,48.677],[122.297,48.181],[122.421,48.102],[122.65,48.096],[122.776,47.919],[122.838,47.516],[123.108,47.232],[123.164,47.102],[123.519,46.95]]},"properties":{"name":"Chaor","featurecla":"River","scalerank":8}},
{"type":"Feature","geometry":{"type":"LineString","coordinates":[[136.999,47.067],[137.142,47.185],[137.318,47.149],[137.353,46.886],[137.203,46.776],[137.212,46.65],[136.923,46.521],[136.683,46.62],[136.341,46.657],[135.982,46.755],[135.742,46.705],[135.535,46.715],[135.31,46.517],[135.048,46.57],[134.758,46.55],[134.456,46.475],[134.331,46.596],[134.364,46.739],[134.039,46.854]]},"properties":{"name":"Bikin","featurecla":"River","scalerank":8}},
{"type":"Feature","geometry":{"type":"LineString","coordinates":[[139.473,59.854],[139.817,59.683],[139.743,59.554],[139.322,59.48],[138.925,59.467],[138.692,59.337],[138.403,59.069],[138.299,58.875],[138.092,58.811],[137.87,58.651],[137.489,58.638],[137.356,58.575],[137.135,58.3],[136.875,58.185],[136.672,58.205],[136.342,57.988],[136.368,57.897],[136.074,57.582],[135.872,57.571],[135.454,57.728],[135.454,57.872],[135.231,58.212],[134.998,58.24],[134.828,58.36],[134.751,58.534],[134.337,58.606],[134.198,58.737],[134.502,58.945],[135.026,58.945],[135.265,58.994],[135.323,59.14],[135.002,59.242],[135.081,59.467],[134.999,59.716],[134.811,59.796],[134.816,60.006],[134.721,60.225],[134.567,60.303],[134.554,60.444]]},"properties":{"name":"Maya","featurecla":"River","scalerank":8}},
{"type":"Feature","geometry":{"type":"LineString","coordinates":[[143.084,61.888],[142.934,61.734],[143.167,61.431],[143.091,61.336],[143.254,61.199],[143.063,61.007],[143.002,60.732],[143.029,60.287],[142.892,59.944],[143.083,59.703],[143.324,59.562],[143.212,59.384]]},"properties":{"name":"Kukhtuy","featurecla":"River","scalerank":8}},
{"type":"Feature","geometry":{"type":"LineString","coordinates":[[121.405,53.317],[120.874,53.28],[120.28,52.866],[120.033,52.761],[120.056,52.601],[120.43,52.636],[120.724,52.542],[120.626,52.347],[120.779,52.118],[120.647,51.911],[120.493,51.876],[120.108,51.665],[119.915,51.331],[119.758,51.199],[119.748,51.084],[119.518,50.905],[119.497,50.737],[119.293,50.599],[119.243,50.446],[119.353,50.346],[119.316,50.093],[119.091,49.987],[118.644,49.955],[117.873,49.513]]},"properties":{"name":"Argun’","featurecla":"River","scalerank":3}},
{"type":"Feature","geometry":{"type":"LineString","coordinates":[[45.756,37.727],[45.914,37.932],[46.282,38.129],[46.353,38.088],[46.608,38.159],[46.947,38.164],[47.003,38.074],[47.469,37.878],[47.643,37.919],[47.797,38.053],[47.765,38.144]]},"properties":{"name":"Talkeh","featurecla":"River","scalerank":8}},
{"type":"Feature","geometry":{"type":"LineString","coordinates":[[-60.359,-12.744],[-60.546,-12.422],[-60.884,-11.981],[-60.951,-11.758],[-61.205,-11.657],[-61.423,-11.464],[-61.606,-11.455],[-61.832,-11.388],[-61.941,-11.215],[-61.963,-10.935],[-61.914,-10.735],[-61.806,-10.602],[-61.796,-10.356],[-62.012,-10.046],[-61.969,-9.811],[-61.836,-9.526],[-61.727,-9.434],[-61.743,-9.348],[-61.657,-9.057],[-61.914,-9.002],[-62.229,-8.9],[-62.333,-8.712],[-62.435,-8.645],[-62.535,-8.47],[-62.726,-8.31],[-62.887,-8.028]]},"properties":{"name":"Jiparaná","featurecla":"River","scalerank":8}},
{"type":"Feature","geometry":{"type":"LineString","coordinates":[[-70.773,19.09],[-70.667,19.183],[-70.717,19.495],[-71.119,19.649],[-71.207,19.638],[-71.435,19.741],[-71.549,19.732],[-71.683,19.847]]},"properties":{"name":"Yaque del Norte","featurecla":"River","scalerank":8}},
{"type":"Feature","geometry":{"type":"LineString","coordinates":[[-64.701,4.38],[-64.793,4.49],[-65.071,4.561],[-65.126,4.698],[-65.324,4.761],[-65.417,4.984],[-65.856,5.082],[-65.973,5.065],[-66.211,5.11],[-66.377,5.011],[-66.379,4.903],[-66.266,4.7],[-66.269,4.377],[-66.359,4.285],[-66.658,4.117],[-66.93,4.054],[-67.059,3.958]]},"properties":{"name":"Ventuari","featurecla":"River","scalerank":8}},
{"type":"Feature","geometry":{"type":"LineString","coordinates":[[-60.887,-1.264],[-60.767,-1.3],[-60.43,-1.284],[-60.338,-1.192],[-60.183,-1.209],[-60.113,-1.357],[-59.937,-1.526],[-59.838,-1.511],[-59.673,-1.661],[-59.617,-1.786],[-59.488,-1.857],[-59.464,-2.014],[-59.161,-2.219],[-58.865,-2.231],[-58.432,-2.284],[-58.262,-2.381],[-58.228,-2.501],[-58.043,-2.608],[-57.676,-2.513],[-57.572,-2.417]]},"properties":{"name":"Nhamundá","featurecla":"River","scalerank":8}},
{"type":"Feature","geometry":{"type":"LineString","coordinates":[[-53.753,-16.8],[-54.034,-16.612],[-54.357,-16.526],[-54.657,-16.491],[-54.767,-16.546],[-54.897,-16.471],[-55.089,-16.58],[-55.381,-16.686],[-55.437,-16.743],[-55.72,-16.772],[-55.836,-16.707],[-56.034,-16.718],[-56.18,-16.9],[-56.59,-17.067]]},"properties":{"name":"Itiquira","featurecla":"River","scalerank":8}},
{"type":"Feature","geometry":{"type":"LineString","coordinates":[[-55.294,-21.223],[-55.253,-21.371],[-55.112,-21.54],[-54.979,-21.617],[-54.957,-21.723],[-54.801,-21.925],[-54.453,-21.896],[-54.313,-21.972],[-54.1,-21.909],[-53.845,-21.912],[-53.614,-22.14],[-53.508,-22.477],[-53.56,-22.666],[-53.519,-22.755],[-53.634,-22.913],[-53.637,-23.008]]},"properties":{"name":"Ivinheima","featurecla":"River","scalerank":8}},
{"type":"Feature","geometry":{"type":"LineString","coordinates":[[-51.901,-17.134],[-52.038,-17.205],[-51.975,-17.669],[-51.843,-17.845],[-51.75,-17.893],[-51.512,-18.198],[-51.238,-18.397],[-51.087,-18.452],[-50.996,-18.787],[-50.844,-18.96],[-50.696,-19.014],[-50.66,-19.111]]},"properties":{"name":"Verde","featurecla":"River","scalerank":8}},
{"type":"Feature","geometry":{"type":"LineString","coordinates":[[-64.697,-21.967],[-64.669,-22.166],[-64.429,-22.542],[-64.315,-23.019],[-64.135,-23.249],[-63.969,-23.316],[-63.768,-23.309],[-63.492,-23.47],[-63.216,-23.696],[-62.99,-23.769],[-62.849,-23.987],[-62.602,-24.098],[-62.561,-24.062],[-62.125,-24.198],[-61.713,-24.381],[-61.467,-24.606],[-61.216,-24.662],[-61.075,-24.894],[-60.815,-25.062],[-60.503,-25.209],[-60.253,-25.485],[-60.173,-25.663],[-59.893,-25.796],[-59.676,-26.012],[-59.673,-26.12],[-59.447,-26.164],[-59.388,-26.306],[-59.168,-26.293],[-58.968,-26.393],[-58.873,-26.498],[-58.597,-26.676],[-58.464,-26.829],[-58.358,-26.88]]},"properties":{"name":"Bermejo","featurecla":"River","scalerank":8}},
{"type":"Feature","geometry":{"type":"LineString","coordinates":[[9.117,9.723],[9.35,9.786],[9.402,9.872],[9.574,9.869],[9.919,9.953],[10.011,10.019],[10.115,10.227],[10.388,10.391],[10.512,10.714],[10.69,10.932],[10.98,11.078],[11.368,11.1],[11.512,10.961],[11.535,10.837],[11.488,10.31],[11.985,9.998],[12.011,9.707],[12.066,9.642],[12.025,9.464]]},"properties":{"name":"Gongola","featurecla":"River","scalerank":8}},
{"type":"Feature","geometry":{"type":"LineString","coordinates":[[37.387,11.634],[37.396,11.55],[37.602,11.495],[37.681,11.379],[37.871,11.224],[38.105,11.16],[38.295,11.15],[38.482,11.026],[38.526,10.776],[38.475,10.624],[38.489,10.386],[38.433,10.161],[38.246,10.117],[38.183,10.051],[37.703,9.843],[37.545,9.996],[37.219,10.105],[37.181,10.262],[36.714,10.37],[36.554,10.379],[36.44,10.452],[36.338,10.233],[36.227,10.137],[35.964,10.131],[35.911,10.045],[35.728,10.049],[35.67,9.963],[35.442,10.131],[35.351,10.149]]},"properties":{"name":"Abay","featurecla":"River","scalerank":3}},
{"type":"Feature","geometry":{"type":"LineString","coordinates":[[25.587,-25.619],[25.386,-25.744],[25.051,-25.738],[24.798,-25.829],[24.664,-25.823],[24.296,-25.723],[24.227,-25.649],[23.924,-25.629],[23.459,-25.282],[23.265,-25.264],[23.006,-25.311],[22.844,-25.481],[22.746,-25.755],[22.719,-25.984],[22.544,-26.207],[22.428,-26.226],[22.257,-26.341],[22.057,-26.618],[21.767,-26.704],[21.687,-26.855],[21.38,-26.824],[21.122,-26.865],[20.851,-26.806],[20.779,-26.848],[20.714,-26.875],[20.679,-26.898],[20.569,-27.013],[20.302,-27.411],[20.363,-27.583],[20.463,-27.655],[20.493,-27.939],[20.57,-28.24],[20.458,-28.462],[20.209,-28.514]]},"properties":{"name":"Molopo","featurecla":"River","scalerank":8}},
{"type":"Feature","geometry":{"type":"MultiLineString","coordinates":[[[16.787,-23.038],[16.968,-23.315],[17.113,-23.332],[17.591,-23.764],[17.589,-23.969],[17.872,-24.174],[18.136,-24.413],[18.359,-24.361],[18.498,-24.391],[18.609,-24.597],[18.907,-25.027],[18.978,-25.186],[19.255,-25.432],[19.611,-25.493],[19.803,-25.587],[20,-25.781]],[[20,-25.781],[20.151,-25.908],[20.48,-26.089],[20.568,-26.23],[20.618,-26.44],[20.608,-26.686],[20.638,-26.817],[20.675,-26.85],[20.685,-26.882],[20.692,-26.896]]]},"properties":{"name":"Auob","featurecla":"River","scalerank":8}},
{"type":"Feature","geometry":{"type":"LineString","coordinates":[[46.22,-23.078],[46.118,-22.769],[45.995,-22.684],[45.802,-22.684],[45.415,-22.86],[45.351,-23.195],[45.198,-23.428],[45.052,-23.524],[44.868,-23.506],[44.611,-23.599],[44.493,-23.525],[44.229,-23.562],[43.902,-23.452],[43.75,-23.572]]},"properties":{"name":"Onilahy","featurecla":"River","scalerank":8}},
{"type":"Feature","geometry":{"type":"LineString","coordinates":[[10.711,46.827],[10.53,46.712],[10.845,46.628],[11.118,46.687],[11.307,46.485],[11.258,46.31],[11.082,46.157],[11.122,46.046],[11.019,45.792],[10.836,45.59],[11.04,45.401],[11.252,45.348],[11.418,45.132],[11.754,45.099],[12.321,45.165]]},"properties":{"name":"Adige","featurecla":"River","scalerank":8}},
{"type":"Feature","geometry":{"type":"LineString","coordinates":[[48.476,59.745],[48.424,59.867],[48.702,59.895],[49.067,59.997],[49.107,60.135],[49.501,60.171],[49.608,60.487],[49.346,60.637],[49.065,60.657],[48.716,60.482],[48.408,60.409],[48.122,60.521],[47.927,60.743],[47.619,60.74],[47.345,60.626],[46.976,60.684],[46.492,60.582],[46.252,60.654],[46.331,60.745]]},"properties":{"name":"Luza","featurecla":"River","scalerank":8}},
{"type":"Feature","geometry":{"type":"MultiLineString","coordinates":[[[46.441,55.147],[46.208,55.321],[46.384,55.463],[46.14,55.524],[45.92,55.688],[46.094,55.808],[46.23,56.031],[46.068,56.182]],[[46.886,53.297],[46.402,53.247],[46.262,53.275],[45.723,53.093],[45.235,53.036],[45.035,53.189],[45.093,53.418],[45.285,53.606],[45.654,53.841],[45.726,53.963],[46.018,54.19],[46.379,54.231],[46.742,54.352],[46.791,54.57],[46.448,55.147]]]},"properties":{"name":"Sura","featurecla":"River","scalerank":8}},
{"type":"Feature","geometry":{"type":"LineString","coordinates":[[59.333,61.587],[58.942,61.414],[58.741,61.15],[58.743,60.997],[58.926,60.876],[58.546,60.578],[58.343,60.619],[58.236,60.48],[57.734,60.588],[57.395,60.477],[57.138,60.541],[57.064,60.423],[56.535,60.374],[56.416,60.144],[56.433,59.905]]},"properties":{"name":"Vishera","featurecla":"River","scalerank":8}},
{"type":"Feature","geometry":{"type":"MultiLineString","coordinates":[[[30.48,38.359],[30.435,38.215],[30.164,38.085],[30.026,38.199],[29.689,38.208],[29.484,38.076],[29.312,38.231],[28.99,38.084],[28.964,37.974],[28.149,37.856],[27.953,37.862],[27.79,37.783],[27.486,37.774],[27.477,37.628],[27.349,37.542],[27.301,37.556],[27.253,37.535],[27.182,37.549]],[[27.28,37.545],[27.212,37.515],[27.191,37.48]]]},"properties":{"name":"Byk Menderes","featurecla":"River","scalerank":8}},
{"type":"Feature","geometry":{"type":"LineString","coordinates":[[20.822,40.37],[21.146,40.483],[21.367,40.4],[21.558,40.18],[21.582,40.004],[21.746,39.975],[21.933,40.222],[22.196,40.4],[22.35,40.556],[22.489,40.586],[22.655,40.482]]},"properties":{"name":"Haliacmon","featurecla":"River","scalerank":8}},
{"type":"Feature","geometry":{"type":"LineString","coordinates":[[6.15,46.648],[6.286,46.763],[6.484,47.022],[6.731,47.099],[6.956,47.245],[6.757,47.355],[6.723,47.478],[5.907,47.177],[5.571,47.127],[5.376,46.993],[5.116,46.937],[4.951,46.833]]},"properties":{"name":"Doubs","featurecla":"River","scalerank":8}},
{"type":"Feature","geometry":{"type":"LineString","coordinates":[[147.415,-30.125],[147.196,-30.111],[146.943,-29.982],[146.653,-29.916],[146.268,-29.975],[146.19,-29.946],[145.846,-30.106],[145.778,-30.197],[145.583,-30.284],[145.486,-30.414],[145.117,-30.488],[144.993,-30.644],[144.806,-30.724],[144.686,-30.89],[144.43,-30.931],[144.016,-31.228],[144.014,-31.375],[143.811,-31.451],[143.572,-31.486],[143.377,-31.581],[143.324,-31.733],[143.218,-31.749],[143.036,-31.89],[142.992,-32.087],[142.859,-32.112],[142.689,-32.259],[142.409,-32.405],[142.386,-32.524],[142.399,-33],[142.302,-33.191],[142.587,-33.413],[142.398,-33.696],[142.182,-33.801],[142.031,-33.818],[141.926,-34.117]]},"properties":{"name":"Darling","featurecla":"River","scalerank":3}},
{"type":"Feature","geometry":{"type":"LineString","coordinates":[[-3.691,52.529],[-3.51,52.452],[-3.228,52.545],[-3.074,52.727],[-2.791,52.742],[-2.434,52.522],[-2.272,52.322],[-2.153,51.99],[-2.391,51.778]]},"properties":{"name":"Severn","featurecla":"River","scalerank":8}},
{"type":"Feature","geometry":{"type":"LineString","coordinates":[[25.673,46.635],[25.447,46.73],[25.44,46.885],[25.176,46.968],[24.915,46.971],[24.802,46.895],[24.612,46.635],[24.455,46.506],[24.158,46.488],[23.74,46.362],[23.695,46.139],[23.572,46.032],[23.091,45.869],[22.87,45.945],[22.494,45.962],[22.396,46.022],[22.135,46.017],[21.986,46.111],[21.666,46.106],[21.318,46.197],[21,46.167],[20.874,46.081],[20.181,46.259]]},"properties":{"name":"Mures","featurecla":"River","scalerank":8}},
{"type":"Feature","geometry":{"type":"LineString","coordinates":[[19.359,44.901],[19.328,44.734],[19.129,44.519],[19.177,44.287],[19.618,44.036],[19.552,43.984],[19.203,43.946],[19.275,43.767],[18.806,43.57],[18.752,43.45],[19.018,43.242],[19.191,43.209],[19.388,43.047],[19.563,42.967],[19.539,42.749]]},"properties":{"name":"Drina","featurecla":"River","scalerank":8}},
{"type":"Feature","geometry":{"type":"LineString","coordinates":[[104.065,34.986],[104.234,35.139],[104.439,35.109],[104.72,34.979],[104.75,34.837],[104.886,34.758],[105.067,34.794],[105.628,34.714],[105.871,34.565],[106.498,34.52],[106.676,34.382],[106.992,34.402],[107.073,34.369],[107.671,34.31],[107.817,34.246],[108.276,34.204],[108.612,34.246],[108.842,34.382],[109.054,34.452],[109.223,34.437],[109.403,34.554],[109.583,34.512],[109.794,34.623],[110.084,34.648],[110.293,34.623]]},"properties":{"name":"Wei","featurecla":"River","scalerank":8}},
{"type":"Feature","geometry":{"type":"LineString","coordinates":[[85.638,61.314],[85.09,61.292],[84.836,61.391],[84.313,61.422],[84.199,61.501],[83.701,61.432],[83.596,61.361],[82.541,61.457],[81.626,61.406],[80.759,61.184],[80.352,61.157],[80.252,61.068],[79.888,61.047],[79.718,60.957],[79.401,60.992],[78.422,60.964],[78.181,61.128],[77.225,61.089],[76.929,61.027],[76.806,60.837]]},"properties":{"name":"Vakh","featurecla":"River","scalerank":8}},
{"type":"Feature","geometry":{"type":"LineString","coordinates":[[91.148,33.071],[91.211,32.799],[91.103,32.627],[90.804,32.513],[90.645,32.263],[89.781,32.153],[89.513,31.995],[89.075,32.06],[89.002,31.937]]},"properties":{"name":"Za’gya","featurecla":"River","scalerank":8}},
{"type":"Feature","geometry":{"type":"LineString","coordinates":[[86.012,34.391],[86.343,34.368],[86.934,34.427],[87.029,34.543],[87.194,34.569]]},"properties":{"name":null,"featurecla":"River","scalerank":8}},
{"type":"Feature","geometry":{"type":"LineString","coordinates":[[90.661,36.406],[90.284,36.414],[89.715,36.589],[89.664,36.753],[89.747,36.854],[89.749,37.09],[89.823,37.203],[90.05,37.358],[90.011,37.439],[89.657,37.564]]},"properties":{"name":null,"featurecla":"River","scalerank":8}},
{"type":"Feature","geometry":{"type":"LineString","coordinates":[[66.612,34.63],[66.232,34.664],[66.057,34.602],[65.647,34.544],[65.323,34.549],[64.737,34.431],[63.802,34.341],[63.205,34.403],[62.894,34.253],[62.627,34.299],[62.257,34.274],[61.949,34.357],[61.535,34.417],[61.254,34.626],[61.129,34.677],[61.065,34.815],[61.147,35.102],[61.108,35.278],[61.29,35.548],[61.231,35.672],[61.247,35.876],[61.174,36.007],[61.222,36.118],[61.152,36.407],[61.187,36.565],[61.085,36.809],[60.955,36.857],[60.797,37.022],[60.492,37.456],[60.479,37.628],[60.311,37.933],[60.132,38.111]]},"properties":{"name":"Harirud","featurecla":"River","scalerank":8}},
{"type":"Feature","geometry":{"type":"LineString","coordinates":[[81.507,35.47],[81.486,35.602],[81.23,35.578],[81.014,35.669],[80.916,35.832],[80.502,35.952],[80.156,35.967],[80.004,36.011],[79.771,36.251],[79.73,36.381],[79.922,36.586],[79.873,36.683],[79.938,36.81],[79.9,36.941],[79.971,37.155],[79.934,37.303],[80.015,37.485],[80.353,37.672],[80.436,37.833]]},"properties":{"name":"Yurungkax","featurecla":"River","scalerank":8}},
{"type":"Feature","geometry":{"type":"LineString","coordinates":[[-64.664,-15.86],[-64.739,-15.779],[-64.799,-15.513],[-65.014,-15.104],[-64.984,-14.96],[-65.089,-14.727],[-65.004,-14.586],[-64.954,-14.362],[-65.027,-14.161],[-65.178,-13.92],[-65.203,-13.817],[-65.323,-13.727],[-65.312,-13.491],[-65.262,-13.445],[-65.194,-13.111],[-65.035,-12.986],[-65.011,-12.791],[-65.074,-12.566],[-65.171,-12.422],[-65.101,-12.104],[-65.153,-12.01],[-65.08,-11.935],[-65.066,-11.927],[-65,-11.916]]},"properties":{"name":"Mamoré","featurecla":"River","scalerank":3}},
{"type":"Feature","geometry":{"type":"LineString","coordinates":[[70.471,39.471],[70.157,39.481],[69.93,39.451],[69.765,39.478],[69.382,39.43],[68.929,39.423],[68.833,39.389],[68.313,39.457],[67.906,39.485],[67.781,39.533],[67.428,39.547],[67.061,39.68],[66.79,39.92],[66.553,39.994],[66.105,40.053],[65.878,40.016],[65.553,40.167],[65.025,40.191],[64.83,40.149],[64.733,40.038],[64.453,39.975],[64.316,39.826],[63.832,39.535],[63.917,39.402],[63.887,39.269],[63.686,39.19],[63.668,39.105]]},"properties":{"name":"Zarafshon","featurecla":"River","scalerank":8}},
{"type":"Feature","geometry":{"type":"LineString","coordinates":[[108.115,37.22],[108.404,37.432],[108.45,37.607],[108.647,37.88],[108.789,37.981],[109.462,38.084],[109.75,38.03],[109.937,37.956]]},"properties":{"name":"Dali","featurecla":"River","scalerank":8}},
{"type":"Feature","geometry":{"type":"LineString","coordinates":[[106.418,35.435],[106.555,35.552],[106.69,35.554],[107.279,35.36],[107.553,35.39],[107.945,35.255],[107.938,35.117],[108.149,35.017],[108.627,34.614],[108.793,34.506],[109.071,34.47]]},"properties":{"name":"Jing","featurecla":"River","scalerank":8}},
{"type":"Feature","geometry":{"type":"LineString","coordinates":[[94.316,32.64],[94.159,32.847],[93.834,32.9],[93.731,33.003],[93.517,33.107],[93.377,33.26],[92.938,33.47],[92.819,33.565],[92.711,33.971],[92.929,34.095]]},"properties":{"name":"Dam","featurecla":"River","scalerank":8}},
{"type":"Feature","geometry":{"type":"LineString","coordinates":[[95.987,21.874],[96.163,21.775],[96.24,21.835],[96.38,21.704],[96.512,21.709],[96.752,21.935],[96.959,21.971],[96.981,22.278],[97.24,22.221],[97.341,22.32],[97.242,22.525],[97.389,22.663],[97.265,22.795],[97.38,22.972],[97.452,23.201],[97.637,23.202],[97.801,23.28],[98.289,23.357]]},"properties":{"name":"Mytinge","featurecla":"River","scalerank":8}},
{"type":"Feature","geometry":{"type":"LineString","coordinates":[[112.367,36.576],[112.232,36.134],[112.341,35.988],[112.321,35.815],[112.51,35.664],[112.517,35.484],[112.735,35.12],[112.805,35.138],[113.155,35.048],[113.335,35.097],[113.387,35.084],[113.399,35.034],[113.424,34.992],[113.452,34.967]]},"properties":{"name":"Qin","featurecla":"River","scalerank":8}},
{"type":"Feature","geometry":{"type":"LineString","coordinates":[[119.041,27.788],[118.968,27.854],[119.097,28.047],[119.22,28.122],[119.411,28.117],[119.613,28.205],[119.832,28.429],[120.096,28.306],[120.29,28.145],[120.57,28.113]]},"properties":{"name":"Ou","featurecla":"River","scalerank":8}},
{"type":"Feature","geometry":{"type":"LineString","coordinates":[[79.532,22.014],[79.459,22.173],[79.692,22.458],[79.839,22.379],[80.062,22.393],[80.037,22.185],[80.17,21.905],[80.19,21.654],[80.08,21.572],[79.927,21.552],[79.748,21.258],[79.599,21.105],[79.689,20.768],[79.937,20.65],[79.964,20.401],[79.938,20.194],[79.976,20.048],[79.746,19.819],[79.798,19.607],[79.972,19.393],[79.931,19.249],[79.965,18.935],[79.917,18.827]]},"properties":{"name":"Wainganga","featurecla":"River","scalerank":8}},
{"type":"Feature","geometry":{"type":"LineString","coordinates":[[75.983,40.424],[75.946,40.703],[76.167,40.859],[76.518,40.934],[76.618,40.889],[77.024,40.851],[77.332,40.856],[77.548,40.769],[77.668,40.852],[77.91,40.907],[78.076,40.877],[78.432,40.966],[78.577,40.959],[78.95,41.123],[79.306,41.353],[79.641,41.272],[79.768,41.173],[80.043,41.173]]},"properties":{"name":"Toxkan","featurecla":"River","scalerank":8}},
{"type":"Feature","geometry":{"type":"LineString","coordinates":[[73.542,24.867],[73.851,24.969],[74.049,25.063],[74.31,25.048],[74.473,25.179],[74.66,25.249],[75.019,25.249],[75.078,25.476],[75.189,25.581],[75.384,25.878],[75.627,25.986],[75.654,26.141],[75.782,26.216],[76.02,26.11],[76.316,26.211],[76.581,26.216],[76.675,26.087],[76.66,25.997],[76.74,25.926]]},"properties":{"name":"Banas","featurecla":"River","scalerank":8}},
{"type":"Feature","geometry":{"type":"LineString","coordinates":[[-79.059,43.278],[-79.066,43.106]]},"properties":{"name":"Niagara","featurecla":"River","scalerank":3}},
{"type":"Feature","geometry":{"type":"LineString","coordinates":[[82.063,19.746],[82.22,19.752],[82.43,19.897],[82.646,19.874],[82.933,19.933],[83.086,20.124],[83.208,20.2],[83.489,20.454],[83.719,20.597],[83.803,20.808],[83.951,20.84]]},"properties":{"name":"Tel","featurecla":"River","scalerank":8}},
{"type":"Feature","geometry":{"type":"LineString","coordinates":[[97.148,29.439],[97.243,29.11],[97.397,29.023],[97.491,28.824],[97.435,28.643],[97.14,28.585],[97.084,28.528]]},"properties":{"name":"Zayü","featurecla":"River","scalerank":8}},
{"type":"Feature","geometry":{"type":"LineString","coordinates":[[-5.077,42.956],[-5.221,42.635],[-5.521,42.46],[-5.598,42.021],[-5.774,41.87],[-5.803,41.716],[-5.963,41.597],[-5.982,41.513],[-6.035,41.491]]},"properties":{"name":"Esla","featurecla":"River","scalerank":8}},
{"type":"Feature","geometry":{"type":"LineString","coordinates":[[112.948,37.069],[112.881,36.834],[113.046,36.739],[113.405,36.374],[113.674,36.342],[114.121,36.344],[114.237,36.253],[114.442,36.254],[114.673,36.192],[115.092,36.293],[115.239,36.374],[115.341,36.6],[115.478,36.753],[115.681,36.843]]},"properties":{"name":"Zhang","featurecla":"River","scalerank":8}},
{"type":"Feature","geometry":{"type":"MultiLineString","coordinates":[[[106.155,50.254],[106.112,50.044],[106.158,49.896],[105.744,49.57],[105.517,49.288],[105.321,49.122],[105.183,49.158],[104.957,48.972]],[[101.509,47.022],[101.722,46.825],[102.043,46.821],[102.654,47.028],[102.79,47.166],[102.791,47.296],[102.586,47.639],[102.646,47.761],[102.568,48.013],[102.633,48.315],[102.615,48.531],[103.022,48.669],[103.292,48.548],[103.534,48.597],[103.764,48.722],[103.997,48.649],[104.494,48.724],[104.802,48.948],[104.963,48.972]]]},"properties":{"name":"Orhon","featurecla":"River","scalerank":8}},
{"type":"Feature","geometry":{"type":"LineString","coordinates":[[121.396,16.1],[121.522,16.117],[121.74,16.366],[121.754,16.521],[121.657,16.675],[121.769,16.742],[121.827,16.878],[121.82,17.217],[121.747,17.437],[121.78,17.519],[121.705,17.846],[121.601,18.004],[121.661,18.114],[121.642,18.314]]},"properties":{"name":"Cagayan","featurecla":"River","scalerank":8}},
{"type":"Feature","geometry":{"type":"LineString","coordinates":[[146.292,-42.264],[146.62,-42.44],[146.958,-42.726],[147.278,-42.779]]},"properties":{"name":"Derwent","featurecla":"River","scalerank":8}},
{"type":"Feature","geometry":{"type":"LineString","coordinates":[[77.904,13.244],[78.158,13.215],[78.242,13.161],[78.394,12.914],[78.428,12.727],[78.496,12.676],[78.647,12.741],[78.879,12.913],[79.25,12.959],[79.913,12.751],[79.97,12.573],[80.15,12.462]]},"properties":{"name":"Palar","featurecla":"River","scalerank":8}},
{"type":"Feature","geometry":{"type":"LineString","coordinates":[[114.162,66.935],[114.255,66.887],[115,66.849],[115.874,66.566],[117.581,66.649],[118.024,66.62],[118.837,66.452],[119.097,66.428],[119.366,66.231],[119.756,66.144],[119.677,65.905],[119.169,65.525],[119.344,65.405],[119.41,65.148],[119.878,65.036],[119.862,64.726],[120.014,64.575],[120.307,64.473],[120.496,64.224],[120.855,64.173],[121.277,64.294],[121.512,63.962],[121.498,63.795]]},"properties":{"name":"Tyung","featurecla":"River","scalerank":8}},
{"type":"Feature","geometry":{"type":"LineString","coordinates":[[130.262,64.953],[130.55,64.953],[131.084,65.214],[131.679,65.578],[131.743,65.802],[131.58,66.016],[131.352,66.176],[131.545,66.404],[131.771,66.468],[131.819,66.609],[131.642,66.763],[132.168,67.166],[132.196,67.248],[132.619,67.488],[132.952,67.539],[133.216,67.481]]},"properties":{"name":"Dulgalakh","featurecla":"River","scalerank":8}},
{"type":"Feature","geometry":{"type":"LineString","coordinates":[[-82.417,43.017],[-82.512,42.647],[-82.645,42.558]]},"properties":{"name":"St. Clair","featurecla":"River","scalerank":3}},
{"type":"Feature","geometry":{"type":"MultiLineString","coordinates":[[[-106.406,48.02],[-106.557,47.841],[-106.93,47.688],[-107.348,47.711],[-107.452,47.635],[-107.677,47.635],[-107.822,47.545],[-107.995,47.605],[-108.101,47.607],[-108.196,47.602]],[[-101.4,47.506],[-101.981,47.54],[-102.266,47.643],[-102.313,47.806],[-102.64,47.839],[-102.566,48.019],[-102.779,48.131],[-103.154,48.158],[-103.287,48.061],[-103.771,48.029]],[[-100.777,46.713],[-100.575,46.573],[-100.55,46.333],[-100.635,46.151],[-100.321,45.713],[-100.483,45.573],[-100.29,45.387],[-100.329,45.093],[-100.413,44.881],[-100.584,44.773],[-100.644,44.615],[-100.558,44.47],[-100.393,44.445],[-100.393,44.444]],[[-111.516,46.362],[-111.568,46.535],[-111.697,46.662]],[[-99.365,43.991],[-99.364,43.991],[-99.315,43.862],[-99.468,43.685],[-99.364,43.642],[-99.281,43.461],[-99.142,43.412],[-98.856,43.167],[-98.56,43.06]]]},"properties":{"name":"Missouri","featurecla":"Lake Centerline","scalerank":1}},
{"type":"Feature","geometry":{"type":"MultiLineString","coordinates":[[[-106.406,48.021],[-106.354,48.07],[-105.823,48.02],[-105.478,48.106],[-104.958,48.093],[-104.418,48.13],[-104.317,48.074],[-103.855,47.983],[-103.772,48.027]],[[-101.4,47.506],[-101.339,47.293],[-101.149,47.307],[-100.974,47.249],[-100.892,47.057],[-100.894,46.882],[-100.777,46.714]],[[-111.699,46.663],[-111.921,46.824],[-112,47.022],[-111.47,47.424],[-111.086,47.581],[-110.906,47.776],[-110.786,47.772],[-110.473,47.892],[-110.188,48.055],[-110.049,47.843],[-109.832,47.735],[-109.388,47.753],[-109.263,47.809],[-108.941,47.814],[-108.751,47.664],[-108.3,47.579],[-108.28,47.595],[-108.191,47.602]],[[-100.393,44.445],[-100.359,44.372],[-99.916,44.264],[-99.864,44.127],[-99.625,44.108],[-99.364,43.991]],[[-98.552,43.057],[-98.454,42.975],[-98.007,42.784],[-97.839,42.871],[-97.661,42.854],[-97.301,42.887],[-97.127,42.789],[-96.709,42.677],[-96.611,42.534],[-96.439,42.513],[-96.351,42.206],[-96.154,41.988],[-96.064,41.796],[-96.082,41.55],[-95.931,41.465],[-95.958,41.338],[-95.87,41.05],[-95.828,40.794],[-95.629,40.345],[-95.344,40.019],[-95.191,39.906],[-95.002,39.903],[-94.882,39.821],[-95.099,39.53],[-94.909,39.367],[-94.83,39.217],[-94.601,39.118],[-94.465,39.124],[-94.253,39.223],[-94.085,39.136],[-93.88,39.203],[-93.502,39.234],[-93.235,39.331],[-92.991,39.316],[-92.862,39.203],[-92.943,39.121],[-92.82,38.967],[-92.508,38.923],[-92.354,38.676],[-92.155,38.577],[-92.029,38.572],[-91.86,38.673],[-91.34,38.707],[-90.98,38.543],[-90.567,38.68],[-90.349,38.886],[-90.133,38.819]]]},"properties":{"name":"Missouri","featurecla":"River","scalerank":1}},
{"type":"Feature","geometry":{"type":"LineString","coordinates":[[165.472,65.216],[165.383,65.05],[165.102,65.058],[164.659,65.313],[164.435,65.329],[163.808,65.489],[163.596,65.64],[163.086,65.613],[162.758,65.696],[162.418,65.686],[161.689,65.743],[161.196,65.888],[160.35,66.247],[160.178,66.267],[159.732,66.454],[159.407,66.487]]},"properties":{"name":"Oloy","featurecla":"River","scalerank":8}},
{"type":"Feature","geometry":{"type":"LineString","coordinates":[[47.633,30.682],[47.763,30.573]]},"properties":{"name":null,"featurecla":"River","scalerank":8}},
{"type":"Feature","geometry":{"type":"LineString","coordinates":[[-106.825,26.528],[-107.048,26.677],[-107.264,26.641],[-107.821,26.844],[-107.947,26.945]]},"properties":{"name":"San Miguel","featurecla":"River","scalerank":8}},
{"type":"Feature","geometry":{"type":"LineString","coordinates":[[-87.845,41.095],[-88.301,41.402],[-88.596,41.306],[-88.897,41.325],[-89.345,41.311],[-89.345,41.133],[-89.575,40.822],[-89.555,40.731],[-89.692,40.562],[-89.873,40.533],[-90.222,40.163],[-90.378,40.126],[-90.597,39.872],[-90.648,39.666],[-90.583,39.538],[-90.629,39.42],[-90.612,39.113],[-90.479,38.959]]},"properties":{"name":"Illinois","featurecla":"River","scalerank":8}},
{"type":"Feature","geometry":{"type":"LineString","coordinates":[[29.315,69.231],[29.315,69.319]]},"properties":{"name":"Patsoyoki","featurecla":"Lake Centerline","scalerank":8}},
{"type":"Feature","geometry":{"type":"MultiLineString","coordinates":[[[29.315,69.319],[29.571,69.335],[30.092,69.467],[30.115,69.706]],[[28.411,68.899],[29.064,69.035],[29.315,69.231]]]},"properties":{"name":"Patsoyoki","featurecla":"River","scalerank":8}},
{"type":"Feature","geometry":{"type":"LineString","coordinates":[[20.806,9.424],[20.496,9.271],[20.359,9.117],[20.068,9.138],[19.889,9.046],[19.369,9.001],[19.1,9.015],[18.892,8.898],[18.886,8.836]]},"properties":{"name":"Bahr Aouk","featurecla":"River","scalerank":8}},
{"type":"Feature","geometry":{"type":"LineString","coordinates":[[29.81,-11.427],[29.77,-11.681],[29.799,-11.708],[29.782,-11.757],[29.789,-11.9]]},"properties":{"name":null,"featurecla":"River","scalerank":8}},
{"type":"Feature","geometry":{"type":"LineString","coordinates":[[102.612,16.772],[102.825,16.729],[102.941,16.381]]},"properties":{"name":null,"featurecla":"River","scalerank":8}},
{"type":"Feature","geometry":{"type":"LineString","coordinates":[[116.614,41.908],[116.476,41.75],[116.542,41.649],[116.764,41.671],[117.227,41.536],[117.345,41.245],[117.482,41.175],[117.529,40.991],[117.709,40.955],[118.125,40.773],[118.249,40.488],[118.334,40.147],[118.568,40.146],[118.66,39.965],[118.807,39.848],[118.757,39.684],[118.862,39.594],[119.257,39.412]]},"properties":{"name":"Luan","featurecla":"River","scalerank":8}},
{"type":"Feature","geometry":{"type":"LineString","coordinates":[[-73.325,45.078],[-73.243,45.266],[-73.269,45.491],[-73.195,45.624],[-73.112,46.06]]},"properties":{"name":"Richelieu","featurecla":"River","scalerank":8}},
{"type":"Feature","geometry":{"type":"LineString","coordinates":[[-65.019,-11.893],[-65.066,-11.753],[-65.197,-11.742],[-65.196,-11.592],[-65.354,-11.39],[-65.361,-11.219],[-65.304,-10.991],[-65.32,-10.865],[-65.405,-10.799],[-65.451,-10.468],[-65.395,-10.392]]},"properties":{"name":"Guaporé","featurecla":"River","scalerank":3}},
{"type":"Feature","geometry":{"type":"LineString","coordinates":[[117.941,70.428],[117.98,70.566],[117.735,70.743],[117.127,70.74],[116.853,70.93],[117.132,71.148],[116.902,71.376],[116.007,71.512],[115.37,71.5],[115.257,71.577],[114.201,71.777]]},"properties":{"name":"Udzha","featurecla":"River","scalerank":8}},
{"type":"Feature","geometry":{"type":"LineString","coordinates":[[43.467,40.798],[43.652,40.705],[43.707,40.612],[43.563,40.465],[43.676,40.266],[43.665,40.11],[44.032,40.009],[44.255,40.044],[44.464,39.973],[44.886,39.606],[44.957,39.435],[45.178,39.22],[45.348,39.164],[45.438,39.004],[46.126,38.863],[46.391,38.923],[46.585,38.908],[46.866,39.166],[47.02,39.19],[47.102,39.309],[47.291,39.38],[47.846,39.685],[47.975,39.722],[48.114,39.881],[48.243,39.893],[48.469,40.023]]},"properties":{"name":"Aras","featurecla":"River","scalerank":8}},
{"type":"Feature","geometry":{"type":"LineString","coordinates":[[-81.16,38.148],[-81.489,38.207],[-81.584,38.335],[-81.813,38.402],[-81.814,38.476],[-81.997,38.595],[-81.988,38.77],[-82.15,38.845]]},"properties":{"name":"Kanawha","featurecla":"River","scalerank":8}},
{"type":"Feature","geometry":{"type":"LineString","coordinates":[[-94.244,38.033],[-93.988,38.002],[-93.754,38.02],[-93.558,38.184],[-93.33,38.268],[-92.997,38.213],[-92.518,38.193],[-92.34,38.254],[-92.255,38.404],[-92.135,38.394],[-92.036,38.569]]},"properties":{"name":"Osage","featurecla":"River","scalerank":8}},
{"type":"Feature","geometry":{"type":"LineString","coordinates":[[-107.897,44.163],[-108.032,44.506],[-108.164,44.749],[-108.243,45.015],[-108.075,45.259],[-107.792,45.383],[-107.546,45.768],[-107.554,45.951],[-107.442,46.174]]},"properties":{"name":"Bighorn","featurecla":"River","scalerank":8}},
{"type":"Feature","geometry":{"type":"LineString","coordinates":[[-88.002,44.545],[-88.187,44.32],[-88.462,44.223]]},"properties":{"name":"Fox","featurecla":"River","scalerank":8}},
{"type":"Feature","geometry":{"type":"LineString","coordinates":[[-91.017,30.127],[-91.045,30.015],[-90.899,29.823],[-90.626,29.744],[-90.484,29.611],[-90.36,29.572],[-90.221,29.315],[-90.162,29.119]]},"properties":{"name":"Bayou Lafourche","featurecla":"River","scalerank":8}},
{"type":"Feature","geometry":{"type":"LineString","coordinates":[[-106.28,57.723],[-106.203,57.97],[-105.995,58.045],[-105.777,58.336],[-105.788,58.493],[-105.66,58.761],[-105.391,58.827],[-105.155,59.012]]},"properties":{"name":"Cree","featurecla":"River","scalerank":8}},
{"type":"Feature","geometry":{"type":"LineString","coordinates":[[-111.267,66.029],[-111.092,66.163],[-110.651,66.241],[-110.288,66.251],[-109.915,66.458],[-109.376,66.378],[-108.886,66.629],[-108.896,66.707],[-108.565,66.88],[-108.232,66.851]]},"properties":{"name":"Burnside","featurecla":"River","scalerank":8}},
{"type":"Feature","geometry":{"type":"LineString","coordinates":[[-114.76,55.323],[-114.142,55.236],[-114.042,55.168]]},"properties":{"name":null,"featurecla":"River","scalerank":8}},
{"type":"Feature","geometry":{"type":"LineString","coordinates":[[-65.395,-10.392],[-65.289,-10.216],[-65.334,-9.927],[-65.305,-9.826],[-65.443,-9.68],[-65.331,-9.529],[-65.159,-9.592],[-64.94,-9.598],[-64.814,-9.5],[-64.759,-9.373],[-64.512,-9.152],[-64.368,-9.179],[-64.261,-9.015],[-64.083,-8.963],[-64.086,-8.892],[-63.922,-8.758],[-63.917,-8.656],[-63.668,-8.548],[-63.47,-8.415],[-63.306,-8.165],[-63.212,-8.224],[-63.036,-8.152],[-62.888,-8.034],[-62.931,-7.621],[-63.011,-7.521],[-62.857,-7.009],[-62.695,-6.963],[-62.579,-6.767],[-62.379,-6.747],[-62.379,-6.58],[-62.257,-6.411],[-62.226,-6.234],[-62.128,-6.194],[-61.921,-6.26],[-61.668,-5.997],[-61.601,-5.833],[-61.496,-5.865],[-61.283,-5.784],[-61.242,-5.658],[-61.073,-5.572],[-60.976,-5.603],[-60.739,-5.486],[-60.734,-5.363],[-60.425,-5.176],[-60.205,-4.91],[-60.072,-4.92],[-59.931,-4.829],[-59.931,-4.676],[-59.822,-4.45],[-59.698,-4.332],[-59.611,-4.376],[-59.4,-4.241],[-59.311,-3.99],[-59.068,-3.814],[-59.072,-3.657],[-58.943,-3.584],[-58.793,-3.453],[-58.768,-3.396],[-58.707,-3.342]]},"properties":{"name":"Madeira","featurecla":"River","scalerank":3}},
{"type":"Feature","geometry":{"type":"LineString","coordinates":[[-73.358,59.286],[-73.09,59.201],[-72.8,59.204],[-72.702,59.67],[-72.457,59.939],[-72.046,59.963],[-71.534,60.072],[-71.035,60.066]]},"properties":{"name":"Arnaud","featurecla":"River","scalerank":8}},
{"type":"Feature","geometry":{"type":"LineString","coordinates":[[-80.018,46.149],[-80.554,46.041],[-80.863,46.027],[-80.979,45.951]]},"properties":{"name":"French","featurecla":"River","scalerank":8}},
{"type":"Feature","geometry":{"type":"LineString","coordinates":[[-94.094,54.873],[-94.063,54.952],[-93.63,55.139],[-93.482,55.293],[-92.526,55.339],[-92.195,55.492],[-92.165,55.828],[-92.505,56.161],[-92.72,56.229],[-92.854,56.348]]},"properties":{"name":"Gods","featurecla":"River","scalerank":8}},
{"type":"Feature","geometry":{"type":"LineString","coordinates":[[-56.592,48.768],[-56.276,48.834],[-56.053,48.961],[-55.589,48.948],[-55.377,49.047]]},"properties":{"name":"Exploits","featurecla":"River","scalerank":8}},
{"type":"Feature","geometry":{"type":"LineString","coordinates":[[-62.771,45.306],[-62.061,45.25],[-61.883,45.05]]},"properties":{"name":"St. Marys","featurecla":"River","scalerank":8}},
{"type":"Feature","geometry":{"type":"LineString","coordinates":[[-81.846,40.293],[-81.993,40.132],[-81.995,39.9],[-81.9,39.849],[-81.88,39.677],[-81.749,39.54],[-81.49,39.524],[-81.473,39.401]]},"properties":{"name":"Muskingum","featurecla":"River","scalerank":8}},
{"type":"Feature","geometry":{"type":"LineString","coordinates":[[-75.974,46.739],[-75.901,46.529],[-75.963,46.416],[-75.952,46.136],[-76.05,46.086],[-75.91,45.879],[-75.908,45.642],[-75.716,45.457]]},"properties":{"name":"Gatineau","featurecla":"River","scalerank":8}},
{"type":"Feature","geometry":{"type":"LineString","coordinates":[[-74.057,48.348],[-73.963,48.323],[-73.789,48.111],[-73.802,47.905],[-73.459,47.862],[-73.259,47.743],[-73.019,47.848],[-72.906,47.739],[-72.952,47.65],[-72.798,47.534],[-72.804,47.347],[-72.921,47.115],[-72.907,46.886],[-72.685,46.6],[-72.788,46.496],[-72.525,46.358]]},"properties":{"name":"St.-Maurice","featurecla":"River","scalerank":8}},
{"type":"Feature","geometry":{"type":"LineString","coordinates":[[-77.237,-10.029],[-77.334,-10.074],[-77.457,-9.731],[-77.555,-9.537],[-77.608,-9.336],[-77.825,-9.022],[-77.833,-8.847],[-78.015,-8.674],[-78.267,-8.66],[-78.537,-8.755],[-78.653,-9.003]]},"properties":{"name":"Santa","featurecla":"River","scalerank":8}},
{"type":"Feature","geometry":{"type":"LineString","coordinates":[[32.68,-26.189],[32.671,-26.388],[32.595,-26.483],[32.539,-26.715],[32.313,-26.88],[32.188,-27.373],[32.066,-27.413]]},"properties":{"name":"Maputo","featurecla":"River","scalerank":8}},
{"type":"Feature","geometry":{"type":"MultiLineString","coordinates":[[[-79.991,40.448],[-80.202,40.546],[-80.308,40.706],[-80.666,40.609],[-80.601,40.323],[-80.739,40.061],[-80.875,39.629],[-81.227,39.398],[-81.479,39.4],[-81.569,39.288],[-81.746,39.193],[-81.784,38.933],[-82.058,39.003],[-82.209,38.786],[-82.332,38.443],[-82.589,38.419],[-82.827,38.586],[-82.886,38.745],[-83.134,38.628],[-83.305,38.601],[-83.534,38.707],[-83.714,38.638],[-83.866,38.762],[-84.196,38.81],[-84.322,39.029],[-84.444,39.102],[-84.843,39.088],[-84.784,38.893],[-84.819,38.789],[-85.186,38.694]],[[-85.186,38.694],[-85.436,38.735],[-85.41,38.572],[-85.62,38.432],[-85.665,38.309],[-85.816,38.289],[-85.915,38.064],[-86.032,37.994],[-86.416,38.115],[-86.536,37.929],[-86.742,37.904],[-86.819,37.995],[-87.043,37.892],[-87.087,37.805],[-87.427,37.946],[-88.045,37.807],[-88.163,37.64],[-88.123,37.475],[-88.465,37.409],[-88.504,37.267],[-88.434,37.136],[-88.484,37.072],[-88.907,37.22],[-89.044,37.209],[-89.179,37.062],[-89.124,36.98]]]},"properties":{"name":"Ohio","featurecla":"River","scalerank":3}},
{"type":"Feature","geometry":{"type":"LineString","coordinates":[[20.866,3.322],[20.716,3.165],[20.742,2.87],[20.901,2.584],[20.757,2.43],[20.268,2.42],[20.1,2.338],[19.956,2.152],[19.791,1.841]]},"properties":{"name":"Mongala","featurecla":"River","scalerank":8}},
{"type":"Feature","geometry":{"type":"LineString","coordinates":[[-9.889,13.56],[-9.977,13.557],[-10.213,13.661],[-10.377,13.601],[-10.56,13.714],[-10.851,13.814]]},"properties":{"name":"Bakoy","featurecla":"River","scalerank":8}},
{"type":"Feature","geometry":{"type":"LineString","coordinates":[[109.529,23.796],[109.674,23.952],[109.732,24.219],[109.68,24.275],[109.459,24.264],[109.493,24.42]]},"properties":{"name":"Liu","featurecla":"River","scalerank":8}},
{"type":"Feature","geometry":{"type":"LineString","coordinates":[[109.493,24.42],[109.394,24.326],[109.232,24.505],[109.266,24.571],[109.139,24.772],[109.287,25.104],[109.378,25.206],[109.475,25.582],[109.459,25.651]]},"properties":{"name":"Rong","featurecla":"River","scalerank":8}},
{"type":"Feature","geometry":{"type":"LineString","coordinates":[[-119.981,47.835],[-119.962,47.814]]},"properties":{"name":null,"featurecla":"River","scalerank":8}},
{"type":"Feature","geometry":{"type":"LineString","coordinates":[[13.321,13.685],[13.455,13.68],[14.036,13.287],[14.309,13.172]]},"properties":{"name":"Komadugu Yobe","featurecla":"Lake Centerline","scalerank":8}},
{"type":"Feature","geometry":{"type":"LineString","coordinates":[[10.729,12.747],[10.753,12.756],[10.801,12.791],[10.807,12.8],[10.862,12.831],[11.137,12.873],[11.502,12.811],[11.87,12.902],[11.951,13.003],[12.088,13.029],[12.201,13.126],[12.472,13.064],[12.561,13.243],[12.683,13.289],[12.883,13.496],[13.054,13.549],[13.228,13.548],[13.321,13.685]]},"properties":{"name":"Komadugu Yobe","featurecla":"River","scalerank":8}},
{"type":"Feature","geometry":{"type":"LineString","coordinates":[[25.013,-20.95],[24.996,-21.034],[24.8,-21.239]]},"properties":{"name":null,"featurecla":"River","scalerank":8}},
{"type":"Feature","geometry":{"type":"LineString","coordinates":[[-96.855,39.09],[-96.516,39.197],[-96.169,39.222],[-95.943,39.12],[-95.698,39.079],[-95.392,39.081],[-95.216,38.985],[-94.95,38.985],[-94.601,39.118]]},"properties":{"name":"Kansas","featurecla":"River","scalerank":8}},
{"type":"Feature","geometry":{"type":"LineString","coordinates":[[-100.795,40.239],[-100.609,40.206],[-100.125,40.312],[-99.797,40.309],[-99.581,40.236],[-99.45,40.124],[-99.167,40.085],[-98.786,40.106],[-98.318,40.08],[-97.913,40.004],[-97.776,39.679],[-97.671,39.591],[-97.432,39.596],[-97.236,39.531],[-97.205,39.422],[-96.992,39.268],[-96.855,39.09]]},"properties":{"name":"Republican","featurecla":"River","scalerank":8}},
{"type":"Feature","geometry":{"type":"LineString","coordinates":[[32.328,-6.208],[32.178,-6.077],[32.053,-5.771],[31.798,-5.719],[31.618,-5.827],[31.275,-5.801],[31.162,-5.76],[31.139,-5.637],[31.04,-5.579],[31.038,-5.418],[30.923,-5.261],[30.714,-5.177]]},"properties":{"name":"Ugalla","featurecla":"River","scalerank":8}},
{"type":"Feature","geometry":{"type":"LineString","coordinates":[[127.59,50.209],[127.578,50.221],[127.404,50.276],[127.33,50.328],[127.364,50.555],[127.287,50.751],[126.932,51.064],[126.954,51.33],[126.8,51.419],[126.807,51.534],[126.446,51.983],[126.531,52.153],[126.212,52.533],[125.837,52.907],[125.621,53.062],[125.521,53.043],[125.127,53.207],[124.72,53.149],[124.408,53.236],[124.232,53.382],[123.614,53.564],[123.252,53.568],[122.859,53.474],[122.337,53.492],[121.889,53.431],[121.641,53.385],[121.512,53.33],[121.459,53.321],[121.405,53.317]]},"properties":{"name":"Heilong Jiang","featurecla":"River","scalerank":3}},
{"type":"Feature","geometry":{"type":"LineString","coordinates":[[126.041,51.019],[126.045,50.943],[125.824,50.767],[125.809,50.562],[125.531,50.393],[125.418,50.195],[125.264,50.106],[125.188,49.942],[125.267,49.438],[125.158,49.151],[124.864,49.175],[124.538,48.572],[124.52,48.129],[124.381,48.072],[124.308,47.876],[124.095,47.588],[123.882,47.422],[123.86,47.253],[123.595,47.175],[123.605,47.046],[123.466,46.835]]},"properties":{"name":"Nen","featurecla":"River","scalerank":8}},
{"type":"Feature","geometry":{"type":"LineString","coordinates":[[-67.128,2.012],[-66.98,2.052],[-66.932,1.982],[-66.736,1.997],[-66.635,1.91],[-66.531,2.049],[-66.438,2.086],[-66.462,2.215],[-66.584,2.296],[-66.434,2.552],[-66.128,2.626],[-66.14,2.715],[-65.875,2.827],[-65.95,2.95],[-65.838,3.15]]},"properties":{"name":"Casiquiare","featurecla":"River","scalerank":8}},
{"type":"Feature","geometry":{"type":"LineString","coordinates":[[-53.857,-29.562],[-54.146,-29.675],[-54.48,-29.737],[-54.823,-29.836],[-55.096,-29.766],[-55.228,-29.618],[-55.669,-29.556],[-55.705,-29.465],[-56.04,-29.298],[-56.222,-29.381],[-56.568,-29.385],[-56.638,-29.422],[-56.78,-29.415]]},"properties":{"name":"Ibicuí","featurecla":"River","scalerank":8}},
{"type":"Feature","geometry":{"type":"LineString","coordinates":[[8.621,45.726],[8.72,45.519],[8.865,45.359],[9.224,45.141]]},"properties":{"name":"Ticino","featurecla":"River","scalerank":8}},
{"type":"Feature","geometry":{"type":"LineString","coordinates":[[109.937,37.956],[110.168,37.767],[110.202,37.631],[110.337,37.439],[110.423,37.221],[110.438,37.042]]},"properties":{"name":"Wuding","featurecla":"River","scalerank":8}},
{"type":"Feature","geometry":{"type":"LineString","coordinates":[[90.365,29.119],[90.057,29.113],[89.791,29.318]]},"properties":{"name":null,"featurecla":"River","scalerank":8}},
{"type":"Feature","geometry":{"type":"LineString","coordinates":[[80.043,41.173],[80.271,41.098],[80.321,40.849],[80.576,40.651],[80.605,40.577],[80.882,40.468]]},"properties":{"name":"Aksu","featurecla":"River","scalerank":8}},
{"type":"Feature","geometry":{"type":"LineString","coordinates":[[97.084,28.528],[97.041,28.38],[97.052,28.186],[96.959,27.936],[96.893,27.899],[96.686,27.98],[96.552,28.092],[96.433,28.016],[96.377,27.89],[96.095,27.896],[95.765,27.77],[95.459,27.844]]},"properties":{"name":"Luhit","featurecla":"River","scalerank":8}},
{"type":"Feature","geometry":{"type":"LineString","coordinates":[[91.791,67.751],[91.333,67.491],[91.131,67.526],[90.73,67.449],[90.048,67.23],[89.401,67.063],[88.952,67.079],[88.359,67.015],[88.276,66.828],[87.851,66.655],[87.757,66.547],[87.459,66.549],[87.212,66.471]]},"properties":{"name":"Kureyka","featurecla":"River","scalerank":8}},
{"type":"Feature","geometry":{"type":"LineString","coordinates":[[47.469,30.968],[47.62,30.785],[47.729,30.744],[47.762,30.576],[47.898,30.478],[48.119,30.451],[48.2,30.324],[48.396,30.221],[48.453,30.002],[48.532,29.961]]},"properties":{"name":"Shatt al Arab","featurecla":"River","scalerank":3}},
{"type":"Feature","geometry":{"type":"LineString","coordinates":[[130.503,54.008],[130.505,54.094],[130.722,54.208],[131.281,54.055],[132.356,54.074],[132.572,54.157],[133.014,54.118],[133.556,54.285],[134.048,54.386],[134.22,54.513],[134.549,54.462],[135.243,54.704]]},"properties":{"name":"Uda","featurecla":"River","scalerank":8}},
{"type":"Feature","geometry":{"type":"LineString","coordinates":[[138.825,50.885],[139.242,50.659],[139.515,50.565],[139.731,50.684],[139.946,50.67],[140.086,50.486],[139.994,50.393],[140.086,50.25],[139.943,50.02],[139.994,49.872],[140.173,49.74],[140.05,49.543],[140.088,49.343],[140.339,49.278]]},"properties":{"name":"Tumnin","featurecla":"River","scalerank":8}},
{"type":"Feature","geometry":{"type":"LineString","coordinates":[[143.094,50.479],[142.844,50.474],[142.793,50.355],[142.909,50.201],[142.954,49.819],[143.17,49.395],[143.132,49.225]]},"properties":{"name":"Poronay","featurecla":"River","scalerank":8}},
{"type":"Feature","geometry":{"type":"LineString","coordinates":[[-4.969,56.928],[-5.12,56.818]]},"properties":{"name":"Caledonian Canal","featurecla":"River","scalerank":8}},
{"type":"Feature","geometry":{"type":"LineString","coordinates":[[12.701,-3.519],[12.615,-3.438],[12.344,-3.646],[12.245,-3.787],[12.165,-4.043],[11.888,-4.25],[11.691,-4.452]]},"properties":{"name":"Kouilou","featurecla":"River","scalerank":8}},
{"type":"Feature","geometry":{"type":"LineString","coordinates":[[117.955,31.498],[118.253,31.393],[118.299,31.429]]},"properties":{"name":null,"featurecla":"River","scalerank":8}},
{"type":"Feature","geometry":{"type":"LineString","coordinates":[[99.148,2.416],[99.204,2.498],[99.627,2.708],[99.815,2.891],[99.858,3.012]]},"properties":{"name":"Asahan","featurecla":"River","scalerank":8}},
{"type":"Feature","geometry":{"type":"LineString","coordinates":[[141.515,-7.165],[141.488,-7.404],[141.385,-7.576]]},"properties":{"name":null,"featurecla":"River","scalerank":8}},
{"type":"Feature","geometry":{"type":"LineString","coordinates":[[18.18,-2.711],[18.153,-2.729],[18.036,-2.767],[17.728,-2.789],[17.689,-2.758],[17.351,-2.875],[17.2,-3.012],[17.128,-2.964],[16.966,-3.009]]},"properties":{"name":"Fimi","featurecla":"River","scalerank":8}},
{"type":"Feature","geometry":{"type":"LineString","coordinates":[[27.743,67.826],[27.143,67.711],[27.204,67.627],[27.726,67.392],[27.48,67.139]]},"properties":{"name":"Luirojoki","featurecla":"River","scalerank":8}},
{"type":"Feature","geometry":{"type":"MultiLineString","coordinates":[[[114.838,35.02],[114.864,35.189],[115.068,35.38],[115.345,35.496],[115.504,35.723],[115.655,35.746],[115.965,35.986],[116.312,36.293],[116.598,36.448],[116.599,36.514],[116.859,36.74],[117.106,36.796],[117.238,37.031],[117.552,37.149],[117.648,37.26],[117.891,37.262],[118.207,37.375],[118.305,37.576],[118.519,37.616],[118.723,37.755],[118.917,37.831],[119.033,37.803]],[[110.27,34.637],[110.53,34.584],[110.883,34.666],[111.025,34.747],[111.331,34.841],[111.557,34.863],[111.829,35.082],[112.058,35.033],[112.734,34.808],[113.047,34.832],[113.354,34.972],[113.498,34.965],[113.534,34.98],[113.666,34.908],[113.877,34.878],[113.998,34.949],[114.303,34.898],[114.707,34.91],[114.831,35.02]]]},"properties":{"name":"Huang","featurecla":"River","scalerank":3}},
{"type":"Feature","geometry":{"type":"LineString","coordinates":[[26.801,64.562],[26.417,64.763],[25.975,64.803],[25.423,65.015]]},"properties":{"name":"Oulu","featurecla":"River","scalerank":8}},
{"type":"Feature","geometry":{"type":"LineString","coordinates":[[-92.854,56.348],[-92.636,56.643],[-92.699,56.732],[-92.584,56.922],[-92.47,56.942]]},"properties":{"name":"Hayes","featurecla":"River","scalerank":8}},
{"type":"Feature","geometry":{"type":"LineString","coordinates":[[149.673,-23.533],[149.761,-23.619],[149.916,-23.609],[150.006,-23.46],[149.915,-23.415],[149.942,-23.075],[150.376,-23.157],[150.465,-23.33],[150.707,-23.503],[150.821,-23.509]]},"properties":{"name":"Fitzroy","featurecla":"River","scalerank":8}},
{"type":"Feature","geometry":{"type":"LineString","coordinates":[[-97.606,16.376],[-97.589,16.265],[-97.718,16.129],[-97.753,15.968]]},"properties":{"name":"Verde","featurecla":"River","scalerank":8}},
{"type":"Feature","geometry":{"type":"LineString","coordinates":[[42.569,-0.045],[42.591,-0.06]]},"properties":{"name":null,"featurecla":"River","scalerank":8}},
{"type":"Feature","geometry":{"type":"LineString","coordinates":[[29.789,-11.9],[29.803,-12.154],[29.474,-12.243],[29.446,-12.335],[29.03,-12.376],[28.944,-12.206],[28.834,-12.092],[28.497,-11.857],[28.356,-11.447],[28.439,-11.348],[28.476,-11.078],[28.563,-10.812],[28.681,-10.682],[28.634,-10.519],[28.623,-9.951],[28.668,-9.821],[28.516,-9.378]]},"properties":{"name":"Luapula","featurecla":"River","scalerank":8}},
{"type":"Feature","geometry":{"type":"LineString","coordinates":[[30.714,-5.177],[30.301,-5.111],[30.163,-5.187],[29.995,-5.157],[29.816,-5.205]]},"properties":{"name":"Malagarasi","featurecla":"River","scalerank":8}},
{"type":"Feature","geometry":{"type":"LineString","coordinates":[[123.466,46.835],[123.671,46.8],[123.774,46.717],[123.854,46.313],[123.958,46.193],[124.088,45.718],[124.362,45.473],[124.675,45.45]]},"properties":{"name":"Di’er Songhua","featurecla":"River","scalerank":8}},
{"type":"Feature","geometry":{"type":"LineString","coordinates":[[4.951,46.833],[4.94,46.494],[4.812,46.25],[4.747,45.967],[4.831,45.752]]},"properties":{"name":"Sane","featurecla":"River","scalerank":8}},
{"type":"Feature","geometry":{"type":"LineString","coordinates":[[78.678,10.869],[78.886,10.848],[79.209,10.948],[79.676,11.296]]},"properties":{"name":"Kolidam","featurecla":"River","scalerank":8}},
{"type":"Feature","geometry":{"type":"MultiLineString","coordinates":[[[111.301,23.481],[111.455,23.458],[111.548,23.31],[111.538,23.204],[111.678,23.146],[111.878,23.141],[112.001,23.085],[112.205,23.085],[112.35,23.154],[112.445,23.047],[112.628,23.176],[112.806,23.142],[112.927,22.836],[113.071,22.782],[113.166,22.576]],[[112.805,23.148],[112.982,23.04]],[[112.98,23.041],[112.982,23.04]],[[112.982,23.04],[113.419,23.063]],[[112.982,23.04],[113.096,22.886],[113.213,22.912]],[[113.083,22.764],[113.371,22.676],[113.556,22.583]]]},"properties":{"name":"Xi","featurecla":"River","scalerank":4}},
{"type":"Feature","geometry":{"type":"MultiLineString","coordinates":[[[5.691,50.768],[5.763,51.035],[6.162,51.372],[6.181,51.508],[5.96,51.712],[5.643,51.824],[5.318,51.747],[4.827,51.714]],[[4.177,51.686],[4.403,51.708],[4.676,51.719],[4.831,51.712]]]},"properties":{"name":"Maas","featurecla":"River","scalerank":8}},
{"type":"Feature","geometry":{"type":"LineString","coordinates":[[65.107,63.959],[65.34,63.863]]},"properties":{"name":null,"featurecla":"River","scalerank":8}},
{"type":"Feature","geometry":{"type":"MultiLineString","coordinates":[[[123.695,72.805],[122.939,72.9]],[[125.761,72.669],[125.872,72.7],[125.829,72.816],[126.014,73.106],[126.432,73.375]],[[127.905,72.667],[127.132,72.613],[126.931,72.536]],[[127.236,72.642],[127.402,72.731],[128.129,72.786]],[[126.315,72.467],[125.764,72.66],[125.73,72.723],[125.747,72.758],[125.337,72.869],[125,73.039],[124.184,73.069],[123.895,73.155],[123.383,73.148]]]},"properties":{"name":null,"featurecla":"River","scalerank":8}},
{"type":"Feature","geometry":{"type":"LineString","coordinates":[[-79.339,33.155],[-79.702,33.315],[-79.943,33.482],[-80.165,33.457]]},"properties":{"name":"Santee","featurecla":"River","scalerank":8}},
{"type":"Feature","geometry":{"type":"LineString","coordinates":[[23.328,-20.124],[23.119,-20.304],[22.757,-20.472]]},"properties":{"name":null,"featurecla":"River","scalerank":9}},
{"type":"Feature","geometry":{"type":"MultiLineString","coordinates":[[[33.689,-7.144],[33.65,-7.006],[33.472,-6.944],[33.089,-6.909],[32.889,-7.017],[32.627,-7.012],[32.525,-7.13],[32.274,-7.222],[32,-7.25]],[[32,-7.25],[31.744,-7.3],[31.817,-7.628]]]},"properties":{"name":"Rungwa","featurecla":"River","scalerank":9}},
{"type":"Feature","geometry":{"type":"MultiLineString","coordinates":[[[37.378,-15.222],[37.539,-15.139],[37.667,-15.239],[37.85,-15.195],[38.144,-15.356],[38.211,-15.446],[38.345,-15.457],[38.786,-15.794],[38.878,-16]],[[38.878,-16],[38.932,-16.24],[39.043,-16.466],[38.978,-16.612],[39.128,-16.867]]]},"properties":{"name":"Ligonha","featurecla":"River","scalerank":9}},
{"type":"Feature","geometry":{"type":"LineString","coordinates":[[25.533,-14.583],[25.307,-14.583],[25.02,-14.628],[24.971,-14.474],[25.046,-14.422],[25.089,-14.252],[24.745,-14.119],[24.7,-14],[24.526,-13.946],[24.374,-13.959],[24.24,-13.909],[23.935,-13.963]]},"properties":{"name":"Dongwe","featurecla":"River","scalerank":9}},
{"type":"Feature","geometry":{"type":"MultiLineString","coordinates":[[[18.339,-12.733],[18.311,-12.933],[18.462,-13.048],[18.461,-13.244],[18.573,-13.832],[18.739,-14]],[[18.739,-14],[18.856,-14.399],[18.929,-14.442],[19.044,-14.772],[19.022,-14.855],[19.195,-15.267],[19.144,-15.578],[19.15,-16]],[[19.15,-16],[19.083,-16.328],[19.007,-16.456],[19.122,-16.764],[19.536,-17.089],[19.703,-17.305],[20,-17.544]],[[20,-17.544],[20.09,-17.671],[20.404,-17.84],[20.541,-17.853],[20.75,-18]]]},"properties":{"name":"Cuito","featurecla":"River","scalerank":9}},
{"type":"Feature","geometry":{"type":"MultiLineString","coordinates":[[[146.028,-36.015],[146.216,-36.056]],[[147.043,-36.108],[147.057,-36.108],[147.119,-36.031],[147.272,-36.049]]]},"properties":{"name":"Murray","featurecla":"Lake Centerline","scalerank":4}},
{"type":"Feature","geometry":{"type":"MultiLineString","coordinates":[[[146.028,-36.015],[145.744,-35.965],[145.572,-35.844],[145.334,-35.876],[145.008,-35.868],[144.89,-36.076],[144.74,-36.135],[144.422,-35.914],[144.376,-35.814],[143.777,-35.418],[143.595,-35.361],[143.581,-35.249],[143.407,-35.179],[143.331,-34.963],[143.36,-34.806],[143.221,-34.733],[142.726,-34.603],[142.643,-34.788],[142.556,-34.774],[142.386,-34.533],[142.406,-34.356],[142.235,-34.192],[141.926,-34.117]],[[147.045,-36.108],[146.974,-36.095],[146.931,-36.116],[146.624,-35.994],[146.432,-35.984],[146.216,-36.056]],[[148.005,-36.967],[148.214,-36.651],[148.032,-36.237],[147.997,-36.059],[147.713,-35.939],[147.557,-35.996],[147.396,-35.967],[147.272,-36.049]]]},"properties":{"name":"Murray","featurecla":"River","scalerank":4}},
{"type":"Feature","geometry":{"type":"LineString","coordinates":[[13.017,6.439],[12.929,6.311],[12.806,6.322]]},"properties":{"name":null,"featurecla":"Lake Centerline","scalerank":9}},
{"type":"Feature","geometry":{"type":"MultiLineString","coordinates":[[[14.261,6.617],[14.072,6.703],[13.938,6.669],[13.745,6.503],[13.422,6.633],[13.249,6.618],[13.017,6.439]],[[12.806,6.322],[12.765,6.197],[12.872,6.111],[12.875,5.934],[13.071,5.55],[13.347,5.428],[13.394,5.322]]]},"properties":{"name":null,"featurecla":"River","scalerank":9}},
{"type":"Feature","geometry":{"type":"MultiLineString","coordinates":[[[-6.561,11.639],[-6.503,11.651],[-6.367,11.946],[-6.363,12.213],[-6.485,12.255],[-6.557,12.471],[-6.567,12.606]],[[-6.944,9.389],[-6.811,9.557],[-6.653,9.493],[-6.539,9.577],[-6.372,9.6],[-6.354,9.894],[-6.228,10.146],[-6.179,10.373],[-6.27,10.722],[-6.277,10.975],[-6.43,11.1],[-6.509,11.25],[-6.561,11.639]]]},"properties":{"name":"Bagoé","featurecla":"River","scalerank":9}},
{"type":"Feature","geometry":{"type":"LineString","coordinates":[[7.493,11.541],[8,11.65],[8.031,11.725],[8.278,11.789],[8.405,11.899],[8.656,11.722],[8.882,11.808],[8.955,12.068],[9.122,12.072],[9.397,12.185],[9.506,12.194],[9.739,12.311],[9.831,12.311],[10.306,12.583],[10.45,12.589],[10.65,12.75],[10.677,12.762],[10.706,12.757],[10.741,12.767],[10.778,12.772]]},"properties":{"name":"Hadejia","featurecla":"River","scalerank":9}},
{"type":"Feature","geometry":{"type":"LineString","coordinates":[[-8.55,30.533],[-8.942,30.431],[-9.162,30.438],[-9.286,30.389],[-9.606,30.367]]},"properties":{"name":"Sous","featurecla":"River","scalerank":9}},
{"type":"Feature","geometry":{"type":"MultiLineString","coordinates":[[[-5.083,33.017],[-5.315,32.872],[-5.363,32.781],[-5.639,32.826],[-5.917,32.63],[-6,32.672]],[[-6,32.672],[-6.311,32.594],[-6.489,32.438],[-6.67,32.349],[-7.072,32.294]],[[-7.072,32.294],[-7.365,32.443],[-7.617,32.461],[-7.754,32.621],[-7.905,32.692],[-8.061,32.967],[-8.043,33.023],[-8.185,33.218],[-8.347,33.338]]]},"properties":{"name":"Oum Er Rbia","featurecla":"River","scalerank":9}},
{"type":"Feature","geometry":{"type":"LineString","coordinates":[[19.975,67.755],[19.39,67.836],[19.039,67.839]]},"properties":{"name":"Kalix","featurecla":"Lake Centerline","scalerank":9}},
{"type":"Feature","geometry":{"type":"MultiLineString","coordinates":[[[18.461,68.106],[18.561,68]],[[18.561,68],[19.039,67.839]],[[19.975,67.755],[20.679,67.638],[21.111,67.481],[21.815,67.457],[22,67.345]],[[22,67.344],[22.537,67.194],[22.582,67.025],[22.792,66.836],[22.703,66.757],[22.859,66.217],[22.839,66]],[[22.839,66],[23.195,65.828]]]},"properties":{"name":"Kalix","featurecla":"River","scalerank":9}},
{"type":"Feature","geometry":{"type":"LineString","coordinates":[[31.3,58.517],[31.357,58.371]]},"properties":{"name":"Volkhov","featurecla":"Lake Centerline","scalerank":9}},
{"type":"Feature","geometry":{"type":"MultiLineString","coordinates":[[[32,59.467],[32.139,59.639],[32.378,59.772],[32.344,60.139]],[[31.3,58.517],[31.5,58.656],[31.567,58.789],[31.861,59.089],[31.861,59.289],[32,59.467]]]},"properties":{"name":"Volkhov","featurecla":"River","scalerank":9}},
{"type":"Feature","geometry":{"type":"LineString","coordinates":[[31.357,58.371],[31.478,58.217]]},"properties":{"name":null,"featurecla":"Lake Centerline","scalerank":9}},
{"type":"Feature","geometry":{"type":"MultiLineString","coordinates":[[[31.657,57.745],[31.636,57.951],[31.483,58.222]],[[30.531,55.904],[30.289,56.039],[30.472,56.167],[30.663,56.636],[30.646,56.932],[30.829,56.916],[30.989,57.106],[31.169,57.149],[31.377,57.322],[31.505,57.65],[31.644,57.75]],[[31.091,55.898],[30.978,56.041],[30.772,55.942],[30.531,55.904]],[[30.294,55.85],[30.442,55.681],[30.592,55.817],[30.531,55.904]]]},"properties":{"name":null,"featurecla":"River","scalerank":9}},
{"type":"Feature","geometry":{"type":"LineString","coordinates":[[-120.889,36],[-121.122,36.206],[-121.177,36.338],[-121.417,36.458],[-121.544,36.594],[-121.76,36.728]]},"properties":{"name":"Salinas","featurecla":"River","scalerank":9}},
{"type":"Feature","geometry":{"type":"LineString","coordinates":[[-120.128,39.156],[-120.186,39.304],[-120.019,39.386],[-119.963,39.541],[-119.618,39.524],[-119.271,39.659],[-119.321,39.805],[-119.433,39.873]]},"properties":{"name":null,"featurecla":"River","scalerank":9}},
{"type":"Feature","geometry":{"type":"LineString","coordinates":[[23.628,-29.074],[23.56,-29.196],[23.204,-29.306],[23.012,-29.419],[22.875,-29.587],[22.716,-29.629],[22.616,-29.462],[22.288,-29.326],[22.258,-29.148],[22.079,-28.847],[21.89,-28.813],[21.703,-28.462],[21.492,-28.388],[21.216,-28.477],[21.003,-28.716],[20.755,-28.766],[20.551,-28.741],[20.131,-28.469],[20.002,-28.423],[19.568,-28.531],[19.482,-28.678],[19.248,-28.771],[19.288,-28.871],[19.081,-28.959],[18.954,-28.867],[18.745,-28.84],[18.166,-28.902],[17.913,-28.781],[17.607,-28.756],[17.403,-28.704],[17.42,-28.593],[17.328,-28.456],[17.402,-28.368],[17.345,-28.227],[17.191,-28.209],[17.097,-28.031],[16.892,-28.083],[16.764,-28.283],[16.769,-28.443],[16.487,-28.573]]},"properties":{"name":"Orange","featurecla":"River","scalerank":4}},
{"type":"Feature","geometry":{"type":"MultiLineString","coordinates":[[[-64,-13.433],[-64.156,-13.291],[-64.206,-13.117],[-64.307,-12.971],[-64.388,-12.575],[-64.372,-12.467]],[[-63.183,-16],[-63.353,-15.636],[-63.432,-15.246],[-63.502,-15.103],[-63.639,-15.044],[-63.744,-14.777],[-63.76,-14.618],[-63.877,-14.379],[-63.871,-13.785],[-63.948,-13.486],[-64,-13.433]],[[-61.3,-17.417],[-61.644,-17.217],[-61.798,-17.193],[-62.022,-16.989],[-62.244,-17.006],[-62.633,-16.828],[-62.713,-16.661],[-62.924,-16.468],[-62.988,-16.286],[-63.183,-16]]]},"properties":{"name":"San Miguel","featurecla":"River","scalerank":9}},
{"type":"Feature","geometry":{"type":"LineString","coordinates":[[31.372,58.422],[31.357,58.371]]},"properties":{"name":"Msta","featurecla":"Lake Centerline","scalerank":9}},
{"type":"Feature","geometry":{"type":"LineString","coordinates":[[31.372,58.422],[31.947,58.628],[32.248,58.6],[32.386,58.498],[32.844,58.835],[33.332,58.81],[33.296,58.683],[33.434,58.559],[33.728,58.517],[33.955,58.321],[34.542,58.125],[34.496,57.99],[34.52,57.633],[34.416,57.535],[34.119,57.532],[33.785,57.412],[33.627,57.234],[33.879,57.099],[33.988,57.203]]},"properties":{"name":"Msta","featurecla":"River","scalerank":9}},
{"type":"Feature","geometry":{"type":"LineString","coordinates":[[-65.88,-5.435],[-65.479,-5.349],[-65.331,-5.38],[-65.117,-5.331],[-64.955,-5.542],[-64.784,-5.593],[-64.3,-5.334],[-64.113,-5.197],[-63.776,-4.84],[-63.37,-4.26],[-63.316,-4.037],[-63.177,-4.035]]},"properties":{"name":"Coari","featurecla":"River","scalerank":9}},
{"type":"Feature","geometry":{"type":"LineString","coordinates":[[39.861,38.685],[39.528,38.656],[39.477,38.767],[39.249,38.857],[39.004,38.897],[38.813,38.875]]},"properties":{"name":"Murat","featurecla":"Lake Centerline","scalerank":9}},
{"type":"Feature","geometry":{"type":"LineString","coordinates":[[43.584,39.412],[43.679,39.515],[43.563,39.604],[43.042,39.704],[42.852,39.542],[42.726,39.515],[42.565,39.365],[42.528,39.169],[42.166,39.165],[42.011,39.091],[41.732,39.038],[41.536,39.052],[41.485,38.871],[41.238,38.835],[41.13,38.759],[40.927,38.89],[40.671,38.83],[40.418,38.713],[40.146,38.755],[39.861,38.685]]},"properties":{"name":"Murat","featurecla":"River","scalerank":9}},
{"type":"Feature","geometry":{"type":"LineString","coordinates":[[-98.77,24.029],[-98.673,23.959]]},"properties":{"name":"Soto la Marina","featurecla":"Lake Centerline","scalerank":9}},
{"type":"Feature","geometry":{"type":"LineString","coordinates":[[-98.673,23.959],[-98.468,23.972],[-98.384,24.043],[-98.26,23.972],[-98.236,23.809],[-98.038,23.731],[-97.822,23.786]]},"properties":{"name":"Soto la Marina","featurecla":"River","scalerank":9}},
{"type":"Feature","geometry":{"type":"LineString","coordinates":[[13.925,63.275],[14.079,63.201],[14.483,63.218],[14.484,63.293]]},"properties":{"name":"Indalsälven","featurecla":"Lake Centerline","scalerank":9}},
{"type":"Feature","geometry":{"type":"MultiLineString","coordinates":[[[13.363,63.411],[13.729,63.284],[13.925,63.275]],[[14.484,63.293],[14.911,63.329],[15.586,63.18],[16.352,63.152],[16.664,63.022],[16.638,62.88],[16.789,62.712],[17.187,62.534],[17.406,62.536]],[[12.221,63.097],[12.107,63.221],[12.289,63.297],[12.592,63.309],[12.65,63.445],[13.158,63.338],[13.441,63.352]]]},"properties":{"name":"Indalsälven","featurecla":"River","scalerank":9}},
{"type":"Feature","geometry":{"type":"MultiLineString","coordinates":[[[33.24,68.351],[33.338,68.24]],[[33.292,68.082],[33.011,67.575],[32.604,67.531],[32.545,67.41]]]},"properties":{"name":"Kola","featurecla":"Lake Centerline","scalerank":9}},
{"type":"Feature","geometry":{"type":"MultiLineString","coordinates":[[[33.24,68.351],[33.249,68.619],[33.023,68.955]],[[33.338,68.24],[33.292,68.082]],[[32.545,67.41],[32.424,67.142]]]},"properties":{"name":"Kola","featurecla":"River","scalerank":9}},
{"type":"Feature","geometry":{"type":"MultiLineString","coordinates":[[[30.952,61.908],[30.782,62.095]],[[31.203,60.49],[31.1,60.771],[31.133,61.066],[31.08,61.43],[30.977,61.731]]]},"properties":{"name":"Yanisyoki","featurecla":"Lake Centerline","scalerank":9}},
{"type":"Feature","geometry":{"type":"MultiLineString","coordinates":[[[31.083,62.396],[30.741,62.522],[30.429,62.428],[30.509,62.215],[30.782,62.095]],[[30.952,61.907],[30.977,61.731]]]},"properties":{"name":"Yanisyoki","featurecla":"River","scalerank":9}},
{"type":"Feature","geometry":{"type":"LineString","coordinates":[[81.387,7.198],[81.546,7.214]]},"properties":{"name":null,"featurecla":"Lake Centerline","scalerank":9}},
{"type":"Feature","geometry":{"type":"MultiLineString","coordinates":[[[81.546,7.214],[81.626,7.234],[81.681,7.279],[81.883,7.301]],[[81.311,7.016],[81.286,7.122],[81.387,7.198]]]},"properties":{"name":null,"featurecla":"River","scalerank":9}},
{"type":"Feature","geometry":{"type":"LineString","coordinates":[[111.229,33.056],[111.469,32.93],[111.558,32.739],[111.478,32.57]]},"properties":{"name":"Dan","featurecla":"Lake Centerline","scalerank":9}},
{"type":"Feature","geometry":{"type":"LineString","coordinates":[[109.874,33.882],[110.298,33.719],[110.472,33.484],[110.793,33.442],[111.229,33.056]]},"properties":{"name":"Dan","featurecla":"River","scalerank":9}},
{"type":"Feature","geometry":{"type":"MultiLineString","coordinates":[[[-50.997,-19.667],[-51.028,-19.754],[-50.994,-20.102],[-51.137,-20.297],[-51.327,-20.362],[-51.397,-20.441],[-51.397,-20.442]],[[-51.936,-21.423],[-52.076,-21.52],[-52.051,-21.635],[-52.307,-21.901],[-52.488,-22.175],[-52.842,-22.337],[-52.961,-22.455]],[[-54.643,-25.406],[-54.609,-25.42]],[[-54.611,-25.433],[-54.43,-25.131],[-54.463,-25.037],[-54.322,-24.628],[-54.336,-24.527],[-54.262,-24.329],[-54.335,-24.149],[-54.267,-24.066]]]},"properties":{"name":"Paraná","featurecla":"Lake Centerline","scalerank":4}},
{"type":"Feature","geometry":{"type":"MultiLineString","coordinates":[[[-50.49,-19.02],[-50.654,-19.11],[-50.844,-19.295],[-50.997,-19.667]],[[-51.397,-20.441],[-51.515,-20.574],[-51.58,-20.596],[-51.589,-20.617],[-51.598,-20.662],[-51.62,-20.7],[-51.632,-20.877],[-51.875,-21.172],[-51.855,-21.257],[-51.852,-21.299],[-51.936,-21.423]],[[-52.961,-22.455],[-53.168,-22.702],[-53.48,-22.831],[-53.597,-22.92],[-53.725,-23.296],[-53.948,-23.424],[-54.068,-23.817],[-54.077,-23.949],[-54.246,-24.05]],[[-53.795,-23.355],[-53.87,-23.427],[-54.023,-23.861],[-54.027,-23.968],[-54.246,-24.05]],[[-54.246,-24.05],[-54.267,-24.066]],[[-54.611,-25.433],[-54.589,-25.811],[-54.663,-25.98],[-54.639,-26.197],[-54.707,-26.442],[-54.904,-26.66],[-54.976,-26.788],[-55.415,-26.98],[-55.463,-27.098],[-55.6,-27.183],[-55.608,-27.346],[-55.755,-27.444],[-55.914,-27.328],[-56.125,-27.299],[-56.281,-27.389],[-56.368,-27.58],[-56.547,-27.455],[-56.772,-27.507],[-56.905,-27.419],[-57.181,-27.487],[-57.336,-27.41],[-57.536,-27.407],[-57.698,-27.333],[-58.023,-27.26],[-58.511,-27.278],[-58.605,-27.314]]]},"properties":{"name":"Paraná","featurecla":"River","scalerank":4}},
{"type":"Feature","geometry":{"type":"LineString","coordinates":[[31.367,2.193],[31.369,2.295],[31.475,2.4]]},"properties":{"name":"Albert Nile","featurecla":"Lake Centerline","scalerank":1}},
{"type":"Feature","geometry":{"type":"LineString","coordinates":[[32.016,3.614],[31.886,3.498],[31.693,3.486],[31.512,3.119],[31.415,2.994],[31.371,2.821],[31.437,2.753],[31.424,2.617],[31.475,2.401]]},"properties":{"name":"Albert Nile","featurecla":"River","scalerank":1}},
{"type":"Feature","geometry":{"type":"LineString","coordinates":[[4.708,49.767],[4.701,49.767]]},"properties":{"name":"Maas","featurecla":"River","scalerank":8}},
{"type":"Feature","geometry":{"type":"LineString","coordinates":[[5.605,48.001],[5.557,48.157],[5.692,48.38],[5.728,48.671],[5.518,48.84],[5.372,49.219],[5.19,49.358],[5.197,49.478],[5.078,49.617],[4.708,49.767],[4.626,49.939],[4.927,50.247],[4.879,50.466],[5.311,50.533],[5.561,50.61],[5.691,50.768]]},"properties":{"name":"Maas","featurecla":"River","scalerank":8}},
{"type":"Feature","geometry":{"type":"LineString","coordinates":[[1.809,42.627],[1.83,42.715],[1.597,42.881],[1.599,43.193],[1.404,43.518]]},"properties":{"name":"Ariège","featurecla":"River","scalerank":6}},
{"type":"Feature","geometry":{"type":"LineString","coordinates":[[0.924,42.646],[0.716,42.754],[0.728,42.886],[0.578,43.09],[0.866,43.106],[1.249,43.326],[1.404,43.518],[1.409,43.625],[1.148,43.989],[0.36,44.251],[0.294,44.401],[-0.051,44.587],[-0.229,44.568],[-0.52,44.778],[-0.542,44.898]]},"properties":{"name":"Garonne","featurecla":"River","scalerank":6}},
{"type":"Feature","geometry":{"type":"LineString","coordinates":[[3.011,47.174],[2.881,47.333],[2.878,47.52],[2.707,47.657],[2.233,47.86],[1.884,47.906],[1.73,47.853],[1.58,47.708],[1.242,47.498],[0.906,47.401],[0.545,47.381],[0.075,47.218],[-0.377,47.424],[-0.687,47.372],[-0.882,47.4],[-1.304,47.341],[-1.501,47.218],[-1.735,47.211]]},"properties":{"name":"Loire","featurecla":"River","scalerank":5}},
{"type":"Feature","geometry":{"type":"LineString","coordinates":[[169.257,-44.609],[169.192,-44.681]]},"properties":{"name":"Hawea","featurecla":"River","scalerank":6}},
{"type":"Feature","geometry":{"type":"LineString","coordinates":[[169.191,-45.069],[169.081,-45.007],[168.766,-45.025]]},"properties":{"name":"Kawarau","featurecla":"River","scalerank":6}},
{"type":"Feature","geometry":{"type":"LineString","coordinates":[[167.646,-45.559],[167.651,-45.489]]},"properties":{"name":"Waiau","featurecla":"Lake Centerline","scalerank":9}},
{"type":"Feature","geometry":{"type":"MultiLineString","coordinates":[[[167.646,-45.559],[167.641,-45.735],[167.79,-46.059],[167.702,-46.191]],[[167.734,-45.445],[167.651,-45.489]]]},"properties":{"name":"Waiau","featurecla":"River","scalerank":9}},
{"type":"Feature","geometry":{"type":"LineString","coordinates":[[176.438,-38.959],[176.319,-38.823],[176.689,-38.525],[176.835,-38.171],[176.875,-37.918]]},"properties":{"name":"Rangitaiki","featurecla":"River","scalerank":9}},
{"type":"Feature","geometry":{"type":"LineString","coordinates":[[168.586,-45.368],[168.727,-45.421],[168.656,-45.552],[168.689,-45.798],[168.852,-45.887],[168.982,-46.122],[168.79,-46.431],[168.804,-46.567]]},"properties":{"name":"Mataura","featurecla":"River","scalerank":6}},
{"type":"Feature","geometry":{"type":"LineString","coordinates":[[169.142,-44.658],[169.337,-44.762],[169.339,-44.871],[169.22,-45.016],[169.384,-45.271],[169.307,-45.386],[169.344,-45.613],[169.512,-45.766],[169.478,-45.974],[169.58,-46.153],[169.877,-46.367]]},"properties":{"name":"Clutha","featurecla":"River","scalerank":6}},
{"type":"Feature","geometry":{"type":"LineString","coordinates":[[175.6,-39.007],[175.254,-38.893],[175.151,-38.943],[174.942,-39.196],[175.068,-39.551],[175.166,-39.612],[175.006,-39.951]]},"properties":{"name":"Whanganui","featurecla":"River","scalerank":6}},
{"type":"Feature","geometry":{"type":"LineString","coordinates":[[169.694,-45.695],[169.844,-45.452],[170.056,-45.192],[170.219,-45.19],[170.285,-45.285],[170.14,-45.505],[170.352,-45.745],[170.157,-45.984],[170.256,-46.076]]},"properties":{"name":"Taieri","featurecla":"River","scalerank":6}},
{"type":"Feature","geometry":{"type":"LineString","coordinates":[[176.038,-39.076],[175.985,-39.269],[176.043,-39.659],[175.925,-39.708],[175.684,-39.879],[175.433,-40.158],[175.237,-40.286]]},"properties":{"name":"Rangitikei","featurecla":"River","scalerank":6}},
{"type":"Feature","geometry":{"type":"LineString","coordinates":[[172.706,-42.12],[172.797,-42.439],[173.151,-42.395],[173.312,-42.241],[173.597,-42.133],[173.787,-42.012],[173.939,-42.178]]},"properties":{"name":"Clarence","featurecla":"River","scalerank":6}},
{"type":"Feature","geometry":{"type":"LineString","coordinates":[[168.219,-45.208],[168.253,-45.276],[168.117,-45.478],[168.21,-45.655],[168.422,-45.698],[168.327,-45.953],[168.252,-46.386],[168.327,-46.476]]},"properties":{"name":"Oreti","featurecla":"River","scalerank":6}},
{"type":"Feature","geometry":{"type":"LineString","coordinates":[[176.122,-40.018],[176.281,-40.122],[176.183,-40.234],[176.048,-40.264],[175.908,-40.392],[175.766,-40.303],[175.428,-40.438],[175.221,-40.465]]},"properties":{"name":"Manawatu","featurecla":"River","scalerank":6}},
{"type":"Feature","geometry":{"type":"LineString","coordinates":[[172.822,-41.802],[172.62,-41.697],[172.438,-41.69],[172.366,-41.794],[172.15,-41.772],[171.942,-41.847],[171.771,-41.858],[171.594,-41.759]]},"properties":{"name":"Buller","featurecla":"River","scalerank":6}},
{"type":"Feature","geometry":{"type":"LineString","coordinates":[[175.987,-38.081],[175.802,-38.009],[175.852,-37.726],[175.659,-37.49],[175.612,-37.251]]},"properties":{"name":"Waihou","featurecla":"River","scalerank":9}},
{"type":"Feature","geometry":{"type":"LineString","coordinates":[[176.301,-39.079],[176.4,-39.173],[176.623,-39.191],[176.73,-39.048],[177.04,-39.004],[177.209,-39.146]]},"properties":{"name":"Mohaka","featurecla":"River","scalerank":6}},
{"type":"Feature","geometry":{"type":"LineString","coordinates":[[172.849,-42.145],[172.945,-41.808],[173.04,-41.731],[173.573,-41.529],[173.97,-41.441],[174.062,-41.506]]},"properties":{"name":"Wairau","featurecla":"River","scalerank":6}},
{"type":"Feature","geometry":{"type":"LineString","coordinates":[[175.63,-39.282],[175.7,-39.387],[175.421,-39.551],[175.419,-39.733],[175.262,-39.973],[175.097,-40.039]]},"properties":{"name":"Whangaehu","featurecla":"River","scalerank":9}},
{"type":"Feature","geometry":{"type":"LineString","coordinates":[[171.46,-42.937],[171.6,-43.021],[171.799,-43.012],[171.962,-43.118],[172.001,-43.345],[172.329,-43.461],[172.743,-43.39]]},"properties":{"name":"Waimakariri","featurecla":"River","scalerank":6}},
{"type":"Feature","geometry":{"type":"LineString","coordinates":[[175.442,-38.486],[175.115,-38.41],[174.938,-38.551],[174.859,-38.708],[174.635,-38.701]]},"properties":{"name":"Mokau","featurecla":"River","scalerank":9}},
{"type":"Feature","geometry":{"type":"LineString","coordinates":[[176.144,-39.13],[176.289,-39.243],[176.318,-39.491],[176.652,-39.643],[176.912,-39.567],[176.949,-39.566]]},"properties":{"name":"Ngaruroro","featurecla":"River","scalerank":9}},
{"type":"Feature","geometry":{"type":"LineString","coordinates":[[172.657,-42.111],[172.607,-42.438],[172.538,-42.565],[172.78,-42.579],[173.39,-42.793]]},"properties":{"name":"Waiau","featurecla":"River","scalerank":9}},
{"type":"Feature","geometry":{"type":"LineString","coordinates":[[170.902,-43.302],[171.373,-43.291],[171.562,-43.396],[171.848,-43.655],[172.096,-43.763],[172.232,-43.896]]},"properties":{"name":"Rakaia","featurecla":"River","scalerank":9}},
{"type":"Feature","geometry":{"type":"LineString","coordinates":[[171.89,-42.731],[172.231,-42.703],[172.384,-42.85],[172.553,-42.79],[172.726,-42.868],[172.89,-42.834],[173.3,-42.928]]},"properties":{"name":"Hurunui","featurecla":"River","scalerank":9}},
{"type":"Feature","geometry":{"type":"LineString","coordinates":[[175.62,-39.524],[175.481,-39.815],[175.26,-40.018],[175.124,-40.061]]},"properties":{"name":"Turakina","featurecla":"River","scalerank":9}},
{"type":"Feature","geometry":{"type":"LineString","coordinates":[[174.235,-35.541],[174.023,-35.87],[173.958,-35.902],[173.916,-35.87]]},"properties":{"name":"Wairoa","featurecla":"River","scalerank":9}},
{"type":"Feature","geometry":{"type":"LineString","coordinates":[[173.182,-42.19],[173.443,-41.985],[173.722,-41.847],[173.882,-41.724],[174.179,-41.605]]},"properties":{"name":"Awatere","featurecla":"River","scalerank":9}},
{"type":"Feature","geometry":{"type":"LineString","coordinates":[[172.112,-42.408],[171.797,-42.361],[171.681,-42.29],[171.225,-42.451]]},"properties":{"name":"Grey","featurecla":"River","scalerank":9}},
{"type":"Feature","geometry":{"type":"LineString","coordinates":[[170.836,-43.525],[170.976,-43.672],[171.229,-43.76],[171.327,-44.01],[171.533,-44.183]]},"properties":{"name":"Rangitata","featurecla":"River","scalerank":9}},
{"type":"Feature","geometry":{"type":"LineString","coordinates":[[176.163,-39.913],[176.249,-39.869],[176.52,-39.987],[176.667,-39.974],[176.739,-39.834],[176.932,-39.709],[176.954,-39.609]]},"properties":{"name":"Tukituki","featurecla":"River","scalerank":9}},
{"type":"Feature","geometry":{"type":"LineString","coordinates":[[172.944,-41.642],[172.794,-41.35],[172.818,-41.223],[173.043,-41.072]]},"properties":{"name":"Motueka","featurecla":"River","scalerank":9}},
{"type":"Feature","geometry":{"type":"LineString","coordinates":[[173.022,-41.595],[172.944,-41.642]]},"properties":{"name":"Motueka Left Branch","featurecla":"River","scalerank":10}},
{"type":"Feature","geometry":{"type":"LineString","coordinates":[[173.037,-41.624],[172.944,-41.642]]},"properties":{"name":"Motueka Right Branch","featurecla":"River","scalerank":10}},
{"type":"Feature","geometry":{"type":"LineString","coordinates":[[170.196,-44.564],[170.552,-44.79],[170.767,-44.869],[171.173,-44.953]]},"properties":{"name":"Waitaki","featurecla":"River","scalerank":9}},
{"type":"Feature","geometry":{"type":"LineString","coordinates":[[174.102,-39.309],[174.395,-39.349],[174.565,-39.537],[174.487,-39.773]]},"properties":{"name":"Patea","featurecla":"River","scalerank":9}},
{"type":"Feature","geometry":{"type":"LineString","coordinates":[[167.886,-45.645],[168.133,-45.842],[168.107,-46.066],[168.002,-46.124],[168.059,-46.361]]},"properties":{"name":"Aparima","featurecla":"River","scalerank":9}},
{"type":"Feature","geometry":{"type":"LineString","coordinates":[[176.34,-39.328],[176.912,-39.567]]},"properties":{"name":"Tutaekuri","featurecla":"River","scalerank":10}},
{"type":"Feature","geometry":{"type":"LineString","coordinates":[[176.927,-38.636],[177.009,-38.379],[176.988,-37.947]]},"properties":{"name":"Whakatane","featurecla":"River","scalerank":10}},
{"type":"Feature","geometry":{"type":"LineString","coordinates":[[169.177,-45.444],[169.125,-45.858],[169.58,-46.153]]},"properties":{"name":"Pomahaka","featurecla":"River","scalerank":10}},
{"type":"Feature","geometry":{"type":"LineString","coordinates":[[170.896,-43.822],[171.171,-43.897],[171.295,-44.118],[171.427,-44.252]]},"properties":{"name":"Orari","featurecla":"River","scalerank":10}},
{"type":"Feature","geometry":{"type":"LineString","coordinates":[[172.409,-41.426],[172.5,-41.235],[172.335,-41.19],[172.123,-41.268]]},"properties":{"name":"Karamea","featurecla":"River","scalerank":10}},
{"type":"Feature","geometry":{"type":"LineString","coordinates":[[175.625,-38.571],[175.419,-38.587],[175.224,-38.809],[175.254,-38.893]]},"properties":{"name":"Ongarue","featurecla":"River","scalerank":10}},
{"type":"Feature","geometry":{"type":"LineString","coordinates":[[169.679,-44.092],[169.604,-44.262],[169.714,-44.459],[169.946,-44.459],[170.145,-44.538]]},"properties":{"name":"Ahuriri","featurecla":"River","scalerank":10}},
{"type":"Feature","geometry":{"type":"LineString","coordinates":[[172.093,-42.309],[171.964,-42.263],[171.819,-42.061],[171.942,-41.847]]},"properties":{"name":"Inangahua","featurecla":"River","scalerank":10}},
{"type":"Feature","geometry":{"type":"LineString","coordinates":[[175.65,-37.905],[175.749,-37.854],[175.615,-37.512],[175.52,-37.447]]},"properties":{"name":"Waitoa","featurecla":"River","scalerank":10}},
{"type":"Feature","geometry":{"type":"LineString","coordinates":[[175.859,-39.279],[175.756,-39.429],[175.925,-39.708]]},"properties":{"name":"Moawhango","featurecla":"River","scalerank":10}},
{"type":"Feature","geometry":{"type":"LineString","coordinates":[[175.627,-37.82],[175.549,-37.67],[175.52,-37.447],[175.491,-37.216]]},"properties":{"name":"Piako","featurecla":"River","scalerank":10}},
{"type":"Feature","geometry":{"type":"LineString","coordinates":[[177.52,-38.828],[177.416,-39.06]]},"properties":{"name":"Wairoa","featurecla":"River","scalerank":10}},
{"type":"Feature","geometry":{"type":"LineString","coordinates":[[177.165,-38.626],[177.271,-38.605],[177.358,-38.754],[177.52,-38.828]]},"properties":{"name":"Ruakituri","featurecla":"River","scalerank":10}},
{"type":"Feature","geometry":{"type":"LineString","coordinates":[[174.279,-35.999],[174.113,-35.994],[173.958,-35.902]]},"properties":{"name":"Manganui","featurecla":"River","scalerank":10}},
{"type":"Feature","geometry":{"type":"LineString","coordinates":[[175.209,-41.051],[174.898,-41.241]]},"properties":{"name":"Hutt","featurecla":"River","scalerank":10}},
{"type":"Feature","geometry":{"type":"LineString","coordinates":[[170.145,-44.538],[170.196,-44.564]]},"properties":{"name":"Ahuriri","featurecla":"Lake Centerline","scalerank":10}},
{"type":"Feature","geometry":{"type":"LineString","coordinates":[[175.791,-38.956],[176.059,-38.694]]},"properties":{"name":"Waikato","featurecla":"Lake Centerline","scalerank":6}},
{"type":"Feature","geometry":{"type":"LineString","coordinates":[[174.833,-37.292],[175.038,-37.279],[175.154,-37.457],[175.164,-37.657],[175.346,-37.845],[175.657,-37.955],[175.632,-38.124],[175.685,-38.306],[175.832,-38.435],[176.033,-38.386],[176.131,-38.423],[176.265,-38.602],[176.06,-38.694]]},"properties":{"name":"Waikato","featurecla":"River","scalerank":6}},
{"type":"Feature","geometry":{"type":"LineString","coordinates":[[175.791,-38.956],[175.813,-39.152]]},"properties":{"name":"Tongariro","featurecla":"River","scalerank":0}},
{"type":"Feature","geometry":{"type":"LineString","coordinates":[[170.143,-44.179],[170.23,-44.312]]},"properties":{"name":"Pukaki","featurecla":"River","scalerank":10}},
{"type":"Feature","geometry":{"type":"LineString","coordinates":[[169.935,-44.278],[170.193,-44.343]]},"properties":{"name":"Ohau","featurecla":"River","scalerank":10}},
{"type":"Feature","geometry":{"type":"LineString","coordinates":[[170.479,-44.003],[170.316,-44.295],[170.211,-44.343]]},"properties":{"name":"Tekapo","featurecla":"River","scalerank":10}},
{"type":"Feature","geometry":{"type":"LineString","coordinates":[[170.211,-44.343],[170.209,-44.364]]},"properties":{"name":"Tekapo","featurecla":"Lake Centerline","scalerank":10}},
{"type":"Feature","geometry":{"type":"LineString","coordinates":[[170.193,-44.343],[170.186,-44.546]]},"properties":{"name":"Ohau","featurecla":"Lake Centerline","scalerank":10}},
{"type":"Feature","geometry":{"type":"MultiLineString","coordinates":[[[7.647,44.839],[7.451,44.739],[7.444,44.658],[7.104,44.701]],[[7.647,44.839],[7.684,45.099],[7.871,45.22],[7.977,45.204],[8.064,45.218],[8.29,45.218],[8.573,45.137],[8.669,45.025],[9.167,45.135],[9.546,45.097],[9.64,45.126],[10.183,45.046],[10.478,44.923],[10.601,44.922],[10.701,45.059],[10.818,45.045],[10.865,45.066],[10.895,45.058],[10.936,45.08],[10.974,45.073],[10.985,45.08],[11.272,45.034],[11.606,44.899],[11.797,44.977],[12.534,44.97]]]},"properties":{"name":"Po","featurecla":"River","scalerank":6}},
{"type":"Feature","geometry":null,"properties":{"name":"Loire","featurecla":"River","scalerank":5}},
{"type":"Feature","geometry":{"type":"MultiLineString","coordinates":[[[3.078,46.985],[3.011,47.174]],[[4.191,44.827],[3.939,44.877],[3.894,45.004],[3.929,45.191],[4.05,45.218],[4.24,45.422],[4.263,45.57],[4.185,45.815],[4.04,45.942],[4.103,46.066],[3.979,46.463],[3.741,46.549],[3.6,46.762],[3.366,46.842],[3.229,46.963],[3.078,46.985]]]},"properties":{"name":"Loire","featurecla":"River","scalerank":5}},
{"type":"Feature","geometry":{"type":"MultiLineString","coordinates":[[[12.295,46.733],[12.692,46.784],[12.772,46.838]],[[12.772,46.838],[13.139,46.744],[13.438,46.826],[13.859,46.625],[14.172,46.545],[14.493,46.583],[14.593,46.645],[14.919,46.659],[15.484,46.547],[15.604,46.574],[15.942,46.383],[16.144,46.407],[16.361,46.32],[16.878,46.314]]]},"properties":{"name":"Drau","featurecla":"River","scalerank":7}}
]}