{"type":"FeatureCollection","metadata":{"dataset":"NSIDC Sea Ice Index, Version 4 (G02135)","doi":"10.7265/a98x-0f50","observationYear":2025,"processing":"densify 25 km before EPSG:3411/3412 → WGS84 · precision 0.0001° · seasonal hemisphere merge","poleHoleTreatment":"The 2025 Northern Hemisphere extent source includes the AMSR2 pole hole in extent, following the NSIDC product definition. Source ring topology is preserved through projection; the application fills no holes and adds no artificial polar closure.","inspection":{"holes":82,"poleVertices":0,"antimeridianSegments":12}},"features":[{"type":"Feature","id":"winter-observed-extent-2025","properties":{"extent":"winter","observationYear":2025,"northMonth":"March","southMonth":"September"},"geometry":{"type":"MultiPolygon","coordinates":[[[[125.2996,38.7838],[125.2588,38.9702],[125.0201,38.9378],[125.0619,38.7516],[125.2996,38.7838]]],[[[125.1342,39.5307],[125.1761,39.3436],[125.2176,39.1568],[125.4576,39.1886],[125.4171,39.3756],[125.3762,39.5629],[125.1342,39.5307]]],[[[128.0888,39.6756],[128.059,39.8646],[128.029,40.0539],[127.7826,40.0303],[127.8137,39.8411],[127.5686,39.8169],[127.6004,39.6282],[127.8445,39.6523],[128.0888,39.6756]]],[[[122.0779,38.8579],[122.0236,39.0423],[121.7873,38.9994],[121.8425,38.8153],[122.0779,38.8579]]],[[[125.1342,39.5307],[125.092,39.7181],[124.8494,39.685],[124.8926,39.4978],[125.1342,39.5307]]],[[[128.7697,40.1197],[128.7426,40.3097],[128.4944,40.2884],[128.5225,40.0986],[128.7697,40.1197]]],[[[124.6071,39.651],[124.5625,39.8383],[124.3197,39.8034],[124.3652,39.6163],[124.6071,39.651]]],[[[123.3522,39.6559],[123.1113,39.6171],[123.1618,39.4312],[123.4017,39.4697],[123.3522,39.6559]]],[[[122.6833,39.3517],[122.6309,39.5372],[122.3914,39.4961],[122.4447,39.3108],[122.6833,39.3517]]],[[[121.7316,39.1837],[121.6755,39.3683],[121.4378,39.3242],[121.3802,39.5088],[121.1421,39.4636],[121.2005,39.2793],[121.2585,39.0952],[121.4948,39.1399],[121.7316,39.1837]]],[[[123.3522,39.6559],[123.5934,39.694],[123.8351,39.7312],[123.7872,39.9181],[123.5445,39.8806],[123.3023,39.8424],[123.3522,39.6559]]],[[[129.6913,40.7681],[129.4401,40.7499],[129.189,40.7309],[129.2144,40.5402],[129.2396,40.3497],[129.4885,40.3685],[129.4644,40.5591],[129.7146,40.5771],[129.6913,40.7681]]],[[[118.2542,39.0459],[118.3239,38.8647],[118.5558,38.9186],[118.7883,38.9718],[119.0213,39.0242],[118.9542,39.2063],[118.7203,39.1535],[118.487,39.1001],[118.2542,39.0459]]],[[[121.5043,39.9234],[121.2637,39.8786],[121.3222,39.6935],[121.5618,39.7382],[121.5043,39.9234]]],[[[118.2542,39.0459],[118.184,39.2273],[117.951,39.1721],[117.7185,39.1161],[117.7904,38.9354],[117.5594,38.8791],[117.6316,38.6988],[117.7032,38.5187],[117.7743,38.3388],[118.0028,38.3942],[117.9326,38.5744],[117.8618,38.7548],[118.0926,38.8101],[118.0221,38.991],[118.2542,39.0459]]],[[[121.5043,39.9234],[121.7453,39.9675],[121.6882,40.1533],[121.4462,40.1089],[121.5043,39.9234]]],[[[120.4833,39.9238],[120.421,40.1085],[120.1806,40.0601],[120.2438,39.8757],[120.4833,39.9238]]],[[[119.7665,39.7771],[119.7014,39.9609],[119.4626,39.9103],[119.5287,39.7267],[119.7665,39.7771]]],[[[122.3624,40.4685],[122.3073,40.6554],[122.0619,40.6129],[122.118,40.4262],[122.3624,40.4685]]],[[[140.8886,41.3048],[140.9149,41.4966],[141.1702,41.4763],[141.4252,41.4552],[141.454,41.647],[141.1979,41.6683],[140.9415,41.6888],[140.6849,41.7083],[140.4281,41.7271],[140.4038,41.5347],[140.3797,41.3426],[140.6343,41.3241],[140.8886,41.3048]]],[[[121.0853,40.435],[121.0248,40.6209],[120.7809,40.5742],[120.5375,40.5267],[120.6,40.3414],[120.8424,40.3886],[121.0853,40.435]]],[[[140.1711,41.7449],[140.1944,41.9376],[140.218,42.1306],[139.9585,42.1478],[139.936,41.9547],[139.9138,41.7619],[140.1711,41.7449]]],[[[141.2258,41.8606],[141.254,42.0531],[141.2825,42.2459],[141.0227,42.2667],[141.0502,42.4599],[140.789,42.48],[140.5275,42.4992],[140.2658,42.5174],[140.2418,42.3239],[140.5023,42.3057],[140.4774,42.1126],[140.7365,42.0936],[140.9954,42.0738],[140.9683,41.8811],[141.2258,41.8606]]],[[[129.6913,40.7681],[129.9428,40.7854],[129.9204,40.9768],[129.8978,41.1684],[129.8751,41.3603],[130.1301,41.3771],[130.1082,41.5694],[130.0862,41.7619],[130.3437,41.778],[130.3226,41.971],[130.5814,41.9863],[130.5613,42.1796],[130.541,42.3732],[130.2799,42.3576],[130.3013,42.1642],[130.0415,42.1478],[130.064,41.9547],[129.8056,41.9376],[129.8289,41.7449],[129.5719,41.7271],[129.5962,41.5347],[129.6203,41.3426],[129.6442,41.1509],[129.6678,40.9593],[129.6913,40.7681]]],[[[143.7261,42.5956],[143.4656,42.6247],[143.427,42.4323],[143.3887,42.2402],[143.3508,42.0483],[143.6079,42.0197],[143.6469,42.2114],[143.6864,42.4034],[143.7261,42.5956]]],[[[142.5774,42.1289],[142.6119,42.3212],[142.3524,42.3465],[142.319,42.154],[142.5774,42.1289]]],[[[131.3255,42.4145],[131.3086,42.6086],[131.0458,42.5956],[130.7831,42.5818],[130.8023,42.3878],[131.0638,42.4016],[131.3255,42.4145]]],[[[142.0925,42.371],[142.125,42.5639],[141.8637,42.5876],[141.6021,42.6104],[141.3402,42.6323],[141.3112,42.439],[141.5719,42.4172],[141.8324,42.3945],[142.0925,42.371]]],[[[140.2901,42.7113],[140.3145,42.9054],[140.3392,43.0997],[140.0737,43.1174],[140.0502,42.923],[139.7857,42.9397],[139.7636,42.7454],[140.027,42.7288],[140.2901,42.7113]]],[[[134.467,43.0847],[134.2006,43.0824],[134.2043,42.8873],[134.4695,42.8895],[134.467,43.0847]]],[[[143.7261,42.5956],[143.9863,42.5657],[144.0276,42.758],[143.7663,42.7881],[143.7261,42.5956]]],[[[134.467,43.0847],[134.7335,43.0861],[134.7323,43.2815],[134.4645,43.2802],[134.467,43.0847]]],[[[132.337,43.0411],[132.3246,43.2363],[132.0575,43.2267],[131.7905,43.2163],[131.8054,43.0212],[132.0711,43.0316],[132.337,43.0411]]],[[[144.0276,42.758],[144.2886,42.727],[144.3314,42.9194],[144.0693,42.9506],[144.0276,42.758]]],[[[134.7323,43.2815],[135,43.282],[135.2677,43.2815],[135.269,43.4773],[135,43.4777],[134.731,43.4773],[134.7323,43.2815]]],[[[144.8545,42.8544],[144.9,43.0466],[144.6375,43.0797],[144.5931,42.8873],[144.8545,42.8544]]],[[[141.4287,43.214],[141.4588,43.4084],[141.4892,43.6031],[141.2209,43.6248],[140.9525,43.6456],[140.9246,43.4506],[140.6571,43.4704],[140.3893,43.4892],[140.3642,43.2943],[140.6307,43.2756],[140.897,43.256],[141.163,43.2354],[141.4287,43.214]]],[[[141.5198,43.798],[141.5507,43.9932],[141.28,44.0152],[141.2503,43.8198],[141.5198,43.798]]],[[[136.1017,44.4531],[135.8263,44.4564],[135.8224,44.2593],[136.0964,44.256],[136.1017,44.4531]]],[[[136.1017,44.4531],[136.377,44.4488],[136.3837,44.6462],[136.107,44.6505],[136.1017,44.4531]]],[[[146.3099,44.2517],[146.5784,44.2127],[146.6336,44.4057],[146.6894,44.599],[146.4184,44.6385],[146.147,44.6772],[145.8751,44.7149],[145.823,44.521],[145.5518,44.5576],[145.2801,44.5933],[145.008,44.628],[144.7354,44.6619],[144.4623,44.6949],[144.417,44.5001],[144.1448,44.5319],[143.8721,44.5628],[143.5991,44.5928],[143.3257,44.6218],[143.3659,44.8174],[143.0908,44.8457],[143.1301,45.0417],[142.8533,45.0692],[142.8917,45.2656],[142.6132,45.2924],[142.3344,45.3182],[142.2986,45.1215],[142.5762,45.0958],[142.5394,44.8995],[142.8153,44.8731],[142.7776,44.6772],[143.0518,44.65],[143.0133,44.4545],[143.2858,44.4265],[143.558,44.3977],[143.5172,44.2028],[143.7878,44.1732],[144.0579,44.1426],[144.3276,44.1112],[144.2836,43.9171],[144.5516,43.885],[144.8193,43.8519],[144.8658,44.0456],[145.1343,44.0114],[145.0865,43.818],[145.0393,43.6248],[145.3048,43.5901],[145.2568,43.3974],[145.5208,43.3621],[145.57,43.5546],[145.6197,43.7474],[145.8855,43.7108],[145.9368,43.9036],[145.9887,44.0967],[146.2564,44.0587],[146.3099,44.2517]],[[145.6197,43.7474],[145.3533,43.7831],[145.4022,43.9764],[145.6698,43.9404],[145.6197,43.7474]],[[146.3099,44.2517],[146.0409,44.2899],[146.0937,44.4834],[146.3639,44.445],[146.3099,44.2517]]],[[[136.9653,45.2282],[136.6847,45.2345],[136.6765,45.0364],[136.9557,45.0301],[136.9653,45.2282]]],[[[136.9653,45.2282],[137.2457,45.2209],[137.2568,45.4192],[136.9749,45.4266],[136.9653,45.2282]]],[[[148.2246,44.965],[148.2887,45.1578],[148.3534,45.3509],[148.0791,45.3963],[148.0156,45.2029],[147.9528,45.0098],[148.2246,44.965]]],[[[138.1481,45.9874],[138.1639,46.1867],[137.8768,46.1972],[137.8624,45.9979],[138.1481,45.9874]]],[[[138.4682,46.3746],[138.4858,46.5743],[138.1959,46.5859],[138.1798,46.3862],[138.4682,46.3746]]],[[[142.5563,46.5039],[142.2689,46.5297],[142.2324,46.3313],[142.5184,46.3056],[142.5563,46.5039]]],[[[138.8141,46.9616],[138.8337,47.162],[138.5396,47.1749],[138.5215,46.9744],[138.8141,46.9616]]],[[[142.0885,47.1517],[142.125,47.3512],[141.831,47.3757],[141.7959,47.176],[142.0885,47.1517]]],[[[139.514,47.9365],[139.2142,47.9519],[139.1922,47.7506],[139.4905,47.7353],[139.514,47.9365]]],[[[139.514,47.9365],[139.8136,47.9201],[139.8389,48.1215],[139.5378,48.1381],[139.514,47.9365]]],[[[139.8389,48.1215],[140.1398,48.1039],[140.1669,48.3055],[139.8645,48.3232],[139.8389,48.1215]]],[[[155.8858,53.6736],[155.761,53.4782],[155.6375,53.2829],[155.5155,53.0877],[155.8391,53.0141],[155.7169,52.8194],[155.596,52.6248],[155.9151,52.5511],[155.7941,52.3571],[155.6744,52.163],[155.9892,52.0893],[155.8693,51.8959],[156.1813,51.8216],[156.0614,51.6287],[156.3706,51.5539],[156.492,51.7463],[156.6148,51.9388],[156.3027,52.0146],[156.4253,52.2076],[156.5493,52.4007],[156.2329,52.4764],[156.3568,52.6701],[156.0375,52.7453],[156.1613,52.9395],[156.2864,53.1337],[155.9627,53.2089],[156.0877,53.4037],[156.2141,53.5985],[155.8858,53.6736]]],[[[158.2861,51.7349],[158.4185,51.9249],[158.5523,52.1149],[158.2429,52.1972],[158.1104,52.0067],[157.9794,51.8162],[158.2861,51.7349]]],[[[155.8858,53.6736],[156.0121,53.869],[155.6807,53.9435],[155.556,53.7476],[155.8858,53.6736]]],[[[162.0647,55.5321],[161.7321,55.6277],[161.5651,55.4389],[161.8962,55.344],[162.0647,55.5321]]],[[[142.5563,46.5039],[142.8434,46.477],[142.8041,46.279],[143.0894,46.2514],[143.0491,46.0537],[143.0091,45.8563],[143.2913,45.8281],[143.2504,45.6311],[143.5308,45.6021],[143.8107,45.5721],[143.8543,45.7687],[144.1352,45.7376],[144.1805,45.9342],[144.4623,45.9019],[144.5095,46.0986],[144.7921,46.0652],[144.8411,46.2619],[144.8906,46.4588],[144.9406,46.656],[144.991,46.8534],[145.042,47.0511],[145.0935,47.249],[145.1455,47.4471],[145.1981,47.6454],[145.2512,47.8439],[145.546,47.8075],[145.6012,48.0061],[145.3048,48.0427],[145.3591,48.2417],[145.4138,48.4409],[145.4692,48.6404],[145.5251,48.8401],[145.5816,49.0399],[145.2771,49.0768],[145.3327,49.2771],[145.3889,49.4777],[145.4456,49.6784],[145.1357,49.7149],[145.1915,49.9162],[145.2479,50.1176],[145.3048,50.3193],[145.3625,50.5211],[145.0453,50.5575],[145.1019,50.7598],[145.1591,50.9624],[145.2169,51.1651],[144.8939,51.2011],[144.9506,51.4043],[145.008,51.6077],[145.066,51.8114],[145.1247,52.0152],[144.7938,52.051],[144.8513,52.2553],[144.9095,52.4598],[144.9684,52.6645],[145.0279,52.8694],[144.6888,52.905],[144.7471,53.1104],[144.8061,53.3159],[144.8658,53.5217],[144.52,53.5569],[144.5784,53.7631],[144.6375,53.9695],[144.6974,54.1761],[144.758,54.3829],[144.4031,54.4178],[144.4623,54.6251],[144.5223,54.8325],[144.5829,55.0402],[144.6444,55.248],[144.7067,55.456],[144.7697,55.6642],[145.1378,55.6277],[145.5051,55.5898],[145.8715,55.5506],[145.8016,55.3433],[146.1649,55.3031],[146.5272,55.2616],[146.8887,55.2188],[147.2491,55.1747],[147.3278,55.3808],[147.6894,55.3351],[147.7712,55.541],[148.134,55.4937],[148.4957,55.4451],[148.583,55.6504],[148.9457,55.6001],[149.0362,55.8053],[149.4,55.7533],[149.4939,55.9582],[149.8586,55.9046],[149.9558,56.1092],[150.3215,56.0539],[150.4222,56.2582],[150.5241,56.4627],[150.8928,56.4052],[150.9983,56.6093],[151.3678,56.5501],[151.4769,56.7539],[151.8472,56.693],[151.9598,56.8964],[152.074,57.0999],[152.4472,57.0367],[152.8189,56.9723],[152.9389,57.1749],[153.3112,57.1086],[153.6819,57.0411],[154.051,56.9723],[154.4185,56.9022],[154.7843,56.8308],[154.6538,56.6308],[155.016,56.5587],[154.8852,56.3592],[154.756,56.1597],[154.6284,55.9603],[154.9831,55.8886],[154.8552,55.6897],[154.7289,55.4909],[155.0782,55.4191],[154.9516,55.2208],[154.8265,55.0226],[155.1707,54.9506],[155.0452,54.753],[155.3862,54.6803],[155.2605,54.4832],[155.1363,54.2862],[155.4723,54.2134],[155.3478,54.0169],[155.6807,53.9435],[155.8068,54.1395],[155.9344,54.3355],[155.5982,54.4099],[155.7256,54.6065],[155.8545,54.8031],[155.5133,54.8774],[155.642,55.0746],[155.7723,55.2718],[155.426,55.346],[155.556,55.5438],[155.6877,55.7416],[155.8209,55.9394],[155.9558,56.1373],[155.6006,56.2125],[155.7352,56.4109],[155.8716,56.6093],[156.0097,56.8078],[156.1495,57.0063],[156.5124,56.9289],[156.656,57.1268],[156.8014,57.3247],[156.9487,57.5226],[157.0979,57.7205],[157.249,57.9184],[157.6199,57.8368],[157.775,58.0341],[158.1458,57.9507],[158.3049,58.1472],[158.4661,58.3438],[158.8387,58.2578],[159.004,58.4537],[159.1714,58.6494],[159.5458,58.561],[159.7174,58.756],[159.8913,58.9509],[160.0675,59.1457],[160.246,59.3405],[160.4269,59.5351],[160.6102,59.7296],[160.994,59.6357],[161.1818,59.8294],[161.3721,60.0229],[161.5651,60.2162],[161.9522,60.119],[162.1497,60.3114],[162.3499,60.5037],[162.5528,60.6958],[162.943,60.595],[163.1507,60.7861],[163.3612,60.977],[163.5746,61.1677],[163.9677,61.0632],[164.1859,61.2529],[163.791,61.3581],[164.0104,61.5483],[164.2328,61.7383],[163.831,61.8438],[164.0546,62.0344],[164.2814,62.2246],[164.5115,62.4146],[164.7449,62.6043],[164.3318,62.7119],[164.1005,62.5214],[163.6861,62.6269],[163.4602,62.4352],[163.2374,62.2433],[163.0179,62.0511],[162.8015,61.8587],[163.2075,61.7566],[162.9921,61.5647],[162.5881,61.6661],[162.3777,61.4733],[161.9728,61.5725],[161.7675,61.3787],[161.5651,61.1847],[161.3654,60.9905],[160.9641,61.0861],[160.7693,60.891],[160.5773,60.6958],[160.1775,60.7886],[160.3674,60.9846],[159.9628,61.0768],[160.1531,61.2734],[159.7435,61.365],[159.9343,61.5621],[160.3462,61.4698],[160.542,61.6661],[160.1278,61.7592],[159.7108,61.8508],[159.291,61.9411],[158.8683,62.03],[158.6821,61.8307],[158.2592,61.9174],[158.0782,61.7174],[157.6552,61.8019],[157.4794,61.6011],[157.0564,61.6835],[156.8858,61.4819],[156.7176,61.2802],[156.5519,61.0785],[156.1342,61.1575],[155.9735,60.955],[155.8151,60.7526],[155.6589,60.5501],[155.2466,60.6258],[155.0952,60.4226],[154.946,60.2195],[154.5367,60.2925],[154.3921,60.0888],[154.2495,59.8851],[154.109,59.6814],[154.5108,59.6101],[154.9106,59.5375],[155.3084,59.4634],[155.1626,59.2615],[155.0188,59.0595],[154.6257,59.1324],[154.2307,59.2039],[154.0935,59.0009],[153.699,59.0705],[153.8338,59.2741],[153.4349,59.3428],[153.3026,59.1387],[153.1721,58.9345],[152.7764,59.0009],[152.3789,59.0658],[152.2551,58.8606],[151.8584,58.9236],[151.46,58.9852],[151.06,59.0454],[151.1762,59.252],[151.5788,59.1913],[151.9797,59.1293],[152.1027,59.3349],[151.6992,59.3975],[151.294,59.4586],[150.8872,59.5183],[150.4786,59.5766],[150.0685,59.6333],[149.6568,59.6886],[149.2435,59.7424],[149.1391,59.5335],[148.7271,59.5854],[148.627,59.3761],[148.2163,59.4261],[147.8043,59.4746],[147.7111,59.2646],[147.3005,59.3112],[146.8887,59.3563],[146.4755,59.3999],[146.3921,59.189],[145.9807,59.2307],[146.0612,59.442],[145.6457,59.4825],[145.229,59.5215],[145.1543,59.3096],[144.7394,59.3468],[144.3236,59.3824],[143.9067,59.4165],[143.4889,59.4491],[143.427,59.2362],[143.0112,59.267],[142.5946,59.2962],[142.5394,59.083],[142.125,59.1104],[142.0735,58.8972],[141.6613,58.9229],[141.6135,58.7096],[141.5663,58.4965],[141.1592,58.5203],[141.1155,58.3072],[140.7106,58.3293],[140.6704,58.1163],[140.6307,57.9034],[140.2308,57.9237],[140.1944,57.7109],[139.7968,57.7295],[139.7636,57.5167],[139.7309,57.3042],[139.3383,57.3211],[139.3087,57.1086],[138.9182,57.1239],[138.8917,56.9116],[138.5035,56.9253],[138.4799,56.713],[138.0941,56.7252],[138.0733,56.5131],[138.0529,56.3013],[137.6719,56.3118],[137.6542,56.1001],[137.2755,56.1092],[137.2605,55.8976],[136.8841,55.9053],[136.8717,55.6939],[136.4976,55.7001],[136.4879,55.4889],[136.116,55.4937],[136.1088,55.2827],[135.7393,55.2861],[135.7345,55.0752],[135.3673,55.0773],[135.3649,54.8667],[135.3626,54.6563],[135.7252,54.6543],[136.0878,54.651],[136.4502,54.6463],[136.8126,54.6404],[136.8012,54.4304],[136.7899,54.2206],[136.7788,54.0111],[136.7678,53.8018],[137.1211,53.7947],[137.1343,54.0039],[137.1476,54.2134],[137.5051,54.2049],[137.4896,53.9955],[137.8447,53.9857],[137.8271,53.7766],[137.4742,53.7863],[137.459,53.5774],[137.8098,53.5677],[138.1604,53.5569],[138.1798,53.7656],[138.5323,53.7534],[138.5542,53.9623],[138.5763,54.1715],[138.9329,54.1578],[139.2892,54.1427],[139.6451,54.1264],[140.0006,54.1088],[140.3558,54.0899],[140.3228,53.8813],[140.2901,53.6729],[140.6405,53.653],[140.6062,53.4451],[140.9541,53.424],[141.3016,53.4017],[141.2635,53.1943],[141.2258,52.9871],[141.1886,52.7801],[141.1518,52.5734],[141.1155,52.3669],[141.4525,52.3442],[141.4146,52.138],[141.3772,51.9322],[141.3402,51.7265],[141.009,51.7487],[140.9743,51.5432],[140.94,51.3378],[140.6122,51.3586],[140.5802,51.1533],[140.5485,50.9483],[140.5171,50.7436],[140.4862,50.539],[140.4555,50.3347],[140.4252,50.1307],[140.3953,49.9269],[140.3656,49.7234],[140.6792,49.7037],[140.6482,49.5005],[140.3363,49.5201],[140.3073,49.317],[140.2786,49.1142],[140.2503,48.9116],[140.2222,48.7093],[140.5275,48.6903],[140.8326,48.6702],[140.8639,48.8723],[140.8955,49.0746],[140.9275,49.2771],[141.2371,49.2555],[141.2711,49.4582],[141.5819,49.4353],[141.5463,49.2328],[141.511,49.0306],[141.8182,49.007],[141.8551,49.2091],[142.1635,49.1842],[142.2025,49.3864],[142.2419,49.5888],[142.2817,49.7914],[141.9683,49.8168],[142.0068,50.0198],[142.0458,50.2231],[142.0852,50.4266],[142.125,50.6304],[142.1653,50.8344],[142.2061,51.0386],[142.2473,51.2431],[142.289,51.4477],[141.961,51.4734],[142.0013,51.6785],[141.671,51.7031],[141.7098,51.9086],[141.7492,52.1143],[141.789,52.3202],[141.8292,52.5264],[141.87,52.7328],[141.9112,52.9395],[141.953,53.1463],[141.6085,53.1709],[141.6486,53.3782],[141.9952,53.3534],[142.0379,53.5607],[142.386,53.5345],[142.7336,53.507],[142.781,53.7141],[143.1301,53.6852],[143.0806,53.4782],[143.0317,53.2715],[142.9833,53.065],[143.3257,53.0355],[143.2759,52.8294],[143.2267,52.6236],[143.1781,52.4179],[143.1301,52.2125],[143.0826,52.0073],[143.0357,51.8023],[143.3659,51.7728],[143.3176,51.5683],[143.27,51.3639],[143.5959,51.3337],[143.547,51.1298],[143.4986,50.9261],[143.8204,50.8951],[143.7708,50.6919],[143.7217,50.4888],[143.6732,50.286],[143.9892,50.2546],[143.9396,50.0522],[143.8904,49.8501],[144.2026,49.8179],[144.1523,49.6162],[144.1026,49.4147],[144.411,49.3819],[144.3602,49.1809],[144.0534,49.2135],[143.7462,49.245],[143.4384,49.2754],[143.1301,49.3048],[143.0863,49.1032],[143.0429,48.9018],[143,48.7006],[142.6961,48.7284],[142.6552,48.5273],[142.6147,48.3264],[142.5747,48.1258],[142.5351,47.9254],[142.4959,47.7253],[142.7921,47.6985],[142.7518,47.4987],[142.7119,47.2993],[143.0047,47.2718],[142.9638,47.0727],[143.2547,47.0444],[143.2128,46.8458],[143.5019,46.8166],[143.4589,46.6184],[143.4164,46.4205],[143.1301,46.4492],[143.1712,46.6474],[142.8831,46.6754],[142.5946,46.7023],[142.5563,46.5039]],[[142.8291,53.9215],[142.4773,53.9493],[142.5238,54.1571],[142.5709,54.3651],[142.9269,54.3368],[142.8777,54.129],[142.8291,53.9215]],[[137.8986,54.6144],[137.5368,54.6244],[137.5529,54.8345],[137.5692,55.0449],[137.5858,55.2555],[137.9546,55.2453],[137.9357,55.0348],[137.917,54.8245],[137.8986,54.6144]]],[[[-174.3693,67.0163],[-174.8056,66.8749],[-174.447,66.7041],[-174.8768,66.5626],[-174.5226,66.3921],[-174.0939,66.5325],[-173.6598,66.6716],[-174.0119,66.8443],[-174.3693,67.0163]]],[[[109.5367,73.9974],[108.7999,73.8987],[108.0723,73.7975],[108.4349,73.5954],[107.7232,73.493],[107.354,73.6937],[106.645,73.5875],[107.0205,73.3881],[106.3269,73.2808],[106.6992,73.0821],[107.387,73.1881],[108.0834,73.2916],[108.7886,73.3928],[109.5024,73.4914],[110.2249,73.5875],[109.8852,73.7927],[109.5367,73.9974]]],[[[-158.4986,56.2448],[-158.1485,56.3288],[-157.7965,56.4116],[-157.9457,56.6072],[-158.2995,56.5238],[-158.6513,56.4392],[-158.4986,56.2448]]],[[[-157.3354,58.594],[-156.9544,58.6749],[-157.1094,58.8739],[-157.4926,58.7924],[-157.3354,58.594]]],[[[83.3456,70.4688],[82.8157,70.6072],[82.2782,70.7441],[81.8699,70.5649],[82.4054,70.4294],[82.0025,70.2508],[82.5284,70.115],[82.9333,70.2924],[83.3456,70.4688]]],[[[77.3302,68.6639],[77.0054,68.4751],[77.5175,68.356],[77.1957,68.1678],[77.6995,68.0482],[78.0239,68.2354],[78.354,68.422],[77.8451,68.5438],[77.3302,68.6639]]],[[[83.5505,71.276],[82.9987,71.4153],[82.5686,71.2376],[82.1467,71.0589],[82.6942,70.9223],[83.1183,71.0996],[83.5505,71.276]]],[[[-153.5631,58.1888],[-153.9465,58.12],[-154.3281,58.0499],[-154.1955,57.848],[-153.8161,57.9177],[-153.4349,57.9859],[-153.5631,58.1888]]],[[[-153.693,58.3918],[-153.8247,58.5948],[-154.2127,58.5249],[-154.0787,58.3224],[-153.693,58.3918]]],[[[-153.5631,58.1888],[-153.178,58.2563],[-153.3056,58.4598],[-153.693,58.3918],[-153.5631,58.1888]]],[[[-151.6144,60.7626],[-152.0378,60.6999],[-151.9093,60.4929],[-152.3279,60.4292],[-152.1985,60.2228],[-152.6126,60.1582],[-152.4824,59.9523],[-152.071,60.0164],[-151.6578,60.079],[-151.2429,60.1402],[-151.3649,60.3476],[-151.4888,60.5551],[-151.6144,60.7626]]],[[[-151.6144,60.7626],[-151.1892,60.8238],[-150.7621,60.8835],[-150.3333,60.9416],[-149.9027,60.9981],[-150.0184,61.2077],[-150.452,61.1507],[-150.5725,61.3598],[-151.0074,61.3007],[-150.8839,61.0921],[-151.3139,61.0319],[-151.742,60.9702],[-151.6144,60.7626]]],[[[93.5763,79.5636],[94.5378,79.7137],[93.6914,79.8868],[92.7263,79.7342],[93.5763,79.5636]]],[[[-148.2908,60.5261],[-147.8628,60.575],[-147.4332,60.6224],[-147.0023,60.6682],[-146.57,60.7125],[-146.6593,60.9247],[-147.0948,60.8801],[-147.5288,60.8339],[-147.9614,60.7861],[-148.3925,60.7367],[-148.2908,60.5261]]],[[[63.7413,76.4143],[64.6538,76.3395],[64.9831,76.5537],[64.0577,76.6298],[63.7413,76.4143]]],[[[63.7413,76.4143],[62.8189,76.4858],[61.8868,76.5537],[60.9454,76.618],[60.6795,76.3989],[59.7436,76.4587],[59.5002,76.2384],[58.5704,76.2936],[57.6334,76.3452],[56.6894,76.3932],[56.4966,76.1702],[56.3099,75.9472],[56.1292,75.7241],[55.9541,75.501],[55.7843,75.2779],[55.6197,75.0548],[55.4599,74.8316],[54.6052,74.8712],[54.4623,74.6474],[54.3236,74.4237],[54.1888,74.2],[53.3659,74.2346],[53.2463,74.0104],[53.1301,73.7863],[53.0171,73.5622],[52.2243,73.5922],[52.125,73.3678],[52.0284,73.1434],[51.9343,72.9192],[51.8428,72.695],[52.5946,72.6666],[52.6961,72.8904],[52.8002,73.1143],[53.5691,73.0821],[53.6864,73.3056],[54.4623,73.2699],[54.5931,73.493],[53.8068,73.5291],[53.9306,73.7527],[54.0579,73.9763],[54.8658,73.9391],[55.008,74.1622],[55.1543,74.3853],[55.3048,74.6085],[56.1429,74.5663],[56.3099,74.7888],[56.482,75.0113],[56.6593,75.2337],[56.8421,75.4561],[57.7244,75.4078],[57.926,75.6294],[58.134,75.8509],[59.0362,75.7975],[59.2645,76.018],[60.1729,75.9602],[60.4222,76.1797],[61.336,76.1174],[61.607,76.3356],[62.5256,76.2688],[63.4349,76.1986],[63.7413,76.4143]]],[[[62.5256,80.8225],[62.9691,81.041],[61.5571,81.109],[61.1443,80.8889],[62.5256,80.8225]]],[[[51.7536,72.4709],[51.009,72.496],[50.9315,72.2716],[51.6667,72.2469],[51.7536,72.4709]]],[[[46.3639,80.3267],[47.7263,80.3185],[47.7927,80.5475],[46.3972,80.5559],[46.3639,80.3267]]],[[[43.768,68.7692],[44.3839,68.7728],[44.3772,68.9962],[43.7546,68.9925],[43.768,68.7692]]],[[[34.5484,66.1648],[34.6467,65.9472],[34.7432,65.7298],[34.8379,65.5124],[34.3151,65.4724],[34.4127,65.2556],[34.5085,65.0388],[35.0223,65.0779],[35.112,64.8609],[35.2002,64.644],[34.6952,64.6056],[34.786,64.3891],[35.2867,64.4272],[35.789,64.4633],[35.8698,64.2463],[35.9493,64.0294],[36.4444,64.063],[36.5184,63.8459],[37.0107,63.8774],[37.5041,63.9069],[37.9987,63.9346],[37.9374,64.1526],[37.875,64.3706],[37.3719,64.3424],[36.8699,64.3123],[36.7976,64.5299],[36.7241,64.7477],[36.6492,64.9657],[36.573,65.1837],[37.0928,65.2151],[37.1645,64.9967],[37.681,65.0257],[37.7468,64.8072],[38.2599,64.834],[38.7742,64.8589],[38.8298,64.64],[39.3405,64.6627],[39.8521,64.6834],[40.3645,64.7022],[40.3226,64.9217],[40.2799,65.1414],[39.7582,65.1222],[39.7099,65.3418],[39.6608,65.5616],[40.192,65.5812],[40.1469,65.8013],[40.684,65.819],[40.643,66.0395],[41.1859,66.0552],[41.7295,66.0689],[41.6981,66.2898],[42.2475,66.3015],[42.2208,66.5228],[42.776,66.5325],[42.7974,66.3111],[43.3477,66.3186],[43.8983,66.3239],[44.4491,66.3271],[44.4437,66.5486],[44.4383,66.7703],[44.4327,66.9921],[44.4271,67.2141],[43.8542,67.2108],[43.8427,67.4329],[43.8309,67.6553],[43.8188,67.8777],[43.8065,68.1004],[43.794,68.3232],[43.7811,68.5461],[43.768,68.7692],[43.1524,68.7633],[43.172,68.5402],[43.1913,68.3173],[42.589,68.3091],[42.6141,68.0865],[42.6386,67.864],[42.6627,67.6417],[42.6863,67.4195],[42.1087,67.4094],[42.1376,67.1875],[41.5664,67.1753],[41.6003,66.9537],[41.0353,66.9394],[41.0741,66.7181],[41.1121,66.497],[40.5588,66.4809],[40.0063,66.4627],[40.054,66.2421],[39.5077,66.2219],[38.9623,66.1997],[39.0194,65.9797],[38.4802,65.9556],[38.4181,66.1754],[37.875,66.149],[37.9422,65.9295],[37.4054,65.9013],[36.8699,65.871],[36.9456,65.6522],[36.4164,65.6203],[36.4954,65.4019],[35.9724,65.3683],[35.8886,65.5863],[35.8033,65.8044],[35.2724,65.7681],[35.1807,65.986],[35.0872,66.2039],[34.5484,66.1648]]],[[[18.4349,80.2182],[17.2415,80.1136],[17.8503,79.9103],[19.0256,80.0128],[18.4349,80.2182]]],[[[34.5484,66.1648],[34.4482,66.3825],[34.992,66.422],[34.895,66.6402],[34.3461,66.6003],[34.242,66.8181],[33.6901,66.7757],[33.1402,66.7312],[33.2544,66.5142],[33.3664,66.2973],[33.9063,66.3409],[34.0113,66.1237],[34.5484,66.1648]]],[[[33.1402,66.7312],[33.0239,66.9482],[32.4712,66.9011],[32.5926,66.6846],[33.1402,66.7312]]],[[[-115.821,73.256],[-116.5651,73.3289],[-116.811,73.1143],[-116.0754,73.0424],[-115.821,73.256]]],[[[-99.0579,78.634],[-99.7276,78.4482],[-98.8068,78.3147],[-98.1301,78.4984],[-99.0579,78.634]]],[[[-93.4682,79.2405],[-92.5638,79.0875],[-91.7357,79.2552],[-92.6425,79.4108],[-93.4682,79.2405]]],[[[-88.0251,80.5503],[-87.0892,80.3814],[-88.0908,80.2263],[-87.1844,80.0578],[-86.1859,80.2101],[-85.156,80.3595],[-86.0548,80.5336],[-86.9872,80.7052],[-88.0251,80.5503]]],[[[-102.3808,76.3625],[-102.8937,76.1702],[-102.0948,76.0479],[-101.5752,76.2384],[-102.3808,76.3625]]],[[[-85.156,80.3595],[-84.2894,80.1832],[-83.2338,80.3267],[-82.1467,80.4669],[-82.9987,80.6486],[-84.0939,80.5057],[-85.156,80.3595]]],[[[-82.1467,80.4669],[-81.3268,80.2832],[-80.2176,80.4172],[-79.0772,80.5475],[-79.8753,80.7365],[-81.0274,80.6035],[-82.1467,80.4669]]],[[[-28.1416,82.0546],[-29.7449,82.1182],[-30.1735,81.8963],[-28.6105,81.8345],[-28.1416,82.0546]]],[[[-108.4349,72.5848],[-108.7681,72.3827],[-108.1038,72.2818],[-107.7649,72.4827],[-108.4349,72.5848]]],[[[-46.6847,82.1619],[-46.6366,81.9323],[-45,81.9356],[-45,82.1653],[-46.6847,82.1619]]],[[[29.707,60.0497],[29.8201,59.8415],[30.2346,59.8972],[30.1243,60.1059],[29.707,60.0497]]],[[[-108.1038,72.2818],[-108.4349,72.0804],[-107.7839,71.9785],[-107.4472,72.1786],[-108.1038,72.2818]]],[[[29.707,60.0497],[29.5923,60.258],[29.1738,60.1999],[28.7571,60.1402],[28.8774,59.9328],[29.2914,59.992],[29.707,60.0497]]],[[[-107.7839,71.9785],[-108.1131,71.7779],[-107.4748,71.6749],[-107.1403,71.8743],[-107.7839,71.9785]]],[[[-87.5805,78.4414],[-86.7295,78.5948],[-87.5104,78.7643],[-88.3634,78.6086],[-87.5805,78.4414]]],[[[-85.7321,79.0682],[-84.9575,78.8939],[-84.0355,79.0394],[-84.8056,79.2161],[-85.7321,79.0682]]],[[[-77.6609,79.3389],[-77.0054,79.1455],[-75.9638,79.265],[-76.6075,79.4606],[-77.6609,79.3389]]],[[[25.3821,65.6151],[24.8804,65.5401],[24.6955,65.7474],[24.1932,65.6698],[24.0013,65.8762],[23.4986,65.7961],[22.9993,65.7142],[22.5035,65.6306],[22.0113,65.5452],[22.2176,65.3418],[21.7323,65.2556],[21.9385,65.0528],[21.46,64.9657],[20.9849,64.8768],[21.1941,64.6755],[21.666,64.7636],[22.1412,64.85],[22.6199,64.9347],[22.816,64.7309],[23.0089,64.527],[22.5368,64.4438],[22.7297,64.2405],[22.264,64.1564],[22.4569,63.9538],[22.9196,64.0371],[23.1063,63.8336],[23.5688,63.9146],[23.3852,64.1188],[23.8539,64.1989],[23.6705,64.4038],[24.1455,64.4829],[24.6236,64.5604],[24.444,64.7665],[24.9285,64.843],[25.416,64.9177],[25.2405,65.1252],[25.062,65.3327],[25.56,65.407],[25.3821,65.6151]]],[[[-107.6318,68.1689],[-107.1027,68.0656],[-106.8214,68.2623],[-107.354,68.3666],[-107.6318,68.1689]]],[[[25.4633,60.2925],[25.054,60.2195],[24.6468,60.1451],[24.2417,60.0693],[23.8387,59.992],[23.9932,59.7907],[23.5948,59.7127],[23.7495,59.512],[24.1455,59.5894],[24.2958,59.388],[24.6916,59.4634],[25.0894,59.5375],[25.4892,59.6101],[25.891,59.6814],[25.7505,59.8851],[25.6079,60.0888],[25.4633,60.2925]]],[[[-105.7086,68.5461],[-106.2429,68.6544],[-106.5348,68.4585],[-106.004,68.3514],[-105.7086,68.5461]]],[[[22.1903,63.6668],[21.7368,63.581],[21.9296,63.3796],[22.3801,63.4646],[22.1903,63.6668]]],[[[-69.7024,77.3484],[-69.2744,77.1409],[-68.334,77.2329],[-68.7495,77.442],[-69.7024,77.3484]]],[[[-67.7824,77.5322],[-67.3801,77.3215],[-66.413,77.4066],[-66.8014,77.6187],[-67.7824,77.5322]]],[[[24.444,57.357],[24.0755,57.2815],[23.7088,57.2048],[23.344,57.1268],[23.4876,56.9289],[23.8505,57.0063],[24.2151,57.0825],[24.5816,57.1574],[24.444,57.357]]],[[[-81.0851,73.2668],[-80.6279,73.0836],[-79.992,73.2143],[-80.4457,73.399],[-81.0851,73.2668]]],[[[-85.4462,71.6538],[-84.9869,71.482],[-84.4401,71.6258],[-84.8978,71.7991],[-85.4462,71.6538]]],[[[-80.5377,72.2701],[-79.9309,72.4003],[-79.3151,72.5285],[-78.8962,72.3417],[-78.2749,72.4665],[-78.6901,72.6547],[-78.0558,72.7789],[-78.4763,72.9677],[-79.1145,72.8421],[-79.7432,72.7144],[-80.1807,72.8995],[-80.8033,72.7684],[-80.3625,72.5848],[-80.9724,72.4532],[-80.5377,72.2701]]],[[[-80.5377,72.2701],[-81.1354,72.1381],[-80.7067,71.9556],[-80.112,72.0862],[-80.5377,72.2701]]],[[[-84.4725,69.8719],[-84.0626,69.6985],[-83.5584,69.8388],[-83.9667,70.0135],[-84.4725,69.8719]]],[[[-83.5584,69.8388],[-83.1572,69.6633],[-82.6476,69.8008],[-83.047,69.9777],[-83.5584,69.8388]]],[[[19.2419,54.4938],[18.9178,54.402],[19.0751,54.2134],[19.3978,54.3046],[19.2419,54.4938]]],[[[-23.7495,72.3081],[-23.4774,72.5181],[-24.1791,72.5996],[-24.444,72.3885],[-23.7495,72.3081]]],[[[-86.6335,68.0309],[-86.2414,67.864],[-85.7946,68.0101],[-86.1859,68.1782],[-86.6335,68.0309]]],[[[-88.8767,65.3979],[-88.5121,65.2383],[-88.1283,65.3897],[-88.4926,65.5503],[-88.8767,65.3979]]],[[[-25.9308,70.4072],[-26.5651,70.4793],[-26.7749,70.2664],[-26.1468,70.1951],[-25.9308,70.4072]]],[[[12.875,55.8545],[12.5576,55.7416],[12.7575,55.563],[13.0739,55.6753],[12.875,55.8545]]],[[[-53.6955,70.3432],[-53.5959,70.1215],[-52.9435,70.1537],[-53.0357,70.3758],[-53.6955,70.3432]]],[[[-52.9435,70.1537],[-52.8533,69.9317],[-52.2061,69.9611],[-52.289,70.1834],[-52.9435,70.1537]]],[[[10.905,54.8707],[11.2083,54.9883],[11.411,54.8131],[11.7156,54.9291],[11.5138,55.105],[11.3099,55.2806],[11.1038,55.456],[10.8955,55.6311],[10.6849,55.806],[10.472,55.9805],[10.1621,55.8601],[9.8545,55.7388],[9.5491,55.6167],[9.7646,55.4444],[10.0691,55.5658],[10.3758,55.6863],[10.5873,55.5122],[10.7965,55.3378],[11.0035,55.1632],[10.6993,55.0449],[10.905,54.8707]]],[[[10.905,54.8707],[10.6039,54.7523],[10.3973,54.9257],[10.1886,55.0989],[9.9777,55.2718],[9.6763,55.1503],[9.888,54.9782],[10.0975,54.8057],[9.7998,54.6849],[10.008,54.513],[10.214,54.3407],[10.51,54.4601],[10.7131,54.2868],[11.0105,54.4046],[11.2106,54.2304],[10.9141,54.1133],[11.113,53.9396],[11.4087,54.056],[11.7064,54.1715],[12.0062,54.2862],[12.308,54.4],[12.1126,54.5766],[11.9151,54.753],[11.6115,54.6377],[11.3099,54.5216],[11.1085,54.6963],[10.905,54.8707]]],[[[8.2714,53.776],[7.9893,53.6505],[8.2001,53.4833],[8.4816,53.6081],[8.2714,53.776]]],[[[-21.3093,65.6605],[-21.5226,65.4581],[-21.0375,65.3693],[-20.8209,65.5709],[-21.3093,65.6605]]],[[[-68.0704,63.3796],[-68.2632,63.581],[-68.459,63.7823],[-68.9123,63.6942],[-68.7136,63.4936],[-68.518,63.293],[-68.0704,63.3796]]],[[[-61.4769,56.7539],[-61.8472,56.693],[-61.736,56.4897],[-61.3678,56.5501],[-61.4769,56.7539]]],[[[-66.7426,49.9133],[-66.4477,49.9886],[-66.5644,50.1792],[-66.8605,50.1034],[-66.7426,49.9133]]],[[[-66.7426,49.9133],[-67.0362,49.8371],[-67.3287,49.7599],[-67.2094,49.5709],[-66.9182,49.6476],[-66.6258,49.7234],[-66.7426,49.9133]]],[[[-64.2447,50.2952],[-64.1398,50.1017],[-64.0359,49.9082],[-63.736,49.9745],[-63.6346,49.7807],[-63.335,49.8455],[-63.236,49.6515],[-62.9367,49.7149],[-63.0343,49.9094],[-63.1329,50.1039],[-62.8297,50.1672],[-62.9279,50.3623],[-63.2325,50.2986],[-63.536,50.234],[-63.8384,50.1683],[-63.942,50.3623],[-64.2447,50.2952]]],[[[-68.3621,49.255],[-68.2393,49.068],[-68.5232,48.9872],[-68.8059,48.9056],[-69.0875,48.8231],[-68.9625,48.6377],[-68.8387,48.4523],[-68.5594,48.5338],[-68.2789,48.6144],[-67.9973,48.6941],[-67.7144,48.773],[-67.4304,48.851],[-67.1452,48.9281],[-66.8588,49.0042],[-66.9745,49.1931],[-67.0914,49.3819],[-67.3801,49.3048],[-67.6677,49.2268],[-67.7882,49.4147],[-68.0757,49.3353],[-68.3621,49.255]]],[[[-65.0097,49.2505],[-64.9037,49.0592],[-64.6121,49.128],[-64.7167,49.3198],[-65.0097,49.2505]]],[[[-63.8315,49.5217],[-63.7308,49.3286],[-63.4349,49.3936],[-63.5342,49.5871],[-63.8315,49.5217]]],[[[-56.6336,51.4138],[-56.9566,51.3716],[-57.2788,51.3283],[-57.3492,51.53],[-57.6723,51.4853],[-57.9946,51.4394],[-57.9208,51.2383],[-58.2405,51.1917],[-58.5595,51.1439],[-58.8775,51.095],[-58.7995,50.8951],[-59.1151,50.8455],[-59.0362,50.646],[-59.3493,50.5957],[-59.6615,50.5442],[-59.5804,50.3456],[-59.8902,50.2935],[-60.1991,50.2403],[-60.1157,50.0425],[-59.8084,50.0954],[-59.5002,50.1472],[-59.1911,50.198],[-58.8812,50.2477],[-58.9583,50.4468],[-58.646,50.4957],[-58.3328,50.5436],[-58.4075,50.7436],[-58.0919,50.7907],[-58.0188,50.5905],[-57.704,50.6362],[-57.6334,50.4358],[-57.3194,50.4802],[-57.3885,50.6808],[-57.0721,50.7244],[-57.1402,50.9255],[-56.8215,50.9682],[-56.8887,51.1698],[-56.5674,51.2117],[-56.6336,51.4138]]],[[[162.0647,55.5321],[162.3954,55.4355],[162.5672,55.6229],[162.741,55.8101],[163.0725,55.7112],[163.2497,55.8976],[163.5805,55.797],[163.7612,55.9826],[163.9439,56.1682],[164.1288,56.3535],[163.794,56.4563],[163.9797,56.6422],[163.6413,56.7446],[163.8278,56.9311],[163.4858,57.0331],[163.6731,57.2201],[163.8627,57.4069],[164.0546,57.5936],[163.706,57.6967],[163.8987,57.884],[164.0938,58.071],[164.2914,58.2578],[164.4914,58.4445],[164.6939,58.6309],[164.8989,58.8172],[165.2564,58.7096],[165.4655,58.8948],[165.6773,59.0799],[165.8917,59.2646],[166.1088,59.4491],[166.4695,59.3373],[166.6908,59.5207],[166.9149,59.7039],[167.2756,59.5894],[167.504,59.7714],[167.7352,59.9531],[168.0957,59.8358],[168.3312,60.0164],[168.6901,59.8972],[169.0459,59.777],[169.3988,59.6558],[169.6409,59.8334],[169.992,59.7103],[170.3401,59.5862],[170.5874,59.7617],[170.9335,59.6357],[171.1848,59.81],[171.4391,59.9839],[171.6965,60.1573],[171.9571,60.3303],[172.2209,60.5029],[172.5686,60.3715],[172.8365,60.5427],[173.1076,60.7133],[173.4537,60.5792],[173.7289,60.7484],[174.0075,60.9171],[174.3518,60.7802],[174.6344,60.9475],[174.9204,61.1141],[175.2099,61.2802],[175.5526,61.1396],[175.8461,61.3042],[176.1432,61.4681],[176.4835,61.3247],[176.7845,61.487],[177.1216,61.3418],[177.4266,61.5026],[177.7605,61.3555],[178.0908,61.2077],[178.4,61.3658],[178.727,61.2162],[179.0504,61.0658],[179.3634,61.2213],[179.6835,61.0692],[-180,60.9163],[-179.6835,61.0692],[-179.3704,60.9146],[-179.0504,61.0658],[-178.741,60.9095],[-178.4176,61.059],[-178.1118,60.9011],[-177.7852,61.0488],[-177.4831,60.8893],[-177.1844,60.7292],[-176.8892,60.5684],[-176.5601,60.7125],[-176.2686,60.5501],[-175.9804,60.3872],[-175.6955,60.2236],[-175.3645,60.3641],[-175.0834,60.199],[-174.7497,60.3377],[-174.4725,60.1712],[-174.1361,60.3081],[-173.8627,60.1402],[-173.5926,59.9717],[-173.2544,60.1059],[-172.9881,59.9361],[-172.6476,60.0684],[-172.3853,59.8972],[-172.1261,59.7256],[-171.8699,59.5534],[-171.5289,59.6822],[-171.2766,59.5088],[-171.0274,59.3349],[-170.6852,59.461],[-170.4399,59.2859],[-170.1975,59.1104],[-169.8545,59.2339],[-169.616,59.0571],[-169.3803,58.8801],[-169.1475,58.7027],[-168.8049,58.8226],[-168.5759,58.644],[-168.2317,58.7622],[-168.0067,58.5825],[-167.6609,58.6988],[-167.4398,58.518],[-167.0926,58.6325],[-166.7428,58.7459],[-166.3903,58.8583],[-166.1757,58.6749],[-165.8219,58.7854],[-165.4655,58.8948],[-165.1065,59.0032],[-164.8989,58.8172],[-164.5388,58.9236],[-164.3353,58.7366],[-163.9741,58.8412],[-163.6105,58.9447],[-163.4127,58.756],[-163.0481,58.8575],[-162.8544,58.6679],[-162.4891,58.7676],[-162.1213,58.8661],[-161.7511,58.9634],[-161.9395,59.1552],[-162.1305,59.3468],[-161.7541,59.4443],[-161.9457,59.6365],[-162.1399,59.8286],[-162.3367,60.0205],[-162.7185,59.9207],[-163.0977,59.8197],[-163.4742,59.7175],[-163.679,59.9069],[-164.0546,59.8028],[-164.2639,59.9912],[-164.4759,60.1794],[-164.6907,60.3674],[-165.0686,60.2597],[-165.288,60.4466],[-164.9084,60.5551],[-165.129,60.7426],[-165.3526,60.9298],[-164.9667,61.0387],[-165.1916,61.2264],[-165.5792,61.1167],[-165.8089,61.3033],[-166.0417,61.4896],[-166.2777,61.6756],[-165.8849,61.7879],[-166.1225,61.9745],[-165.7247,62.0864],[-165.3236,62.1971],[-165.5608,62.3851],[-165.1545,62.4953],[-164.7449,62.6043],[-164.9816,62.7937],[-164.5666,62.9022],[-164.8048,63.0922],[-164.3842,63.2002],[-163.9601,63.3069],[-163.7261,63.1152],[-163.4956,62.9232],[-163.0725,63.0268],[-162.646,63.1291],[-162.872,63.3227],[-162.4397,63.4244],[-162.0041,63.5246],[-161.7829,63.3292],[-161.3464,63.4272],[-160.9065,63.5237],[-161.1226,63.7207],[-160.6768,63.8165],[-160.8936,64.0141],[-161.1139,64.2115],[-161.3377,64.4086],[-160.8803,64.5054],[-161.1049,64.7032],[-161.3331,64.9008],[-161.7961,64.8023],[-162.2553,64.7022],[-162.7108,64.6007],[-162.4744,64.4057],[-162.9236,64.3035],[-163.1625,64.4976],[-163.4052,64.6913],[-163.8557,64.5859],[-164.3022,64.479],[-164.7449,64.3706],[-164.9987,64.5613],[-165.4397,64.4506],[-165.6997,64.64],[-166.139,64.527],[-166.4052,64.7151],[-166.6755,64.9028],[-166.95,65.09],[-166.5043,65.206],[-166.7809,65.3938],[-167.2288,65.2768],[-167.5119,65.4632],[-167.7995,65.6491],[-167.3474,65.7681],[-166.8908,65.8856],[-167.1787,66.0731],[-166.7151,66.1902],[-166.2469,66.3058],[-165.774,66.4199],[-165.2964,66.5325],[-164.8142,66.6435],[-164.5388,66.4509],[-164.0546,66.5593],[-163.7866,66.3654],[-163.5231,66.1712],[-163.264,65.9765],[-162.7839,66.0805],[-162.2996,66.1828],[-162.0506,65.986],[-161.5651,66.0857],[-161.811,66.2835],[-161.3181,66.3825],[-161.5651,66.5809],[-162.0611,66.4809],[-162.3156,66.6781],[-162.5746,66.8749],[-162.8381,67.0714],[-163.3391,66.9669],[-163.6105,67.162],[-163.8866,67.3568],[-164.1676,67.5511],[-164.4537,67.7451],[-164.7449,67.9386],[-165.2564,67.8273],[-165.556,68.0193],[-165.8609,68.2109],[-166.1713,68.4019],[-166.4875,68.5925],[-165.9638,68.7081],[-166.2827,68.8993],[-165.75,69.0144],[-165.4342,68.8221],[-164.8989,68.9343],[-164.3578,69.0448],[-163.8108,69.1534],[-163.258,69.2602],[-163.5596,69.4569],[-162.9971,69.5629],[-163.3008,69.7603],[-162.7283,69.8655],[-163.0339,70.0636],[-162.451,70.1679],[-161.8619,70.2703],[-161.2666,70.3706],[-160.6652,70.4688],[-160.0576,70.5649],[-159.444,70.6589],[-159.7273,70.8631],[-159.1022,70.956],[-158.8243,70.7507],[-158.1986,70.8403],[-157.567,70.9277],[-156.9296,71.0128],[-157.1903,71.2211],[-156.541,71.3049],[-155.8858,71.3863],[-155.6375,71.176],[-155.3949,70.9655],[-154.7468,71.0426],[-154.5159,70.8309],[-153.869,70.9048],[-153.2171,70.9763],[-153.0042,70.7627],[-152.354,70.8309],[-152.1524,70.6165],[-151.9553,70.4019],[-151.3139,70.4662],[-150.6682,70.528],[-150.0184,70.5874],[-149.3646,70.6443],[-149.1986,70.4268],[-148.5479,70.4806],[-148.3925,70.2625],[-147.7453,70.3132],[-147.6002,70.0944],[-146.9566,70.1421],[-146.3099,70.1873],[-145.6603,70.23],[-145.5392,70.0097],[-144.8939,70.0494],[-144.2461,70.0867],[-143.5959,70.1215],[-142.9435,70.1537],[-142.8533,69.9317],[-142.2061,69.9611],[-142.125,69.7388],[-141.4831,69.7654],[-141.4108,69.5429],[-140.7743,69.5667],[-140.1364,69.588],[-139.4972,69.6068],[-138.8568,69.6231],[-138.8141,69.3998],[-138.7723,69.1767],[-138.145,69.1902],[-138.1108,68.967],[-137.4896,68.978],[-136.8677,68.9865],[-136.2454,68.9925],[-136.259,69.2159],[-135.6296,69.2196],[-135.6366,69.4433],[-135,69.4445],[-134.3634,69.4433],[-134.3563,69.667],[-133.7127,69.6633],[-133.727,69.4395],[-133.0908,69.4333],[-133.0694,69.657],[-132.4266,69.6482],[-132.3974,69.8719],[-131.7481,69.8604],[-131.0995,69.8465],[-131.0548,70.07],[-130.3999,70.0533],[-129.7462,70.034],[-129.8056,69.8109],[-129.1605,69.7894],[-128.5169,69.7654],[-128.4431,69.9879],[-128.3675,70.2106],[-127.711,70.1834],[-127.6262,70.4059],[-126.9643,70.3758],[-127.0565,70.1537],[-127.1467,69.9317],[-126.5014,69.8999],[-126.5966,69.6783],[-125.9605,69.6444],[-126.0604,69.4234],[-125.4333,69.3874],[-125.3266,69.608],[-125.2176,69.8287],[-125.1061,70.0494],[-124.4608,70.0097],[-124.5793,69.7894],[-123.9436,69.7477],[-124.0662,69.5279],[-124.1861,69.3083],[-123.5663,69.2651],[-123.4399,69.4843],[-123.3106,69.7035],[-122.6806,69.657],[-122.5418,69.8757],[-121.9081,69.8262],[-121.2777,69.7742],[-120.6507,69.7199],[-120.8089,69.503],[-120.1916,69.447],[-119.5778,69.3886],[-118.9677,69.328],[-118.3612,69.2651],[-118.54,69.0509],[-117.943,68.9865],[-117.3499,68.9198],[-116.7606,68.851],[-116.1753,68.7801],[-115.9744,68.9913],[-115.3879,68.9174],[-114.8057,68.8414],[-114.2277,68.7633],[-114.444,68.5544],[-113.8753,68.4751],[-114.092,68.267],[-114.6559,68.3455],[-114.8637,68.1364],[-115.0675,67.9271],[-114.513,67.8502],[-113.9625,67.7713],[-113.416,67.6905],[-112.8737,67.6077],[-112.6519,67.8136],[-112.1094,67.728],[-111.5713,67.6405],[-111.3369,67.8445],[-110.799,67.7542],[-110.556,67.9571],[-110.0188,67.864],[-109.4861,67.769],[-108.9582,67.6723],[-108.4349,67.5737],[-107.9164,67.4734],[-107.6501,67.6712],[-108.1721,67.7725],[-107.9044,67.9709],[-108.4349,68.0714],[-108.9704,68.1701],[-108.7052,68.3702],[-108.4349,68.5699],[-108.1595,68.7692],[-107.6126,68.6675],[-107.3279,68.8655],[-106.7826,68.7609],[-106.4888,68.9574],[-105.9454,68.8498],[-105.4077,68.7405],[-105.7086,68.5461],[-105.1799,68.4361],[-104.6568,68.3243],[-104.1391,68.2109],[-104.444,68.0193],[-103.9348,67.9053],[-103.627,68.0957],[-103.1204,67.9789],[-102.6193,67.8605],[-102.1237,67.7405],[-101.6336,67.619],[-101.3099,67.8045],[-100.823,67.6802],[-100.4915,67.864],[-100.008,67.7371],[-99.6687,67.9191],[-99.1888,67.7896],[-98.7147,67.6587],[-98.3659,67.8376],[-98.8418,67.9697],[-98.4889,68.1492],[-98.9726,68.281],[-98.6156,68.4609],[-98.1301,68.3279],[-97.7652,68.5058],[-98.2525,68.6401],[-98.7462,68.7728],[-99.2461,68.9041],[-99.7524,69.0338],[-99.3891,69.2159],[-98.8807,69.085],[-98.5087,69.2651],[-98.1301,69.4445],[-98.6428,69.5779],[-98.2594,69.7578],[-97.8691,69.9368],[-97.3524,69.8008],[-96.8428,69.6633],[-96.3402,69.5242],[-95.8446,69.3837],[-96.2419,69.2098],[-95.7546,69.0691],[-96.1466,68.8957],[-95.6673,68.7549],[-96.0542,68.5818],[-96.4347,68.4078],[-96.9112,68.5461],[-97.284,68.3702],[-96.8091,68.2331],[-96.3402,68.0946],[-95.8774,67.9547],[-96.2484,67.7816],[-96.6135,67.6077],[-96.1592,67.4689],[-95.7106,67.3288],[-95.3431,67.5004],[-95.7928,67.6417],[-95.4206,67.8136],[-95.0425,67.9847],[-94.6583,68.155],[-94.2679,68.3243],[-93.8713,68.4928],[-93.4682,68.6604],[-93.9302,68.8077],[-94.3323,68.6389],[-94.7998,68.7837],[-94.3987,68.9537],[-93.9909,69.1228],[-94.4672,69.2688],[-94.0536,69.4383],[-94.5378,69.5842],[-95.0291,69.7287],[-95.4403,69.5567],[-95.9374,69.6985],[-96.4416,69.8388],[-96.0333,70.0135],[-96.5463,70.1537],[-96.1322,70.3288],[-96.6544,70.4688],[-96.2345,70.6443],[-96.7662,70.7841],[-96.3402,70.9601],[-96.8817,71.0996],[-96.4495,71.276],[-96.009,71.4514],[-95.5599,71.6258],[-95.1022,71.7991],[-94.6355,71.9713],[-94.0856,71.8246],[-93.5448,71.6763],[-93.0128,71.5265],[-93.4833,71.3586],[-92.9609,71.2088],[-92.447,71.0575],[-92.9108,70.8914],[-92.406,70.7401],[-91.9092,70.5874],[-92.3662,70.4229],[-91.8779,70.2703],[-92.3278,70.106],[-91.8476,69.9534],[-92.2906,69.7894],[-91.8183,69.6369],[-91.3748,69.7995],[-90.9094,69.6444],[-90.4511,69.488],[-90,69.3305],[-90.4441,69.1718],[-90.8814,69.012],[-90.4374,68.8558],[-90.8681,68.6962],[-90.4308,68.5402],[-90,68.3831],[-89.5692,68.5402],[-90,68.6986],[-89.5626,68.8558],[-90,69.0144],[-89.5559,69.1718],[-89.1048,69.328],[-88.6678,69.1669],[-88.2376,69.0047],[-87.8142,68.8414],[-88.2643,68.689],[-87.847,68.526],[-87.4362,68.3619],[-87.8789,68.2109],[-88.3153,68.0587],[-87.9098,67.8961],[-88.3397,67.744],[-87.9399,67.5816],[-87.546,67.4184],[-87.1579,67.2541],[-86.7295,67.4027],[-86.2954,67.55],[-86.6822,67.7166],[-87.075,67.8823],[-86.6335,68.0309],[-87.0318,68.1969],[-86.5834,68.3455],[-86.1859,68.1782],[-85.7321,68.3243],[-86.1287,68.4928],[-85.6677,68.6389],[-85.2002,68.7837],[-84.7261,68.9271],[-85.1261,69.0984],[-85.5328,69.2688],[-85.0497,69.4134],[-85.4622,69.5842],[-85.8818,69.754],[-85.3894,69.8999],[-84.9709,69.7287],[-84.4725,69.8719],[-84.8896,70.0443],[-85.3141,70.2158],[-85.8151,70.07],[-86.2483,70.2391],[-86.6891,70.4072],[-87.1844,70.2573],[-87.6338,70.4229],[-88.1221,70.2703],[-88.5797,70.4334],[-89.0452,70.5953],[-89.5185,70.7561],[-89.029,70.9129],[-88.5312,71.0684],[-88.0585,70.9048],[-87.553,71.0575],[-88.0251,71.2225],[-88.5057,71.3863],[-89.0122,71.2307],[-89.5018,71.3918],[-90,71.5516],[-89.493,71.7101],[-90,71.8701],[-90.5162,72.0287],[-90,72.1888],[-89.4744,72.3475],[-90,72.5078],[-89.4645,72.6666],[-88.9191,72.824],[-89.4543,72.986],[-88.8983,73.1434],[-89.4437,73.3056],[-88.8767,73.4631],[-88.2986,73.6191],[-87.7094,73.7735],[-87.1087,73.9262],[-86.5664,73.7575],[-85.9555,73.9068],[-85.4261,73.7352],[-84.9079,73.5622],[-85.5154,73.4162],[-86.1121,73.2684],[-86.6981,73.1189],[-86.1859,72.9495],[-86.7603,72.7999],[-86.257,72.6309],[-86.8202,72.4812],[-86.3255,72.3124],[-86.8779,72.1627],[-86.3915,71.9943],[-85.9144,71.8246],[-85.3645,71.9713],[-85.8404,72.1425],[-85.2799,72.2891],[-85.7636,72.4606],[-85.192,72.6071],[-85.684,72.7789],[-85.1009,72.9252],[-85.6013,73.0974],[-85.0063,73.2436],[-84.4007,73.3881],[-83.7844,73.5307],[-83.1572,73.6715],[-82.5191,73.8103],[-82.0304,73.6302],[-81.3844,73.7655],[-80.9097,73.5827],[-80.2564,73.7144],[-79.796,73.5291],[-79.1359,73.6572],[-78.4654,73.7831],[-78.0239,73.5938],[-77.5926,73.4037],[-76.9209,73.5244],[-76.5043,73.332],[-76.0973,73.1388],[-75.6997,72.945],[-76.3571,72.8285],[-77.0054,72.7099],[-76.6075,72.5181],[-75.9638,72.6353],[-75.5792,72.4414],[-75.2032,72.2469],[-74.8355,72.0517],[-74.1975,72.1627],[-73.8427,71.9656],[-74.4759,71.8559],[-74.1241,71.6595],[-73.4956,71.768],[-73.1562,71.5698],[-72.5252,71.6749],[-72.1981,71.475],[-71.5651,71.5768],[-71.2502,71.3752],[-70.9423,71.1732],[-70.641,70.9709],[-70.3462,70.7681],[-69.7273,70.8631],[-69.444,70.6589],[-68.8243,70.7507],[-68.5523,70.5451],[-68.2861,70.3392],[-68.8952,70.2495],[-68.6294,70.0443],[-68.0255,70.1331],[-67.4161,70.2197],[-67.1663,70.0123],[-66.9218,69.8046],[-67.5206,69.7199],[-68.1142,69.6331],[-67.8645,69.4271],[-67.2759,69.513],[-67.0362,69.3058],[-67.6199,69.2209],[-68.1986,69.1338],[-67.9541,68.9283],[-67.7144,68.7225],[-67.4794,68.5165],[-66.9149,68.6008],[-66.6891,68.3937],[-66.4677,68.1864],[-66.2505,67.9789],[-65.6955,68.0587],[-65.487,67.8502],[-64.9325,67.9271],[-64.7327,67.7178],[-64.179,67.7919],[-63.9876,67.5816],[-63.7999,67.3713],[-63.6157,67.1609],[-63.0723,67.2308],[-62.8961,67.0196],[-62.354,67.0868],[-62.1857,66.8749],[-61.645,66.9394],[-61.4845,66.7268],[-61.3269,66.5142],[-61.8584,66.4509],[-61.6992,66.2389],[-62.2234,66.1743],[-62.0629,65.9629],[-62.5799,65.8971],[-62.418,65.6863],[-62.9279,65.6192],[-63.4349,65.5503],[-63.2679,65.3408],[-63.1038,65.1313],[-63.6001,65.0619],[-64.0935,64.9907],[-64.2653,65.1989],[-64.7595,65.1252],[-64.938,65.3327],[-65.1196,65.5401],[-65.3045,65.7474],[-65.4926,65.9546],[-65.9987,65.8762],[-66.1941,66.0826],[-66.3929,66.2888],[-66.5953,66.4949],[-67.1094,66.4124],[-67.6199,66.3281],[-67.4098,66.1237],[-67.2035,65.919],[-67.7028,65.8346],[-67.4965,65.6306],[-67.2936,65.4264],[-66.8014,65.5093],[-66.6055,65.3042],[-67.0942,65.2221],[-66.8982,65.0177],[-66.7054,64.8132],[-66.2237,64.8938],[-66.0375,64.6884],[-65.556,64.7665],[-65.3764,64.5604],[-65.1998,64.3541],[-64.7223,64.4291],[-64.552,64.2221],[-65.0261,64.1477],[-64.8552,63.9413],[-64.6871,63.7349],[-64.2198,63.8079],[-64.0577,63.6008],[-64.5217,63.5284],[-64.359,63.3218],[-64.8172,63.2484],[-64.6538,63.0425],[-65.1062,62.9681],[-64.9424,62.7628],[-64.7811,62.5574],[-65.2249,62.4828],[-65.3892,62.6875],[-65.556,62.8922],[-65.7256,63.0968],[-66.1757,63.0186],[-66.6232,62.9388],[-66.8014,63.142],[-66.9824,63.3451],[-67.433,63.2623],[-67.6199,63.4646],[-68.0704,63.3796],[-67.8806,63.178],[-67.6938,62.9764],[-67.249,63.0599],[-67.0679,62.8575],[-66.8896,62.6549],[-66.7139,62.4522],[-66.275,62.5322],[-66.1048,62.3288],[-65.9373,62.1253],[-65.7723,61.9218],[-66.2028,61.8438],[-66.3706,62.0467],[-66.8014,61.9666],[-66.9745,62.1687],[-67.4054,62.0864],[-67.5839,62.2878],[-68.0148,62.2033],[-68.4429,62.1174],[-68.6294,62.3172],[-68.8187,62.5169],[-69.2492,62.428],[-69.444,62.6269],[-69.6417,62.8256],[-70.0744,62.7337],[-70.5041,62.6404],[-70.9308,62.5457],[-71.1391,62.7419],[-70.71,62.8374],[-70.9189,63.0342],[-71.3505,62.9379],[-71.5651,63.1337],[-71.7829,63.3292],[-71.3464,63.4272],[-71.5651,63.6234],[-71.7871,63.8193],[-72.2287,63.7197],[-72.6668,63.6187],[-72.8973,63.8127],[-73.1313,64.0064],[-73.369,64.1999],[-73.8108,64.0948],[-74.0546,64.287],[-74.3022,64.479],[-74.7449,64.3706],[-74.9987,64.5613],[-75.4397,64.4506],[-75.8768,64.3385],[-76.31,64.225],[-76.7391,64.1102],[-77.0054,64.2967],[-77.4326,64.1796],[-77.7047,64.3648],[-77.981,64.5496],[-78.2614,64.7339],[-77.8285,64.8539],[-78.1113,65.0388],[-77.6722,65.1585],[-77.2288,65.2768],[-77.5119,65.4632],[-77.0619,65.5812],[-76.7809,65.3938],[-76.3287,65.5093],[-76.0543,65.3205],[-75.6,65.4336],[-75.3322,65.2434],[-74.876,65.3541],[-74.4156,65.4632],[-73.951,65.5709],[-73.4822,65.677],[-73.7398,65.871],[-74.2113,65.7639],[-74.4759,65.9566],[-74.7449,66.149],[-74.268,66.258],[-73.7866,66.3654],[-73.3008,66.4713],[-73.5658,66.6662],[-73.0725,66.7714],[-72.5746,66.8749],[-72.8381,67.0714],[-72.3324,67.1742],[-72.5973,67.3713],[-72.0836,67.4734],[-72.3499,67.6712],[-72.6211,67.8686],[-72.8973,68.0656],[-73.1786,68.2623],[-73.4652,68.4585],[-73.996,68.3514],[-74.2914,68.5461],[-74.5923,68.7405],[-74.8989,68.9343],[-75.4342,68.8221],[-75.9638,68.7081],[-76.4875,68.5925],[-76.8094,68.7825],[-76.2827,68.8993],[-75.75,69.0144],[-76.0717,69.2061],[-76.3995,69.3973],[-76.7335,69.588],[-77.074,69.778],[-77.6192,69.6582],[-77.9694,69.8465],[-77.4211,69.9675],[-77.7749,70.1563],[-78.1356,70.3445],[-78.5034,70.532],[-79.0609,70.4072],[-78.6901,70.221],[-78.3263,70.034],[-78.8708,69.91],[-79.4085,69.7843],[-79.9393,69.657],[-80.3112,69.8401],[-79.7778,69.9687],[-80.1542,70.1524],[-80.6901,70.0225],[-81.2188,69.8909],[-81.6071,70.0713],[-82.1309,69.9368],[-82.6476,69.8008],[-82.2553,69.6231],[-81.8699,69.4445],[-81.4913,69.2651],[-81.1193,69.085],[-81.6213,68.9525],[-81.2538,68.7728],[-80.8927,68.5925],[-81.3844,68.4609],[-81.8699,68.3279],[-82.3493,68.1934],[-81.9888,68.0159],[-81.6341,67.8376],[-81.2853,67.6587],[-80.9421,67.479],[-81.4088,67.3478],[-81.0694,67.1687],[-81.5289,67.0372],[-81.9829,66.9044],[-82.4316,66.7703],[-82.875,66.6348],[-83.3131,66.4981],[-83.746,66.3601],[-83.4033,66.187],[-83.8298,66.0489],[-83.491,65.8762],[-83.1572,65.7028],[-83.5765,65.5657],[-83.9115,65.738],[-84.2513,65.9096],[-84.5962,66.0805],[-84.9462,66.2506],[-85.3013,66.4199],[-85.6617,66.5884],[-86.0818,66.4434],[-86.4483,66.61],[-86.8636,66.4627],[-86.4965,66.2973],[-86.1345,66.131],[-85.7778,65.964],[-85.4261,65.7961],[-85.0137,65.9389],[-84.6678,65.7691],[-85.0794,65.6275],[-84.7376,65.4581],[-84.4007,65.288],[-84.0685,65.1172],[-83.6598,65.2556],[-83.3333,65.083],[-83.0115,64.9097],[-82.6942,64.7358],[-82.2843,64.8699],[-81.9728,64.6943],[-81.6656,64.5182],[-81.3629,64.3414],[-81.769,64.2105],[-81.4692,64.0342],[-81.0644,64.1641],[-80.7701,63.9863],[-80.48,63.8079],[-80.1939,63.629],[-80.5947,63.5021],[-80.9915,63.374],[-81.2803,63.5509],[-81.6743,63.4206],[-81.9683,63.596],[-82.2664,63.7709],[-82.5686,63.9451],[-82.9621,63.8108],[-83.2695,63.9834],[-83.6598,63.8469],[-84.0459,63.7093],[-84.4278,63.5706],[-84.8056,63.4309],[-84.4945,63.2623],[-84.8674,63.1226],[-85.2364,62.9819],[-85.5488,63.1484],[-85.8653,63.3144],[-85.4951,63.4571],[-85.8151,63.6234],[-86.1393,63.7889],[-86.5107,63.6441],[-86.8779,63.4983],[-87.2073,63.6611],[-86.8396,63.8079],[-86.4677,63.9538],[-86.0915,64.0986],[-86.4237,64.2638],[-86.0424,64.4086],[-86.3785,64.5741],[-85.9922,64.719],[-86.3322,64.8848],[-85.9407,65.0298],[-86.2847,65.1959],[-85.8878,65.3408],[-86.236,65.5072],[-85.8335,65.6522],[-86.1859,65.819],[-86.5891,65.6729],[-86.9872,65.5257],[-87.3805,65.3775],[-87.0263,65.2141],[-86.6769,65.0498],[-87.0643,64.9028],[-87.4471,64.7547],[-87.8253,64.6056],[-87.4792,64.4438],[-87.8524,64.2948],[-88.2212,64.1448],[-88.5856,63.9939],[-88.9325,64.1526],[-89.2927,63.9997],[-89.6441,64.1564],[-90,64.0016],[-90.3515,63.8459],[-90,63.6913],[-90.3472,63.5359],[-90.6987,63.6894],[-91.0416,63.5321],[-90.6903,63.3796],[-90.3431,63.2262],[-90.6821,63.0701],[-91.017,62.9132],[-91.3479,62.7555],[-91.6946,62.9059],[-92.0214,62.7464],[-92.3441,62.5862],[-92.663,62.4253],[-92.978,62.2637],[-92.6324,62.1174],[-92.944,61.956],[-93.2892,62.1014],[-93.5967,61.9385],[-93.2519,61.794],[-93.5562,61.6314],[-93.8568,61.4681],[-94.1539,61.3042],[-93.8141,61.1617],[-94.1081,60.9981],[-94.3987,60.8339],[-94.6859,60.6691],[-94.3511,60.5286],[-94.6355,60.3641],[-94.9166,60.199],[-94.5861,60.0595],[-94.8645,59.8948],[-94.5378,59.7553],[-94.8136,59.591],[-94.4905,59.4515],[-94.7636,59.2875],[-95.0338,59.123],[-94.7148,58.9845],[-94.3987,58.8451],[-94.0856,58.705],[-93.8141,58.8669],[-93.5035,58.7251],[-93.1959,58.5825],[-92.8913,58.4391],[-93.1639,58.2799],[-92.8624,58.1367],[-92.5638,57.9927],[-92.8341,57.8346],[-92.5385,57.6908],[-92.8064,57.533],[-92.5138,57.3893],[-92.224,57.2449],[-92.4896,57.0883],[-92.2026,56.9441],[-91.9368,57.0999],[-91.6683,57.2552],[-91.3837,57.1086],[-91.1124,57.2625],[-90.8303,57.1144],[-90.5563,57.2669],[-90.2768,57.1174],[-90,56.9672],[-89.7232,57.1174],[-89.4491,56.9658],[-89.1776,56.8136],[-88.8983,56.9614],[-88.6295,56.8078],[-88.3634,56.6536],[-88.0999,56.4989],[-87.8389,56.3436],[-87.5805,56.1878],[-87.3246,56.0315],[-87.0711,55.8747],[-86.7905,56.0161],[-86.5398,55.858],[-86.2916,55.6994],[-86.0458,55.5403],[-85.7636,55.6787],[-85.5205,55.5184],[-85.2799,55.3576],[-85.0415,55.1964],[-84.7582,55.3317],[-84.5226,55.1693],[-84.2374,55.3031],[-84.0046,55.1395],[-83.7175,55.2718],[-83.4876,55.107],[-83.1987,55.2378],[-82.9716,55.0719],[-82.681,55.2011],[-82.4568,55.0341],[-82.2348,54.8667],[-82.0151,54.6989],[-82.3039,54.5719],[-82.5906,54.4442],[-82.3719,54.2776],[-82.1553,54.1107],[-82.4386,53.9838],[-82.2236,53.8173],[-82.0107,53.6505],[-82.2907,53.5242],[-82.0793,53.3578],[-82.3566,53.2316],[-82.1467,53.0657],[-82.4215,52.9395],[-82.213,52.7739],[-82.0065,52.6081],[-81.7328,52.7328],[-81.5289,52.566],[-81.8019,52.4419],[-81.5993,52.2755],[-81.3986,52.1088],[-81.1998,51.9418],[-80.9285,52.0638],[-80.7322,51.8959],[-80.5377,51.7277],[-80.345,51.5593],[-80.6145,51.4394],[-80.423,51.2715],[-80.1542,51.3907],[-79.9651,51.2218],[-79.6952,51.3396],[-79.4234,51.4567],[-79.6111,51.6269],[-79.3369,51.7439],[-79.1499,51.573],[-78.9646,51.4019],[-78.6901,51.5169],[-78.8746,51.6887],[-79.0609,51.8602],[-78.7831,51.9758],[-78.5034,52.0905],[-78.6901,52.2633],[-78.4078,52.3779],[-78.5955,52.5511],[-78.7851,52.7241],[-78.9765,52.8969],[-79.1699,53.0694],[-78.8827,53.1861],[-79.0772,53.3591],[-79.2737,53.5319],[-78.9829,53.6492],[-79.1806,53.8224],[-78.887,53.9396],[-79.0859,54.1133],[-79.2869,54.2868],[-79.49,54.4601],[-79.6952,54.633],[-79.3961,54.7523],[-79.095,54.8707],[-78.7917,54.9883],[-78.4862,55.105],[-78.1785,55.2208],[-77.8687,55.3358],[-77.5567,55.4498],[-77.2425,55.563],[-76.9261,55.6753],[-77.125,55.8545],[-76.8053,55.9666],[-76.4834,56.0777],[-76.6824,56.2582],[-76.3571,56.3691],[-76.5571,56.5501],[-76.7595,56.731],[-76.4296,56.8423],[-76.6331,57.0237],[-76.8389,57.2048],[-76.5043,57.3167],[-76.7113,57.4983],[-76.9209,57.6796],[-77.1329,57.8608],[-77.3474,58.0416],[-77.5646,58.2222],[-77.7843,58.4025],[-78.1262,58.2859],[-78.3497,58.4651],[-78.5759,58.644],[-78.8049,58.8226],[-78.4595,58.9416],[-78.1113,59.0595],[-78.3407,59.2394],[-77.9885,59.3571],[-77.6335,59.4738],[-77.8632,59.655],[-77.504,59.7714],[-77.1419,59.8867],[-77.3718,60.0693],[-77.6046,60.2515],[-77.8404,60.4334],[-77.4712,60.5501],[-77.7087,60.7325],[-78.0793,60.6149],[-78.3212,60.7961],[-77.9492,60.9146],[-78.1929,61.0963],[-77.8163,61.2145],[-77.4365,61.3315],[-77.6806,61.5146],[-77.9279,61.6974],[-78.1785,61.8797],[-78.4326,62.0617],[-78.0434,62.1811],[-78.2994,62.3636],[-77.9052,62.4828],[-77.5075,62.6007],[-77.2547,62.4164],[-76.8551,62.5322],[-76.6075,62.3466],[-76.2062,62.4603],[-75.9638,62.2735],[-75.5608,62.3851],[-75.3236,62.1971],[-74.9192,62.3065],[-74.6872,62.1174],[-74.2814,62.2246],[-73.8724,62.3306],[-73.4602,62.4352],[-73.2374,62.2433],[-72.8241,62.3457],[-72.6067,62.1528],[-72.3924,61.9596],[-72.1811,61.7661],[-71.9728,61.5725],[-71.5651,61.6704],[-71.3619,61.4758],[-71.7675,61.3787],[-71.5651,61.1847],[-71.1616,61.2811],[-70.9641,61.0861],[-70.56,61.1804],[-70.3674,60.9846],[-69.9628,61.0768],[-69.7751,60.8801],[-69.3701,60.9702],[-69.1874,60.7727],[-69.5901,60.6833],[-69.9903,60.5925],[-69.8057,60.3962],[-69.6236,60.1999],[-69.444,60.0034],[-69.8352,59.9134],[-69.6559,59.7175],[-69.479,59.5215],[-69.8637,59.4316],[-69.6872,59.2362],[-69.3045,59.3254],[-69.1324,59.1293],[-68.9625,58.933],[-68.5817,59.0196],[-68.416,58.8226],[-68.2526,58.6256],[-68.0913,58.4284],[-67.7144,58.5119],[-67.5572,58.3141],[-67.1803,58.3956],[-66.8014,58.4759],[-66.4205,58.5548],[-66.5713,58.7544],[-66.1862,58.8327],[-65.799,58.9096],[-65.9475,59.1104],[-65.556,59.1866],[-65.7042,59.388],[-65.3084,59.4634],[-65.4563,59.6654],[-65.6063,59.8673],[-65.2036,59.9426],[-64.7989,60.0164],[-64.946,60.2195],[-64.5367,60.2925],[-64.3921,60.0888],[-64.2495,59.8851],[-64.109,59.6814],[-63.9704,59.4777],[-63.8338,59.2741],[-63.4349,59.3428],[-63.3026,59.1387],[-63.1721,58.9345],[-63.0434,58.7305],[-62.9164,58.5264],[-62.7912,58.3224],[-62.6676,58.1185],[-62.5457,57.9147],[-62.1619,57.9784],[-62.0439,57.7741],[-61.9275,57.5699],[-61.5468,57.6314],[-61.4342,57.4268],[-61.8126,57.3658],[-61.6992,57.1618],[-61.323,57.2223],[-61.2134,57.0179],[-61.5873,56.9578],[-61.4769,56.7539],[-61.1051,56.8136],[-60.9983,56.6093],[-61.3678,56.5501],[-61.2602,56.3465],[-61.1539,56.1429],[-60.7887,56.2012],[-60.6859,55.9973],[-60.5844,55.7935],[-60.2221,55.8497],[-60.124,55.6456],[-60.4842,55.5898],[-60.3852,55.3863],[-60.0271,55.4416],[-59.9314,55.2378],[-59.5742,55.2915],[-59.4818,55.0874],[-59.1255,55.1395],[-59.0362,54.9351],[-58.6809,54.9856],[-58.5948,54.781],[-58.2405,54.8298],[-57.8852,54.8774],[-57.8043,54.6723],[-57.45,54.7183],[-57.3722,54.513],[-57.7244,54.4673],[-57.6454,54.2625],[-57.5674,54.0579],[-57.2193,54.1029],[-57.1443,53.8981],[-57.0701,53.6935],[-56.7251,53.7366],[-56.3792,53.7785],[-56.3099,53.5735],[-55.9652,53.6139],[-55.8987,53.4087],[-55.833,53.2038],[-55.7681,52.999],[-55.704,52.7945],[-55.6406,52.5901],[-55.578,52.3859],[-55.9111,52.3472],[-55.8473,52.1435],[-55.7843,51.94],[-56.113,51.9007],[-56.441,51.8602],[-56.3751,51.6575],[-56.7006,51.6161],[-56.6336,51.4138],[-56.3099,51.4549],[-55.9855,51.4948],[-55.6603,51.5336],[-55.5994,51.3307],[-55.9228,51.2922],[-55.8608,51.0897],[-55.7995,50.8875],[-56.1187,50.8484],[-56.0564,50.6466],[-55.7389,50.6855],[-55.4207,50.7232],[-55.1019,50.7598],[-55.0453,50.5575],[-54.7276,50.5928],[-54.4092,50.6269],[-54.0903,50.6599],[-53.7708,50.6919],[-53.8204,50.8951],[-53.4986,50.9261],[-53.547,51.1298],[-53.2228,51.1598],[-53.27,51.3639],[-53.3176,51.5683],[-52.9893,51.5976],[-53.0357,51.8023],[-53.0826,52.0073],[-53.1301,52.2125],[-52.7956,52.2412],[-52.8417,52.4469],[-52.5047,52.4746],[-52.5494,52.6806],[-52.21,52.7073],[-52.2532,52.9138],[-52.2969,53.1205],[-52.3412,53.3274],[-52.386,53.5345],[-52.4314,53.7418],[-52.4773,53.9493],[-52.5238,54.1571],[-52.5709,54.3651],[-52.6185,54.5733],[-52.9768,54.5448],[-53.0272,54.753],[-53.0783,54.9613],[-53.4404,54.9311],[-53.4944,55.1395],[-53.858,55.1077],[-53.9149,55.316],[-54.28,55.2827],[-54.34,55.4909],[-54.7067,55.456],[-55.0725,55.4197],[-55.1378,55.6277],[-55.5051,55.5898],[-55.5735,55.7977],[-55.9422,55.7582],[-56.0138,55.9659],[-56.3839,55.9248],[-56.4588,56.1324],[-56.5346,56.3401],[-56.9083,56.297],[-56.9875,56.5046],[-57.3625,56.4598],[-57.4451,56.6672],[-57.5288,56.8748],[-57.9074,56.8279],[-57.9946,57.0353],[-58.083,57.2428],[-58.1726,57.4504],[-58.2633,57.6581],[-58.6504,57.6084],[-58.7449,57.8159],[-58.8407,58.0235],[-58.9378,58.2313],[-59.0362,58.4391],[-59.1361,58.6471],[-59.2373,58.8552],[-59.3399,59.0634],[-59.444,59.2717],[-59.5496,59.4801],[-59.6568,59.6886],[-59.7654,59.8972],[-59.8757,60.1059],[-59.9876,60.3147],[-60.1011,60.5236],[-60.2163,60.7325],[-59.7887,60.7886],[-59.9027,60.9981],[-60.0184,61.2077],[-59.5829,61.2631],[-59.6973,61.4733],[-59.8135,61.6835],[-59.37,61.7383],[-59.4847,61.949],[-59.6013,62.1599],[-59.1495,62.214],[-59.2645,62.4253],[-58.8075,62.4783],[-58.921,62.6902],[-58.4587,62.7419],[-57.9946,62.7919],[-58.1028,63.0048],[-58.2127,63.2178],[-57.7396,63.267],[-57.2648,63.3144],[-57.3691,63.5284],[-56.8887,63.5744],[-56.9908,63.7889],[-56.5048,63.8336],[-56.6048,64.0486],[-56.113,64.0919],[-56.2106,64.3074],[-56.3099,64.5231],[-56.411,64.7388],[-55.905,64.7814],[-56.0035,64.9977],[-56.1038,65.2141],[-55.5873,65.2556],[-55.6849,65.4724],[-55.1621,65.5124],[-54.6375,65.5503],[-54.1114,65.5863],[-54.0276,65.3683],[-53.5046,65.4019],[-53.427,65.1837],[-53.3508,64.9657],[-52.8355,64.9967],[-52.7652,64.7784],[-52.6961,64.5604],[-52.6281,64.3424],[-52.125,64.3706],[-52.1885,64.5888],[-52.2532,64.8072],[-52.319,65.0257],[-52.386,65.2444],[-52.4543,65.4632],[-52.9801,65.4336],[-53.0544,65.6522],[-53.1301,65.871],[-53.2072,66.0899],[-53.7462,66.0573],[-53.8297,66.276],[-53.9149,66.4949],[-53.3659,66.5282],[-53.4475,66.7474],[-53.5308,66.9669],[-53.6156,67.1864],[-53.7022,67.406],[-53.7905,67.6258],[-53.8807,67.8456],[-53.2971,67.8789],[-53.3832,68.0992],[-53.4711,68.3197],[-53.5609,68.5402],[-52.9575,68.5723],[-52.3524,68.602],[-51.7456,68.6294],[-51.1373,68.6544],[-51.2034,68.8763],[-51.2711,69.0984],[-50.6482,69.1216],[-50.7106,69.3441],[-50.7743,69.5667],[-50.8395,69.7894],[-50.9061,70.0123],[-51.5569,69.9879],[-52.2061,69.9611],[-52.125,69.7388],[-52.0458,69.5167],[-52.679,69.488],[-52.5946,69.2664],[-53.2192,69.2356],[-53.8418,69.2024],[-53.9396,69.4234],[-54.0395,69.6444],[-54.6734,69.608],[-54.7824,69.8287],[-54.8939,70.0494],[-55.008,70.2703],[-54.353,70.308],[-53.6955,70.3432],[-53.7974,70.5649],[-54.4623,70.5293],[-54.5742,70.7507],[-53.9017,70.7868],[-53.2267,70.8202],[-52.5494,70.8511],[-52.4606,70.6284],[-51.789,70.6563],[-51.1155,70.6815],[-51.1886,70.9048],[-51.87,70.8793],[-51.953,71.1023],[-52.0379,71.3255],[-52.7336,71.2966],[-52.8291,71.5195],[-52.9269,71.7425],[-53.6371,71.7101],[-53.5308,71.4875],[-54.2299,71.4528],[-54.9262,71.4153],[-55.6197,71.3752],[-55.751,71.5964],[-55.8855,71.8175],[-55.1755,71.8587],[-55.3048,72.0804],[-55.4375,72.3022],[-55.5735,72.524],[-54.8336,72.564],[-54.9638,72.7864],[-55.7131,72.7459],[-55.8564,72.9677],[-56.0035,73.1896],[-56.1547,73.4115],[-56.3099,73.6334],[-56.4695,73.8553],[-56.6336,74.0771],[-56.8024,74.299],[-56.9761,74.5208],[-57.1549,74.7426],[-57.3391,74.9644],[-58.1906,74.9143],[-58.3925,75.1352],[-58.6005,75.356],[-58.815,75.5768],[-59.0362,75.7975],[-59.9314,75.7406],[-60.1729,75.9602],[-60.4222,76.1797],[-61.336,76.1174],[-62.2415,76.0517],[-62.5256,76.2688],[-63.4349,76.1986],[-64.3348,76.1249],[-65.2249,76.0479],[-66.1048,75.9676],[-66.4477,76.1797],[-67.3287,76.0948],[-68.1986,76.0068],[-68.5747,76.2156],[-68.9625,76.424],[-69.3625,76.6317],[-69.7751,76.8389],[-70.6768,76.7418],[-71.1139,76.9468],[-71.5651,77.1511],[-70.641,77.2514],[-69.7024,77.3484],[-70.1448,77.5553],[-70.6022,77.7615],[-71.0754,77.967],[-72.0506,77.8649],[-72.5528,78.0678],[-73.0725,78.2699],[-72.0721,78.3756],[-72.5973,78.5786],[-71.5651,78.6827],[-70.5139,78.7831],[-69.444,78.8797],[-68.3556,78.9723],[-67.249,79.061],[-66.1247,79.1455],[-64.9831,79.2259],[-65.4099,79.4407],[-64.2307,79.5183],[-64.6538,79.7342],[-65.0952,79.9496],[-65.556,80.1644],[-66.8014,80.0817],[-67.3062,80.294],[-67.8337,80.5057],[-66.541,80.5923],[-65.2249,80.674],[-65.7256,80.8889],[-64.359,80.9675],[-62.9691,81.041],[-61.5571,81.109],[-61.9908,81.3288],[-60.5241,81.393],[-60.9454,81.614],[-61.3895,81.8345],[-59.8265,81.8963],[-58.2405,81.952],[-58.627,82.1755],[-56.9761,82.2264],[-55.3048,82.2708],[-53.6156,82.3085],[-51.9112,82.3396],[-51.7098,82.1114],[-51.5198,81.8833],[-49.8991,81.9061],[-50.0425,82.135],[-50.1944,82.3638],[-50.3558,82.5927],[-48.5763,82.6106],[-48.4682,82.3812],[-48.3665,82.1518],[-46.6847,82.1619],[-46.7357,82.3916],[-46.7899,82.6213],[-45,82.6249],[-45,82.8548],[-46.8476,82.8511],[-46.9092,83.0809],[-45,83.0848],[-43.0908,83.0809],[-43.0251,83.3108],[-41.0548,83.2989],[-39.0939,83.2792],[-38.8845,83.5079],[-36.8699,83.4794],[-34.8753,83.4429],[-34.5085,83.6693],[-32.4712,83.6233],[-30.4655,83.5695],[-28.4956,83.5079],[-26.5651,83.4389],[-27.1811,83.2202],[-25.3462,83.1464],[-25.9744,82.9294],[-24.2277,82.8511],[-22.5206,82.7664],[-20.8545,82.6754],[-21.5713,82.465],[-22.249,82.2537],[-23.8387,82.3396],[-24.444,82.1249],[-26.0296,82.2026],[-27.646,82.2742],[-28.1416,82.0546],[-26.5651,81.985],[-25.0169,81.9094],[-23.4986,81.828],[-22.8906,82.0413],[-21.3706,81.952],[-22.0113,81.7411],[-20.556,81.6487],[-21.1941,81.4392],[-21.8014,81.2287],[-20.4328,81.1358],[-19.7989,81.344],[-19.1336,81.5511],[-17.7447,81.4485],[-17.0205,81.6519],[-16.2602,81.854],[-14.8586,81.7411],[-14.0362,81.9389],[-12.6526,81.8183],[-13.4957,81.6234],[-12.1715,81.5012],[-10.8855,81.3746],[-11.7251,81.1837],[-12.9946,81.3074],[-13.7816,81.112],[-14.5345,80.915],[-15.2551,80.7166],[-15.9454,80.5168],[-16.607,80.3158],[-17.2415,80.1136],[-17.8503,79.9103],[-18.4349,79.706],[-18.9967,79.5007],[-19.5367,79.2945],[-20.0561,79.0875],[-18.9704,78.989],[-19.4861,78.7831],[-20.556,78.8797],[-21.0375,78.6711],[-21.5014,78.4619],[-21.9487,78.2519],[-20.9245,78.1606],[-21.3706,77.9517],[-20.3764,77.8584],[-19.3978,77.7615],[-19.8552,77.5553],[-20.2976,77.3484],[-19.359,77.2514],[-18.4349,77.1511],[-18.8861,76.9468],[-17.9873,76.8449],[-18.4349,76.6415],[-19.3232,76.7418],[-20.2249,76.8389],[-20.6375,76.6317],[-21.0375,76.424],[-20.1576,76.3299],[-20.556,76.123],[-19.6986,76.0273],[-20.0952,75.8214],[-19.2593,75.7241],[-19.6538,75.519],[-18.8384,75.4203],[-18.0343,75.3187],[-18.4349,75.1159],[-19.2307,75.2161],[-20.0372,75.3134],[-20.4099,75.1072],[-19.6121,75.0113],[-19.9831,74.8059],[-19.204,74.7086],[-19.5731,74.504],[-18.8119,74.4053],[-19.179,74.2016],[-19.9325,74.299],[-20.2826,74.0935],[-21.0375,74.1868],[-21.3706,73.9796],[-20.6235,73.8875],[-20.9558,73.681],[-20.2249,73.5875],[-20.556,73.3818],[-21.2796,73.4741],[-21.5953,73.2668],[-22.3194,73.3553],[-23.0513,73.4412],[-23.7908,73.5244],[-23.4986,73.7352],[-24.2539,73.8167],[-24.5377,73.6049],[-24.8142,73.3928],[-24.0755,73.3134],[-23.344,73.2313],[-22.6199,73.1465],[-22.9128,72.9374],[-22.2035,72.8511],[-22.4965,72.6428],[-21.8014,72.5551],[-22.0942,72.3475],[-22.3801,72.1396],[-23.0615,72.2251],[-23.7495,72.3081],[-24.0151,72.0977],[-23.334,72.0158],[-22.6594,71.9313],[-22.9321,71.7228],[-22.2703,71.637],[-21.6148,71.5488],[-21.8937,71.3421],[-22.1663,71.135],[-21.529,71.0467],[-21.8014,70.8403],[-21.1757,70.7507],[-21.4477,70.5451],[-21.7139,70.3392],[-22.3287,70.4268],[-22.9489,70.5122],[-23.5747,70.5953],[-24.2059,70.6762],[-23.9625,70.886],[-24.6051,70.9655],[-24.3625,71.176],[-25.0169,71.254],[-25.6768,71.3297],[-25.9065,71.1173],[-25.2532,71.0426],[-25.4841,70.8309],[-25.71,70.6191],[-25.9308,70.4072],[-25.3014,70.3327],[-24.6769,70.256],[-24.0573,70.177],[-23.4429,70.0957],[-22.8337,70.0123],[-23.0782,69.8046],[-23.3177,69.5967],[-23.9162,69.6783],[-24.1455,69.4694],[-24.3701,69.2602],[-24.9628,69.3379],[-25.1775,69.1277],[-25.3879,68.9174],[-25.9744,68.9913],[-26.1753,68.7801],[-26.3721,68.5687],[-26.9522,68.6389],[-27.1399,68.4267],[-27.7185,68.494],[-28.3008,68.5592],[-28.4742,68.3455],[-29.0546,68.4078],[-29.2192,68.1934],[-29.7976,68.2529],[-29.9536,68.0378],[-30.5297,68.0946],[-31.1088,68.1492],[-31.6908,68.2016],[-31.8274,67.9847],[-32.4067,68.0344],[-32.5351,67.817],[-32.6609,67.5997],[-33.2317,67.6462],[-33.3497,67.4285],[-33.4654,67.2108],[-33.5788,66.9932],[-33.6901,66.7757],[-34.242,66.8181],[-34.3461,66.6003],[-34.4482,66.3825],[-34.992,66.422],[-35.0872,66.2039],[-35.6279,66.241],[-35.7164,66.0227],[-36.2538,66.0573],[-36.3359,65.8387],[-36.8699,65.871],[-36.9456,65.6522],[-37.4762,65.6822],[-37.4054,65.9013],[-37.9422,65.9295],[-38.0081,65.7101],[-38.5412,65.736],[-38.601,65.5165],[-39.1304,65.5401],[-39.6608,65.5616],[-39.7099,65.3418],[-39.7582,65.1222],[-40.2799,65.1414],[-40.3226,64.9217],[-40.8404,64.9387],[-40.8777,64.719],[-40.3645,64.7022],[-40.4057,64.4829],[-40.9144,64.4995],[-40.9504,64.2802],[-40.4462,64.2638],[-40.486,64.0448],[-40.5251,63.826],[-40.5635,63.6073],[-41.0548,63.6234],[-41.0884,63.4048],[-41.1215,63.1863],[-41.6051,63.2002],[-41.6335,62.9819],[-41.6615,62.7637],[-42.1376,62.7755],[-42.6141,62.7855],[-42.6338,62.5673],[-42.1612,62.5574],[-42.1844,62.3395],[-42.2073,62.1218],[-42.2298,61.9043],[-42.2519,61.6869],[-42.2737,61.4698],[-42.7276,61.4793],[-42.7454,61.2623],[-42.763,61.0455],[-42.7803,60.8288],[-42.7974,60.6124],[-43.2376,60.6199],[-43.2511,60.4037],[-43.2643,60.1876],[-43.2773,59.9717],[-43.2902,59.7561],[-42.8631,59.7489],[-42.4362,59.74],[-42.417,59.9555],[-42.3974,60.1712],[-41.9644,60.1606],[-41.9413,60.3764],[-41.9178,60.5925],[-41.894,60.8087],[-41.4513,60.7961],[-41.4237,61.0125],[-41.3956,61.229],[-41.367,61.4457],[-40.9144,61.4311],[-40.8818,61.6479],[-40.8487,61.8648],[-40.8151,62.082],[-40.7809,62.2994],[-40.7462,62.5169],[-40.2755,62.4998],[-40.2364,62.7174],[-40.1965,62.9351],[-40.156,63.1531],[-39.6743,63.1337],[-39.629,63.3516],[-39.583,63.5697],[-39.5362,63.788],[-39.0429,63.7661],[-38.991,63.9844],[-38.9382,64.2028],[-38.4373,64.1786],[-38.3792,64.3969],[-38.3201,64.6154],[-38.2599,64.834],[-37.7468,64.8072],[-37.681,65.0257],[-37.1645,64.9967],[-36.6492,64.9657],[-36.1354,64.9327],[-36.0546,65.1504],[-35.5377,65.1152],[-35.0223,65.0779],[-34.9309,65.2951],[-34.4127,65.2556],[-34.3151,65.4724],[-33.7941,65.4305],[-33.6901,65.6471],[-33.1664,65.6028],[-32.6446,65.5565],[-32.5295,65.7722],[-32.0054,65.7235],[-31.4834,65.6729],[-31.3571,65.8877],[-30.8329,65.8346],[-30.6997,66.0489],[-30.564,66.2633],[-30.4258,66.4777],[-30.2849,66.6921],[-30.1414,66.9066],[-29.5966,66.8487],[-29.0546,66.7888],[-28.5155,66.7268],[-27.9795,66.6629],[-27.8143,66.8749],[-27.2768,66.8083],[-26.7424,66.7398],[-26.5651,66.9504],[-26.0296,66.8793],[-25.8444,67.089],[-25.308,67.0152],[-25.1148,67.2241],[-24.5777,67.1476],[-24.3765,67.3557],[-24.1714,67.5636],[-23.9625,67.7713],[-23.416,67.6905],[-23.1986,67.8973],[-22.9769,68.1039],[-22.4259,68.0193],[-22.1955,68.2249],[-21.9606,68.4302],[-21.4052,68.342],[-21.1613,68.5461],[-20.6063,68.455],[-20.3532,68.658],[-20.0952,68.8607],[-19.5367,68.7657],[-19.2693,68.967],[-18.9967,69.1681],[-18.4349,69.0691],[-18.1527,69.2688],[-17.8649,69.4681],[-17.5713,69.667],[-17.2717,69.8655],[-16.9661,70.0636],[-16.6543,70.2612],[-17.2415,70.3666],[-16.9275,70.5649],[-16.607,70.7627],[-16.2797,70.9601],[-16.8868,71.067],[-16.5571,71.265],[-16.2202,71.4625],[-15.8759,71.6595],[-15.5241,71.8559],[-14.8987,71.744],[-14.5345,71.9385],[-14.1622,72.1324],[-13.5359,72.0158],[-13.1509,72.2076],[-12.7575,72.3988],[-12.3554,72.5892],[-11.9442,72.7789],[-12.5877,72.901],[-12.1715,73.0913],[-11.7456,73.2808],[-11.3099,73.4694],[-11.9761,73.5938],[-11.5346,73.7831],[-11.0826,73.9715],[-10.6197,74.1589],[-10.1455,74.3454],[-9.6599,74.5309],[-9.1623,74.7154],[-8.4711,74.5815],[-7.9575,74.7631],[-7.4314,74.9436],[-6.8924,75.1229],[-6.3402,75.3009],[-5.7743,75.4777],[-5.1944,75.653],[-4.6001,75.8269],[-3.9909,75.9993],[-3.3665,76.1702],[-2.7263,76.3395],[-2.07,76.5071],[-1.3972,76.6729],[-2.1211,76.829],[-1.4321,76.9951],[-0.7252,77.1593],[-1.4688,77.3174],[-0.7441,77.4818],[0,77.6442],[-0.7639,77.8045],[0,77.967],[0.7848,78.1274],[0,78.29],[0.8069,78.4505],[1.6366,78.6086],[2.4896,78.7643],[3.3665,78.9176],[2.5638,79.0875],[3.4682,79.2405],[4.3987,79.3909],[3.5763,79.5636],[4.5378,79.7137],[5.5275,79.8608],[6.5463,80.0048],[7.5946,80.1457],[8.3929,79.9627],[9.4623,80.0976],[10.561,80.229],[11.6894,80.3568],[12.8477,80.4807],[14.0362,80.6007],[15.2551,80.7166],[16.5044,80.8282],[17.7839,80.9354],[18.4349,80.7308],[17.1759,80.626],[17.8189,80.4227],[18.4349,80.2182],[19.6538,80.3185],[20.8978,80.4144],[21.4477,80.2048],[22.6938,80.294],[23.9625,80.3787],[24.444,80.1644],[25.71,80.2425],[26.1468,80.026],[27.4076,80.0976],[27.8015,79.879],[26.5651,79.8089],[26.9657,79.5914],[25.7693,79.5183],[26.1753,79.3019],[25.0169,79.2259],[23.8753,79.1455],[23.4287,79.3587],[22.2856,79.2724],[21.8014,79.4832],[20.6589,79.3909],[19.5367,79.2945],[20.0561,79.0875],[20.556,78.8797],[21.0375,78.6711],[21.5014,78.4619],[21.9487,78.2519],[22.9887,78.3395],[23.4047,78.1274],[23.8059,77.9148],[24.1932,77.7016],[23.1986,77.6187],[23.587,77.4066],[22.6199,77.3215],[22.2176,77.5322],[21.2505,77.442],[20.8209,77.6506],[21.8014,77.7423],[21.3706,77.9517],[20.9245,78.1606],[20.4623,78.3688],[19.9831,78.5763],[18.9465,78.4778],[19.44,78.2721],[18.4349,78.1717],[18.9246,77.967],[17.9494,77.8649],[18.4349,77.6612],[17.488,77.5574],[17.9691,77.3547],[17.049,77.2494],[17.5256,77.0475],[16.631,76.9408],[17.1027,76.7398],[16.2324,76.6317],[15.3763,76.5206],[15.8519,76.3223],[16.6992,76.4317],[17.1524,76.2308],[18.0042,76.3356],[18.869,76.4375],[19.7468,76.5362],[20.6375,76.6317],[21.541,76.7241],[22.4569,76.8131],[22.8337,76.6024],[23.1986,76.3913],[22.3062,76.3051],[21.4253,76.2156],[21.8014,76.0068],[20.9427,75.9156],[20.0952,75.8214],[19.2593,75.7241],[19.6538,75.519],[18.8384,75.4203],[19.2307,75.2161],[19.6121,75.0113],[18.8247,74.9125],[19.204,74.7086],[19.9831,74.8059],[20.3441,74.6],[21.1247,74.6933],[21.4677,74.4856],[22.249,74.5747],[21.9149,74.7836],[22.7144,74.8712],[23.5232,74.9557],[23.1986,75.1668],[24.0265,75.2496],[24.8637,75.3294],[24.5505,75.5425],[25.4077,75.6203],[25.0963,75.8343],[25.9744,75.9101],[26.8619,75.9825],[26.5651,76.1986],[27.4744,76.2688],[27.1811,76.4858],[28.1132,76.5537],[29.0546,76.618],[28.7798,76.8369],[29.7449,76.8988],[30.7189,76.9568],[31.7014,77.0112],[31.9307,76.7893],[32.9052,76.8389],[33.1113,76.6161],[34.0772,76.6611],[35.0494,76.7024],[35.2176,76.478],[36.1796,76.5148],[37.1467,76.5478],[38.1183,76.577],[39.0939,76.6024],[40.0729,76.6239],[41.0548,76.6415],[40.9858,76.8688],[41.9872,76.8828],[41.9335,77.1104],[42.9546,77.1206],[42.9174,77.3484],[43.9584,77.3547],[43.9391,77.5828],[45,77.5849],[45,77.8131],[46.0809,77.811],[47.1611,77.8045],[47.2026,78.0327],[48.3019,78.0217],[49.3987,78.0064],[50.4923,77.9867],[51.5819,77.9626],[52.6668,77.9343],[53.7462,77.9017],[54.8193,77.8649],[55.8855,77.8239],[56.0937,78.048],[57.1715,78.002],[58.2405,77.9517],[59.3003,77.8974],[59.5742,78.1185],[60.6422,78.059],[60.9454,78.2788],[62.0205,78.214],[63.0834,78.1451],[64.1336,78.0722],[65.1707,77.9954],[66.1941,77.9148],[67.2035,77.8303],[66.8014,77.6187],[67.7824,77.5322],[68.7495,77.442],[68.334,77.2329],[67.9321,77.0233],[68.8602,76.9328],[68.459,76.7241],[69.3625,76.6317],[68.9625,76.424],[68.5747,76.2156],[67.6938,76.3051],[67.3287,76.0948],[66.4477,76.1797],[66.1048,75.9676],[65.7723,75.7552],[64.9037,75.8343],[64.5923,75.6203],[63.7258,75.6949],[63.4349,75.4794],[62.5713,75.5497],[62.3005,75.3329],[61.4404,75.3988],[61.1892,75.1808],[60.9454,74.9627],[60.1011,75.0234],[59.8757,74.8042],[59.6568,74.5848],[59.444,74.3654],[58.627,74.4204],[58.431,74.2],[58.2405,73.9796],[58.0552,73.7591],[57.875,73.5386],[57.0948,73.5875],[56.9293,73.3662],[56.7683,73.145],[56.6115,72.9237],[55.8564,72.9677],[55.7131,72.7459],[55.5735,72.524],[55.4375,72.3022],[55.3048,72.0804],[55.1755,71.8587],[55.8855,71.8175],[55.751,71.5964],[55.6197,71.3752],[56.3099,71.3324],[56.1738,71.1119],[56.853,71.067],[56.7125,70.847],[57.3808,70.8002],[57.2361,70.5808],[56.5752,70.6271],[55.9111,70.6709],[55.2441,70.7121],[54.5742,70.7507],[54.4623,70.5293],[53.7974,70.5649],[53.6955,70.3432],[53.5959,70.1215],[53.4986,69.8999],[52.8533,69.9317],[52.7652,69.7098],[52.125,69.7388],[52.0458,69.5167],[51.4108,69.5429],[51.3402,69.3206],[50.7106,69.3441],[50.6482,69.1216],[50.0241,69.1424],[49.9697,68.9198],[49.9166,68.6974],[49.8645,68.4751],[49.2588,68.4928],[48.6522,68.5082],[48.6139,68.2857],[48.0128,68.2986],[47.9815,68.076],[47.3859,68.0865],[46.7899,68.0946],[46.7715,67.872],[46.1812,67.8777],[46.1691,67.6553],[45.5846,67.6587],[45,67.6598],[45,67.4374],[45,67.2152],[45.5729,67.2141],[45.5673,66.9921],[46.1344,66.9888],[46.1233,66.767],[46.6847,66.7616],[47.2457,66.754],[47.268,66.9756],[47.8341,66.9658],[47.8624,67.1875],[47.8913,67.4094],[47.9207,67.6314],[48.5035,67.619],[48.5396,67.8411],[49.1276,67.8262],[49.7148,67.809],[49.7636,68.0309],[50.3558,68.0113],[50.4119,68.2331],[50.4691,68.455],[51.0725,68.4326],[51.6745,68.4078],[51.7456,68.6294],[52.3524,68.602],[52.4314,68.8233],[53.0429,68.7933],[53.6525,68.7609],[53.5609,68.5402],[54.1623,68.5058],[54.0665,68.2857],[54.6599,68.2494],[54.7618,68.4692],[55.3591,68.4302],[55.4692,68.6496],[56.0702,68.6079],[56.6688,68.5639],[57.2648,68.5177],[57.3954,68.7357],[57.9946,68.6866],[58.134,68.9041],[58.7363,68.8522],[59.3354,68.7981],[59.1843,68.5818],[59.0362,68.3655],[59.6209,68.3103],[59.7746,68.526],[59.9314,68.7417],[60.5241,68.683],[60.69,68.8981],[60.8594,69.1131],[60.2551,69.173],[60.4222,69.3886],[60.5928,69.6043],[59.9729,69.6633],[59.3493,69.7199],[59.5111,69.9368],[58.8775,69.9918],[58.2405,70.0443],[58.3925,70.2625],[58.5479,70.4806],[59.1986,70.4268],[59.8455,70.3706],[59.6764,70.1537],[60.3128,70.0957],[60.141,69.8795],[60.7672,69.8198],[61.3895,69.7578],[62.0079,69.6935],[62.6223,69.6268],[63.2325,69.5579],[63.8384,69.4868],[64.44,69.4134],[65.0372,69.3379],[65.6299,69.2602],[65.4099,69.0509],[65.9929,68.9719],[66.5713,68.8908],[67.1452,68.8077],[67.7144,68.7225],[67.4794,68.5165],[68.0394,68.4302],[68.5948,68.342],[68.8387,68.5461],[69.0875,68.7501],[68.5232,68.8402],[68.7723,69.0448],[68.1986,69.1338],[68.4481,69.3391],[67.8645,69.4271],[67.2759,69.513],[66.6823,69.5967],[66.9218,69.8046],[67.1663,70.0123],[67.4161,70.2197],[66.8014,70.3041],[67.0511,70.5122],[67.3062,70.7201],[66.6746,70.8042],[66.9296,71.0128],[67.1903,71.2211],[67.4569,71.4292],[67.7297,71.637],[68.3852,71.5488],[68.6705,71.7553],[68.9625,71.9613],[68.2946,72.0517],[68.587,72.2585],[68.8865,72.465],[69.1932,72.6711],[69.5074,72.8768],[70.2011,72.7819],[70.5297,72.986],[71.222,72.8874],[71.9061,72.7864],[72.582,72.683],[72.2351,72.4827],[72.8973,72.3783],[72.5528,72.1786],[72.2161,71.9785],[71.8869,71.7779],[72.5252,71.6749],[72.1981,71.475],[71.8781,71.2746],[72.4991,71.1719],[72.1811,70.9722],[72.7904,70.8685],[72.4744,70.6695],[73.0725,70.5649],[72.7585,70.3666],[72.451,70.1679],[72.1497,69.9687],[72.7283,69.8655],[72.4287,69.667],[72.9971,69.5629],[72.6995,69.3651],[72.4076,69.1669],[72.9622,69.0631],[72.6721,68.8655],[73.2174,68.7609],[73.7571,68.6544],[73.4652,68.4585],[73.1786,68.2623],[72.8973,68.0656],[73.4212,67.9605],[73.1416,67.7645],[72.867,67.5681],[72.5973,67.3713],[72.3324,67.1742],[72.0721,66.9767],[71.8163,66.779],[71.3126,66.8782],[71.0647,66.6791],[70.56,66.7757],[70.3197,66.5755],[70.0836,66.375],[70.5815,66.2803],[70.821,66.4798],[71.3181,66.3825],[71.811,66.2835],[72.2996,66.1828],[72.5528,66.3793],[72.0611,66.4809],[72.3156,66.6781],[72.8104,66.5755],[73.0725,66.7714],[73.3391,66.9669],[73.8355,66.8607],[74.1099,67.0548],[73.6105,67.162],[73.8866,67.3568],[74.1676,67.5511],[74.4537,67.7451],[74.7449,67.9386],[75.0414,68.1317],[74.5214,68.2424],[73.996,68.3514],[74.2914,68.5461],[74.5923,68.7405],[74.8989,68.9343],[75.4342,68.8221],[75.75,69.0144],[76.2827,68.8993],[76.8094,68.7825],[77.3302,68.6639],[77.6609,68.8522],[77.1372,68.9719],[76.6075,69.0899],[76.0717,69.2061],[75.5297,69.3206],[75.2113,69.1277],[74.6667,69.2393],[74.3578,69.0448],[73.8108,69.1534],[74.1161,69.349],[73.5596,69.4569],[73.8672,69.6532],[73.3008,69.7603],[73.6105,69.9572],[73.9264,70.1537],[74.2488,70.3497],[74.5778,70.5451],[73.9888,70.6549],[74.3205,70.8511],[73.7203,70.9601],[74.0546,71.1569],[73.4429,71.265],[72.8241,71.3711],[73.1562,71.5698],[73.4956,71.768],[73.8427,71.9656],[74.4759,71.8559],[74.8355,72.0517],[75.2032,72.2469],[75.8378,72.1324],[75.4655,71.9385],[75.1013,71.744],[75.7189,71.63],[75.3581,71.4361],[75.9638,71.3214],[76.5618,71.2047],[77.1523,71.086],[77.7352,70.9655],[78.3106,70.843],[78.6901,71.0304],[78.1113,71.1541],[77.5249,71.276],[76.9307,71.396],[76.3287,71.514],[76.7014,71.7059],[76.0875,71.8232],[76.4641,72.0158],[77.0822,71.8971],[77.692,71.7765],[78.0849,71.9656],[77.4712,72.0876],[76.8491,72.2076],[77.2425,72.3988],[77.6446,72.5892],[78.2749,72.4665],[78.8962,72.3417],[79.5085,72.2149],[80.112,72.0862],[80.7067,71.9556],[81.2926,71.8232],[81.8699,71.689],[82.3039,71.8686],[82.7468,72.0473],[82.1645,72.1844],[81.573,72.3197],[80.9724,72.4532],[80.3625,72.5848],[80.8033,72.7684],[81.2538,72.951],[80.6279,73.0836],[79.992,73.2143],[80.4457,73.399],[80.9097,73.5827],[81.5525,73.449],[82.0304,73.6302],[82.6656,73.493],[83.1572,73.6715],[83.7844,73.5307],[84.2894,73.7065],[84.8056,73.881],[85.4261,73.7352],[85.9555,73.9068],[86.4965,74.0771],[87.0492,74.2461],[86.4237,74.397],[85.7858,74.5461],[86.3478,74.7171],[86.9225,74.8867],[87.5104,75.0548],[88.1118,75.2214],[88.727,75.3863],[89.3563,75.5497],[90,75.7113],[90.6437,75.5497],[91.302,75.7077],[91.9749,75.8638],[92.6026,75.6967],[93.2892,75.849],[92.663,76.018],[93.3665,76.1702],[93.9909,75.9993],[94.7079,76.1475],[95.4403,76.2936],[96.0441,76.1174],[96.6325,75.9397],[97.3738,76.0798],[98.1301,76.2175],[98.9017,76.3529],[99.6888,76.4858],[100.2441,76.2993],[101.0409,76.4278],[100.4915,76.6161],[101.3099,76.7438],[100.751,76.9328],[101.5922,77.0597],[102.45,77.1838],[101.8887,77.3754],[102.7712,77.4986],[103.6713,77.6187],[104.5889,77.7358],[105.124,77.5385],[106.049,77.6506],[106.5571,77.4504],[105.6422,77.3402],[106.1443,77.1409],[106.631,76.9408],[107.5256,77.0475],[107.9873,76.8449],[107.1027,76.7398],[106.2324,76.6317],[106.6992,76.4317],[107.5603,76.5381],[108.4349,76.6415],[109.3232,76.7418],[110.2249,76.8389],[110.6375,76.6317],[111.541,76.7241],[111.9296,76.5148],[112.8337,76.6024],[113.1986,76.3913],[113.5523,76.1797],[113.8952,75.9676],[114.2277,75.7552],[113.3691,75.673],[113.7026,75.4615],[114.0265,75.2496],[113.1986,75.1668],[112.3801,75.0809],[112.7144,74.8712],[111.9149,74.7836],[111.1247,74.6933],[111.4677,74.4856],[110.6955,74.3937],[109.9325,74.299],[109.179,74.2016],[109.5367,73.9974],[110.2826,74.0935],[110.6235,73.8875],[111.3706,73.9796],[111.6951,73.7719],[112.4428,73.8601],[112.751,73.6508],[113.4986,73.7352],[113.7908,73.5244],[114.5377,73.6049],[115.292,73.6826],[116.0535,73.7575],[116.3126,73.5433],[117.0721,73.6144],[117.8381,73.6826],[118.0725,73.4663],[118.8355,73.5307],[119.0546,73.3134],[118.3008,73.2498],[118.5231,73.0332],[119.268,73.0959],[120.0184,73.1557],[120.2173,72.9374],[120.9638,72.9936],[121.7151,73.0469],[122.4712,73.0974],[122.6375,72.8768],[123.3885,72.9237],[123.2317,73.145],[123.0707,73.3662],[122.9052,73.5875],[123.6901,73.6334],[124.4792,73.6762],[125.2724,73.716],[125.4069,73.493],[126.1932,73.5291],[126.3136,73.3056],[127.0928,73.3382],[126.9829,73.5622],[127.7757,73.5922],[127.875,73.3678],[128.6598,73.3943],[128.746,73.1696],[128.8298,72.945],[129.5962,72.9677],[129.6678,72.7429],[129.7376,72.5181],[129.8056,72.2935],[129.0685,72.2716],[129.144,72.0473],[129.2176,71.8232],[129.2894,71.5992],[129.3595,71.3752],[129.4278,71.1514],[130.1207,71.1719],[130.1792,70.9479],[130.8653,70.9655],[130.9144,70.7414],[131.5936,70.7561],[131.5526,70.9803],[131.5107,71.2047],[132.2073,71.217],[132.1729,71.4417],[132.1376,71.6665],[132.8524,71.6763],[133.5679,71.6834],[133.5856,71.4583],[134.2927,71.4625],[135,71.4639],[135.7073,71.4625],[135.7162,71.6876],[136.4321,71.6834],[136.4144,71.4583],[137.1211,71.4514],[137.1476,71.6763],[137.8624,71.6665],[138.5763,71.6538],[139.2892,71.6384],[139.2364,71.414],[139.9392,71.396],[140.0006,71.6202],[140.0636,71.8445],[140.1282,72.0689],[139.3987,72.0876],[139.4556,72.3124],[139.514,72.5373],[140.2624,72.5181],[141.009,72.496],[141.0885,72.7204],[141.8428,72.695],[142.5946,72.6666],[143.3439,72.6353],[144.0903,72.6011],[144.8336,72.564],[145.5735,72.524],[146.3099,72.4812],[147.0426,72.4355],[147.7712,72.3871],[148.4957,72.3358],[149.2159,72.2818],[149.9314,72.2251],[149.7436,72.0072],[150.4463,71.9485],[150.2551,71.7313],[150.0685,71.514],[150.7512,71.4542],[151.4293,71.3918],[152.1027,71.3269],[151.8986,71.1119],[151.6992,70.8967],[152.354,70.8309],[153.0042,70.7627],[153.2171,70.9763],[153.869,70.9048],[154.5159,70.8309],[154.7468,71.0426],[155.3949,70.9655],[155.6375,71.176],[156.2864,71.0955],[156.9296,71.0128],[157.567,70.9277],[157.8337,71.135],[158.471,71.0467],[159.1022,70.956],[158.8243,70.7507],[159.444,70.6589],[160.0576,70.5649],[159.7751,70.3614],[160.3777,70.2664],[160.0963,70.0636],[159.8205,69.8604],[160.4077,69.7654],[160.9892,69.6683],[161.5651,69.5692],[162.1351,69.4681],[162.4287,69.667],[162.9971,69.5629],[163.3008,69.7603],[163.8672,69.6532],[164.4275,69.5442],[164.9816,69.4333],[165.3027,69.6268],[165.8542,69.513],[166.3995,69.3973],[166.7335,69.588],[167.2756,69.4694],[167.6192,69.6582],[167.9694,69.8465],[168.3263,70.034],[168.8708,69.91],[169.4085,69.7843],[169.0459,69.5992],[168.511,69.7237],[168.1579,69.5367],[168.6901,69.4134],[168.3407,69.227],[168.8637,69.1033],[169.3803,68.978],[169.8907,68.851],[170.3948,68.7225],[170.7539,68.9041],[171.1193,69.085],[170.6109,69.2159],[170.9807,69.3973],[170.4634,69.5279],[169.9393,69.657],[170.3112,69.8401],[170.6901,70.0225],[171.076,70.2041],[171.6071,70.0713],[172.1309,69.9368],[172.6476,69.8008],[173.047,69.9777],[173.5584,69.8388],[174.0626,69.6985],[174.4725,69.8719],[174.9709,69.7287],[175.3894,69.8999],[175.8818,69.754],[176.3086,69.9228],[176.7948,69.7742],[177.2737,69.6243],[177.7454,69.4731],[178.2101,69.3206],[178.6468,69.4831],[179.1048,69.328],[179.5559,69.1718],[-180,69.0144],[-179.5626,68.8558],[-179.1319,68.6962],[-178.7078,68.5355],[-178.2902,68.3737],[-177.847,68.526],[-177.4362,68.3619],[-177.0318,68.1969],[-176.6335,68.0309],[-176.2414,67.864],[-175.8554,67.6962],[-175.4095,67.8411],[-175.0303,67.6712],[-175.4752,67.5274],[-175.1009,67.3579],[-174.7323,67.1875],[-174.3693,67.0163],[-173.9275,67.1565],[-173.5713,66.9833],[-173.1252,67.1211],[-172.7757,66.946],[-172.3255,67.0813],[-171.9829,66.9044],[-171.6456,66.7268],[-171.3136,66.5486],[-170.8628,66.6791],[-170.5377,66.4992],[-170.2176,66.3186],[-169.9025,66.1374],[-170.3482,66.0101],[-170.789,65.8814],[-170.4753,65.7018],[-170.9097,65.5729],[-171.3394,65.4428],[-171.6561,65.6203],[-172.0825,65.4878],[-172.5041,65.3541],[-172.1847,65.1787],[-171.8699,65.0027],[-172.2843,64.8699],[-172.6942,64.7358],[-172.3815,64.5613],[-172.7857,64.4272],[-173.1856,64.2919],[-173.5007,64.4643],[-173.8972,64.3268],[-174.2176,64.4976],[-174.5424,64.6677],[-174.8718,64.837],[-175.2666,64.6953],[-175.6013,64.8629],[-175.9407,65.0298],[-175.5444,65.1736],[-175.8878,65.3408],[-176.236,65.5072],[-176.5891,65.6729],[-176.9872,65.5257],[-177.3805,65.3775],[-177.7395,65.5401],[-178.1283,65.3897],[-178.4926,65.5503],[-178.8618,65.7101],[-178.4725,65.8627],[-178.8465,66.0227],[-178.4518,66.1754],[-178.8309,66.3356],[-179.2258,66.1817],[-179.6155,66.0269],[-180,65.871],[-179.6206,65.7142],[-179.2462,65.5565],[-179.6255,65.4019],[-179.2559,65.2444],[-179.6304,65.09],[-180,64.9347],[179.6351,64.7784],[179.2748,64.6213],[178.9053,64.7745],[178.5498,64.6154],[178.1759,64.7665],[177.8253,64.6056],[177.4471,64.7547],[177.1014,64.5918],[177.4792,64.4438],[177.8524,64.2948],[178.2212,64.1448],[178.5856,63.9939],[178.9456,63.8421],[178.6028,63.6838],[178.9584,63.5321],[178.6196,63.374],[178.9708,63.2225],[179.3179,63.0701],[179.661,62.9168],[179.326,62.761],[179.6649,62.6079],[179.3338,62.4522],[179.0065,62.2958],[178.6678,62.4469],[178.3252,62.5971],[178.0021,62.4379],[177.6559,62.5862],[177.337,62.4253],[176.9872,62.5718],[176.6726,62.4092],[176.3618,62.246],[176.0091,62.3895],[175.7026,62.2246],[175.3999,62.0591],[175.1009,61.8929],[174.7462,62.0326],[174.4515,61.8648],[174.1605,61.6965],[173.8036,61.8334],[173.5169,61.6635],[173.2338,61.4931],[172.9542,61.3221],[172.6781,61.1507],[172.4054,60.9787],[172.136,60.8062],[171.7808,60.9365],[171.5157,60.7626],[171.2538,60.5883],[170.9952,60.4136],[170.7398,60.2384],[170.4875,60.0627],[170.2382,59.8867],[169.886,60.0107],[170.1342,60.1876],[169.7778,60.3114],[169.4184,60.4342],[169.0558,60.5559],[168.6901,60.6766],[168.4468,60.4962],[168.0793,60.6149],[167.8404,60.4334],[167.4712,60.5501],[167.2368,60.3674],[167.0054,60.1843],[166.7769,60.001],[166.5514,59.8173],[166.185,59.9296],[166.4091,60.1141],[166.0383,60.2261],[165.6646,60.3369],[165.4436,60.1508],[165.2254,59.9644],[165.0101,59.7778],[164.6384,59.8851],[164.8521,60.0725],[164.4759,60.1794],[164.2639,59.9912],[163.8866,60.0961],[163.679,59.9069],[163.4742,59.7175],[163.272,59.5279],[163.0725,59.3381],[163.4429,59.2362],[163.2443,59.047],[163.0481,58.8575],[162.6811,58.9579],[162.4891,58.7676],[162.2996,58.5771],[162.1124,58.3865],[161.9277,58.1957],[162.288,58.0981],[162.1039,57.9079],[162.4602,57.81],[162.646,57.9995],[163.0016,57.8997],[163.355,57.7988],[163.1661,57.6107],[162.9795,57.4224],[162.7951,57.234],[162.613,57.0454],[162.958,56.9462],[162.7766,56.7582],[163.1179,56.6586],[163.457,56.558],[163.2749,56.3712],[163.6105,56.2702],[163.429,56.084],[163.0948,56.1843],[162.9169,55.9973],[162.582,56.0959],[162.2451,56.1935],[162.0721,56.005],[161.9011,55.8164],[162.2351,55.7201],[162.0647,55.5321]],[[164.3353,58.7366],[163.9741,58.8412],[164.1761,59.029],[164.3806,59.2165],[164.7449,59.1104],[164.5388,58.9236],[164.3353,58.7366]],[[143.5691,73.0821],[142.8002,73.1143],[142.9072,73.3382],[142.125,73.3678],[141.3402,73.3943],[140.553,73.4177],[140.6307,73.6429],[140.7106,73.8681],[141.5198,73.844],[142.3264,73.8167],[143.1301,73.7863],[143.0171,73.5622],[143.8068,73.5291],[143.6864,73.3056],[143.5691,73.0821]],[[-167.1419,59.8867],[-167.3718,60.0693],[-167.0054,60.1843],[-166.636,60.2983],[-166.2637,60.4111],[-166.0383,60.2261],[-165.6646,60.3369],[-165.4436,60.1508],[-165.8157,60.0408],[-165.596,59.8552],[-165.9638,59.7448],[-166.185,59.9296],[-166.5514,59.8173],[-166.7769,60.001],[-167.1419,59.8867]],[[-171.3844,63.2447],[-171.6743,63.4206],[-171.9683,63.596],[-171.573,63.7273],[-171.2803,63.5509],[-170.8821,63.68],[-170.48,63.8079],[-170.1939,63.629],[-169.9118,63.4496],[-169.6337,63.2698],[-169.2319,63.3936],[-168.9591,63.2123],[-169.3594,63.0894],[-169.7559,62.9654],[-170.0316,63.1448],[-170.3112,63.3237],[-170.5947,63.5021],[-170.9915,63.374],[-171.3844,63.2447]],[[140.7928,74.0935],[139.9697,74.1147],[140.0425,74.3405],[140.8774,74.3189],[140.7928,74.0935]],[[139.2679,74.5848],[138.4166,74.6],[138.4682,74.8265],[137.6026,74.8385],[137.6425,75.0652],[136.7624,75.074],[136.7899,75.3009],[136.8183,75.528],[136.8476,75.7552],[137.7702,75.7461],[137.8156,75.9732],[137.8624,76.2005],[138.8141,76.1872],[139.7636,76.1702],[139.6859,75.9435],[140.6176,75.923],[140.7106,76.1494],[141.6544,76.1249],[142.5946,76.0967],[142.4716,75.8712],[143.3929,75.8398],[144.3099,75.8048],[145.2222,75.7662],[145.0607,75.5425],[144.9042,75.3187],[144.7524,75.0949],[143.8807,75.1317],[143.7462,74.9074],[142.8831,74.9402],[142.0165,74.9696],[141.1466,74.9956],[141.0542,74.77],[140.1944,74.7922],[139.3323,74.811],[139.2679,74.5848]],[[148.8287,74.6406],[147.9946,74.6933],[148.1906,74.9143],[147.3391,74.9644],[146.482,75.0113],[146.6593,75.2337],[146.8421,75.4561],[147.7244,75.4078],[148.6005,75.356],[149.4703,75.3009],[150.3333,75.2425],[150.1011,75.0234],[150.9454,74.9627],[150.7086,74.7444],[149.8757,74.8042],[149.0362,74.8608],[148.8287,74.6406]],[[111.4677,74.4856],[112.249,74.5747],[113.0394,74.661],[113.3556,74.4504],[113.6631,74.2395],[112.8906,74.1557],[112.1263,74.069],[111.8014,74.2775],[111.4677,74.4856]],[[179.5185,70.7561],[179.029,70.9129],[178.5312,71.0684],[179.0122,71.2307],[179.5018,71.3918],[-180,71.5516],[-179.493,71.7101],[-178.9949,71.5488],[-178.5057,71.3863],[-177.9904,71.5405],[-177.5104,71.3752],[-178.0251,71.2225],[-177.553,71.0575],[-178.0585,70.9048],[-178.5312,71.0684],[-179.029,70.9129],[-179.5103,71.0738],[-180,70.9156],[179.5185,70.7561]],[[105.3955,78.3598],[104.4208,78.2452],[103.4652,78.1274],[102.875,78.3215],[101.9293,78.1984],[101.0035,78.0722],[100.0975,77.943],[99.4623,78.1296],[100.3758,78.2609],[99.7276,78.4482],[100.6698,78.5786],[100.008,78.7667],[100.9807,78.8962],[101.9761,79.0226],[101.3099,79.2137],[102.3391,79.3389],[102.9946,79.1455],[103.627,78.9509],[104.6568,79.0682],[105.2551,78.8702],[105.8324,78.6711],[104.8265,78.5579],[105.3955,78.3598]],[[79.5484,73.0286],[79.1145,72.8421],[78.4763,72.9677],[78.9063,73.1557],[79.5484,73.0286]],[[93.5763,79.5636],[92.6425,79.4108],[91.7899,79.5788],[90.9094,79.7445],[91.8476,79.9025],[90.9392,80.0684],[91.9092,80.2263],[92.9108,80.3814],[91.9749,80.5503],[93.0128,80.7052],[94.0856,80.8571],[93.1221,81.0292],[94.2364,81.1807],[95.1944,81.0056],[96.3402,81.1508],[97.2532,80.9705],[98.1301,80.788],[97.0013,80.6486],[97.8533,80.4669],[96.7662,80.3267],[97.5946,80.1457],[98.3929,79.9627],[99.4623,80.0976],[100.2222,79.9103],[100.9541,79.7214],[99.9042,79.5914],[100.6197,79.4033],[99.6052,79.2724],[100.3048,79.0851],[99.3236,78.9533],[98.3659,78.8183],[97.4314,78.6804],[96.7098,78.8608],[95.9645,79.0394],[95.1944,79.2161],[94.3987,79.3909],[93.5763,79.5636]],[[75.0333,73.0592],[74.6499,72.8632],[73.9797,72.9738],[74.3578,73.1711],[75.0333,73.0592]],[[70.5297,72.986],[69.8293,73.0821],[70.1593,73.287],[70.4976,73.4914],[71.2114,73.3928],[71.9166,73.2916],[71.5651,73.0898],[70.8664,73.1896],[70.5297,72.986]],[[80.7067,80.9238],[79.8753,80.7365],[78.6901,80.8657],[79.5085,81.0557],[80.7067,80.9238]],[[63.9246,81.4764],[65.3764,81.3992],[64.8552,81.1837],[66.2505,81.1031],[65.7256,80.8889],[64.359,80.9675],[63.8861,80.7508],[62.5256,80.8225],[62.1027,80.6035],[61.6992,80.3842],[60.3763,80.4475],[60.0184,80.2263],[58.707,80.2832],[57.3808,80.3349],[57.6804,80.5587],[59.0362,80.5057],[59.3814,80.728],[59.7436,80.95],[60.124,81.1717],[61.5571,81.109],[61.9908,81.3288],[63.4349,81.2589],[63.9246,81.4764]],[[63.9246,81.4764],[62.4472,81.548],[62.9279,81.7668],[64.44,81.6932],[63.9246,81.4764]],[[59.6764,80.0048],[59.3493,79.7831],[58.0919,79.8374],[58.3925,80.0604],[59.6764,80.0048]],[[57.6804,80.5587],[56.3099,80.6063],[54.9262,80.6486],[53.5308,80.6854],[53.7462,80.9121],[53.9726,81.1388],[55.4375,81.1001],[55.7131,81.3257],[56.0035,81.5511],[57.5288,81.5043],[57.875,81.7283],[59.4208,81.6741],[59.0362,81.4516],[58.6713,81.2287],[57.2005,81.2801],[56.8887,81.0557],[58.3245,81.0056],[57.9946,80.7823],[57.6804,80.5587]],[[57.3808,80.3349],[57.0948,80.111],[55.7843,80.1564],[56.0409,80.3814],[57.3808,80.3349]],[[53.3257,80.4586],[53.1301,80.2317],[51.789,80.2615],[51.953,80.4891],[53.3257,80.4586]],[[46.3639,80.3267],[45,80.3295],[45,80.5587],[43.6028,80.5559],[43.5679,80.7851],[45,80.788],[46.4321,80.7851],[47.8624,80.7765],[49.2892,80.7622],[49.3987,80.991],[50.856,80.9705],[50.7106,80.7423],[50.5722,80.5141],[50.4403,80.2859],[49.0856,80.3049],[48.9909,80.0763],[47.663,80.0896],[46.3322,80.0976],[46.3639,80.3267]],[[32.6192,80.3349],[32.9052,80.111],[31.6075,80.0604],[31.293,80.2832],[32.6192,80.3349]],[[-107.3279,68.8655],[-107.8787,68.9683],[-108.4349,69.0691],[-108.7117,68.8691],[-108.9832,68.6687],[-109.5367,68.7657],[-109.7989,68.5639],[-110.3532,68.658],[-110.6063,68.455],[-111.1613,68.5461],[-111.7211,68.6353],[-111.9606,68.4302],[-112.5206,68.5165],[-113.0851,68.6008],[-113.6542,68.683],[-113.4287,68.8908],[-114.0071,68.9719],[-113.782,69.1804],[-114.3701,69.2602],[-114.9628,69.3379],[-115.1775,69.1277],[-115.7693,69.2024],[-116.3654,69.275],[-116.1616,69.4868],[-116.7675,69.5579],[-117.3777,69.6268],[-117.1811,69.8401],[-116.9802,70.0533],[-116.7749,70.2664],[-116.1468,70.1951],[-115.5234,70.1215],[-115.3014,70.3327],[-114.6769,70.256],[-114.0573,70.177],[-113.8187,70.3862],[-113.1986,70.3041],[-112.5839,70.2197],[-112.3287,70.4268],[-112.9489,70.5122],[-113.5747,70.5953],[-114.2059,70.6762],[-114.8424,70.7547],[-115.0744,70.5438],[-115.71,70.6191],[-116.3505,70.6921],[-116.5651,70.4793],[-117.204,70.5491],[-117.8476,70.6165],[-117.646,70.8309],[-118.3008,70.8967],[-118.1014,71.1119],[-117.4397,71.0453],[-117.2287,71.2595],[-116.5651,71.1896],[-116.3421,71.4029],[-117.0127,71.4736],[-117.6884,71.5419],[-117.8973,71.3269],[-118.5707,71.3918],[-118.369,71.6076],[-119.0546,71.6707],[-118.8557,71.8871],[-118.6518,72.1035],[-118.4429,72.3197],[-118.2288,72.5359],[-118.0092,72.7519],[-118.7398,72.8165],[-118.951,72.5996],[-119.1569,72.3827],[-119.3578,72.1656],[-120.0686,72.2251],[-120.2564,72.0072],[-120.4397,71.7892],[-120.6186,71.5712],[-120.7932,71.3531],[-121.4768,71.407],[-122.1644,71.4583],[-122.3196,71.2389],[-122.4712,71.0195],[-123.147,71.067],[-123.0031,71.287],[-123.6901,71.3324],[-123.5507,71.553],[-124.249,71.5964],[-124.1145,71.8175],[-124.8245,71.8587],[-125.5377,71.8971],[-125.4171,72.1194],[-125.2933,72.3417],[-125.1664,72.564],[-125.0362,72.7864],[-124.9025,73.0088],[-124.7652,73.2313],[-124.6242,73.4537],[-124.4792,73.6762],[-123.6901,73.6334],[-123.5305,73.8553],[-124.3302,73.8987],[-124.177,74.1213],[-124.992,74.1622],[-124.8457,74.3853],[-124.0193,74.3438],[-123.1976,74.299],[-123.0239,74.5208],[-122.1957,74.4722],[-121.373,74.4204],[-120.556,74.3654],[-119.7449,74.3073],[-118.94,74.2461],[-118.1416,74.1819],[-117.3499,74.1147],[-116.5651,74.0446],[-116.822,73.8296],[-116.0535,73.7575],[-115.292,73.6826],[-115.56,73.4694],[-115.821,73.256],[-115.0836,73.1804],[-114.8142,73.3928],[-114.0755,73.3134],[-114.353,73.102],[-113.6294,73.021],[-113.9077,72.8105],[-113.1986,72.7279],[-112.9128,72.9374],[-112.2035,72.8511],[-111.5014,72.7624],[-110.8068,72.6711],[-110.1196,72.5774],[-109.7989,72.7819],[-109.113,72.6845],[-108.4349,72.5848],[-108.0939,72.7864],[-107.7447,72.9875],[-108.4349,73.0898],[-108.0834,73.2916],[-107.387,73.1881],[-107.0205,73.3881],[-106.645,73.5875],[-106.2602,73.7863],[-105.5546,73.6762],[-104.8586,73.5638],[-104.1723,73.449],[-104.5742,73.2545],[-104.9667,73.0592],[-105.3501,72.8632],[-105.7247,72.6666],[-105.0685,72.5551],[-105.4396,72.3592],[-104.7968,72.2469],[-105.1645,72.0517],[-104.5345,71.9385],[-104.8987,71.744],[-104.2811,71.63],[-104.6419,71.4361],[-104.0362,71.3214],[-104.3936,71.1282],[-103.7995,71.0128],[-104.1534,70.8202],[-103.5704,70.7041],[-102.9946,70.5861],[-102.4259,70.4662],[-101.8644,70.3445],[-101.3099,70.221],[-100.7625,70.0957],[-101.1292,69.91],[-100.5915,69.7843],[-100.9541,69.5992],[-101.489,69.7237],[-102.0306,69.8465],[-102.3808,69.6582],[-102.7244,69.4694],[-102.1886,69.349],[-101.6593,69.227],[-102.0023,69.0399],[-102.3391,68.8522],[-102.8628,68.9719],[-103.1906,68.7825],[-103.7173,68.8993],[-104.25,69.0144],[-104.5658,68.8221],[-105.1011,68.9343],[-105.6422,69.0448],[-106.1892,69.1534],[-105.8839,69.349],[-106.4404,69.4569],[-106.742,69.2602],[-107.0378,69.0631],[-107.3279,68.8655]],[[-122.7749,75.9008],[-122.5741,76.123],[-122.3666,76.3452],[-122.1523,76.5673],[-121.2005,76.5148],[-120.9638,76.7359],[-120.7189,76.9568],[-119.7449,76.8988],[-119.4759,77.1185],[-119.1975,77.3381],[-118.2016,77.2741],[-117.8973,77.4923],[-116.8962,77.4233],[-116.5651,77.6399],[-115.56,77.5659],[-115.9065,77.3505],[-116.2413,77.1348],[-116.5651,76.9188],[-115.6155,76.8449],[-115.9423,76.6298],[-116.8781,76.7024],[-117.1811,76.4858],[-117.4744,76.2688],[-118.393,76.3356],[-118.664,76.1174],[-119.5778,76.1797],[-119.8271,75.9602],[-120.0686,75.7406],[-120.9638,75.7975],[-120.7355,76.018],[-121.6513,76.0723],[-121.866,75.8509],[-122.7749,75.9008]],[[-119.1808,75.6803],[-118.9264,75.8989],[-118.0339,75.8343],[-118.3008,75.6167],[-119.1808,75.6803]],[[-110.9245,78.1606],[-109.9164,78.0656],[-110.3764,77.8584],[-109.3978,77.7615],[-109.8552,77.5553],[-110.2976,77.3484],[-111.2505,77.442],[-111.666,77.2329],[-112.6199,77.3215],[-112.2176,77.5322],[-113.1986,77.6187],[-114.1932,77.7016],[-115.2011,77.7808],[-114.8293,77.9954],[-113.8059,77.9148],[-112.7965,77.8303],[-112.3801,78.0414],[-111.3706,77.9517],[-110.9245,78.1606]],[[-117.9622,75.1159],[-117.6995,75.3329],[-117.4287,75.5497],[-117.1497,75.7662],[-116.8619,75.9825],[-116.5651,76.1986],[-115.6652,76.1249],[-115.3462,76.3395],[-115.0169,76.5537],[-114.1022,76.4741],[-114.444,76.2612],[-113.5523,76.1797],[-112.6713,76.0948],[-111.8014,76.0068],[-112.1663,75.7975],[-111.3179,75.7077],[-110.4804,75.6148],[-109.6538,75.519],[-108.8384,75.4203],[-108.4349,75.6239],[-109.2593,75.7241],[-110.0952,75.8214],[-109.6986,76.0273],[-109.29,76.2327],[-110.1576,76.3299],[-109.7468,76.5362],[-109.3232,76.7418],[-108.4349,76.6415],[-108.869,76.4375],[-108.0042,76.3356],[-108.4349,76.1325],[-107.5924,76.0292],[-106.7626,75.923],[-106.3139,76.123],[-105.4885,76.0124],[-105.9454,75.814],[-105.141,75.7022],[-105.5928,75.5046],[-106.0323,75.3063],[-106.46,75.1072],[-106.8763,74.9074],[-107.6501,75.013],[-108.0478,74.811],[-108.8247,74.9125],[-109.6121,75.0113],[-109.9831,74.8059],[-110.3441,74.6],[-111.1247,74.6933],[-111.4677,74.4856],[-112.249,74.5747],[-112.5741,74.3654],[-113.3556,74.4504],[-114.1455,74.5326],[-113.8387,74.7444],[-113.5232,74.9557],[-112.7144,74.8712],[-112.3801,75.0809],[-113.1986,75.1668],[-114.0265,75.2496],[-114.3411,75.0374],[-115.1679,75.1159],[-115.4633,74.9022],[-116.2883,74.9765],[-116.0033,75.1914],[-116.8473,75.2637],[-117.1213,75.0478],[-117.9622,75.1159]],[[-110.9245,78.1606],[-111.9487,78.2519],[-112.9887,78.3395],[-112.5572,78.5511],[-111.5014,78.4619],[-111.0375,78.6711],[-109.9831,78.5763],[-108.9465,78.4778],[-109.44,78.2721],[-110.4623,78.3688],[-110.9245,78.1606]],[[-114.6769,76.7675],[-114.3256,76.981],[-113.3852,76.8988],[-113.7495,76.6867],[-114.6769,76.7675]],[[-103.8407,78.4414],[-103.2405,78.6363],[-104.2373,78.755],[-105.2551,78.8702],[-104.6568,79.0682],[-105.7086,79.182],[-105.1011,79.381],[-104.0362,79.265],[-102.9946,79.1455],[-101.9761,79.0226],[-100.9807,78.8962],[-100.008,78.7667],[-99.0579,78.634],[-98.3659,78.8183],[-97.4314,78.6804],[-96.5198,78.5396],[-95.6307,78.396],[-94.7636,78.2497],[-95.4774,78.0744],[-96.1702,77.8974],[-96.8428,77.7187],[-97.6961,77.8584],[-97.0284,78.0392],[-97.9072,78.1784],[-98.8068,78.3147],[-99.4623,78.1296],[-98.5691,77.9954],[-99.211,77.811],[-100.0975,77.943],[-101.0035,78.0722],[-101.9293,78.1984],[-102.875,78.3215],[-103.8407,78.4414]],[[-103.8407,78.4414],[-104.4208,78.2452],[-105.3955,78.3598],[-104.8265,78.5579],[-103.8407,78.4414]],[[-100.2222,79.9103],[-99.4623,80.0976],[-98.3929,79.9627],[-99.1623,79.7779],[-100.2222,79.9103]],[[-93.4682,79.2405],[-94.3987,79.3909],[-95.1944,79.2161],[-96.1466,79.3611],[-95.3558,79.5384],[-96.3402,79.683],[-97.3524,79.8245],[-96.5463,80.0048],[-95.7106,80.1832],[-96.7662,80.3267],[-95.9061,80.5057],[-95.0131,80.6825],[-96.1155,80.8282],[-95.1944,81.0056],[-94.2364,81.1807],[-93.2397,81.3532],[-92.1211,81.1987],[-91.0416,81.041],[-92.0454,80.8744],[-91.0051,80.7166],[-90,80.5559],[-89.029,80.3924],[-88.0251,80.5503],[-88.9949,80.7166],[-90,80.8802],[-88.9584,81.041],[-90,81.2047],[-91.0809,81.3654],[-90,81.5293],[-91.1233,81.69],[-90,81.854],[-88.8309,82.0147],[-87.6141,82.1721],[-86.3478,82.3258],[-85.0303,82.4756],[-83.9275,82.2982],[-82.875,82.1182],[-81.5289,82.2571],[-82.5686,82.4405],[-81.1582,82.5784],[-79.6952,82.7116],[-80.7539,82.8994],[-79.2157,83.0313],[-78.1785,82.84],[-76.6075,82.9632],[-74.9816,83.0809],[-74.0546,82.8808],[-72.4076,82.9896],[-70.71,83.0924],[-68.9625,83.189],[-68.1986,82.9783],[-67.4794,82.7664],[-65.7723,82.8511],[-64.0256,82.9294],[-63.4349,82.7116],[-62.8787,82.4932],[-61.1892,82.5606],[-60.7086,82.3396],[-62.354,82.2742],[-61.8584,82.0546],[-63.4349,81.985],[-62.9279,81.7668],[-64.44,81.6932],[-65.9245,81.614],[-65.3764,81.3992],[-64.8552,81.1837],[-66.2505,81.1031],[-67.6199,81.0174],[-67.0679,80.8052],[-68.3852,80.7166],[-69.6769,80.6232],[-69.1022,80.4144],[-70.3462,80.3185],[-69.7751,80.111],[-70.9744,80.0128],[-70.4077,79.8063],[-71.5651,79.706],[-72.6995,79.6016],[-73.8108,79.4932],[-74.8989,79.381],[-74.2914,79.182],[-75.3432,79.0682],[-74.7449,78.8702],[-74.1676,78.6711],[-75.1735,78.5579],[-74.6045,78.3598],[-75.5792,78.2452],[-76.5348,78.1274],[-75.9638,77.9322],[-76.8908,77.8131],[-77.4712,78.0064],[-78.3885,77.8822],[-77.7995,77.691],[-78.6901,77.5659],[-78.1113,77.3754],[-78.9765,77.2494],[-78.4078,77.0597],[-77.8557,76.8688],[-77.3196,76.6768],[-78.147,76.5537],[-78.9591,76.4278],[-79.7559,76.2993],[-80.5377,76.1683],[-81.0983,76.3529],[-81.6743,76.5362],[-82.4506,76.3989],[-83.047,76.579],[-83.8114,76.4375],[-84.5597,76.2936],[-85.2921,76.1475],[-85.9144,76.3203],[-86.5526,76.4916],[-87.2737,76.3395],[-87.93,76.5071],[-88.6361,76.351],[-89.3097,76.5148],[-90,76.6768],[-89.2927,76.8369],[-88.5679,76.9951],[-87.8253,77.1511],[-87.0643,77.305],[-87.7688,77.4734],[-88.4926,77.6399],[-87.7094,77.7959],[-86.9059,77.9496],[-86.1859,77.7787],[-85.486,77.606],[-84.6678,77.753],[-85.3645,77.9278],[-86.0818,78.1009],[-86.8202,78.2721],[-87.5805,78.4414],[-88.4089,78.2855],[-89.2152,78.1274],[-90,78.29],[-90.7848,78.1274],[-91.5911,78.2855],[-92.4195,78.4414],[-93.2705,78.5948],[-94.1446,78.7456],[-93.3665,78.9176],[-94.2679,79.0682],[-93.4682,79.2405]],[[-105.6422,77.3402],[-105.124,77.5385],[-104.2159,77.4233],[-104.7436,77.2268],[-105.6422,77.3402]],[[-102.2005,77.691],[-101.6115,77.8822],[-100.7131,77.7551],[-101.3099,77.5659],[-102.2005,77.691]],[[-102.3808,76.3625],[-101.853,76.5537],[-101.0409,76.4278],[-100.4915,76.6161],[-99.9262,76.8032],[-99.1179,76.6709],[-98.3257,76.5362],[-97.5494,76.3989],[-98.1301,76.2175],[-97.3738,76.0798],[-97.9435,75.8989],[-97.2061,75.7607],[-97.7652,75.5804],[-98.3103,75.3988],[-97.5946,75.262],[-98.1301,75.0809],[-98.6525,74.8987],[-99.3602,75.0321],[-99.8658,74.8471],[-100.5816,74.9765],[-100.0806,75.1633],[-100.8139,75.2921],[-100.3048,75.4794],[-101.0564,75.6076],[-101.5601,75.4185],[-102.3194,75.5425],[-103.0919,75.6639],[-102.6002,75.8564],[-103.3925,75.9769],[-104.1986,76.0948],[-103.707,76.2898],[-104.5345,76.4066],[-104.0362,76.6024],[-103.2011,76.4838],[-102.3808,76.3625]],[[-109.7989,72.7819],[-110.4926,72.8768],[-110.1707,73.0821],[-109.4703,72.986],[-109.7989,72.7819]],[[-105.2551,75.1949],[-104.8084,75.3917],[-104.0362,75.2761],[-103.2764,75.158],[-103.7363,74.9644],[-104.4898,75.0809],[-105.2551,75.1949]],[[-96.009,77.5764],[-95.3322,77.753],[-94.6355,77.9278],[-93.8141,77.7787],[-93.0128,77.6272],[-93.7153,77.4567],[-94.514,77.606],[-95.1944,77.4316],[-96.009,77.5764]],[[-97.125,76.8988],[-96.4993,77.0779],[-95.7106,76.9348],[-95.0636,77.1104],[-94.2892,76.9629],[-93.5323,76.8131],[-92.7927,76.6611],[-92.07,76.5071],[-91.3972,76.6729],[-90.6903,76.5148],[-90,76.3548],[-89.326,76.1929],[-90,76.0329],[-89.3415,75.8712],[-88.698,75.7077],[-88.0694,75.5425],[-87.3974,75.6967],[-86.7845,75.528],[-86.1859,75.3578],[-85.5028,75.5064],[-84.8056,75.653],[-84.0939,75.7975],[-83.5169,75.6203],[-82.7939,75.7607],[-82.0565,75.8989],[-81.5014,75.7168],[-80.9605,75.5334],[-80.2176,75.6657],[-79.6952,75.4794],[-79.1861,75.2921],[-79.9194,75.1633],[-79.4184,74.9765],[-80.1342,74.8471],[-79.6409,74.661],[-80.3401,74.5309],[-80.8377,74.7154],[-81.5289,74.5815],[-82.2079,74.4454],[-82.725,74.6254],[-83.3952,74.4856],[-83.9275,74.6627],[-84.5881,74.5192],[-85.2364,74.3737],[-85.7858,74.5461],[-86.4237,74.397],[-86.9872,74.5663],[-87.6141,74.4137],[-88.1913,74.5798],[-88.7811,74.7444],[-89.3969,74.5865],[-90,74.427],[-90.6031,74.5865],[-91.2189,74.7444],[-91.8087,74.5798],[-92.4366,74.7341],[-91.8476,74.9005],[-92.4896,75.0548],[-91.8882,75.2214],[-92.5448,75.3756],[-91.9306,75.5425],[-92.6026,75.6967],[-91.9749,75.8638],[-92.663,76.018],[-93.3665,76.1702],[-94.0856,76.3203],[-94.7079,76.1475],[-95.4403,76.2936],[-96.1886,76.4375],[-95.5722,76.6141],[-96.3402,76.7576],[-97.125,76.8988]],[[-91.4688,77.3174],[-90.7441,77.4818],[-90,77.6442],[-89.2559,77.4818],[-90,77.3215],[-90.7252,77.1593],[-91.4688,77.3174]],[[-95.8696,72.5774],[-96.3402,72.4017],[-96.8013,72.2251],[-96.2258,72.0848],[-96.6799,71.9085],[-97.125,71.7313],[-97.5614,71.553],[-98.1301,71.689],[-98.5556,71.5084],[-97.9893,71.3738],[-98.4089,71.1937],[-98.9726,71.3269],[-99.5445,71.4583],[-99.1302,71.6412],[-99.7133,71.7722],[-100.3048,71.9014],[-100.905,72.0287],[-100.4915,72.2149],[-101.1038,72.3417],[-101.5138,72.154],[-102.1313,72.2774],[-101.7251,72.4665],[-102.3554,72.5892],[-102.9946,72.7099],[-102.5877,72.901],[-102.1715,73.0913],[-101.5237,72.9677],[-100.8855,72.8421],[-100.2568,72.7144],[-99.8193,72.8995],[-100.4516,73.0286],[-100.008,73.2143],[-100.6539,73.3429],[-101.3099,73.4694],[-100.8641,73.6572],[-100.4077,73.844],[-99.9406,74.0299],[-99.2726,73.8987],[-98.7905,74.082],[-98.1301,73.9472],[-97.4809,73.8103],[-96.8428,73.6715],[-97.3344,73.493],[-97.8153,73.3134],[-98.2858,73.1327],[-97.6668,72.9966],[-97.0578,72.8587],[-96.4588,72.7189],[-95.8696,72.5774]],[[-96.8924,75.1229],[-96.3402,75.3009],[-95.7743,75.4777],[-95.1944,75.653],[-94.4972,75.5064],[-93.8141,75.3578],[-93.145,75.2072],[-93.7314,75.0374],[-93.0775,74.8867],[-93.6522,74.7171],[-94.2142,74.5461],[-94.8645,74.6933],[-95.5275,74.8385],[-96.2034,74.9817],[-96.8924,75.1229]],[[-95.8696,72.5774],[-95.3893,72.7519],[-95.9806,72.8949],[-95.4923,73.0699],[-96.0959,73.2127],[-95.5993,73.3881],[-95.0921,73.5622],[-95.7106,73.7065],[-95.1944,73.881],[-94.6669,74.0543],[-94.1276,74.2263],[-93.5035,74.0771],[-92.9508,74.2461],[-92.3373,74.0935],[-91.7357,73.9391],[-91.1691,74.1033],[-90.5787,73.9456],[-90,73.7863],[-90.5673,73.6255],[-91.1233,73.4631],[-91.6683,73.2994],[-91.1017,73.1434],[-91.6366,72.9799],[-92.1611,72.815],[-92.6754,72.6487],[-93.2397,72.7999],[-93.743,72.6309],[-93.1798,72.4812],[-93.6745,72.3124],[-94.1596,72.1425],[-94.6355,71.9713],[-95.1944,72.1165],[-94.7201,72.2891],[-95.2901,72.4341],[-95.8696,72.5774]],[[-100.9679,68.7933],[-100.6197,68.978],[-100.1093,68.851],[-100.4599,68.6675],[-100.9679,68.7933]],[[-79.3803,68.978],[-78.8637,69.1033],[-78.518,68.9174],[-79.0321,68.7933],[-79.3803,68.978]],[[-22.8337,70.0123],[-22.5839,70.2197],[-21.9745,70.1331],[-22.2296,69.9266],[-22.8337,70.0123]],[[-74.7449,67.9386],[-75.2564,67.8273],[-74.9622,67.6348],[-75.4655,67.5229],[-75.1735,67.3311],[-75.6689,67.2186],[-76.1593,67.1045],[-76.4568,67.2942],[-76.9448,67.1775],[-77.25,67.3657],[-77.5604,67.5534],[-77.0674,67.6723],[-77.3807,67.8605],[-76.8796,67.9789],[-77.1957,68.1678],[-76.6864,68.2857],[-76.1713,68.4019],[-75.8609,68.2109],[-75.3432,68.3243],[-75.0414,68.1317],[-74.7449,67.9386]],[[-75.3432,68.3243],[-75.6507,68.5165],[-75.1243,68.6294],[-74.8201,68.4361],[-75.3432,68.3243]],[[-54.1179,71.2307],[-53.427,71.265],[-53.3257,71.0426],[-54.0085,71.0087],[-54.1179,71.2307]],[[-74.7449,67.9386],[-74.2281,68.0482],[-73.706,68.1561],[-73.4212,67.9605],[-73.1416,67.7645],[-73.6571,67.6587],[-73.94,67.8537],[-74.4537,67.7451],[-74.7449,67.9386]],[[-83.9559,62.616],[-83.5854,62.7528],[-83.211,62.8885],[-82.8328,63.0232],[-82.5394,62.8502],[-82.1583,62.9828],[-81.8699,62.8083],[-82.25,62.6766],[-82.6262,62.5439],[-82.3395,62.3708],[-82.711,62.2379],[-83.0789,62.1041],[-83.3675,62.2753],[-83.7325,62.1395],[-84.0257,62.3092],[-83.6598,62.446],[-83.9559,62.616]],[[-78.5549,63.3339],[-78.147,63.4543],[-77.7352,63.5735],[-77.4712,63.3889],[-77.8812,63.2707],[-78.2875,63.1512],[-78.5549,63.3339]],[[-77.0574,63.5058],[-76.6398,63.6215],[-76.3832,63.4347],[-76.7989,63.3199],[-77.0574,63.5058]],[[-80.3748,62.2317],[-79.992,62.3574],[-79.6057,62.4819],[-79.3397,62.302],[-79.0772,62.1218],[-79.4608,61.9991],[-79.2005,61.8194],[-79.5793,61.6965],[-79.9547,61.5725],[-80.2176,61.7505],[-80.484,61.9279],[-80.1061,62.0538],[-80.3748,62.2317]],[[-64.7811,62.5574],[-64.3348,62.6305],[-64.179,62.4245],[-64.6223,62.352],[-64.7811,62.5574]],[[-65.0221,61.5898],[-65.4495,61.5146],[-65.6097,61.7182],[-65.1795,61.794],[-65.0221,61.5898]],[[-65.0221,61.5898],[-64.5923,61.6635],[-64.44,61.4586],[-64.867,61.3856],[-65.0221,61.5898]],[[-68.4287,60.464],[-68.0255,60.5493],[-67.8548,60.3501],[-68.2557,60.2654],[-68.4287,60.464]],[[-79.9607,56.3288],[-79.6467,56.4499],[-79.43,56.2751],[-79.7432,56.1548],[-79.9607,56.3288]],[[-82.1467,53.0657],[-81.8699,53.1912],[-81.5911,53.3159],[-81.3844,53.1482],[-81.1041,53.2715],[-80.9,53.1028],[-80.6979,52.9338],[-80.4978,52.7646],[-80.7761,52.6434],[-80.9769,52.8119],[-81.2538,52.6893],[-81.4572,52.8569],[-81.6626,53.0242],[-81.9388,52.8994],[-82.1467,53.0657]]],[[[-56.6244,50.3646],[-56.5601,50.1638],[-56.8723,50.1222],[-56.8071,49.9218],[-56.7426,49.7217],[-56.4337,49.7627],[-56.4966,49.9631],[-56.1854,50.0034],[-56.2473,50.2043],[-56.3099,50.4054],[-56.6244,50.3646]]],[[[-64.8552,47.778],[-64.9574,47.9678],[-65.0606,48.1578],[-65.3441,48.088],[-65.6266,48.0172],[-65.7332,48.2064],[-66.0158,48.1343],[-65.908,47.9456],[-65.8012,47.7569],[-65.6955,47.5683],[-65.4164,47.6391],[-65.1363,47.709],[-64.8552,47.778]]],[[[-64.5731,47.8461],[-64.29,47.9132],[-64.3898,48.1039],[-64.4905,48.2948],[-64.7761,48.2267],[-64.6741,48.0363],[-64.5731,47.8461]]],[[[-55.7549,49.6409],[-55.6965,49.4403],[-55.3889,49.4777],[-55.4456,49.6784],[-55.7549,49.6409]]],[[[-58.888,48.5662],[-58.815,48.3694],[-58.5194,48.4173],[-58.5909,48.6144],[-58.888,48.5662]]],[[[-64.8552,47.778],[-64.754,47.5882],[-65.0339,47.5197],[-64.9325,47.3304],[-65.2103,47.2614],[-65.1087,47.0727],[-64.8321,47.1413],[-64.7327,46.9524],[-65.0081,46.8842],[-64.9085,46.6957],[-64.8098,46.5074],[-64.712,46.3192],[-64.44,46.3862],[-64.3443,46.1977],[-64.0726,46.2634],[-64.1671,46.4523],[-64.2626,46.6413],[-64.359,46.8304],[-64.0829,46.8965],[-64.179,47.0861],[-64.4563,47.0197],[-64.5546,47.2091],[-64.6538,47.3986],[-64.3741,47.4658],[-64.4731,47.6559],[-64.5731,47.8461],[-64.8552,47.778]]],[[[-64.0829,46.8965],[-63.9876,46.7069],[-63.8933,46.5175],[-63.6186,46.5819],[-63.5263,46.3922],[-63.2519,46.4553],[-63.343,46.6454],[-63.4349,46.8355],[-63.7117,46.7717],[-63.8058,46.9616],[-64.0829,46.8965]]],[[[-53.8152,48.2107],[-53.7691,48.0108],[-53.7234,47.8112],[-53.6782,47.6118],[-53.3832,47.6417],[-53.427,47.8413],[-53.4711,48.0411],[-53.1728,48.0704],[-53.2159,48.2706],[-53.5158,48.2412],[-53.8152,48.2107]]],[[[-64.0726,46.2634],[-63.9789,46.0747],[-63.8861,45.8861],[-63.6157,45.9501],[-63.5249,45.7613],[-63.2548,45.8241],[-62.9838,45.8861],[-62.8961,45.6966],[-62.6255,45.7573],[-62.5398,45.5677],[-62.2695,45.6272],[-62.354,45.8172],[-62.0818,45.8761],[-61.9984,45.6858],[-61.7265,45.7435],[-61.4538,45.8004],[-61.5348,45.9914],[-61.6166,46.1827],[-61.3408,46.2393],[-61.0642,46.2951],[-61.1443,46.4872],[-60.8657,46.5423],[-60.9454,46.7349],[-60.6647,46.7895],[-60.7439,46.9827],[-61.0259,46.9277],[-61.307,46.8719],[-61.2253,46.6794],[-61.5044,46.623],[-61.4222,46.4311],[-61.6992,46.3741],[-61.9755,46.3162],[-62.2509,46.2574],[-62.5256,46.1977],[-62.4394,46.0074],[-62.712,45.9472],[-62.7994,46.1371],[-63.0723,46.0757],[-63.1617,46.2654],[-63.4349,46.2027],[-63.7074,46.1391],[-63.7999,46.3283],[-64.0726,46.2634]]],[[[-56.7196,47.6517],[-56.6593,47.4544],[-56.3682,47.4946],[-56.0765,47.5338],[-56.134,47.7316],[-56.4271,47.6921],[-56.7196,47.6517]]],[[[-55.4915,47.6092],[-55.4375,47.4111],[-55.1455,47.4471],[-54.8531,47.482],[-54.9042,47.6806],[-55.1981,47.6454],[-55.4915,47.6092]]],[[[-54.3148,47.7479],[-54.2666,47.5489],[-54.5601,47.516],[-54.511,47.3175],[-54.2189,47.3502],[-54.1717,47.1517],[-53.8807,47.1832],[-53.9264,47.3819],[-53.9726,47.5809],[-54.0193,47.7801],[-54.3148,47.7479]]],[[[-66.4385,45.0146],[-66.541,45.199],[-66.8014,45.1258],[-67.0609,45.0518],[-66.9564,44.8683],[-67.214,44.7939],[-67.1094,44.6109],[-66.8528,44.6848],[-66.5953,44.758],[-66.6979,44.9418],[-66.4385,45.0146]]],[[[-65.9778,44.7173],[-65.7185,44.7877],[-65.4584,44.8572],[-65.1973,44.926],[-64.9354,44.9939],[-65.031,45.1801],[-64.7672,45.2476],[-64.8626,45.4344],[-64.5968,45.5014],[-64.692,45.6887],[-64.9589,45.6213],[-65.2249,45.553],[-65.4899,45.4838],[-65.3915,45.2977],[-65.6546,45.2282],[-65.9168,45.1578],[-66.0173,45.3431],[-66.2796,45.2715],[-66.1781,45.0866],[-66.4385,45.0146],[-66.3369,44.8303],[-66.0775,44.9019],[-65.9778,44.7173]]],[[[-60.4612,47.0367],[-60.3833,46.8432],[-60.3061,46.6499],[-60.2297,46.4568],[-60.5086,46.4038],[-60.4317,46.2112],[-60.1541,46.2639],[-59.8757,46.3157],[-59.9501,46.5089],[-60.0252,46.7023],[-60.1011,46.8959],[-60.1777,47.0897],[-60.4612,47.0367]]],[[[-64.5024,45.3143],[-64.409,45.1273],[-64.1445,45.1927],[-63.8791,45.2573],[-63.9704,45.4451],[-64.2369,45.3801],[-64.5024,45.3143]]],[[[-65.9778,44.7173],[-66.2362,44.6462],[-66.1364,44.4621],[-65.879,44.5328],[-65.9778,44.7173]]],[[[-61.3735,45.6095],[-61.294,45.4187],[-61.023,45.474],[-60.7512,45.5284],[-60.8283,45.7198],[-61.1013,45.6651],[-61.3735,45.6095]]],[[[-62.0205,45.0581],[-61.9391,44.8687],[-61.6726,44.926],[-61.7529,45.1157],[-62.0205,45.0581]]],[[[-67.8737,-67.6077],[-67.3354,-67.5229],[-67.5572,-67.3177],[-68.0913,-67.4015],[-67.8737,-67.6077]]],[[[-78.9965,-73.1896],[-78.8453,-73.4115],[-78.0707,-73.3662],[-78.2317,-73.145],[-78.9965,-73.1896]]],[[[-67.8737,-67.6077],[-68.416,-67.6905],[-68.9625,-67.7713],[-69.1714,-67.5636],[-69.3765,-67.3557],[-68.8387,-67.2764],[-69.0442,-67.0692],[-68.5146,-66.9888],[-68.7204,-66.7822],[-68.1986,-66.7008],[-67.6806,-66.6175],[-67.4667,-66.8225],[-67.9887,-66.9066],[-67.775,-67.1122],[-67.249,-67.0273],[-67.0273,-67.2319],[-66.5014,-67.1443],[-66.7271,-66.9405],[-66.9487,-66.7366],[-66.4346,-66.6489],[-66.656,-66.4456],[-66.8735,-66.2421],[-67.3801,-66.3281],[-67.5902,-66.1237],[-68.0968,-66.2071],[-68.2995,-66.0017],[-68.8059,-66.0826],[-69.0013,-65.8762],[-69.5074,-65.9546],[-69.6955,-65.7474],[-70.2011,-65.8231],[-70.0169,-66.0311],[-70.5297,-66.1057],[-71.0458,-66.1786],[-71.5651,-66.2495],[-72.0875,-66.3186],[-72.2553,-66.1078],[-72.7766,-66.1743],[-73.3008,-66.2389],[-73.8278,-66.3015],[-74.3578,-66.3622],[-74.5052,-66.149],[-75.0333,-66.2071],[-75.564,-66.2633],[-76.0973,-66.3175],[-76.2284,-66.1026],[-76.7595,-66.1543],[-77.2929,-66.2039],[-77.4123,-65.9881],[-77.9432,-66.0353],[-78.4763,-66.0805],[-78.3664,-66.2973],[-78.9063,-66.3409],[-79.4482,-66.3825],[-79.992,-66.422],[-79.895,-66.6402],[-80.4457,-66.6781],[-80.9982,-66.7138],[-81.5525,-66.7474],[-81.4692,-66.9669],[-82.0304,-66.9987],[-82.5931,-67.0284],[-83.1572,-67.0559],[-83.7227,-67.0813],[-84.2894,-67.1045],[-84.8572,-67.1255],[-85.4261,-67.1443],[-85.9958,-67.1609],[-86.5664,-67.1753],[-86.6003,-66.9537],[-87.1659,-66.9658],[-87.1936,-66.7442],[-87.7543,-66.754],[-88.3153,-66.7616],[-88.8767,-66.767],[-89.4383,-66.7703],[-90,-66.7714],[-90,-66.9932],[-90.5673,-66.9921],[-91.1344,-66.9888],[-91.7014,-66.9833],[-92.268,-66.9756],[-92.8341,-66.9658],[-92.8064,-66.7442],[-93.3665,-66.7322],[-93.3339,-66.511],[-93.8879,-66.497],[-94.4412,-66.4809],[-94.3987,-66.2601],[-94.946,-66.2421],[-95.4923,-66.2219],[-96.0377,-66.1997],[-96.5819,-66.1754],[-97.125,-66.149],[-97.6668,-66.1205],[-98.2072,-66.0899],[-98.7462,-66.0573],[-98.8297,-66.276],[-99.3721,-66.241],[-99.4623,-66.4595],[-100.008,-66.422],[-100.105,-66.6402],[-100.6539,-66.6003],[-101.2008,-66.5583],[-101.7456,-66.5142],[-102.2883,-66.4681],[-102.8288,-66.4199],[-103.3669,-66.3697],[-103.4957,-66.5852],[-104.0362,-66.5325],[-104.1723,-66.7474],[-104.7151,-66.6921],[-105.2551,-66.6348],[-105.7924,-66.5755],[-105.9454,-66.7888],[-106.4845,-66.7268],[-107.0205,-66.6629],[-106.8584,-66.4509],[-107.387,-66.3857],[-107.9125,-66.3186],[-107.7447,-66.1078],[-108.2629,-66.0395],[-108.778,-65.9692],[-108.9542,-66.1786],[-109.4703,-66.1057],[-109.9831,-66.0311],[-110.1707,-66.2389],[-110.6841,-66.1616],[-111.1941,-66.0826],[-111.3929,-66.2888],[-111.9032,-66.2071],[-112.4098,-66.1237],[-112.9128,-66.0384],[-113.1265,-66.2421],[-113.6294,-66.1543],[-114.1284,-66.0647],[-114.353,-66.2665],[-114.8516,-66.1743],[-115.3462,-66.0805],[-115.8368,-65.9849],[-115.6022,-65.7857],[-116.0856,-65.6894],[-116.5651,-65.5915],[-117.0405,-65.4919],[-117.512,-65.3907],[-117.7585,-65.5863],[-118.2288,-65.4827],[-118.6949,-65.3775],[-119.1569,-65.2708],[-119.6148,-65.1625],[-119.876,-65.3541],[-120.3322,-65.2434],[-120.7841,-65.1313],[-121.2319,-65.0177],[-121.6755,-64.9028],[-122.1148,-64.7864],[-122.3914,-64.9727],[-122.8285,-64.8539],[-123.2614,-64.7339],[-123.6901,-64.6125],[-124.1145,-64.4898],[-124.5347,-64.3658],[-124.9507,-64.2405],[-125.3625,-64.114],[-125.6553,-64.2928],[-126.0644,-64.1641],[-126.3629,-64.3414],[-126.769,-64.2105],[-127.0731,-64.3862],[-127.4762,-64.2531],[-127.7857,-64.4272],[-128.1856,-64.2919],[-128.5812,-64.1554],[-128.9725,-64.0179],[-129.3595,-63.8793],[-129.7422,-63.7396],[-130.1207,-63.5989],[-130.4951,-63.4571],[-130.8653,-63.3144],[-131.2315,-63.1706],[-131.5936,-63.0259],[-131.9516,-62.8803],[-131.6335,-62.7174],[-131.9872,-62.5718],[-132.337,-62.4253],[-132.6559,-62.5862],[-133.0021,-62.4379],[-133.3252,-62.5971],[-133.6678,-62.4469],[-133.9949,-62.6043],[-134.3338,-62.4522],[-134.6649,-62.6079],[-135,-62.454],[-135.3312,-62.2994],[-135.6585,-62.1439],[-135.9935,-62.2958],[-136.3169,-62.1386],[-136.6555,-62.2887],[-136.9749,-62.1297],[-137.2906,-61.9701],[-137.6026,-61.8098],[-137.9108,-61.6487],[-138.2519,-61.794],[-138.5562,-61.6314],[-138.8568,-61.4681],[-139.1539,-61.3042],[-139.4474,-61.1396],[-139.7901,-61.2802],[-140.0796,-61.1141],[-140.4252,-61.2529],[-140.7106,-61.0853],[-141.059,-61.2222],[-141.3402,-61.0531],[-141.6913,-61.1881],[-141.9683,-61.0175],[-142.3219,-61.1507],[-142.5946,-60.9787],[-142.864,-60.8062],[-143.2192,-60.9365],[-143.4843,-60.7626],[-143.7462,-60.5883],[-144.1026,-60.7158],[-144.3602,-60.5402],[-144.6146,-60.3641],[-144.9721,-60.4888],[-145.2222,-60.3114],[-145.5816,-60.4342],[-145.8275,-60.2556],[-146.0702,-60.0766],[-146.3099,-59.8972],[-146.6688,-60.0164],[-146.9043,-59.8358],[-147.1368,-59.655],[-147.3665,-59.4738],[-147.5933,-59.2922],[-147.9499,-59.407],[-148.3092,-59.5207],[-148.6713,-59.6333],[-149.0362,-59.7448],[-149.404,-59.8552],[-149.7746,-59.9644],[-149.5564,-60.1508],[-149.9314,-60.2597],[-150.3093,-60.3674],[-150.69,-60.4739],[-150.474,-60.6624],[-150.8594,-60.7685],[-151.2476,-60.8734],[-151.6388,-60.977],[-151.4254,-61.1677],[-151.8214,-61.2708],[-151.607,-61.4621],[-152.0079,-61.5647],[-152.4119,-61.6661],[-152.8189,-61.7661],[-153.2288,-61.8648],[-153.6418,-61.9622],[-153.4349,-62.1572],[-153.8532,-62.254],[-154.2744,-62.3493],[-154.4766,-62.1528],[-154.8984,-62.246],[-155.3231,-62.3377],[-155.7508,-62.428],[-156.1813,-62.5169],[-156.6148,-62.6043],[-157.0511,-62.6902],[-157.4902,-62.7746],[-157.6713,-62.5727],[-158.1104,-62.6549],[-158.2861,-62.4522],[-158.725,-62.5322],[-159.1666,-62.6106],[-159.3339,-62.4065],[-159.7751,-62.4828],[-160.2189,-62.5574],[-160.3777,-62.352],[-160.821,-62.4245],[-161.2666,-62.4953],[-161.417,-62.2887],[-161.8619,-62.3574],[-162.3091,-62.4245],[-162.451,-62.2166],[-162.8973,-62.2815],[-163.3457,-62.3449],[-163.7962,-62.4065],[-164.2488,-62.4666],[-164.7035,-62.525],[-165.1601,-62.5817],[-165.6186,-62.6368],[-165.7355,-62.4253],[-166.1925,-62.4783],[-166.6513,-62.5295],[-166.7595,-62.3172],[-167.2165,-62.3663],[-167.6753,-62.4137],[-167.7749,-62.2006],[-168.2317,-62.246],[-168.6901,-62.2896],[-168.5975,-62.5034],[-169.0609,-62.5457],[-169.5258,-62.5862],[-169.992,-62.6251],[-169.9089,-62.8401],[-170.3803,-62.8775],[-170.8529,-62.9132],[-171.3268,-62.947],[-171.8019,-62.9791],[-172.2782,-63.0094],[-172.7555,-63.0379],[-173.2338,-63.0645],[-173.1765,-63.2818],[-173.6598,-63.3069],[-174.144,-63.3302],[-174.629,-63.3516],[-175.1148,-63.3712],[-175.6013,-63.3889],[-175.5635,-63.6073],[-176.0548,-63.6234],[-176.0206,-63.8421],[-176.5167,-63.8564],[-176.4862,-64.0755],[-176.9872,-64.088],[-176.9606,-64.3074],[-177.4664,-64.3181],[-177.4438,-64.5378],[-177.9546,-64.5466],[-178.4657,-64.5535],[-178.4792,-64.3336],[-178.986,-64.3385],[-179.493,-64.3414],[-179.4974,-64.1217],[180,-64.1227],[179.4974,-64.1217],[179.5018,-63.9022],[179.0037,-63.8993],[179.0122,-63.68],[178.5185,-63.6753],[178.0251,-63.6687],[177.5319,-63.6602],[177.0391,-63.6498],[176.5467,-63.6375],[176.0548,-63.6234],[176.0884,-63.4048],[175.6013,-63.3889],[175.1148,-63.3712],[174.629,-63.3516],[174.6743,-63.1337],[174.1933,-63.1125],[173.7131,-63.0894],[173.7655,-62.8721],[173.2902,-62.8474],[172.8157,-62.821],[172.3423,-62.7928],[171.8699,-62.7628],[171.3986,-62.731],[170.9285,-62.6974],[170.4596,-62.6621],[169.992,-62.6251],[169.5258,-62.5862],[169.6111,-62.3717],[169.1499,-62.3315],[169.0609,-62.5457],[168.5975,-62.5034],[168.1356,-62.4594],[167.6753,-62.4137],[167.2165,-62.3663],[166.7595,-62.3172],[166.866,-62.105],[166.414,-62.0546],[165.9638,-62.0027],[166.0752,-61.7914],[165.63,-61.7383],[165.1865,-61.6835],[164.7449,-61.6271],[164.6237,-61.8369],[164.1808,-61.7783],[163.7398,-61.7182],[163.3008,-61.6565],[163.1683,-61.8648],[162.7283,-61.801],[162.8637,-61.5933],[162.4287,-61.5284],[161.9958,-61.4621],[161.5651,-61.3941],[161.4207,-61.6002],[160.9892,-61.5302],[160.56,-61.4586],[160.4077,-61.6635],[159.9779,-61.5898],[159.5505,-61.5146],[159.3903,-61.7182],[158.9625,-61.6409],[158.5371,-61.5621],[158.3691,-61.7644],[157.9436,-61.6835],[157.5206,-61.6011],[157.1001,-61.5172],[156.6823,-61.4319],[156.2671,-61.3452],[156.0838,-61.544],[155.6688,-61.4552],[155.2565,-61.365],[154.8469,-61.2734],[155.0372,-61.0768],[154.6326,-60.9846],[154.2307,-60.891],[153.8315,-60.7961],[154.0256,-60.6016],[153.6312,-60.5062],[153.4349,-60.6999],[153.0412,-60.6025],[152.6501,-60.5037],[152.4472,-60.6958],[152.057,-60.595],[151.8493,-60.7861],[151.46,-60.6833],[151.2476,-60.8734],[151.0323,-61.0632],[150.8141,-61.2529],[150.5928,-61.4423],[150.3685,-61.6314],[150.141,-61.8202],[149.9103,-62.0088],[149.6764,-62.1971],[149.2753,-62.0864],[149.0362,-62.2735],[148.6367,-62.1607],[148.2405,-62.0467],[147.8477,-61.9315],[147.6002,-62.1156],[147.2091,-61.9983],[146.9566,-62.1811],[146.5674,-62.0617],[146.1818,-61.9411],[145.9228,-62.1218],[145.5392,-61.9991],[145.2754,-62.1785],[144.8939,-62.0538],[144.6252,-62.2317],[144.353,-62.4092],[144.0771,-62.5862],[143.7974,-62.7628],[143.514,-62.9388],[143.1301,-62.8083],[142.8417,-62.9828],[142.4606,-62.8502],[142.0833,-62.7165],[141.7098,-62.5817],[141.3402,-62.446],[140.9743,-62.3092],[140.6774,-62.4783],[140.3145,-62.3395],[139.9554,-62.1998],[139.6534,-62.3663],[139.2974,-62.2246],[138.9909,-62.3895],[138.6382,-62.246],[138.3274,-62.4092],[138.0128,-62.5718],[137.663,-62.4253],[137.3441,-62.5862],[136.9979,-62.4379],[136.6748,-62.5971],[136.3479,-62.7555],[136.017,-62.9132],[135.6821,-63.0701],[135.3431,-63.2262],[135,-63.3814],[134.6569,-63.2262],[134.3097,-63.3796],[133.9708,-63.2225],[133.6361,-63.0645],[133.2851,-63.215],[132.9546,-63.0553],[132.6282,-62.8949],[132.2737,-63.0425],[131.9516,-62.8803],[131.5936,-63.0259],[131.2759,-62.862],[130.9144,-63.0057],[130.6013,-62.8401],[130.2364,-62.9819],[129.9279,-62.8146],[129.5597,-62.9544],[129.2558,-62.7855],[128.9559,-62.616],[128.5854,-62.7528],[128.2902,-62.5817],[127.9987,-62.4101],[127.6262,-62.5439],[127.3395,-62.3708],[127.0565,-62.1971],[126.6824,-62.3279],[126.4041,-62.1528],[126.1294,-61.9771],[125.7539,-62.105],[125.484,-61.9279],[125.2176,-61.7505],[125.5908,-61.6245],[125.3266,-61.4474],[125.0659,-61.27],[124.6952,-61.3941],[124.439,-61.2153],[124.0662,-61.3375],[123.8146,-61.1575],[123.4399,-61.2776],[123.1929,-61.0963],[122.8163,-61.2145],[122.5741,-61.0319],[122.3349,-60.849],[121.9581,-60.9643],[121.7236,-60.7802],[121.3452,-60.8935],[121.1153,-60.7083],[120.7355,-60.8196],[120.5102,-60.6332],[120.129,-60.7426],[119.9084,-60.5551],[119.526,-60.6624],[119.1406,-60.7685],[118.7524,-60.8734],[118.54,-60.6833],[118.1507,-60.7861],[117.7585,-60.8877],[117.3635,-60.988],[116.9657,-61.087],[116.764,-60.8935],[116.3654,-60.9905],[115.9641,-61.0861],[115.7693,-60.891],[115.3674,-60.9846],[114.9628,-61.0768],[114.7751,-60.8801],[114.3701,-60.9702],[114.1874,-60.7727],[113.782,-60.8608],[113.3742,-60.9475],[113.1986,-60.7484],[112.7906,-60.833],[112.3801,-60.9163],[112.2118,-60.7158],[111.8014,-60.797],[111.3886,-60.8767],[111.2277,-60.6749],[110.8151,-60.7526],[110.4002,-60.8288],[109.9831,-60.9036],[109.5638,-60.977],[109.1423,-61.0488],[109.29,-61.2537],[108.8636,-61.3247],[108.4349,-61.3941],[108.0042,-61.4621],[107.8649,-61.2554],[107.4349,-61.3213],[107.0029,-61.3856],[106.8714,-61.1779],[106.4404,-61.2401],[106.3139,-61.0319],[105.8839,-61.0921],[105.7621,-60.8835],[105.3333,-60.9416],[104.9027,-60.9981],[104.7887,-60.7886],[104.3593,-60.8431],[103.9283,-60.8961],[103.8221,-60.6858],[103.3925,-60.7367],[102.9614,-60.7861],[102.8628,-60.575],[102.4332,-60.6224],[102.0023,-60.6682],[101.57,-60.7125],[101.1363,-60.7551],[101.0515,-60.5427],[100.6197,-60.5833],[100.5392,-60.3707],[100.1093,-60.4094],[100.0331,-60.1966],[99.6052,-60.2334],[99.5332,-60.0205],[99.1073,-60.0554],[98.6804,-60.0888],[98.2525,-60.1206],[98.1909,-59.9069],[97.7652,-59.9369],[97.3386,-59.9653],[97.284,-59.7513],[96.8598,-59.7778],[96.8091,-59.5638],[96.3871,-59.5886],[95.9645,-59.6117],[95.5412,-59.6333],[95.1173,-59.6534],[95.1556,-59.8681],[94.728,-59.8867],[94.2999,-59.9037],[94.3323,-60.119],[93.9005,-60.1345],[93.9302,-60.3501],[93.4946,-60.3641],[93.0587,-60.3764],[92.6224,-60.3872],[92.1858,-60.3962],[91.7489,-60.4037],[91.3119,-60.4094],[90.8747,-60.4136],[90.4374,-60.416],[90.4407,-60.6324],[90,-60.6332],[90,-60.8498],[89.5559,-60.849],[89.1118,-60.8465],[88.6678,-60.8423],[88.224,-60.8364],[87.7803,-60.8288],[87.337,-60.8196],[86.894,-60.8087],[86.9178,-60.5925],[86.4785,-60.58],[86.5054,-60.3641],[86.0698,-60.3501],[86.0995,-60.1345],[85.6677,-60.119],[85.7001,-59.9037],[85.272,-59.8867],[85.3071,-59.6718],[84.8827,-59.6534],[84.9204,-59.4388],[84.4996,-59.4189],[84.5398,-59.2047],[84.1226,-59.1835],[83.7061,-59.1607],[83.7516,-58.947],[83.3387,-58.9229],[82.9265,-58.8972],[82.515,-58.87],[82.1042,-58.8412],[81.6943,-58.811],[81.6341,-59.0235],[81.2222,-58.9915],[80.8112,-58.9579],[80.7443,-59.1701],[80.3313,-59.1347],[79.9194,-59.0979],[79.8457,-59.3096],[79.432,-59.2709],[79.3543,-59.4825],[78.9388,-59.442],[78.5245,-59.3999],[78.4399,-59.6109],[78.0239,-59.567],[77.6091,-59.5215],[77.1957,-59.4746],[76.7837,-59.4261],[76.6864,-59.6357],[76.2729,-59.5854],[76.1713,-59.7947],[75.7565,-59.7424],[75.6507,-59.9515],[75.5432,-60.1606],[75.4342,-60.3699],[75.3236,-60.5792],[74.8989,-60.5236],[74.4759,-60.4664],[74.3578,-60.6749],[73.9336,-60.6158],[73.8108,-60.8238],[73.3856,-60.7626],[73.258,-60.9702],[72.8318,-60.907],[72.4076,-60.8423],[72.2724,-61.0488],[71.8473,-60.982],[71.4243,-60.9137],[71.2814,-61.1192],[70.8577,-61.0488],[70.4362,-60.977],[70.2857,-61.1813],[69.8637,-61.1073],[70.0169,-60.9036],[69.5998,-60.8288],[69.7534,-60.6258],[69.3411,-60.5501],[68.931,-60.4731],[68.7723,-60.6749],[68.3621,-60.5958],[68.1986,-60.797],[68.0328,-60.9981],[67.8645,-61.1992],[67.4491,-61.1167],[67.0362,-61.0328],[66.6258,-60.9475],[66.218,-60.8608],[65.8126,-60.7727],[65.4099,-60.6833],[65.0097,-60.5925],[64.6121,-60.5004],[64.4227,-60.6958],[64.0256,-60.6016],[63.6312,-60.5062],[63.4349,-60.6999],[63.0412,-60.6025],[62.8402,-60.7953],[62.4472,-60.6958],[62.057,-60.595],[62.2618,-60.4037],[61.8763,-60.3024],[61.4935,-60.1999],[61.6992,-60.0099],[61.321,-59.9069],[60.9454,-59.8028],[60.5725,-59.6975],[60.3616,-59.8851],[59.9899,-59.7778],[59.7746,-59.9644],[59.404,-59.8552],[59.1843,-60.0408],[58.9617,-60.2261],[58.5909,-60.1141],[58.364,-60.2983],[57.9946,-60.1843],[57.6282,-60.0693],[57.2648,-59.9531],[56.9043,-59.8358],[56.5467,-59.7175],[56.3099,-59.8972],[56.0702,-60.0766],[55.7131,-59.9555],[55.4692,-60.1337],[55.2222,-60.3114],[54.8658,-60.1876],[54.6146,-60.3641],[54.2602,-60.2384],[54.0048,-60.4136],[53.7462,-60.5883],[53.4843,-60.7626],[53.1301,-60.6332],[52.864,-60.8062],[52.5121,-60.6749],[52.2419,-60.8465],[51.8924,-60.7133],[51.618,-60.8835],[51.2711,-60.7484],[50.9275,-60.6124],[50.6482,-60.7802],[50.3656,-60.9475],[50.0796,-61.1141],[49.7901,-61.2802],[49.4972,-61.4457],[49.1539,-61.3042],[48.8568,-61.4681],[48.5562,-61.6314],[48.2155,-61.487],[47.8784,-61.3418],[47.5734,-61.5026],[47.2395,-61.3555],[46.9306,-61.5146],[46.6,-61.3658],[46.273,-61.2162],[45.9602,-61.3727],[45.6366,-61.2213],[45.3201,-61.3761],[45,-61.223],[44.6799,-61.3761],[44.3634,-61.2213],[44.0398,-61.3727],[43.7127,-61.5233],[43.3819,-61.673],[43.0694,-61.5146],[42.7352,-61.6626],[42.3974,-61.8098],[42.056,-61.956],[41.7481,-61.794],[41.4033,-61.9385],[41.0995,-61.7749],[40.7994,-61.6106],[40.5028,-61.4457],[40.156,-61.5864],[39.8636,-61.4199],[39.5748,-61.2529],[39.9204,-61.1141],[39.6344,-60.9475],[39.2894,-61.0853],[39.0075,-60.9171],[38.7289,-60.7484],[38.4537,-60.5792],[38.1076,-60.7133],[37.8365,-60.5427],[37.4879,-60.6749],[37.2209,-60.5029],[36.8699,-60.6332],[36.6071,-60.4598],[36.2538,-60.5883],[35.8974,-60.7158],[35.6398,-60.5402],[35.2812,-60.6657],[35.0279,-60.4888],[34.6673,-60.6124],[34.4184,-60.4342],[34.1725,-60.2556],[33.9298,-60.0766],[33.5697,-60.1966],[33.3312,-60.0164],[32.9694,-60.1345],[32.6046,-60.2515],[32.2368,-60.3674],[32.0054,-60.1843],[31.636,-60.2983],[31.2637,-60.4111],[31.0383,-60.2261],[30.6646,-60.3369],[30.288,-60.4466],[29.9084,-60.5551],[29.6907,-60.3674],[29.31,-60.4739],[28.9264,-60.5792],[28.54,-60.6833],[28.1507,-60.7861],[27.7585,-60.8877],[27.3635,-60.988],[27.1598,-60.7953],[26.9588,-60.6025],[26.7606,-60.4094],[26.3688,-60.5062],[26.1753,-60.3122],[25.9844,-60.1182],[25.796,-59.9239],[25.4077,-60.0172],[25.2239,-59.8221],[24.8352,-59.9134],[24.6559,-59.7175],[24.2668,-59.8068],[24.092,-59.6101],[23.7026,-59.6975],[23.5323,-59.5],[23.3643,-59.3025],[23.1986,-59.1049],[23.035,-58.9073],[22.8737,-58.7096],[22.7144,-58.5119],[22.5572,-58.3141],[22.4021,-58.1163],[22.249,-57.9184],[22.6199,-57.8368],[22.4667,-57.6396],[22.3156,-57.4423],[22.1663,-57.2449],[22.019,-57.0476],[22.3801,-56.9672],[22.2327,-56.7704],[22.5902,-56.6894],[22.4428,-56.4932],[22.7965,-56.4116],[22.6491,-56.216],[22.9993,-56.1338],[22.8519,-55.9387],[23.1986,-55.8559],[23.0513,-55.6615],[22.9058,-55.467],[22.5625,-55.5486],[22.4204,-55.3535],[22.0772,-55.4334],[21.7323,-55.5122],[21.3857,-55.5898],[21.2505,-55.3931],[20.9041,-55.469],[20.556,-55.5438],[20.2064,-55.6174],[19.8552,-55.6897],[19.5024,-55.7609],[19.1481,-55.8309],[19.0256,-55.6311],[18.6717,-55.6994],[18.5526,-55.4992],[18.4349,-55.299],[18.0834,-55.3651],[17.9691,-55.1645],[17.6182,-55.229],[17.5072,-55.028],[17.3975,-54.8272],[17.049,-54.8895],[16.9426,-54.6883],[16.8375,-54.4872],[16.7336,-54.2862],[16.3895,-54.346],[16.2888,-54.1447],[15.9454,-54.2029],[15.8477,-54.0013],[15.505,-54.0579],[15.4104,-53.8561],[15.0685,-53.9111],[14.7255,-53.9649],[14.3814,-54.0176],[14.2936,-53.8147],[13.9503,-53.8658],[13.6061,-53.9156],[13.2609,-53.9643],[12.9146,-54.0117],[12.5674,-54.0579],[12.2193,-54.1029],[11.8703,-54.1467],[11.5203,-54.1892],[11.1695,-54.2304],[10.8178,-54.2704],[10.4653,-54.3092],[10.112,-54.3467],[9.758,-54.3829],[9.8193,-54.5899],[9.4623,-54.6251],[9.1046,-54.659],[8.7462,-54.6916],[8.387,-54.7229],[8.0272,-54.753],[8.0783,-54.9613],[7.7157,-54.9903],[7.3524,-55.0179],[6.9885,-55.0442],[6.624,-55.0692],[6.259,-55.0928],[6.2192,-54.8834],[5.856,-54.9056],[5.4923,-54.9264],[5.1282,-54.9459],[4.7636,-54.964],[4.3987,-54.9809],[4.3708,-54.771],[4.0078,-54.7864],[3.6445,-54.8004],[3.2809,-54.8131],[2.917,-54.8245],[2.5529,-54.8345],[2.1886,-54.8432],[1.8241,-54.8506],[1.4594,-54.8566],[1.4688,-55.0671],[1.1017,-55.0719],[0.7345,-55.0752],[0.3673,-55.0773],[0,-55.0779],[-0.3673,-55.0773],[-0.7345,-55.0752],[-1.1017,-55.0719],[-1.4688,-55.0671],[-1.8358,-55.0611],[-1.8476,-55.2718],[-2.2168,-55.2643],[-2.5858,-55.2555],[-2.9546,-55.2453],[-3.3231,-55.2337],[-3.6914,-55.2208],[-4.0593,-55.2066],[-4.427,-55.191],[-4.7942,-55.174],[-4.8252,-55.3842],[-5.1944,-55.3658],[-5.5632,-55.346],[-5.5993,-55.5561],[-5.97,-55.5348],[-6.009,-55.745],[-6.3816,-55.7222],[-6.4235,-55.9324],[-6.7979,-55.9081],[-7.1717,-55.8823],[-7.5449,-55.8552],[-7.5946,-56.0651],[-7.9696,-56.0364],[-8.3439,-56.0064],[-8.3991,-56.216],[-8.7751,-56.1843],[-8.8334,-56.3939],[-9.211,-56.3606],[-9.2726,-56.5701],[-9.6518,-56.5352],[-10.0302,-56.4989],[-10.4077,-56.4612],[-10.4774,-56.6701],[-10.8564,-56.6308],[-11.2344,-56.5901],[-11.6115,-56.548],[-11.6894,-56.7561],[-12.0678,-56.7123],[-12.4451,-56.6672],[-12.5288,-56.8748],[-12.9074,-56.8279],[-13.2849,-56.7798],[-13.6612,-56.7303],[-14.0362,-56.6794],[-14.4101,-56.6272],[-14.7827,-56.5737],[-14.8815,-56.7791],[-15.2551,-56.7238],[-15.6274,-56.6672],[-15.9983,-56.6093],[-16.3678,-56.5501],[-16.736,-56.4897],[-16.8472,-56.693],[-17.2161,-56.6308],[-17.5835,-56.5672],[-17.7004,-56.7697],[-18.0685,-56.7044],[-18.4349,-56.6379],[-18.7999,-56.5701],[-19.1632,-56.501],[-19.525,-56.4307],[-19.6538,-56.6308],[-20.016,-56.5587],[-20.3764,-56.4854],[-20.5109,-56.6844],[-20.8716,-56.6093],[-21.2306,-56.5331],[-21.3706,-56.731],[-21.7298,-56.6529],[-21.8735,-56.8503],[-22.2327,-56.7704],[-22.3801,-56.9672],[-22.7394,-56.8856],[-22.8906,-57.0817],[-23.2498,-56.9983],[-23.6071,-56.9137],[-23.9625,-56.8279],[-23.8059,-56.6336],[-24.1576,-56.5473],[-24.5074,-56.4598],[-24.8552,-56.3712],[-25.2011,-56.2815],[-25.5451,-56.1907],[-25.887,-56.0987],[-26.227,-56.0057],[-26.5651,-55.9116],[-26.9011,-55.8164],[-27.2351,-55.7201],[-27.5672,-55.6229],[-27.741,-55.8101],[-28.0725,-55.7112],[-28.2497,-55.8976],[-28.5805,-55.797],[-28.7612,-55.9826],[-28.9439,-56.1682],[-29.2753,-56.0651],[-29.4615,-56.2498],[-29.6499,-56.4343],[-29.8405,-56.6186],[-30.0333,-56.8028],[-30.3676,-56.6959],[-30.564,-56.8791],[-30.7627,-57.0621],[-31.0973,-56.9527],[-31.2996,-57.1348],[-31.5043,-57.3167],[-31.8389,-57.2048],[-32.0472,-57.3856],[-32.3807,-57.272],[-32.5926,-57.4518],[-32.9247,-57.3365],[-33.1402,-57.5153],[-33.471,-57.3981],[-33.6901,-57.5759],[-33.9117,-57.7533],[-34.242,-57.6336],[-34.4673,-57.81],[-34.796,-57.6886],[-35.0249,-57.8638],[-35.352,-57.7406],[-35.6764,-57.6166],[-35.9097,-57.7898],[-36.2324,-57.6641],[-36.4692,-57.8361],[-36.7901,-57.7086],[-37.0304,-57.8795],[-37.2734,-58.0499],[-37.5191,-58.2199],[-37.7676,-58.3895],[-38.0189,-58.5587],[-38.3408,-58.4262],[-38.5956,-58.594],[-38.9153,-58.4598],[-39.1737,-58.6263],[-39.4911,-58.4904],[-39.7529,-58.6556],[-40.0679,-58.518],[-40.3331,-58.6818],[-40.6458,-58.5425],[-40.9144,-58.705],[-41.1859,-58.8669],[-41.4965,-58.7251],[-41.7714,-58.8855],[-42.0492,-59.0454],[-42.3575,-58.9011],[-42.6386,-59.0595],[-42.9228,-59.2173],[-43.2101,-59.3745],[-43.5005,-59.5311],[-43.794,-59.687],[-44.1001,-59.5375],[-44.3969,-59.6918],[-44.6969,-59.8455],[-45,-59.6934],[-45.3031,-59.8455],[-45.6031,-59.6918],[-45.9094,-59.8423],[-46.206,-59.687],[-46.5154,-59.8358],[-46.8087,-59.679],[-47.1211,-59.8262],[-47.4366,-59.9726],[-47.7554,-60.1182],[-48.0775,-60.263],[-48.3665,-60.1018],[-48.6914,-60.2449],[-49.0196,-60.3872],[-49.3511,-60.5286],[-49.6355,-60.3641],[-49.9697,-60.5037],[-50.3073,-60.6424],[-50.6482,-60.7802],[-50.9925,-60.9171],[-51.3402,-61.0531],[-51.6913,-61.1881],[-52.0458,-61.3221],[-52.3219,-61.1507],[-52.679,-61.2828],[-53.0394,-61.4139],[-53.4034,-61.544],[-53.7708,-61.673],[-54.1416,-61.801],[-54.516,-61.9279],[-54.8939,-62.0538],[-55.2754,-62.1785],[-55.6603,-62.302],[-56.0489,-62.4245],[-56.441,-62.5457],[-56.8368,-62.6658],[-57.2361,-62.7846],[-57.6391,-62.9022],[-58.0456,-63.0186],[-58.4558,-63.1337],[-58.8697,-63.2475],[-58.6168,-63.4347],[-58.2011,-63.3199],[-57.7891,-63.2039],[-57.5288,-63.3889],[-57.1188,-63.2707],[-56.853,-63.4543],[-57.2648,-63.5735],[-57.6804,-63.6913],[-58.0998,-63.8079],[-57.8356,-63.9939],[-57.4143,-63.8764],[-57.1443,-64.0611],[-56.8703,-64.2453],[-57.2953,-64.3648],[-57.7244,-64.4829],[-57.9946,-64.2967],[-58.2609,-64.1102],[-58.69,-64.225],[-59.1232,-64.3385],[-58.861,-64.527],[-58.5948,-64.7151],[-59.0362,-64.8291],[-58.7681,-65.0177],[-59.2159,-65.1313],[-58.9457,-65.3205],[-59.4,-65.4336],[-59.8586,-65.5452],[-59.5889,-65.736],[-60.0543,-65.8471],[-60.5241,-65.9566],[-60.2551,-66.149],[-60.732,-66.258],[-60.4612,-66.4509],[-60.9454,-66.5593],[-60.6728,-66.7529],[-60.3955,-66.946],[-60.1135,-67.1388],[-60.611,-67.2486],[-60.3269,-67.4419],[-60.0378,-67.6348],[-60.5463,-67.7451],[-60.2551,-67.9386],[-59.9586,-68.1317],[-59.6568,-68.3243],[-59.1391,-68.2109],[-58.8287,-68.4019],[-59.3493,-68.5165],[-59.0362,-68.7081],[-58.7173,-68.8993],[-59.25,-69.0144],[-59.7887,-69.1277],[-60.3333,-69.2393],[-60.0184,-69.4333],[-60.5725,-69.5442],[-60.2551,-69.7388],[-60.8192,-69.849],[-60.4993,-70.0443],[-61.0736,-70.1537],[-60.7512,-70.3497],[-60.4222,-70.5451],[-61.0112,-70.6549],[-60.6795,-70.8511],[-60.3409,-71.0467],[-59.9951,-71.2417],[-60.6039,-71.3531],[-60.2551,-71.5488],[-59.8987,-71.744],[-60.5241,-71.8559],[-60.1645,-72.0517],[-59.7968,-72.2469],[-60.4396,-72.3592],[-60.0685,-72.5551],[-59.6888,-72.7504],[-60.3501,-72.8632],[-59.9667,-73.0592],[-59.5742,-73.2545],[-60.2551,-73.3678],[-60.9454,-73.4788],[-60.5546,-73.6762],[-61.2602,-73.7863],[-60.8657,-73.9844],[-60.4612,-74.1819],[-61.1892,-74.2924],[-60.7808,-74.4906],[-61.5258,-74.6],[-62.2815,-74.7069],[-61.8763,-74.9074],[-61.46,-75.1072],[-61.0323,-75.3063],[-60.2551,-75.1949],[-59.8084,-75.3917],[-59.3493,-75.5877],[-58.5704,-75.4705],[-58.0919,-75.6639],[-57.6002,-75.8564],[-57.0948,-76.0479],[-56.5752,-76.2384],[-56.0409,-76.4278],[-55.2441,-76.2993],[-54.6888,-76.4858],[-54.1179,-76.6709],[-53.5308,-76.8549],[-52.7336,-76.7182],[-52.125,-76.8988],[-51.4993,-77.0779],[-50.7106,-76.9348],[-50.0636,-77.1104],[-49.3987,-77.2844],[-48.7153,-77.4567],[-48.0128,-77.6272],[-47.2906,-77.7959],[-46.5482,-77.9626],[-45.7848,-78.1274],[-45,-78.29],[-44.2152,-78.1274],[-43.4089,-78.2855],[-42.6467,-78.1185],[-41.9059,-77.9496],[-41.1859,-77.7787],[-40.486,-77.606],[-39.6678,-77.753],[-38.991,-77.5764],[-38.1572,-77.7187],[-37.3039,-77.8584],[-36.4309,-77.9954],[-35.789,-77.811],[-35.1664,-77.6251],[-34.5625,-77.4379],[-33.9765,-77.2494],[-33.4078,-77.0597],[-32.55,-77.1838],[-32.0054,-76.991],[-31.4768,-76.7972],[-30.6186,-76.9148],[-30.1137,-76.7182],[-29.6237,-76.5206],[-29.1481,-76.3223],[-28.3008,-76.4317],[-27.8476,-76.2308],[-27.4076,-76.0292],[-26.9802,-75.8269],[-26.5651,-75.6239],[-26.1616,-75.4203],[-25.7693,-75.2161],[-24.9628,-75.3134],[-24.5901,-75.1072],[-24.2277,-74.9005],[-23.8753,-74.6933],[-23.5323,-74.4856],[-23.1986,-74.2775],[-22.4259,-74.3654],[-22.1094,-74.1557],[-21.3369,-74.2395],[-21.0375,-74.0283],[-20.7461,-73.8167],[-20.4623,-73.6049],[-20.1858,-73.3928],[-19.9164,-73.1804],[-19.6538,-72.9677],[-18.9246,-73.0424],[-18.6767,-72.8285],[-19.3978,-72.7549],[-19.1481,-72.5418],[-18.4349,-72.6145],[-17.7158,-72.6845],[-17.488,-72.4694],[-16.7712,-72.5359],[-16.5571,-72.3197],[-15.8431,-72.3827],[-15.6422,-72.1656],[-15.4463,-71.9485],[-14.7436,-72.0072],[-14.0362,-72.0632],[-13.861,-71.8445],[-13.1575,-71.8971],[-12.9946,-71.6777],[-12.2953,-71.727],[-12.1443,-71.507],[-11.9969,-71.287],[-11.3099,-71.3324],[-11.1738,-71.1119],[-11.0409,-70.8914],[-10.3663,-70.9331],[-9.6888,-70.9722],[-9.5742,-70.7507],[-9.4623,-70.5293],[-8.7974,-70.5649],[-8.1301,-70.598],[-7.4606,-70.6284],[-7.3738,-70.4059],[-6.7098,-70.4334],[-6.0441,-70.4583],[-5.3767,-70.4806],[-5.3145,-70.2573],[-4.6534,-70.2768],[-3.9909,-70.2937],[-3.3274,-70.308],[-2.663,-70.3197],[-2.6324,-70.0957],[-1.9749,-70.1047],[-1.9525,-69.8808],[-1.302,-69.8871],[-1.2873,-69.6633],[-1.273,-69.4395],[-1.259,-69.2159],[-1.2454,-68.9925],[-0.6228,-68.9962],[0,-68.9974],[0,-69.2209],[0,-69.4445],[0.6366,-69.4433],[0.6437,-69.667],[0.6511,-69.8909],[1.302,-69.8871],[1.9525,-69.8808],[2.6026,-69.8719],[3.2519,-69.8604],[3.2892,-70.0841],[3.9452,-70.07],[4.6001,-70.0533],[5.2538,-70.034],[5.9061,-70.0123],[6.5569,-69.9879],[7.2061,-69.9611],[7.8533,-69.9317],[8.4986,-69.8999],[9.1416,-69.8655],[9.7824,-69.8287],[10.4207,-69.7894],[11.0564,-69.7477],[11.1818,-69.9675],[11.8215,-69.9228],[12.4582,-69.8757],[13.0919,-69.8262],[12.9465,-69.608],[13.5704,-69.5567],[14.1911,-69.503],[14.0362,-69.2861],[14.6474,-69.2307],[15.2551,-69.173],[15.4222,-69.3886],[15.5928,-69.6043],[16.209,-69.5429],[16.3895,-69.7578],[17.0079,-69.6935],[17.6223,-69.6268],[17.8189,-69.8401],[18.4349,-69.7704],[18.6418,-69.9828],[19.2593,-69.91],[19.8722,-69.835],[20.0952,-70.0456],[20.709,-69.9675],[20.9427,-70.177],[21.5571,-70.0957],[22.1663,-70.0123],[22.4161,-70.2197],[23.0255,-70.1331],[23.6294,-70.0443],[23.8952,-70.2495],[24.1666,-70.4544],[24.7751,-70.3614],[24.4986,-70.1576],[25.0963,-70.0636],[25.6881,-69.9675],[25.9744,-70.1692],[26.5651,-70.07],[27.1497,-69.9687],[27.7283,-69.8655],[28.3008,-69.7603],[28.8672,-69.6532],[29.4275,-69.5442],[29.9816,-69.4333],[30.5297,-69.3206],[31.0717,-69.2061],[31.6075,-69.0899],[31.9384,-69.2799],[32.4712,-69.1608],[32.8114,-69.349],[33.1579,-69.5367],[33.6901,-69.4134],[33.3407,-69.227],[32.9977,-69.0399],[33.518,-68.9174],[33.1785,-68.7309],[33.6901,-68.6079],[34.1956,-68.4834],[34.5401,-68.6675],[34.8907,-68.851],[35.2476,-69.0338],[35.6109,-69.2159],[35.9807,-69.3973],[36.3572,-69.5779],[36.8699,-69.4445],[37.2553,-69.6231],[37.6476,-69.8008],[38.1572,-69.6633],[38.5584,-69.8388],[38.9667,-70.0135],[39.4725,-69.8719],[39.0626,-69.6985],[39.5597,-69.5567],[40.0497,-69.4134],[39.6442,-69.2418],[40.1261,-69.0984],[39.7261,-68.9271],[40.2002,-68.7837],[40.6677,-68.6389],[41.1287,-68.4928],[41.5834,-68.3455],[41.9872,-68.5118],[42.4362,-68.3619],[42.8789,-68.2109],[43.3153,-68.0587],[43.7455,-67.9053],[44.1575,-68.0656],[44.5818,-67.9099],[45,-67.7531],[45.4122,-67.5952],[45.8303,-67.7508],[46.2364,-67.5907],[46.6366,-67.4296],[47.0309,-67.2675],[47.454,-67.4184],[47.883,-67.5681],[48.3178,-67.7166],[48.7046,-67.55],[49.0856,-67.3825],[48.6522,-67.2364],[48.2245,-67.089],[48.6013,-66.923],[48.9725,-66.7561],[49.3987,-66.9011],[49.8304,-67.0449],[50.2677,-67.1875],[50.6307,-67.0163],[50.9881,-66.8443],[50.553,-66.7041],[50.1232,-66.5626],[50.4774,-66.3921],[50.8263,-66.2209],[51.254,-66.3601],[51.5967,-66.187],[51.9343,-66.0132],[52.267,-65.8387],[52.6961,-65.9734],[53.0224,-65.7972],[53.455,-65.9295],[53.7751,-65.7515],[54.211,-65.8814],[54.6518,-66.0101],[54.9638,-65.8294],[55.4077,-65.9556],[55.8564,-66.0805],[56.3099,-66.2039],[56.7683,-66.326],[57.2315,-66.4466],[56.9293,-66.6327],[56.6222,-66.8181],[57.0948,-66.9394],[57.5724,-67.0592],[58.0552,-67.1775],[58.3553,-66.9888],[58.8407,-67.1045],[58.5432,-67.2942],[59.0362,-67.4094],[59.5345,-67.5229],[59.8265,-67.3311],[60.3269,-67.4419],[60.8324,-67.5511],[61.1134,-67.3568],[61.6208,-67.4633],[62.133,-67.5681],[62.6501,-67.6712],[62.9164,-67.4734],[63.4349,-67.5737],[63.693,-67.3747],[64.2127,-67.4723],[64.7369,-67.5681],[65.2657,-67.6621],[65.799,-67.7542],[66.3369,-67.8445],[66.5713,-67.6405],[67.1094,-67.728],[67.6519,-67.8136],[68.1986,-67.8973],[68.7495,-67.9789],[68.9625,-67.7713],[69.513,-67.8502],[70.0675,-67.9271],[69.8637,-68.1364],[70.4269,-68.212],[70.2239,-68.422],[70.796,-68.4964],[71.3721,-68.5687],[71.5651,-68.3572],[72.1399,-68.4267],[72.3239,-68.2144],[72.8973,-68.281],[73.4742,-68.3455],[73.3008,-68.5592],[73.8866,-68.6222],[74.4759,-68.683],[75.0686,-68.7417],[74.9084,-68.9574],[75.5102,-69.0144],[75.3526,-69.2307],[75.1916,-69.447],[75.8089,-69.503],[76.4296,-69.5567],[76.5782,-69.3391],[77.1957,-69.3899],[77.3349,-69.1718],[77.9492,-69.2196],[78.0793,-69.001],[78.2066,-68.7825],[78.3312,-68.5639],[78.4533,-68.3455],[79.0459,-68.389],[79.1597,-68.1701],[79.7488,-68.2109],[79.8545,-67.9916],[80.4399,-68.0297],[80.5377,-67.8102],[81.1193,-67.8456],[81.7029,-67.8789],[81.7872,-67.6587],[81.8699,-67.4386],[81.9509,-67.2186],[82.5191,-67.2486],[82.5931,-67.0284],[82.6656,-66.8083],[82.1083,-66.779],[82.1847,-66.5593],[81.6341,-66.5282],[81.7142,-66.309],[81.7928,-66.0899],[81.8699,-65.871],[82.4054,-65.9013],[82.3332,-66.1205],[82.875,-66.149],[82.8065,-66.3686],[83.3547,-66.3953],[83.9041,-66.4199],[84.4547,-66.4424],[85.0063,-66.4627],[85.5588,-66.4809],[85.6013,-66.2601],[86.1494,-66.276],[86.6981,-66.2898],[86.7295,-66.0689],[87.2737,-66.0805],[87.8184,-66.0899],[88.3634,-66.0973],[88.9088,-66.1026],[88.8983,-66.3239],[88.8876,-66.5454],[89.4437,-66.5486],[89.4383,-66.7703],[90,-66.7714],[90.5617,-66.7703],[90.5563,-66.5486],[91.1124,-66.5454],[91.6683,-66.54],[92.224,-66.5325],[92.7792,-66.5228],[93.3339,-66.511],[93.8879,-66.497],[94.4412,-66.4809],[94.9937,-66.4627],[94.946,-66.2421],[95.4923,-66.2219],[95.4403,-66.0017],[95.3893,-65.7816],[95.3392,-65.5616],[95.2901,-65.3418],[95.2418,-65.1222],[95.7626,-65.1011],[96.2825,-65.0779],[96.8013,-65.0528],[96.8637,-65.2718],[97.386,-65.2444],[97.4543,-65.4632],[97.9801,-65.4336],[98.0544,-65.6522],[98.5836,-65.6203],[98.6641,-65.8387],[99.1967,-65.8044],[99.7276,-65.7681],[100.2568,-65.7298],[100.1621,-65.5124],[100.6849,-65.4724],[101.2059,-65.4305],[101.3099,-65.6471],[101.8336,-65.6028],[101.9442,-65.819],[102.4705,-65.7722],[102.3554,-65.5565],[102.875,-65.5083],[102.7575,-65.2931],[103.2706,-65.2434],[103.3925,-65.4581],[103.5166,-65.6729],[104.0362,-65.6203],[104.1671,-65.8346],[104.3003,-66.0489],[104.8265,-65.9933],[104.9667,-66.2071],[105.4948,-66.149],[106.0203,-66.0889],[106.1722,-66.3015],[106.6992,-66.2389],[106.8584,-66.4509],[107.387,-66.3857],[107.5535,-66.597],[108.0834,-66.5292],[108.2576,-66.7398],[108.7886,-66.6694],[108.9704,-66.8793],[109.5024,-66.8062],[109.3164,-66.597],[109.8407,-66.5228],[110.3616,-66.4466],[110.879,-66.3686],[110.6841,-66.1616],[111.1941,-66.0826],[111.7005,-66.0017],[112.2035,-65.919],[112.7028,-65.8346],[113.1986,-65.7484],[113.4121,-65.9514],[113.9077,-65.8627],[114.1284,-66.0647],[114.353,-66.2665],[114.5816,-66.4681],[115.0836,-66.375],[115.5815,-66.2803],[115.821,-66.4798],[116.3181,-66.3825],[116.5651,-66.5809],[116.8163,-66.779],[117.0721,-66.9767],[117.5746,-66.8749],[117.8381,-67.0714],[118.3391,-66.9669],[118.8355,-66.8607],[119.1099,-67.0548],[119.6045,-66.946],[120.0942,-66.8356],[120.5792,-66.7236],[120.8668,-66.9143],[121.3496,-66.7996],[121.0594,-66.61],[121.5348,-66.4949],[121.2469,-66.3058],[120.9638,-66.1163],[121.4296,-66.0017],[121.7151,-66.1902],[122.1787,-66.0731],[122.4712,-66.2601],[122.7685,-66.4466],[122.3004,-66.5658],[122.6003,-66.7529],[123.0707,-66.6327],[123.3778,-66.8181],[123.8453,-66.6954],[123.536,-66.511],[123.2317,-66.326],[123.6901,-66.2039],[124.1436,-66.0805],[124.4519,-66.2633],[124.9025,-66.1374],[125.2176,-66.3186],[125.665,-66.1902],[125.9868,-66.3697],[126.4309,-66.2389],[126.7593,-66.4167],[127.0928,-66.5938],[127.4316,-66.7703],[127.7757,-66.946],[128.1252,-67.1211],[128.5713,-66.9833],[129.0119,-66.8443],[129.3693,-67.0163],[129.8056,-66.8749],[129.447,-66.7041],[129.8768,-66.5626],[129.5226,-66.3921],[129.9462,-66.2506],[129.5962,-66.0805],[130.0137,-65.9389],[130.3645,-66.1078],[130.7778,-65.964],[131.1345,-66.131],[131.4965,-66.2973],[131.9059,-66.15],[132.2737,-66.3143],[132.6785,-66.1648],[133.078,-66.0143],[133.4518,-66.1754],[133.8465,-66.0227],[134.2258,-66.1817],[134.6155,-66.0269],[135,-65.871],[135.3845,-66.0269],[135.7742,-66.1817],[136.1691,-66.3356],[136.5694,-66.4884],[136.9481,-66.3271],[137.3533,-66.4777],[137.7263,-66.3143],[138.1364,-66.4627],[138.5517,-66.61],[138.9182,-66.4434],[139.3383,-66.5884],[139.7636,-66.7322],[140.1944,-66.8749],[140.553,-66.7041],[140.9881,-66.8443],[141.3402,-66.6716],[141.7796,-66.8094],[142.2243,-66.946],[142.6745,-67.0813],[143.0171,-66.9044],[143.3544,-66.7268],[143.8068,-66.8585],[143.4711,-67.0372],[143.9306,-67.1687],[144.2645,-66.9888],[144.7276,-67.1177],[145.0543,-66.9362],[145.5208,-67.0625],[145.9925,-67.1875],[145.6698,-67.3713],[145.3416,-67.5545],[145.823,-67.6802],[146.3099,-67.8045],[146.8024,-67.9271],[147.3005,-68.0482],[147.8043,-68.1678],[148.3136,-68.2857],[148.8287,-68.4019],[149.3493,-68.5165],[149.6568,-68.3243],[150.1799,-68.4361],[150.4786,-68.2424],[151.004,-68.3514],[151.5348,-68.4585],[152.071,-68.5639],[152.354,-68.3666],[152.8919,-68.4692],[153.4349,-68.5699],[153.7052,-68.3702],[154.2495,-68.468],[154.7989,-68.5639],[154.5367,-68.7657],[155.0952,-68.8607],[155.6589,-68.9537],[156.2277,-69.0448],[156.8014,-69.1338],[157.3801,-69.2209],[157.9638,-69.3058],[158.5523,-69.3886],[159.1455,-69.4694],[159.7435,-69.5479],[159.5196,-69.7578],[160.1278,-69.835],[160.7407,-69.91],[160.5234,-70.1215],[161.1468,-70.1951],[161.7749,-70.2664],[162.4076,-70.3353],[163.0447,-70.4019],[162.8476,-70.6165],[163.4956,-70.6815],[163.6861,-70.4662],[164.3318,-70.528],[164.9816,-70.5874],[165.6354,-70.6443],[166.293,-70.6988],[166.9544,-70.7507],[167.6192,-70.8002],[167.4712,-71.0195],[168.147,-71.067],[168.0031,-71.287],[168.6901,-71.3324],[169.3803,-71.3752],[169.249,-71.5964],[169.9507,-71.637],[170.6553,-71.6749],[170.5377,-71.8971],[170.4171,-72.1194],[169.6952,-72.0804],[169.5625,-72.3022],[170.2933,-72.3417],[170.1664,-72.564],[170.0362,-72.7864],[169.9025,-73.0088],[169.1436,-72.9677],[168.9965,-73.1896],[168.8453,-73.4115],[168.6901,-73.6334],[167.9052,-73.5875],[167.125,-73.5386],[166.9448,-73.7591],[166.1593,-73.7065],[165.9638,-73.9262],[165.7627,-74.1458],[164.9622,-74.0886],[164.7449,-74.3073],[165.556,-74.3654],[165.3432,-74.5848],[164.5214,-74.5259],[164.2914,-74.7444],[164.0546,-74.9627],[163.8108,-75.1808],[164.6667,-75.2425],[164.4275,-75.4615],[164.1808,-75.6803],[163.3008,-75.6167],[163.0339,-75.8343],[162.7585,-76.0517],[162.4744,-76.2688],[162.1811,-76.4858],[163.1132,-76.5537],[162.8241,-76.7715],[162.5252,-76.989],[163.4956,-77.0556],[163.2016,-77.2741],[164.1975,-77.3381],[163.9092,-77.5574],[163.6105,-77.7766],[164.6499,-77.839],[165.6997,-77.8974],[166.7595,-77.9517],[167.0054,-77.7294],[165.9638,-77.6761],[166.2184,-77.4546],[166.4641,-77.2329],[167.4712,-77.2844],[167.2425,-77.507],[168.2749,-77.5553],[169.3151,-77.5997],[169.5085,-77.3754],[170.5377,-77.4149],[171.573,-77.4504],[172.614,-77.4818],[173.6598,-77.5091],[174.7099,-77.5322],[174.6107,-77.7594],[175.684,-77.7787],[176.7603,-77.7937],[177.8389,-77.8045],[177.7974,-78.0327],[177.7543,-78.2609],[178.8767,-78.2676],[180,-78.2699],[-178.8767,-78.2676],[-177.7543,-78.2609],[-177.7094,-78.4892],[-176.5664,-78.4778],[-175.4261,-78.4619],[-174.2894,-78.4414],[-173.1572,-78.4164],[-172.0304,-78.3869],[-170.9097,-78.353],[-170.7274,-78.5786],[-169.5923,-78.5396],[-168.4654,-78.4961],[-167.3474,-78.4482],[-166.2392,-78.396],[-165.9638,-78.6178],[-164.8459,-78.5602],[-163.7398,-78.4984],[-164.0546,-78.2788],[-162.9795,-78.214],[-161.9166,-78.1451],[-160.8664,-78.0722],[-159.8293,-77.9954],[-158.8059,-77.9148],[-157.7965,-77.8303],[-158.1986,-77.6187],[-157.2176,-77.5322],[-157.6199,-77.3215],[-156.666,-77.2329],[-155.7256,-77.1409],[-154.7989,-77.0455],[-154.359,-77.2514],[-153.4349,-77.1511],[-152.9691,-77.3547],[-152.049,-77.2494],[-151.1443,-77.1409],[-151.631,-76.9408],[-150.7512,-76.831],[-149.8863,-76.7182],[-150.3763,-76.5206],[-149.5345,-76.4066],[-148.707,-76.2898],[-147.8937,-76.1702],[-148.3925,-75.9769],[-147.6002,-75.8564],[-147.0948,-76.0479],[-146.3099,-75.923],[-146.8215,-75.7333],[-146.0564,-75.6076],[-145.3048,-75.4794],[-144.5667,-75.3489],[-144.0395,-75.5334],[-143.3103,-75.3988],[-142.7652,-75.5804],[-142.0458,-75.4418],[-141.4831,-75.6203],[-140.7743,-75.4777],[-140.0796,-75.3329],[-139.3987,-75.1861],[-138.7314,-75.0374],[-138.145,-75.2072],[-137.4896,-75.0548],[-136.8476,-74.9005],[-137.4366,-74.7341],[-136.8087,-74.5798],[-136.2189,-74.7444],[-135.6031,-74.5865],[-135,-74.427],[-134.3969,-74.5865],[-133.8065,-74.4237],[-133.1913,-74.5798],[-132.6141,-74.4137],[-132.0492,-74.2461],[-131.4237,-74.397],[-130.8724,-74.2263],[-130.2364,-74.3737],[-129.6991,-74.2],[-129.0531,-74.3438],[-128.5302,-74.1671],[-127.875,-74.3073],[-127.3667,-74.1278],[-126.8699,-73.9472],[-127.5191,-73.8103],[-127.0304,-73.6302],[-126.5525,-73.449],[-127.1847,-73.3134],[-126.7142,-73.1327],[-126.2538,-72.951],[-125.6279,-73.0836],[-124.992,-73.2143],[-125.4457,-73.399],[-124.796,-73.5291],[-124.1359,-73.6572],[-123.4654,-73.7831],[-123.0239,-73.5938],[-122.3474,-73.716],[-121.9209,-73.5244],[-121.2392,-73.6429],[-120.5476,-73.7591],[-120.1414,-73.5638],[-119.4454,-73.6762],[-118.7398,-73.7863],[-118.0245,-73.8939],[-117.646,-73.6937],[-116.9277,-73.7975],[-116.2001,-73.8987],[-115.4633,-73.9974],[-114.7174,-74.0935],[-114.3765,-73.8875],[-113.6294,-73.9796],[-112.8737,-74.069],[-112.1094,-74.1557],[-111.3369,-74.2395],[-110.556,-74.3205],[-109.7672,-74.3987],[-110.0561,-74.6119],[-109.2495,-74.6882],[-108.4349,-74.7614],[-108.166,-74.5461],[-108.9704,-74.4739],[-108.699,-74.2593],[-109.4861,-74.1852],[-109.2127,-73.9715],[-108.9465,-73.7575],[-109.708,-73.6826],[-109.44,-73.4694],[-108.6874,-73.5433],[-107.9279,-73.6144],[-108.178,-73.8296],[-107.4027,-73.8987],[-107.6501,-74.1147],[-107.9044,-74.3305],[-107.1027,-74.3987],[-107.354,-74.6153],[-106.5348,-74.6814],[-106.7826,-74.8987],[-107.0378,-75.1159],[-106.1892,-75.1808],[-105.3333,-75.2425],[-105.1011,-75.0234],[-104.8757,-74.8042],[-104.6568,-74.5848],[-103.8287,-74.6406],[-102.9946,-74.6933],[-103.1906,-74.9143],[-102.3391,-74.9644],[-101.482,-75.0113],[-101.3099,-74.7888],[-101.1429,-74.5663],[-101.9761,-74.5208],[-101.8024,-74.299],[-101.6336,-74.0771],[-102.4396,-74.0299],[-102.2648,-73.8087],[-102.0948,-73.5875],[-102.875,-73.5386],[-102.6996,-73.318],[-103.4652,-73.2668],[-103.2849,-73.0469],[-103.1092,-72.827],[-102.9381,-72.6071],[-103.6713,-72.5551],[-103.4957,-72.3358],[-102.7712,-72.3871],[-102.6086,-72.1671],[-102.45,-71.947],[-101.7386,-71.9943],[-101.5922,-71.7736],[-100.8855,-71.8175],[-100.1755,-71.8587],[-99.4623,-71.8971],[-98.7462,-71.9328],[-98.0272,-71.9656],[-97.3058,-71.9957],[-97.3996,-72.2192],[-96.6667,-72.2469],[-95.9315,-72.2716],[-96.009,-72.496],[-95.2624,-72.5181],[-94.514,-72.5373],[-93.764,-72.5536],[-93.0128,-72.567],[-92.2605,-72.5774],[-92.2312,-72.3519],[-91.4879,-72.3592],[-91.4688,-72.1338],[-90.7345,-72.1381],[-90.7441,-72.3636],[-90,-72.3651],[-90,-72.5907],[-89.2462,-72.5892],[-88.4926,-72.5848],[-88.5121,-72.3592],[-87.7688,-72.3519],[-87.0263,-72.3417],[-86.9872,-72.567],[-86.236,-72.5536],[-86.1859,-72.7789],[-86.9471,-72.7924],[-86.9059,-73.018],[-86.1345,-73.0042],[-86.0818,-73.2297],[-85.3013,-73.2127],[-85.2364,-73.4381],[-84.447,-73.4177],[-83.6598,-73.3943],[-82.875,-73.3678],[-82.0928,-73.3382],[-81.9829,-73.5622],[-81.8699,-73.7863],[-81.0694,-73.7527],[-81.1932,-73.5291],[-81.3136,-73.3056],[-80.5377,-73.2699],[-80.665,-73.0469],[-79.9025,-73.0088],[-79.7652,-73.2313],[-78.9965,-73.1896],[-79.1436,-72.9677],[-78.3885,-72.9237],[-78.5412,-72.7025],[-78.6901,-72.4812],[-77.9574,-72.4355],[-77.7995,-72.6562],[-77.0619,-72.6071],[-76.3287,-72.5551],[-76.1486,-72.7744],[-75.4111,-72.7189],[-75.2173,-72.9374],[-74.4759,-72.8783],[-74.268,-73.0959],[-73.5231,-73.0332],[-72.7839,-72.9677],[-73.0092,-72.7519],[-72.2842,-72.6845],[-72.512,-72.4694],[-72.7342,-72.2541],[-72.951,-72.0387],[-73.6518,-72.1035],[-74.3578,-72.1656],[-74.5537,-71.9485],[-74.7449,-71.7313],[-75.4397,-71.7892],[-75.6186,-71.5712],[-75.7932,-71.3531],[-75.1137,-71.2966],[-74.4385,-71.2376],[-73.7676,-71.176],[-73.1014,-71.1119],[-73.3008,-70.8967],[-73.9601,-70.9601],[-74.1481,-70.7441],[-74.8048,-70.8042],[-75.4655,-70.8618],[-75.6354,-70.6443],[-74.9816,-70.5874],[-74.3318,-70.528],[-74.5115,-70.3119],[-74.6872,-70.0957],[-74.859,-69.8795],[-75.4889,-69.9368],[-76.1225,-69.9918],[-76.2777,-69.7742],[-75.6507,-69.7199],[-75.0271,-69.6633],[-74.4072,-69.6043],[-73.791,-69.5429],[-73.6105,-69.7578],[-72.9921,-69.6935],[-72.3777,-69.6268],[-72.5701,-69.4134],[-71.9657,-69.3453],[-72.1598,-69.1326],[-71.5651,-69.0631],[-71.7606,-68.851],[-71.1753,-68.7801],[-70.594,-68.707],[-70.3879,-68.9174],[-70.1775,-69.1277],[-69.9628,-69.3379],[-69.7435,-69.5479],[-69.5196,-69.7578],[-69.291,-69.9675],[-68.6821,-69.8871],[-68.0782,-69.8046],[-68.3177,-69.5967],[-68.5523,-69.3886],[-67.9638,-69.3058],[-68.1986,-69.0984],[-67.6199,-69.0144],[-67.0459,-68.9283],[-67.2856,-68.7225],[-67.5206,-68.5165],[-66.9606,-68.4302],[-67.1955,-68.2249],[-67.4259,-68.0193],[-67.6519,-67.8136],[-67.8737,-67.6077]],[[-55.6406,-63.0894],[-55.3663,-63.2698],[-55.7681,-63.3936],[-56.1738,-63.5162],[-56.4451,-63.3339],[-56.7125,-63.1512],[-56.3099,-63.0305],[-56.0409,-63.2123],[-55.6406,-63.0894]],[[97.6961,-64.5604],[97.6281,-64.3424],[98.1301,-64.3123],[98.6308,-64.2802],[98.7074,-64.4976],[99.211,-64.4633],[99.2933,-64.6805],[98.7853,-64.7151],[98.2759,-64.7477],[98.2024,-64.5299],[97.6961,-64.5604]],[[121.4296,-66.0017],[121.1486,-65.8127],[121.6075,-65.6977],[121.8908,-65.8856],[121.4296,-66.0017]],[[135,-65.871],[134.6206,-65.7142],[134.2462,-65.5565],[134.6255,-65.4019],[135,-65.2464],[135.3745,-65.4019],[135.7538,-65.5565],[135.3794,-65.7142],[135,-65.871]]]]}},{"type":"Feature","id":"summer-observed-extent-2025","properties":{"extent":"summer","observationYear":2025,"northMonth":"September","southMonth":"March"},"geometry":{"type":"MultiPolygon","coordinates":[[[[138.4682,46.3746],[138.4858,46.5743],[138.1959,46.5859],[138.1798,46.3862],[138.4682,46.3746]]],[[[138.8337,47.162],[138.5396,47.1749],[138.5215,46.9744],[138.5035,46.7742],[138.7947,46.7615],[138.8141,46.9616],[138.8337,47.162]]],[[[138.8337,47.162],[139.1276,47.1481],[139.1489,47.3486],[138.8535,47.3627],[138.8337,47.162]]],[[[131.5936,70.7561],[131.5526,70.9803],[130.8653,70.9655],[130.9144,70.7414],[131.5936,70.7561]]],[[[170.3948,68.7225],[170.7539,68.9041],[171.1193,69.085],[170.6109,69.2159],[170.9807,69.3973],[170.4634,69.5279],[170.0958,69.3453],[169.5742,69.4731],[169.2157,69.2885],[168.6901,69.4134],[168.3407,69.227],[168.8637,69.1033],[169.3803,68.978],[169.8907,68.851],[170.3948,68.7225]]],[[[-174.5226,66.3921],[-174.0939,66.5325],[-173.6598,66.6716],[-174.0119,66.8443],[-174.447,66.7041],[-174.8768,66.5626],[-174.5226,66.3921]]],[[[109.5367,73.9974],[108.7999,73.8987],[108.0723,73.7975],[108.4349,73.5954],[107.7232,73.493],[107.354,73.6937],[106.645,73.5875],[107.0205,73.3881],[106.3269,73.2808],[106.6992,73.0821],[107.387,73.1881],[108.0834,73.2916],[108.7886,73.3928],[109.5024,73.4914],[110.2249,73.5875],[109.8852,73.7927],[109.5367,73.9974]]],[[[109.5367,73.9974],[110.2826,74.0935],[110.6235,73.8875],[111.3706,73.9796],[111.0375,74.1868],[110.6955,74.3937],[109.9325,74.299],[109.179,74.2016],[109.5367,73.9974]]],[[[83.3456,70.4688],[82.8157,70.6072],[82.2782,70.7441],[81.8699,70.5649],[82.4054,70.4294],[82.0025,70.2508],[82.5284,70.115],[82.9333,70.2924],[83.3456,70.4688]]],[[[77.3302,68.6639],[77.0054,68.4751],[77.5175,68.356],[77.1957,68.1678],[77.6995,68.0482],[78.0239,68.2354],[78.354,68.422],[77.8451,68.5438],[77.3302,68.6639]]],[[[83.5505,71.276],[82.9987,71.4153],[82.5686,71.2376],[82.1467,71.0589],[82.6942,70.9223],[83.1183,71.0996],[83.5505,71.276]]],[[[82.7468,72.0473],[82.1645,72.1844],[81.573,72.3197],[80.9724,72.4532],[80.3625,72.5848],[79.9309,72.4003],[79.5085,72.2149],[80.112,72.0862],[80.7067,71.9556],[81.2926,71.8232],[81.8699,71.689],[82.3039,71.8686],[82.7468,72.0473]]],[[[78.6901,71.0304],[78.1113,71.1541],[77.5249,71.276],[76.9307,71.396],[76.3287,71.514],[76.7014,71.7059],[76.0875,71.8232],[75.4655,71.9385],[75.1013,71.744],[75.7189,71.63],[75.3581,71.4361],[75.9638,71.3214],[76.5618,71.2047],[77.1523,71.086],[77.7352,70.9655],[78.3106,70.843],[78.6901,71.0304]]],[[[73.8427,71.9656],[74.4759,71.8559],[74.8355,72.0517],[74.1975,72.1627],[73.8427,71.9656]]],[[[77.3302,68.6639],[77.6609,68.8522],[77.1372,68.9719],[76.6075,69.0899],[76.0717,69.2061],[75.5297,69.3206],[75.2113,69.1277],[74.6667,69.2393],[74.3578,69.0448],[73.8108,69.1534],[74.1161,69.349],[73.5596,69.4569],[73.8672,69.6532],[73.3008,69.7603],[73.6105,69.9572],[73.9264,70.1537],[74.2488,70.3497],[74.5778,70.5451],[73.9888,70.6549],[74.3205,70.8511],[73.7203,70.9601],[74.0546,71.1569],[73.4429,71.265],[72.8241,71.3711],[73.1562,71.5698],[73.4956,71.768],[73.8427,71.9656],[73.2016,72.0732],[72.5528,72.1786],[72.2161,71.9785],[71.8869,71.7779],[72.5252,71.6749],[72.1981,71.475],[71.8781,71.2746],[72.4991,71.1719],[72.1811,70.9722],[72.7904,70.8685],[72.4744,70.6695],[73.0725,70.5649],[72.7585,70.3666],[72.451,70.1679],[72.1497,69.9687],[72.7283,69.8655],[72.4287,69.667],[72.9971,69.5629],[72.6995,69.3651],[72.4076,69.1669],[72.9622,69.0631],[72.6721,68.8655],[73.2174,68.7609],[73.7571,68.6544],[73.4652,68.4585],[73.1786,68.2623],[72.8973,68.0656],[73.4212,67.9605],[73.1416,67.7645],[72.867,67.5681],[72.5973,67.3713],[72.3324,67.1742],[72.0721,66.9767],[71.8163,66.779],[71.3126,66.8782],[71.0647,66.6791],[70.56,66.7757],[70.3197,66.5755],[70.0836,66.375],[70.5815,66.2803],[70.821,66.4798],[71.3181,66.3825],[71.811,66.2835],[72.2996,66.1828],[72.5528,66.3793],[72.0611,66.4809],[72.3156,66.6781],[72.8104,66.5755],[73.0725,66.7714],[73.3391,66.9669],[73.8355,66.8607],[74.1099,67.0548],[73.6105,67.162],[73.8866,67.3568],[74.1676,67.5511],[74.4537,67.7451],[74.7449,67.9386],[75.0414,68.1317],[74.5214,68.2424],[73.996,68.3514],[74.2914,68.5461],[74.5923,68.7405],[74.8989,68.9343],[75.4342,68.8221],[75.75,69.0144],[76.2827,68.8993],[76.8094,68.7825],[77.3302,68.6639]]],[[[69.0875,68.7501],[68.5232,68.8402],[68.7723,69.0448],[68.1986,69.1338],[68.4481,69.3391],[67.8645,69.4271],[67.6199,69.2209],[67.0362,69.3058],[66.8014,69.0984],[66.5713,68.8908],[67.1452,68.8077],[67.7144,68.7225],[67.4794,68.5165],[68.0394,68.4302],[68.5948,68.342],[68.8387,68.5461],[69.0875,68.7501]]],[[[-120.2564,72.0072],[-119.5537,71.9485],[-118.8557,71.8871],[-118.6518,72.1035],[-118.4429,72.3197],[-118.2288,72.5359],[-118.0092,72.7519],[-118.7398,72.8165],[-118.951,72.5996],[-119.1569,72.3827],[-119.3578,72.1656],[-120.0686,72.2251],[-120.2564,72.0072]]],[[[-115.821,73.256],[-116.5651,73.3289],[-116.811,73.1143],[-116.0754,73.0424],[-115.821,73.256]]],[[[-99.0579,78.634],[-99.7276,78.4482],[-98.8068,78.3147],[-98.1301,78.4984],[-99.0579,78.634]]],[[[-93.4682,79.2405],[-92.5638,79.0875],[-91.7357,79.2552],[-92.6425,79.4108],[-93.4682,79.2405]]],[[[-88.0251,80.5503],[-87.0892,80.3814],[-88.0908,80.2263],[-87.1844,80.0578],[-86.1859,80.2101],[-85.156,80.3595],[-86.0548,80.5336],[-86.9872,80.7052],[-88.0251,80.5503]]],[[[-115.9308,70.4072],[-115.3014,70.3327],[-114.6769,70.256],[-114.0573,70.177],[-113.8187,70.3862],[-113.1986,70.3041],[-112.5839,70.2197],[-112.3287,70.4268],[-112.9489,70.5122],[-113.5747,70.5953],[-114.2059,70.6762],[-114.8424,70.7547],[-115.0744,70.5438],[-115.71,70.6191],[-115.9308,70.4072]]],[[[-102.3808,76.3625],[-102.8937,76.1702],[-102.0948,76.0479],[-101.5752,76.2384],[-102.3808,76.3625]]],[[[-85.156,80.3595],[-84.2894,80.1832],[-83.2338,80.3267],[-82.1467,80.4669],[-82.9987,80.6486],[-84.0939,80.5057],[-85.156,80.3595]]],[[[-116.7606,68.851],[-116.1753,68.7801],[-115.9744,68.9913],[-115.3879,68.9174],[-114.8057,68.8414],[-114.2277,68.7633],[-114.444,68.5544],[-113.8753,68.4751],[-113.6542,68.683],[-113.4287,68.8908],[-114.0071,68.9719],[-113.782,69.1804],[-114.3701,69.2602],[-114.9628,69.3379],[-115.1775,69.1277],[-115.7693,69.2024],[-116.3654,69.275],[-116.5651,69.0631],[-116.7606,68.851]]],[[[-82.1467,80.4669],[-81.3268,80.2832],[-80.2176,80.4172],[-79.0772,80.5475],[-79.8753,80.7365],[-81.0274,80.6035],[-82.1467,80.4669]]],[[[-28.1416,82.0546],[-29.7449,82.1182],[-30.1735,81.8963],[-28.6105,81.8345],[-28.1416,82.0546]]],[[[-108.1038,72.2818],[-107.7649,72.4827],[-108.4349,72.5848],[-108.7681,72.3827],[-108.1038,72.2818]]],[[[-46.6847,82.1619],[-46.6366,81.9323],[-45,81.9356],[-45,82.1653],[-46.6847,82.1619]]],[[[-108.1038,72.2818],[-108.4349,72.0804],[-107.7839,71.9785],[-107.4472,72.1786],[-108.1038,72.2818]]],[[[-115.0675,67.9271],[-114.513,67.8502],[-113.9625,67.7713],[-113.416,67.6905],[-112.8737,67.6077],[-112.6519,67.8136],[-113.1986,67.8973],[-113.7495,67.9789],[-114.3045,68.0587],[-114.092,68.267],[-114.6559,68.3455],[-114.8637,68.1364],[-115.0675,67.9271]]],[[[-107.7839,71.9785],[-108.1131,71.7779],[-107.4748,71.6749],[-107.1403,71.8743],[-107.7839,71.9785]]],[[[-87.5805,78.4414],[-86.7295,78.5948],[-87.5104,78.7643],[-88.3634,78.6086],[-87.5805,78.4414]]],[[[-85.7321,79.0682],[-84.9575,78.8939],[-84.0355,79.0394],[-84.8056,79.2161],[-85.7321,79.0682]]],[[[-111.3369,67.8445],[-111.8792,67.9329],[-112.1094,67.728],[-111.5713,67.6405],[-111.3369,67.8445]]],[[[-111.3369,67.8445],[-110.799,67.7542],[-110.556,67.9571],[-111.0979,68.0482],[-111.3369,67.8445]]],[[[-77.6609,79.3389],[-77.0054,79.1455],[-75.9638,79.265],[-76.6075,79.4606],[-77.6609,79.3389]]],[[[-107.3279,68.8655],[-107.8787,68.9683],[-108.4349,69.0691],[-108.7117,68.8691],[-108.9832,68.6687],[-109.5367,68.7657],[-109.7989,68.5639],[-109.2495,68.468],[-108.7052,68.3702],[-108.4349,68.5699],[-108.1595,68.7692],[-107.6126,68.6675],[-107.3279,68.8655]]],[[[-101.5237,72.9677],[-100.8855,72.8421],[-100.2568,72.7144],[-99.8193,72.8995],[-100.4516,73.0286],[-100.008,73.2143],[-100.6539,73.3429],[-101.0937,73.1557],[-101.5237,72.9677]]],[[[-110.556,67.9571],[-110.0188,67.864],[-109.4861,67.769],[-108.9582,67.6723],[-108.4349,67.5737],[-107.9164,67.4734],[-107.6501,67.6712],[-108.1721,67.7725],[-107.9044,67.9709],[-108.4349,68.0714],[-108.9704,68.1701],[-109.5108,68.267],[-109.7672,68.0656],[-110.3084,68.1596],[-110.556,67.9571]]],[[[-107.6318,68.1689],[-107.1027,68.0656],[-106.8214,68.2623],[-107.354,68.3666],[-107.6318,68.1689]]],[[[-78.3885,77.8822],[-77.7995,77.691],[-76.8908,77.8131],[-77.4712,78.0064],[-78.3885,77.8822]]],[[[-105.7086,68.5461],[-106.2429,68.6544],[-106.5348,68.4585],[-106.004,68.3514],[-105.7086,68.5461]]],[[[-107.3279,68.8655],[-106.7826,68.7609],[-106.4888,68.9574],[-105.9454,68.8498],[-105.4077,68.7405],[-105.7086,68.5461],[-105.1799,68.4361],[-104.8757,68.6294],[-104.5658,68.8221],[-105.1011,68.9343],[-105.6422,69.0448],[-106.1892,69.1534],[-105.8839,69.349],[-106.4404,69.4569],[-106.742,69.2602],[-107.0378,69.0631],[-107.3279,68.8655]]],[[[-82.4506,76.3989],[-83.047,76.579],[-83.8114,76.4375],[-83.211,76.2593],[-82.4506,76.3989]]],[[[-95.8696,72.5774],[-95.3893,72.7519],[-95.9806,72.8949],[-95.4923,73.0699],[-96.0959,73.2127],[-96.7098,73.3538],[-97.3344,73.493],[-97.8153,73.3134],[-98.2858,73.1327],[-97.6668,72.9966],[-97.0578,72.8587],[-96.4588,72.7189],[-95.8696,72.5774]]],[[[-82.4506,76.3989],[-81.8699,76.2175],[-81.0983,76.3529],[-81.6743,76.5362],[-82.4506,76.3989]]],[[[-28.1416,82.0546],[-26.5651,81.985],[-25.0169,81.9094],[-23.4986,81.828],[-22.8906,82.0413],[-21.3706,81.952],[-22.0113,81.7411],[-20.556,81.6487],[-21.1941,81.4392],[-21.8014,81.2287],[-20.4328,81.1358],[-19.7989,81.344],[-19.1336,81.5511],[-17.7447,81.4485],[-17.0205,81.6519],[-16.2602,81.854],[-14.8586,81.7411],[-14.0362,81.9389],[-12.6526,81.8183],[-13.4957,81.6234],[-12.1715,81.5012],[-10.8855,81.3746],[-11.7251,81.1837],[-12.9946,81.3074],[-13.7816,81.112],[-14.5345,80.915],[-15.2551,80.7166],[-15.9454,80.5168],[-16.607,80.3158],[-17.2415,80.1136],[-17.8503,79.9103],[-18.4349,79.706],[-18.9967,79.5007],[-19.5367,79.2945],[-20.0561,79.0875],[-18.9704,78.989],[-19.4861,78.7831],[-20.556,78.8797],[-21.0375,78.6711],[-21.5014,78.4619],[-21.9487,78.2519],[-20.9245,78.1606],[-21.3706,77.9517],[-20.3764,77.8584],[-19.3978,77.7615],[-19.8552,77.5553],[-20.2976,77.3484],[-19.359,77.2514],[-18.9046,77.4567],[-17.9691,77.3547],[-17.488,77.5574],[-16.5571,77.4504],[-15.6422,77.3402],[-15.124,77.5385],[-14.5889,77.7358],[-14.0362,77.9322],[-14.9816,78.048],[-14.4208,78.2452],[-13.8407,78.4414],[-13.2405,78.6363],[-12.6193,78.8301],[-11.9761,79.0226],[-12.9946,79.1455],[-12.3391,79.3389],[-11.6593,79.5309],[-10.6197,79.4033],[-9.9042,79.5914],[-8.8807,79.4581],[-7.8831,79.3216],[-6.9112,79.182],[-6.1466,79.3611],[-5.1944,79.2161],[-4.3987,79.3909],[-3.5763,79.5636],[-2.7263,79.7342],[-1.8476,79.9025],[-0.9392,80.0684],[-1.9092,80.2263],[-0.971,80.3924],[0,80.5559],[1.0051,80.7166],[2.0454,80.8744],[3.1221,81.0292],[4.2364,81.1807],[3.2397,81.3532],[4.3987,81.5043],[5.5993,81.6519],[6.8428,81.7957],[7.8153,81.614],[9.0903,81.7507],[10.008,81.5637],[11.3099,81.6932],[12.6526,81.8183],[13.4957,81.6234],[14.8586,81.7411],[16.2602,81.854],[17.7004,81.9619],[19.179,82.0646],[18.4349,82.2708],[19.9831,82.3708],[21.5713,82.465],[23.1986,82.5534],[22.5206,82.7664],[24.2277,82.8511],[25.9744,82.9294],[27.7585,83.0009],[27.1811,83.2202],[29.0546,83.287],[30.9638,83.3466],[32.9052,83.3986],[34.8753,83.4429],[36.8699,83.4794],[38.8845,83.5079],[40.9144,83.5284],[42.9546,83.5407],[45,83.5448],[47.0454,83.5407],[49.0856,83.5284],[51.1155,83.5079],[53.1301,83.4794],[55.1247,83.4429],[55.4915,83.6693],[57.5288,83.6233],[59.5345,83.5695],[61.5044,83.5079],[63.4349,83.4389],[65.3231,83.3625],[64.6538,83.1464],[66.4477,83.0656],[68.1986,82.9783],[69.9048,82.8845],[71.5651,82.7847],[73.1786,82.679],[74.7449,82.5677],[75.6507,82.7664],[77.1957,82.6465],[78.6901,82.5215],[79.6952,82.7116],[81.1582,82.5784],[82.5686,82.4405],[83.9275,82.2982],[85.2364,82.1518],[86.3478,82.3258],[87.6141,82.1721],[88.8309,82.0147],[90,82.1788],[91.1691,82.0147],[92.2906,81.8475],[93.3665,81.6773],[94.3987,81.5043],[95.5993,81.6519],[96.5819,81.4733],[97.5238,81.2923],[98.427,81.109],[97.2532,80.9705],[98.1301,80.788],[97.0013,80.6486],[97.8533,80.4669],[96.7662,80.3267],[97.5946,80.1457],[98.3929,79.9627],[99.4623,80.0976],[100.2222,79.9103],[100.9541,79.7214],[99.9042,79.5914],[100.6197,79.4033],[99.6052,79.2724],[100.3048,79.0851],[100.9807,78.8962],[101.9761,79.0226],[101.3099,79.2137],[102.3391,79.3389],[103.3925,79.4606],[104.4703,79.5788],[105.1011,79.381],[106.1892,79.4932],[106.7826,79.2921],[107.8787,79.3983],[108.4349,79.1941],[108.9704,78.989],[109.4861,78.7831],[110.556,78.8797],[111.0375,78.6711],[111.5014,78.4619],[112.5572,78.5511],[113.6294,78.6363],[114.7174,78.7176],[115.821,78.7948],[116.2001,78.5786],[117.2996,78.6502],[118.4127,78.7176],[118.7398,78.4984],[119.8459,78.5602],[120.1414,78.3395],[121.2392,78.396],[121.5043,78.1739],[122.5926,78.2251],[123.6901,78.2721],[123.9063,78.048],[124.992,78.0898],[125.1807,77.8649],[126.2538,77.9017],[127.3332,77.9343],[128.4181,77.9626],[129.5077,77.9867],[129.4007,78.214],[130.5154,78.2341],[130.4261,78.4619],[130.3331,78.6897],[131.4965,78.706],[131.4237,78.9342],[131.3478,79.1625],[132.5634,79.1747],[132.5104,79.4033],[133.7546,79.4108],[135,79.4133],[136.2454,79.4108],[137.4896,79.4033],[138.7314,79.3909],[138.8141,79.6193],[140.0796,79.6016],[141.3402,79.5788],[142.5946,79.551],[143.8418,79.5183],[145.0806,79.4806],[144.8658,79.2552],[146.0702,79.2137],[145.8403,78.989],[147.0115,78.9437],[146.7683,78.72],[147.9074,78.6711],[149.0362,78.6178],[150.1541,78.5602],[151.2602,78.4984],[150.9454,78.2788],[152.0205,78.214],[153.0834,78.1451],[152.7447,77.9278],[153.778,77.8563],[154.7989,77.7808],[154.44,77.5659],[155.4328,77.4881],[156.413,77.4066],[157.3801,77.3215],[158.334,77.2329],[159.2744,77.1409],[159.7024,77.3484],[160.641,77.2514],[161.0954,77.4567],[162.0309,77.3547],[162.951,77.2494],[163.4429,77.4504],[164.3578,77.3402],[165.2564,77.2268],[164.7449,77.0293],[165.6186,76.9148],[166.4768,76.7972],[167.3196,76.6768],[166.7989,76.4838],[167.6192,76.3625],[168.4248,76.2384],[169.2157,76.1117],[169.992,75.9825],[170.7539,75.8509],[170.2176,75.6657],[170.9605,75.5334],[170.4333,75.3489],[169.9194,75.1633],[169.4184,74.9765],[168.9298,74.7888],[168.4533,74.6],[167.9885,74.4103],[167.5351,74.2197],[167.0926,74.0283],[166.6608,73.836],[167.3474,73.716],[166.9209,73.5244],[167.5926,73.4037],[167.1712,73.2127],[166.7595,73.021],[166.3571,72.8285],[167.0054,72.7099],[166.6075,72.5181],[167.2425,72.3988],[167.8687,72.2774],[167.4712,72.0876],[168.0849,71.9656],[168.6901,71.8416],[168.2936,71.6538],[167.9052,71.4653],[168.4952,71.3421],[169.0772,71.217],[169.6513,71.0901],[170.0494,71.2746],[170.6185,71.1446],[171.0274,71.3269],[171.4444,71.5084],[172.0107,71.3738],[172.4386,71.553],[172.875,71.7313],[172.3039,71.8686],[172.7468,72.0473],[173.1987,72.2251],[173.7742,72.0848],[174.3405,71.9428],[174.8056,72.1165],[175.3645,71.9713],[175.9144,71.8246],[176.4552,71.6763],[176.9872,71.5265],[177.4664,71.6932],[177.9904,71.5405],[178.4792,71.7045],[178.9949,71.5488],[179.493,71.7101],[-180,71.8701],[179.4838,72.0287],[-180,72.1888],[-179.4744,72.3475],[-178.9391,72.5048],[-178.394,72.6606],[-177.8389,72.815],[-178.3634,72.9799],[-177.7974,73.1342],[-177.2208,73.287],[-176.6335,73.4381],[-176.0353,73.5875],[-175.5154,73.4162],[-174.9079,73.5622],[-174.2894,73.7065],[-173.6598,73.8488],[-173.0189,73.9893],[-172.3667,74.1278],[-172.875,74.3073],[-172.2079,74.4454],[-171.5289,74.5815],[-172.0425,74.7631],[-171.3475,74.8987],[-170.6398,75.0321],[-171.1582,75.2161],[-170.4333,75.3489],[-169.6952,75.4794],[-168.9436,75.6076],[-168.1785,75.7333],[-167.3998,75.8564],[-167.9052,76.0479],[-167.1063,76.1702],[-166.293,76.2898],[-166.7989,76.4838],[-165.9638,76.6024],[-166.4768,76.7972],[-165.6186,76.9148],[-166.139,77.1104],[-165.2564,77.2268],[-164.3578,77.3402],[-164.876,77.5385],[-163.951,77.6506],[-163.0092,77.7594],[-162.0506,77.8649],[-161.0754,77.967],[-160.0836,78.0656],[-159.6236,77.8584],[-158.6294,77.9517],[-157.6199,78.0414],[-156.5953,78.1274],[-155.556,78.2095],[-155.1707,77.9954],[-154.1336,78.0722],[-153.0834,78.1451],[-152.0205,78.214],[-151.6992,77.9954],[-150.6422,78.059],[-149.5742,78.1185],[-149.3003,77.8974],[-148.2405,77.9517],[-147.1715,78.002],[-146.0937,78.048],[-145.008,78.0898],[-143.9149,78.1274],[-142.8153,78.1606],[-141.7098,78.1895],[-141.5819,77.9626],[-140.4923,77.9867],[-139.3987,78.0064],[-139.316,77.7787],[-138.2397,77.7937],[-138.1798,77.5659],[-137.1211,77.5764],[-137.0826,77.3484],[-136.0416,77.3547],[-136.023,77.1267],[-135,77.1287],[-135,76.9008],[-135,76.6729],[-135,76.4452],[-135,76.2175],[-135,75.99],[-134.0608,75.9881],[-134.076,75.7607],[-134.0906,75.5334],[-134.1048,75.3063],[-134.1186,75.0792],[-134.1319,74.8522],[-134.1449,74.6254],[-134.1575,74.3987],[-134.1697,74.1721],[-133.3397,74.1671],[-133.3634,73.9407],[-133.3865,73.7144],[-133.4089,73.4882],[-132.6141,73.4804],[-132.6467,73.2545],[-132.6785,73.0286],[-132.7094,72.8029],[-132.7395,72.5774],[-133.4926,72.5848],[-133.5121,72.3592],[-133.5312,72.1338],[-132.7974,72.1266],[-132.8253,71.9014],[-132.1014,71.8914],[-131.3785,71.8786],[-131.4237,71.6538],[-130.7108,71.6384],[-129.9994,71.6202],[-129.9364,71.8445],[-129.2176,71.8232],[-129.144,72.0473],[-129.0685,72.2716],[-128.3333,72.2469],[-128.2464,72.4709],[-127.5041,72.4429],[-126.7644,72.412],[-126.6561,72.6353],[-125.9097,72.6011],[-125.789,72.824],[-125.0362,72.7864],[-124.9025,73.0088],[-124.7652,73.2313],[-124.6242,73.4537],[-124.4792,73.6762],[-123.6901,73.6334],[-123.5305,73.8553],[-124.3302,73.8987],[-124.177,74.1213],[-124.992,74.1622],[-124.8457,74.3853],[-124.0193,74.3438],[-123.1976,74.299],[-123.0239,74.5208],[-122.1957,74.4722],[-121.373,74.4204],[-120.556,74.3654],[-119.7449,74.3073],[-118.94,74.2461],[-118.1416,74.1819],[-117.3499,74.1147],[-116.5651,74.0446],[-116.822,73.8296],[-116.0535,73.7575],[-115.292,73.6826],[-115.56,73.4694],[-115.821,73.256],[-115.0836,73.1804],[-114.8142,73.3928],[-114.0755,73.3134],[-114.353,73.102],[-113.6294,73.021],[-113.9077,72.8105],[-113.1986,72.7279],[-112.9128,72.9374],[-112.2035,72.8511],[-111.5014,72.7624],[-110.8068,72.6711],[-110.1196,72.5774],[-109.7989,72.7819],[-110.4926,72.8768],[-111.1941,72.9692],[-111.9032,73.0592],[-111.5953,73.2668],[-111.2796,73.4741],[-110.9558,73.681],[-110.6235,73.8875],[-111.3706,73.9796],[-112.1263,74.069],[-112.8906,74.1557],[-112.5741,74.3654],[-113.3556,74.4504],[-114.1455,74.5326],[-113.8387,74.7444],[-113.5232,74.9557],[-112.7144,74.8712],[-112.3801,75.0809],[-113.1986,75.1668],[-114.0265,75.2496],[-114.3411,75.0374],[-115.1679,75.1159],[-115.4633,74.9022],[-116.2883,74.9765],[-116.0033,75.1914],[-116.8473,75.2637],[-117.1213,75.0478],[-117.9622,75.1159],[-117.6995,75.3329],[-117.4287,75.5497],[-117.1497,75.7662],[-116.8619,75.9825],[-116.5651,76.1986],[-115.6652,76.1249],[-115.3462,76.3395],[-115.0169,76.5537],[-114.1022,76.4741],[-114.444,76.2612],[-113.5523,76.1797],[-112.6713,76.0948],[-111.8014,76.0068],[-112.1663,75.7975],[-111.3179,75.7077],[-110.4804,75.6148],[-109.6538,75.519],[-108.8384,75.4203],[-108.4349,75.6239],[-109.2593,75.7241],[-110.0952,75.8214],[-109.6986,76.0273],[-109.29,76.2327],[-110.1576,76.3299],[-109.7468,76.5362],[-109.3232,76.7418],[-108.4349,76.6415],[-108.869,76.4375],[-108.0042,76.3356],[-108.4349,76.1325],[-107.5924,76.0292],[-106.7626,75.923],[-106.3139,76.123],[-105.4885,76.0124],[-105.9454,75.814],[-105.141,75.7022],[-105.5928,75.5046],[-104.8084,75.3917],[-104.3493,75.5877],[-103.8775,75.7828],[-103.0919,75.6639],[-102.6002,75.8564],[-103.3925,75.9769],[-104.1986,76.0948],[-103.707,76.2898],[-104.5345,76.4066],[-104.0362,76.6024],[-103.2011,76.4838],[-102.3808,76.3625],[-101.853,76.5537],[-101.0409,76.4278],[-100.4915,76.6161],[-99.9262,76.8032],[-99.1179,76.6709],[-98.3257,76.5362],[-97.5494,76.3989],[-98.1301,76.2175],[-97.3738,76.0798],[-97.9435,75.8989],[-97.2061,75.7607],[-97.7652,75.5804],[-97.0458,75.4418],[-96.4831,75.6203],[-95.7743,75.4777],[-95.1944,75.653],[-94.4972,75.5064],[-93.8141,75.3578],[-93.145,75.2072],[-93.7314,75.0374],[-93.0775,74.8867],[-92.4366,74.7341],[-91.8476,74.9005],[-92.4896,75.0548],[-91.8882,75.2214],[-92.5448,75.3756],[-91.9306,75.5425],[-92.6026,75.6967],[-91.9749,75.8638],[-92.663,76.018],[-93.3665,76.1702],[-94.0856,76.3203],[-94.7079,76.1475],[-95.4403,76.2936],[-96.1886,76.4375],[-95.5722,76.6141],[-96.3402,76.7576],[-97.125,76.8988],[-96.4993,77.0779],[-95.7106,76.9348],[-95.0636,77.1104],[-94.2892,76.9629],[-93.5323,76.8131],[-92.7927,76.6611],[-92.07,76.5071],[-91.3972,76.6729],[-90.6903,76.5148],[-90,76.3548],[-89.3097,76.5148],[-90,76.6768],[-89.2927,76.8369],[-88.5679,76.9951],[-87.8253,77.1511],[-87.0643,77.305],[-87.7688,77.4734],[-88.4926,77.6399],[-87.7094,77.7959],[-86.9059,77.9496],[-86.1859,77.7787],[-85.486,77.606],[-84.6678,77.753],[-85.3645,77.9278],[-86.0818,78.1009],[-86.8202,78.2721],[-87.5805,78.4414],[-88.4089,78.2855],[-89.2152,78.1274],[-90,78.29],[-90.7848,78.1274],[-91.5911,78.2855],[-92.4195,78.4414],[-93.2705,78.5948],[-94.1446,78.7456],[-93.3665,78.9176],[-94.2679,79.0682],[-93.4682,79.2405],[-94.3987,79.3909],[-95.1944,79.2161],[-96.1466,79.3611],[-95.3558,79.5384],[-96.3402,79.683],[-97.3524,79.8245],[-96.5463,80.0048],[-95.7106,80.1832],[-96.7662,80.3267],[-95.9061,80.5057],[-95.0131,80.6825],[-96.1155,80.8282],[-95.1944,81.0056],[-94.2364,81.1807],[-93.2397,81.3532],[-92.1211,81.1987],[-91.0416,81.041],[-92.0454,80.8744],[-91.0051,80.7166],[-90,80.5559],[-89.029,80.3924],[-88.0251,80.5503],[-88.9949,80.7166],[-90,80.8802],[-88.9584,81.041],[-90,81.2047],[-91.0809,81.3654],[-90,81.5293],[-91.1233,81.69],[-90,81.854],[-88.8309,82.0147],[-87.6141,82.1721],[-86.3478,82.3258],[-85.0303,82.4756],[-83.9275,82.2982],[-82.875,82.1182],[-81.5289,82.2571],[-82.5686,82.4405],[-81.1582,82.5784],[-79.6952,82.7116],[-80.7539,82.8994],[-79.2157,83.0313],[-78.1785,82.84],[-76.6075,82.9632],[-74.9816,83.0809],[-74.0546,82.8808],[-72.4076,82.9896],[-70.71,83.0924],[-68.9625,83.189],[-68.1986,82.9783],[-67.4794,82.7664],[-65.7723,82.8511],[-64.0256,82.9294],[-63.4349,82.7116],[-62.8787,82.4932],[-61.1892,82.5606],[-60.7086,82.3396],[-62.354,82.2742],[-61.8584,82.0546],[-63.4349,81.985],[-62.9279,81.7668],[-64.44,81.6932],[-65.9245,81.614],[-65.3764,81.3992],[-64.8552,81.1837],[-66.2505,81.1031],[-67.6199,81.0174],[-67.0679,80.8052],[-68.3852,80.7166],[-69.6769,80.6232],[-69.1022,80.4144],[-70.3462,80.3185],[-69.7751,80.111],[-70.9744,80.0128],[-70.4077,79.8063],[-71.5651,79.706],[-72.6995,79.6016],[-73.8108,79.4932],[-74.8989,79.381],[-74.2914,79.182],[-75.3432,79.0682],[-74.7449,78.8702],[-74.1676,78.6711],[-75.1735,78.5579],[-74.6045,78.3598],[-73.6105,78.471],[-72.5973,78.5786],[-71.5651,78.6827],[-70.5139,78.7831],[-69.444,78.8797],[-68.3556,78.9723],[-67.249,79.061],[-66.1247,79.1455],[-64.9831,79.2259],[-65.4099,79.4407],[-64.2307,79.5183],[-64.6538,79.7342],[-65.0952,79.9496],[-65.556,80.1644],[-66.8014,80.0817],[-67.3062,80.294],[-67.8337,80.5057],[-66.541,80.5923],[-65.2249,80.674],[-65.7256,80.8889],[-64.359,80.9675],[-62.9691,81.041],[-61.5571,81.109],[-61.9908,81.3288],[-60.5241,81.393],[-60.9454,81.614],[-61.3895,81.8345],[-59.8265,81.8963],[-58.2405,81.952],[-58.627,82.1755],[-56.9761,82.2264],[-55.3048,82.2708],[-53.6156,82.3085],[-51.9112,82.3396],[-51.7098,82.1114],[-51.5198,81.8833],[-49.8991,81.9061],[-50.0425,82.135],[-50.1944,82.3638],[-50.3558,82.5927],[-48.5763,82.6106],[-48.4682,82.3812],[-48.3665,82.1518],[-46.6847,82.1619],[-46.7357,82.3916],[-46.7899,82.6213],[-45,82.6249],[-45,82.8548],[-46.8476,82.8511],[-46.9092,83.0809],[-45,83.0848],[-43.0908,83.0809],[-43.0251,83.3108],[-41.0548,83.2989],[-39.0939,83.2792],[-38.8845,83.5079],[-36.8699,83.4794],[-34.8753,83.4429],[-34.5085,83.6693],[-32.4712,83.6233],[-30.4655,83.5695],[-28.4956,83.5079],[-26.5651,83.4389],[-27.1811,83.2202],[-25.3462,83.1464],[-25.9744,82.9294],[-24.2277,82.8511],[-22.5206,82.7664],[-20.8545,82.6754],[-21.5713,82.465],[-22.249,82.2537],[-23.8387,82.3396],[-24.444,82.1249],[-26.0296,82.2026],[-27.646,82.2742],[-28.1416,82.0546]],[[-122.7749,75.9008],[-122.5741,76.123],[-122.3666,76.3452],[-122.1523,76.5673],[-121.2005,76.5148],[-120.9638,76.7359],[-120.7189,76.9568],[-119.7449,76.8988],[-119.4759,77.1185],[-119.1975,77.3381],[-118.2016,77.2741],[-117.8973,77.4923],[-116.8962,77.4233],[-116.5651,77.6399],[-115.56,77.5659],[-115.9065,77.3505],[-116.2413,77.1348],[-116.5651,76.9188],[-115.6155,76.8449],[-115.9423,76.6298],[-116.8781,76.7024],[-117.1811,76.4858],[-117.4744,76.2688],[-118.393,76.3356],[-118.664,76.1174],[-119.5778,76.1797],[-119.8271,75.9602],[-120.0686,75.7406],[-120.9638,75.7975],[-120.7355,76.018],[-121.6513,76.0723],[-121.866,75.8509],[-122.7749,75.9008]],[[-119.1808,75.6803],[-118.9264,75.8989],[-118.0339,75.8343],[-118.3008,75.6167],[-119.1808,75.6803]],[[-110.9245,78.1606],[-109.9164,78.0656],[-110.3764,77.8584],[-109.3978,77.7615],[-109.8552,77.5553],[-110.2976,77.3484],[-111.2505,77.442],[-111.666,77.2329],[-112.6199,77.3215],[-112.2176,77.5322],[-113.1986,77.6187],[-114.1932,77.7016],[-115.2011,77.7808],[-114.8293,77.9954],[-113.8059,77.9148],[-112.7965,77.8303],[-112.3801,78.0414],[-111.3706,77.9517],[-110.9245,78.1606]],[[-110.9245,78.1606],[-111.9487,78.2519],[-112.9887,78.3395],[-112.5572,78.5511],[-111.5014,78.4619],[-111.0375,78.6711],[-109.9831,78.5763],[-108.9465,78.4778],[-109.44,78.2721],[-110.4623,78.3688],[-110.9245,78.1606]],[[-114.6769,76.7675],[-114.3256,76.981],[-113.3852,76.8988],[-113.7495,76.6867],[-114.6769,76.7675]],[[-103.8407,78.4414],[-103.2405,78.6363],[-104.2373,78.755],[-105.2551,78.8702],[-104.6568,79.0682],[-105.7086,79.182],[-105.1011,79.381],[-104.0362,79.265],[-102.9946,79.1455],[-101.9761,79.0226],[-100.9807,78.8962],[-100.008,78.7667],[-99.0579,78.634],[-98.3659,78.8183],[-97.4314,78.6804],[-96.5198,78.5396],[-95.6307,78.396],[-94.7636,78.2497],[-95.4774,78.0744],[-96.1702,77.8974],[-96.8428,77.7187],[-97.6961,77.8584],[-97.0284,78.0392],[-97.9072,78.1784],[-98.8068,78.3147],[-99.4623,78.1296],[-98.5691,77.9954],[-99.211,77.811],[-100.0975,77.943],[-101.0035,78.0722],[-101.9293,78.1984],[-102.875,78.3215],[-103.8407,78.4414]],[[-103.8407,78.4414],[-104.4208,78.2452],[-105.3955,78.3598],[-104.8265,78.5579],[-103.8407,78.4414]],[[-100.2222,79.9103],[-99.4623,80.0976],[-98.3929,79.9627],[-99.1623,79.7779],[-100.2222,79.9103]],[[-105.6422,77.3402],[-105.124,77.5385],[-104.2159,77.4233],[-104.7436,77.2268],[-105.6422,77.3402]],[[-102.2005,77.691],[-101.6115,77.8822],[-100.7131,77.7551],[-101.3099,77.5659],[-102.2005,77.691]],[[-96.009,77.5764],[-95.3322,77.753],[-94.6355,77.9278],[-93.8141,77.7787],[-93.0128,77.6272],[-92.2312,77.4734],[-91.5074,77.6399],[-90.7639,77.8045],[-90,77.967],[-89.2361,77.8045],[-90,77.6442],[-89.2559,77.4818],[-90,77.3215],[-90.7252,77.1593],[-90,76.9991],[-90.7073,76.8369],[-91.4321,76.9951],[-92.1211,76.829],[-92.8624,76.983],[-93.6215,77.1348],[-94.3987,77.2844],[-93.7153,77.4567],[-94.514,77.606],[-95.1944,77.4316],[-96.009,77.5764]]],[[[-95.8696,72.5774],[-96.3402,72.4017],[-96.8013,72.2251],[-96.2258,72.0848],[-96.6799,71.9085],[-97.125,71.7313],[-96.5627,71.5922],[-96.009,71.4514],[-95.5599,71.6258],[-95.1022,71.7991],[-95.6595,71.9428],[-95.1944,72.1165],[-95.7626,72.26],[-95.2901,72.4341],[-95.8696,72.5774]]],[[[-67.7824,77.5322],[-67.3801,77.3215],[-66.413,77.4066],[-66.8014,77.6187],[-67.7824,77.5322]]],[[[-20.2249,76.8389],[-20.6375,76.6317],[-21.0375,76.424],[-20.1576,76.3299],[-19.7468,76.5362],[-19.3232,76.7418],[-20.2249,76.8389]]],[[[-95.6673,68.7549],[-95.2739,68.9271],[-94.7998,68.7837],[-94.3987,68.9537],[-93.9909,69.1228],[-94.4672,69.2688],[-94.0536,69.4383],[-94.5378,69.5842],[-95.0291,69.7287],[-95.4403,69.5567],[-95.9374,69.6985],[-96.3402,69.5242],[-95.8446,69.3837],[-96.2419,69.2098],[-95.7546,69.0691],[-96.1466,68.8957],[-95.6673,68.7549]]],[[[-86.6981,73.1189],[-86.1859,72.9495],[-86.7603,72.7999],[-86.257,72.6309],[-86.8202,72.4812],[-86.3255,72.3124],[-86.8779,72.1627],[-86.3915,71.9943],[-85.9144,71.8246],[-85.3645,71.9713],[-85.8404,72.1425],[-85.2799,72.2891],[-85.7636,72.4606],[-85.192,72.6071],[-85.684,72.7789],[-85.1009,72.9252],[-85.6013,73.0974],[-86.1121,73.2684],[-86.6981,73.1189]]],[[[-85.4462,71.6538],[-84.9869,71.482],[-84.4401,71.6258],[-84.8978,71.7991],[-85.4462,71.6538]]],[[[-95.6673,68.7549],[-96.0542,68.5818],[-96.4347,68.4078],[-96.9112,68.5461],[-97.284,68.3702],[-96.8091,68.2331],[-96.3402,68.0946],[-95.8774,67.9547],[-96.2484,67.7816],[-96.6135,67.6077],[-96.1592,67.4689],[-95.7106,67.3288],[-95.3431,67.5004],[-95.7928,67.6417],[-95.4206,67.8136],[-95.0425,67.9847],[-94.6583,68.155],[-94.2679,68.3243],[-93.8713,68.4928],[-93.4682,68.6604],[-93.9302,68.8077],[-94.3323,68.6389],[-94.728,68.4692],[-95.1173,68.2986],[-95.5826,68.4408],[-95.1944,68.6127],[-95.6673,68.7549]]],[[[-80.5377,72.2701],[-79.9309,72.4003],[-79.3151,72.5285],[-78.8962,72.3417],[-78.2749,72.4665],[-78.6901,72.6547],[-78.0558,72.7789],[-78.4763,72.9677],[-79.1145,72.8421],[-79.7432,72.7144],[-80.1807,72.8995],[-80.8033,72.7684],[-80.3625,72.5848],[-80.9724,72.4532],[-80.5377,72.2701]]],[[[-80.5377,72.2701],[-81.1354,72.1381],[-80.7067,71.9556],[-80.112,72.0862],[-80.5377,72.2701]]],[[[-90.8681,68.6962],[-90.4308,68.5402],[-90,68.3831],[-89.5692,68.5402],[-90,68.6986],[-90.4374,68.8558],[-90.8681,68.6962]]],[[[-24.2539,73.8167],[-24.5377,73.6049],[-24.8142,73.3928],[-24.0755,73.3134],[-23.344,73.2313],[-23.0513,73.4412],[-23.7908,73.5244],[-23.4986,73.7352],[-24.2539,73.8167]]],[[[-83.5584,69.8388],[-83.9667,70.0135],[-84.4725,69.8719],[-84.0626,69.6985],[-83.5584,69.8388]]],[[[-83.5584,69.8388],[-83.1572,69.6633],[-82.6476,69.8008],[-83.047,69.9777],[-83.5584,69.8388]]],[[[-82.6476,69.8008],[-82.2553,69.6231],[-81.7406,69.7578],[-81.2188,69.8909],[-81.6071,70.0713],[-82.1309,69.9368],[-82.6476,69.8008]]],[[[-79.0609,70.4072],[-78.6901,70.221],[-78.1356,70.3445],[-78.5034,70.532],[-79.0609,70.4072]]],[[[-24.1791,72.5996],[-24.444,72.3885],[-23.7495,72.3081],[-23.4774,72.5181],[-24.1791,72.5996]]],[[[-88.3397,67.744],[-87.9399,67.5816],[-87.546,67.4184],[-87.1579,67.2541],[-86.7295,67.4027],[-86.2954,67.55],[-86.6822,67.7166],[-87.117,67.5681],[-87.5104,67.7326],[-87.9098,67.8961],[-88.3397,67.744]]],[[[-88.8767,65.3979],[-88.5121,65.2383],[-88.1283,65.3897],[-88.4926,65.5503],[-88.8767,65.3979]]],[[[-86.8636,66.4627],[-86.4965,66.2973],[-86.1345,66.131],[-85.7778,65.964],[-85.4261,65.7961],[-85.0137,65.9389],[-85.3645,66.1078],[-84.9462,66.2506],[-85.3013,66.4199],[-85.6617,66.5884],[-86.0818,66.4434],[-86.4483,66.61],[-86.8636,66.4627]]],[[[-25.9308,70.4072],[-25.3014,70.3327],[-24.6769,70.256],[-24.0573,70.177],[-23.8187,70.3862],[-23.5747,70.5953],[-24.2059,70.6762],[-23.9625,70.886],[-24.6051,70.9655],[-24.3625,71.176],[-25.0169,71.254],[-25.6768,71.3297],[-25.9065,71.1173],[-25.2532,71.0426],[-25.4841,70.8309],[-25.71,70.6191],[-25.9308,70.4072]]],[[[-25.9308,70.4072],[-26.5651,70.4793],[-26.7749,70.2664],[-26.1468,70.1951],[-25.9308,70.4072]]],[[[-87.3805,65.3775],[-87.0263,65.2141],[-86.6769,65.0498],[-87.0643,64.9028],[-86.7191,64.7388],[-86.3785,64.5741],[-85.9922,64.719],[-86.3322,64.8848],[-85.9407,65.0298],[-86.2847,65.1959],[-85.8878,65.3408],[-86.236,65.5072],[-85.8335,65.6522],[-86.1859,65.819],[-86.5891,65.6729],[-86.9872,65.5257],[-87.3805,65.3775]]],[[[-67.2035,65.919],[-66.7005,66.0017],[-66.1941,66.0826],[-66.3929,66.2888],[-66.5953,66.4949],[-67.1094,66.4124],[-67.6199,66.3281],[-67.4098,66.1237],[-67.2035,65.919]]],[[[-67.2035,65.919],[-67.7028,65.8346],[-67.4965,65.6306],[-67.2936,65.4264],[-66.8014,65.5093],[-67.0007,65.7142],[-67.2035,65.919]]],[[[-67.0942,65.2221],[-66.8982,65.0177],[-66.7054,64.8132],[-66.2237,64.8938],[-66.413,65.0991],[-66.6055,65.3042],[-67.0942,65.2221]]],[[[-68.0704,63.3796],[-68.2632,63.581],[-68.459,63.7823],[-68.9123,63.6942],[-68.7136,63.4936],[-68.518,63.293],[-68.0704,63.3796]]],[[[-68.0704,63.3796],[-67.8806,63.178],[-67.6938,62.9764],[-67.249,63.0599],[-67.0679,62.8575],[-66.8896,62.6549],[-66.4477,62.7355],[-66.6232,62.9388],[-66.8014,63.142],[-66.9824,63.3451],[-67.433,63.2623],[-67.6199,63.4646],[-68.0704,63.3796]]],[[[-86.2916,55.6994],[-86.0458,55.5403],[-85.7636,55.6787],[-86.0091,55.8386],[-86.2916,55.6994]]],[[[-38.8845,-54.3842],[-39.1114,-54.5474],[-39.3907,-54.4145],[-39.6203,-54.5766],[-39.8521,-54.7383],[-39.5719,-54.8727],[-39.8056,-55.0348],[-39.5226,-55.1693],[-39.2374,-55.3031],[-39.0046,-55.1395],[-38.7175,-55.2718],[-38.4876,-55.107],[-38.2599,-54.9419],[-38.546,-54.8111],[-38.3201,-54.6463],[-38.6034,-54.5156],[-38.8845,-54.3842]]],[[[-4.4474,-69.3837],[-4.4972,-69.6068],[-5.1364,-69.588],[-5.1944,-69.8109],[-5.2538,-70.034],[-5.9061,-70.0123],[-5.9743,-70.2352],[-6.0441,-70.4583],[-5.3767,-70.4806],[-5.3145,-70.2573],[-4.6534,-70.2768],[-3.9909,-70.2937],[-3.3274,-70.308],[-2.663,-70.3197],[-2.6324,-70.0957],[-1.9749,-70.1047],[-1.9525,-69.8808],[-2.6026,-69.8719],[-3.2519,-69.8604],[-3.2155,-69.6369],[-3.1798,-69.4134],[-3.8141,-69.3998],[-4.4474,-69.3837]]],[[[11.3099,-69.046],[11.4337,-69.2651],[10.8139,-69.3083],[10.9338,-69.5279],[11.5601,-69.4843],[11.6894,-69.7035],[11.0564,-69.7477],[11.1818,-69.9675],[11.8215,-69.9228],[12.4582,-69.8757],[13.0919,-69.8262],[12.9465,-69.608],[12.8043,-69.3899],[13.4218,-69.3391],[13.2764,-69.1216],[13.134,-68.9041],[12.5288,-68.9537],[11.9207,-69.001],[11.3099,-69.046]]],[[[-10.2441,-70.7121],[-10.3663,-70.9331],[-9.6888,-70.9722],[-9.5742,-70.7507],[-10.2441,-70.7121]]],[[[31.6075,-69.0899],[31.9384,-69.2799],[32.4712,-69.1608],[32.8114,-69.349],[33.1579,-69.5367],[33.6901,-69.4134],[33.3407,-69.227],[32.9977,-69.0399],[32.6609,-68.8522],[32.1372,-68.9719],[31.6075,-69.0899]]],[[[41.5834,-68.3455],[41.1859,-68.1782],[40.7321,-68.3243],[40.3417,-68.155],[39.9575,-67.9847],[39.4996,-68.1271],[39.1226,-67.9547],[38.6598,-68.0946],[38.1909,-68.2331],[37.8228,-68.0575],[37.3493,-68.1934],[36.9888,-68.0159],[36.6341,-67.8376],[36.1582,-67.9697],[35.6764,-68.1004],[35.1887,-68.2296],[34.6952,-68.3572],[35.0419,-68.5402],[34.5401,-68.6675],[34.8907,-68.851],[35.2476,-69.0338],[35.6109,-69.2159],[35.9807,-69.3973],[36.3572,-69.5779],[36.8699,-69.4445],[37.2553,-69.6231],[37.6476,-69.8008],[38.1572,-69.6633],[38.5584,-69.8388],[38.9667,-70.0135],[39.4725,-69.8719],[39.0626,-69.6985],[39.5597,-69.5567],[40.0497,-69.4134],[39.6442,-69.2418],[40.1261,-69.0984],[39.7261,-68.9271],[40.2002,-68.7837],[40.6677,-68.6389],[41.1287,-68.4928],[41.5834,-68.3455]]],[[[41.5834,-68.3455],[41.9872,-68.5118],[42.4362,-68.3619],[42.8789,-68.2109],[43.3153,-68.0587],[43.7455,-67.9053],[44.1575,-68.0656],[44.5818,-67.9099],[45,-67.7531],[45.4122,-67.5952],[45.8303,-67.7508],[46.2364,-67.5907],[46.6366,-67.4296],[47.0309,-67.2675],[47.454,-67.4184],[47.883,-67.5681],[48.3178,-67.7166],[48.7046,-67.55],[49.0856,-67.3825],[48.6522,-67.2364],[48.2245,-67.089],[47.8421,-67.2541],[47.4195,-67.1045],[47.0025,-66.9537],[46.6135,-67.1155],[46.2189,-67.2764],[45.8069,-67.1222],[45.4007,-66.9669],[45,-67.1244],[44.5937,-67.2809],[44.1931,-67.1222],[43.7811,-67.2764],[43.3865,-67.1155],[42.9691,-67.2675],[42.546,-67.4184],[42.117,-67.5681],[41.6822,-67.7166],[41.2414,-67.864],[41.6335,-68.0309],[42.0318,-68.1969],[41.5834,-68.3455]]],[[[54.5247,-65.7018],[54.0903,-65.5729],[53.6606,-65.4428],[53.3439,-65.6203],[52.9175,-65.4878],[52.5946,-65.6636],[52.1717,-65.5288],[51.8428,-65.7028],[51.509,-65.8762],[51.0885,-65.738],[50.7487,-65.9096],[50.4038,-66.0805],[50.0538,-66.2506],[49.6355,-66.1078],[49.2795,-66.276],[48.9182,-66.4434],[48.5517,-66.61],[48.1798,-66.7757],[48.6013,-66.923],[48.9725,-66.7561],[49.3987,-66.9011],[49.8304,-67.0449],[50.2677,-67.1875],[50.6307,-67.0163],[50.9881,-66.8443],[50.553,-66.7041],[50.1232,-66.5626],[50.4774,-66.3921],[50.8263,-66.2209],[51.254,-66.3601],[51.5967,-66.187],[51.9343,-66.0132],[52.267,-65.8387],[52.6961,-65.9734],[53.0224,-65.7972],[53.455,-65.9295],[53.7751,-65.7515],[54.211,-65.8814],[54.5247,-65.7018]]],[[[54.5247,-65.7018],[54.9638,-65.8294],[55.4077,-65.9556],[55.8564,-66.0805],[56.3099,-66.2039],[56.7683,-66.326],[57.2315,-66.4466],[57.5288,-66.2601],[57.0678,-66.1405],[56.6115,-66.0195],[56.1599,-65.8971],[55.7131,-65.7733],[55.271,-65.6481],[54.8336,-65.5216],[54.5247,-65.7018]]],[[[57.2315,-66.4466],[56.9293,-66.6327],[57.3997,-66.7529],[57.875,-66.8716],[58.1726,-66.6835],[57.6996,-66.5658],[57.2315,-66.4466]]],[[[62.9164,-67.4734],[62.4027,-67.3713],[62.133,-67.5681],[62.6501,-67.6712],[62.9164,-67.4734]]],[[[-34.7652,-66.4456],[-35.0835,-66.6273],[-35.5377,-66.4992],[-35.9868,-66.3697],[-36.3136,-66.5486],[-36.7593,-66.4167],[-37.0928,-66.5938],[-37.5348,-66.4595],[-37.875,-66.6348],[-38.3131,-66.4981],[-38.6598,-66.6716],[-39.0939,-66.5325],[-39.447,-66.7041],[-39.8768,-66.5626],[-40.3013,-66.4199],[-40.6617,-66.5884],[-41.0818,-66.4434],[-41.4483,-66.61],[-41.8636,-66.4627],[-42.2737,-66.3143],[-42.6467,-66.4777],[-43.0519,-66.3271],[-43.4306,-66.4884],[-43.8309,-66.3356],[-44.2258,-66.1817],[-44.6102,-66.3399],[-45,-66.1838],[-45.3898,-66.3399],[-45.7742,-66.1817],[-46.1535,-66.0227],[-46.5482,-66.1754],[-46.922,-66.0143],[-47.3215,-66.1648],[-47.6898,-66.0017],[-48.0529,-65.8377],[-48.4109,-65.6729],[-48.764,-65.5072],[-48.3665,-65.3612],[-48.7153,-65.1959],[-48.3231,-65.0498],[-48.6678,-64.8848],[-48.2809,-64.7388],[-48.6215,-64.5741],[-48.2397,-64.4282],[-48.5763,-64.2638],[-48.1995,-64.1179],[-48.5323,-63.9538],[-48.1604,-63.8079],[-48.4893,-63.6441],[-48.8141,-63.4796],[-49.1347,-63.3144],[-49.4512,-63.1484],[-49.8208,-63.2902],[-50.1326,-63.1226],[-50.5055,-63.2623],[-50.8125,-63.0931],[-51.1886,-63.2308],[-51.5688,-63.3674],[-51.87,-63.1956],[-52.2532,-63.3302],[-52.5494,-63.1568],[-52.8417,-62.9828],[-53.2267,-63.1143],[-53.6156,-63.2447],[-54.0085,-63.374],[-54.4053,-63.5021],[-54.8061,-63.629],[-55.2109,-63.7548],[-55.4915,-63.5744],[-55.8987,-63.698],[-56.3099,-63.8203],[-56.5834,-63.6375],[-56.9969,-63.7576],[-57.4143,-63.8764],[-57.1443,-64.0611],[-56.8703,-64.2453],[-57.2953,-64.3648],[-57.7244,-64.4829],[-57.9946,-64.2967],[-58.2609,-64.1102],[-58.69,-64.225],[-59.1232,-64.3385],[-58.861,-64.527],[-58.5948,-64.7151],[-59.0362,-64.8291],[-58.7681,-65.0177],[-59.2159,-65.1313],[-58.9457,-65.3205],[-59.4,-65.4336],[-59.8586,-65.5452],[-59.5889,-65.736],[-60.0543,-65.8471],[-60.5241,-65.9566],[-60.2551,-66.149],[-60.732,-66.258],[-60.4612,-66.4509],[-60.9454,-66.5593],[-60.6728,-66.7529],[-60.3955,-66.946],[-60.1135,-67.1388],[-60.611,-67.2486],[-60.3269,-67.4419],[-60.0378,-67.6348],[-60.5463,-67.7451],[-60.2551,-67.9386],[-59.9586,-68.1317],[-59.6568,-68.3243],[-59.1391,-68.2109],[-58.8287,-68.4019],[-59.3493,-68.5165],[-59.0362,-68.7081],[-58.7173,-68.8993],[-59.25,-69.0144],[-59.7887,-69.1277],[-60.3333,-69.2393],[-60.0184,-69.4333],[-60.5725,-69.5442],[-60.2551,-69.7388],[-60.8192,-69.849],[-60.4993,-70.0443],[-61.0736,-70.1537],[-60.7512,-70.3497],[-60.4222,-70.5451],[-61.0112,-70.6549],[-60.6795,-70.8511],[-60.3409,-71.0467],[-59.9951,-71.2417],[-60.6039,-71.3531],[-60.2551,-71.5488],[-59.8987,-71.744],[-60.5241,-71.8559],[-60.1645,-72.0517],[-59.7968,-72.2469],[-60.4396,-72.3592],[-60.0685,-72.5551],[-59.6888,-72.7504],[-60.3501,-72.8632],[-59.9667,-73.0592],[-59.5742,-73.2545],[-60.2551,-73.3678],[-60.9454,-73.4788],[-60.5546,-73.6762],[-61.2602,-73.7863],[-60.8657,-73.9844],[-60.4612,-74.1819],[-61.1892,-74.2924],[-60.7808,-74.4906],[-61.5258,-74.6],[-62.2815,-74.7069],[-61.8763,-74.9074],[-61.46,-75.1072],[-61.0323,-75.3063],[-60.2551,-75.1949],[-59.8084,-75.3917],[-59.3493,-75.5877],[-58.5704,-75.4705],[-58.0919,-75.6639],[-57.6002,-75.8564],[-57.0948,-76.0479],[-56.5752,-76.2384],[-56.0409,-76.4278],[-55.2441,-76.2993],[-54.6888,-76.4858],[-54.1179,-76.6709],[-53.5308,-76.8549],[-52.7336,-76.7182],[-52.125,-76.8988],[-51.4993,-77.0779],[-50.7106,-76.9348],[-50.0636,-77.1104],[-49.3987,-77.2844],[-48.7153,-77.4567],[-48.0128,-77.6272],[-47.2906,-77.7959],[-46.5482,-77.9626],[-45.7848,-78.1274],[-45,-78.29],[-44.2152,-78.1274],[-43.4089,-78.2855],[-42.6467,-78.1185],[-41.9059,-77.9496],[-41.1859,-77.7787],[-40.486,-77.606],[-39.6678,-77.753],[-38.991,-77.5764],[-38.1572,-77.7187],[-37.3039,-77.8584],[-36.4309,-77.9954],[-35.789,-77.811],[-35.1664,-77.6251],[-34.5625,-77.4379],[-33.9765,-77.2494],[-33.4078,-77.0597],[-32.55,-77.1838],[-32.0054,-76.991],[-31.4768,-76.7972],[-30.6186,-76.9148],[-30.1137,-76.7182],[-29.6237,-76.5206],[-29.1481,-76.3223],[-28.3008,-76.4317],[-27.8476,-76.2308],[-27.4076,-76.0292],[-26.9802,-75.8269],[-26.5651,-75.6239],[-26.1616,-75.4203],[-25.7693,-75.2161],[-24.9628,-75.3134],[-24.5901,-75.1072],[-24.2277,-74.9005],[-23.8753,-74.6933],[-23.5323,-74.4856],[-23.1986,-74.2775],[-22.4259,-74.3654],[-22.1094,-74.1557],[-21.3369,-74.2395],[-21.0375,-74.0283],[-20.7461,-73.8167],[-21.5014,-73.7352],[-21.2092,-73.5244],[-21.9487,-73.4412],[-22.6806,-73.3553],[-23.4047,-73.2668],[-23.0968,-73.0592],[-22.7965,-72.8511],[-23.4986,-72.7624],[-23.1986,-72.5551],[-23.8865,-72.465],[-23.587,-72.2585],[-24.2613,-72.1671],[-24.9285,-72.0732],[-25.5885,-71.9771],[-26.2413,-71.8786],[-26.8869,-71.7779],[-27.5252,-71.6749],[-27.8597,-71.8743],[-28.4956,-71.768],[-29.1241,-71.6595],[-29.7449,-71.5488],[-30.3581,-71.4361],[-30.9638,-71.3214],[-30.6064,-71.1282],[-31.2005,-71.0128],[-31.7873,-70.8954],[-31.4296,-70.7041],[-32.0054,-70.5861],[-31.6513,-70.3954],[-32.2165,-70.2768],[-31.866,-70.0867],[-32.4211,-69.9675],[-32.074,-69.778],[-31.7335,-69.588],[-32.2756,-69.4694],[-31.9384,-69.2799],[-31.6075,-69.0899],[-32.1372,-68.9719],[-31.8094,-68.7825],[-31.4875,-68.5925],[-31.1713,-68.4019],[-31.6864,-68.2857],[-31.373,-68.0957],[-31.8796,-67.9789],[-31.569,-67.7896],[-32.0674,-67.6723],[-32.5604,-67.5534],[-33.0481,-67.4329],[-32.7352,-67.2464],[-33.2153,-67.1255],[-33.6901,-67.0031],[-34.1597,-66.8793],[-33.8453,-66.6954],[-34.3078,-66.5712],[-34.7652,-66.4456]]],[[[-68.5523,-69.3886],[-69.1455,-69.4694],[-69.7435,-69.5479],[-69.5196,-69.7578],[-69.291,-69.9675],[-68.6821,-69.8871],[-68.0782,-69.8046],[-68.3177,-69.5967],[-68.5523,-69.3886]]],[[[62.9164,-67.4734],[63.4349,-67.5737],[63.693,-67.3747],[64.2127,-67.4723],[64.7369,-67.5681],[65.2657,-67.6621],[65.799,-67.7542],[66.3369,-67.8445],[66.5713,-67.6405],[67.1094,-67.728],[67.6519,-67.8136],[68.1986,-67.8973],[68.7495,-67.9789],[68.9625,-67.7713],[69.513,-67.8502],[70.0675,-67.9271],[69.8637,-68.1364],[70.4269,-68.212],[70.2239,-68.422],[70.796,-68.4964],[71.3721,-68.5687],[71.5651,-68.3572],[72.1399,-68.4267],[72.3239,-68.2144],[72.8973,-68.281],[73.4742,-68.3455],[73.3008,-68.5592],[73.8866,-68.6222],[74.4759,-68.683],[75.0686,-68.7417],[74.9084,-68.9574],[75.5102,-69.0144],[75.3526,-69.2307],[75.1916,-69.447],[75.8089,-69.503],[76.4296,-69.5567],[76.5782,-69.3391],[77.1957,-69.3899],[77.3349,-69.1718],[77.9492,-69.2196],[78.0793,-69.001],[78.2066,-68.7825],[78.3312,-68.5639],[78.4533,-68.3455],[79.0459,-68.389],[79.1597,-68.1701],[79.7488,-68.2109],[79.8545,-67.9916],[80.4399,-68.0297],[80.5377,-67.8102],[81.1193,-67.8456],[81.7029,-67.8789],[81.7872,-67.6587],[81.8699,-67.4386],[81.9509,-67.2186],[82.5191,-67.2486],[82.5931,-67.0284],[82.6656,-66.8083],[82.1083,-66.779],[81.5525,-66.7474],[80.9982,-66.7138],[81.0851,-66.4949],[81.1703,-66.276],[81.2538,-66.0573],[80.7164,-66.0227],[80.8033,-65.8044],[80.8886,-65.5863],[80.3625,-65.5503],[80.4509,-65.3327],[79.9309,-65.2951],[79.8379,-65.5124],[79.3151,-65.4724],[79.2157,-65.6894],[78.6901,-65.6471],[78.5842,-65.8637],[78.0558,-65.819],[77.9432,-66.0353],[77.4123,-65.9881],[77.2929,-66.2039],[76.7595,-66.1543],[76.6331,-66.3697],[76.0973,-66.3175],[75.9638,-66.5325],[75.4258,-66.4777],[75.2849,-66.6921],[75.1414,-66.9066],[74.9951,-67.1211],[74.4454,-67.0625],[73.8987,-67.002],[73.355,-66.9394],[72.8143,-66.8749],[72.2768,-66.8083],[72.4465,-66.597],[71.9166,-66.5292],[71.3898,-66.4595],[70.8664,-66.3878],[70.3462,-66.3143],[69.8293,-66.2389],[69.3159,-66.1616],[69.121,-66.3686],[68.6071,-66.2888],[68.0968,-66.2071],[67.8906,-66.4124],[67.3801,-66.3281],[66.8735,-66.2421],[66.656,-66.4456],[66.1495,-66.3569],[65.9245,-66.5593],[65.6955,-66.7616],[65.1858,-66.6694],[64.949,-66.8705],[64.44,-66.7757],[63.9353,-66.6791],[63.6874,-66.8782],[63.4349,-67.0769],[63.178,-67.2753],[62.9164,-67.4734]]],[[[98.5836,-65.6203],[98.5046,-65.4019],[98.427,-65.1837],[97.9072,-65.2151],[97.8355,-64.9967],[97.319,-65.0257],[96.8013,-65.0528],[96.8637,-65.2718],[97.386,-65.2444],[97.4543,-65.4632],[97.9801,-65.4336],[98.0544,-65.6522],[98.5836,-65.6203]]],[[[98.5836,-65.6203],[98.6641,-65.8387],[99.1967,-65.8044],[99.1114,-65.5863],[98.5836,-65.6203]]],[[[-97.4606,-70.6284],[-98.1301,-70.598],[-98.7974,-70.5649],[-99.4623,-70.5293],[-100.1247,-70.4911],[-100.7843,-70.4504],[-100.9111,-70.6709],[-101.5752,-70.6271],[-102.2361,-70.5808],[-102.8937,-70.532],[-103.5479,-70.4806],[-104.1986,-70.4268],[-104.3646,-70.6443],[-105.0184,-70.5874],[-105.1952,-70.8042],[-105.8519,-70.7441],[-106.5044,-70.6815],[-107.1524,-70.6165],[-107.796,-70.5491],[-108.0042,-70.7627],[-108.6495,-70.6921],[-108.869,-70.9048],[-109.5159,-70.8309],[-109.7468,-71.0426],[-110.3949,-70.9655],[-110.6375,-71.176],[-111.2864,-71.0955],[-111.541,-71.3049],[-112.1903,-71.2211],[-112.4569,-71.4292],[-113.1063,-71.3421],[-113.3852,-71.5488],[-114.0343,-71.4583],[-114.3256,-71.6637],[-114.9739,-71.5698],[-115.2777,-71.7736],[-115.5885,-71.9771],[-116.2413,-71.8786],[-116.5651,-72.0804],[-116.8962,-72.2818],[-117.2351,-72.4827],[-117.8973,-72.3783],[-118.2497,-72.5774],[-118.6105,-72.7759],[-118.9797,-72.9738],[-119.3578,-73.1711],[-119.7449,-73.3678],[-120.4258,-73.2545],[-120.8277,-73.449],[-121.2392,-73.6429],[-120.5476,-73.7591],[-120.1414,-73.5638],[-119.4454,-73.6762],[-118.7398,-73.7863],[-118.0245,-73.8939],[-117.646,-73.6937],[-116.9277,-73.7975],[-116.2001,-73.8987],[-115.4633,-73.9974],[-114.7174,-74.0935],[-114.3765,-73.8875],[-113.6294,-73.9796],[-112.8737,-74.069],[-112.1094,-74.1557],[-111.3369,-74.2395],[-110.556,-74.3205],[-109.7672,-74.3987],[-110.0561,-74.6119],[-109.2495,-74.6882],[-108.4349,-74.7614],[-108.166,-74.5461],[-108.9704,-74.4739],[-108.699,-74.2593],[-109.4861,-74.1852],[-109.2127,-73.9715],[-108.9465,-73.7575],[-109.708,-73.6826],[-109.44,-73.4694],[-108.6874,-73.5433],[-107.9279,-73.6144],[-108.178,-73.8296],[-107.4027,-73.8987],[-107.6501,-74.1147],[-107.9044,-74.3305],[-107.1027,-74.3987],[-107.354,-74.6153],[-106.5348,-74.6814],[-106.7826,-74.8987],[-107.0378,-75.1159],[-106.1892,-75.1808],[-105.3333,-75.2425],[-105.1011,-75.0234],[-104.8757,-74.8042],[-104.6568,-74.5848],[-103.8287,-74.6406],[-102.9946,-74.6933],[-103.1906,-74.9143],[-102.3391,-74.9644],[-101.482,-75.0113],[-101.3099,-74.7888],[-101.1429,-74.5663],[-101.9761,-74.5208],[-101.8024,-74.299],[-101.6336,-74.0771],[-102.4396,-74.0299],[-102.2648,-73.8087],[-102.0948,-73.5875],[-102.875,-73.5386],[-102.6996,-73.318],[-103.4652,-73.2668],[-103.2849,-73.0469],[-103.1092,-72.827],[-102.9381,-72.6071],[-103.6713,-72.5551],[-103.4957,-72.3358],[-102.7712,-72.3871],[-102.6086,-72.1671],[-102.45,-71.947],[-101.7386,-71.9943],[-101.5922,-71.7736],[-100.8855,-71.8175],[-100.1755,-71.8587],[-100.0493,-71.637],[-99.3447,-71.6749],[-99.2299,-71.4528],[-99.1179,-71.2307],[-98.427,-71.265],[-97.7336,-71.2966],[-97.6404,-71.0738],[-97.5494,-70.8511],[-97.4606,-70.6284]]],[[[108.9704,-66.8793],[109.5024,-66.8062],[109.3164,-66.597],[108.7886,-66.6694],[108.9704,-66.8793]]],[[[110.6841,-66.1616],[110.1707,-66.2389],[110.3616,-66.4466],[110.879,-66.3686],[110.6841,-66.1616]]],[[[110.6841,-66.1616],[111.1941,-66.0826],[110.9987,-65.8762],[111.5014,-65.7961],[111.3058,-65.5904],[111.1135,-65.3846],[110.6182,-65.4632],[110.4328,-65.2566],[109.938,-65.3327],[109.44,-65.407],[109.6179,-65.6151],[109.113,-65.6884],[109.29,-65.8971],[109.7989,-65.8231],[110.3045,-65.7474],[110.4926,-65.9546],[110.6841,-66.1616]]],[[[-123.0239,-73.5938],[-123.6901,-73.4694],[-124.3461,-73.3429],[-124.992,-73.2143],[-125.4457,-73.399],[-124.796,-73.5291],[-124.1359,-73.6572],[-123.4654,-73.7831],[-123.0239,-73.5938]]],[[[113.4121,-65.9514],[113.9077,-65.8627],[114.1284,-66.0647],[114.353,-66.2665],[114.5816,-66.4681],[115.0836,-66.375],[115.5815,-66.2803],[115.821,-66.4798],[116.3181,-66.3825],[116.5651,-66.5809],[116.8163,-66.779],[117.0721,-66.9767],[117.5746,-66.8749],[117.8381,-67.0714],[118.3391,-66.9669],[118.8355,-66.8607],[119.1099,-67.0548],[119.6045,-66.946],[120.0942,-66.8356],[120.5792,-66.7236],[120.8668,-66.9143],[121.3496,-66.7996],[121.0594,-66.61],[121.5348,-66.4949],[121.2469,-66.3058],[120.9638,-66.1163],[120.4934,-66.2294],[120.0184,-66.3409],[119.7449,-66.149],[120.2173,-66.0384],[119.9457,-65.8471],[120.4111,-65.736],[120.1414,-65.5452],[119.6785,-65.6553],[119.4156,-65.4632],[118.951,-65.5709],[118.4822,-65.677],[118.2288,-65.4827],[117.7585,-65.5863],[117.512,-65.3907],[117.2695,-65.1948],[116.8008,-65.2951],[116.5651,-65.0981],[116.0954,-65.1959],[115.8664,-64.9977],[115.3959,-65.093],[114.9218,-65.1868],[114.7024,-64.9867],[114.2277,-65.0779],[113.7495,-65.1676],[113.9625,-65.3693],[113.4774,-65.4581],[113.6907,-65.6605],[113.1986,-65.7484],[113.4121,-65.9514]]],[[[124.1436,-66.0805],[124.4519,-66.2633],[124.9025,-66.1374],[125.2176,-66.3186],[125.665,-66.1902],[125.9868,-66.3697],[126.4309,-66.2389],[126.7593,-66.4167],[127.0928,-66.5938],[127.4316,-66.7703],[127.7757,-66.946],[128.1252,-67.1211],[128.5713,-66.9833],[129.0119,-66.8443],[129.3693,-67.0163],[129.8056,-66.8749],[129.447,-66.7041],[129.8768,-66.5626],[129.5226,-66.3921],[129.9462,-66.2506],[129.5962,-66.0805],[130.0137,-65.9389],[129.6678,-65.7691],[130.0794,-65.6275],[130.486,-65.4847],[130.1434,-65.3164],[129.8056,-65.1474],[129.4007,-65.288],[129.0685,-65.1172],[128.741,-64.9457],[128.3333,-65.083],[128.0115,-64.9097],[127.6004,-65.0448],[127.2843,-64.8699],[126.8699,-65.0027],[126.4509,-65.1343],[126.142,-64.9567],[125.72,-65.086],[125.2933,-65.2141],[124.992,-65.0338],[124.5625,-65.1595],[124.1285,-65.2839],[123.6901,-65.407],[123.2471,-65.5288],[122.7995,-65.6491],[122.5119,-65.4632],[122.0619,-65.5812],[122.3474,-65.7681],[121.8908,-65.8856],[122.1787,-66.0731],[122.4712,-66.2601],[122.7685,-66.4466],[122.3004,-66.5658],[122.6003,-66.7529],[123.0707,-66.6327],[123.3778,-66.8181],[123.8453,-66.6954],[123.536,-66.511],[123.2317,-66.326],[123.6901,-66.2039],[124.1436,-66.0805]],[[124.1436,-66.0805],[123.8401,-65.8971],[124.2869,-65.7733],[124.5923,-65.9556],[124.1436,-66.0805]]],[[[135,-65.871],[134.6206,-65.7142],[134.2361,-65.8689],[133.8465,-66.0227],[134.2258,-66.1817],[134.6155,-66.0269],[135,-65.871]]],[[[-127.3667,-74.1278],[-128.0189,-73.9893],[-128.6598,-73.8488],[-129.2894,-73.7065],[-129.9079,-73.5622],[-130.5154,-73.4162],[-131.0353,-73.5875],[-131.6335,-73.4381],[-132.2208,-73.287],[-132.7974,-73.1342],[-133.3634,-72.9799],[-132.8389,-72.815],[-132.3246,-72.6487],[-132.8789,-72.496],[-132.3736,-72.33],[-131.8779,-72.1627],[-131.3915,-71.9943],[-130.8404,-72.1425],[-130.3645,-71.9713],[-129.8978,-71.7991],[-129.4401,-71.6258],[-128.991,-71.4514],[-128.5505,-71.276],[-128.1183,-71.0996],[-127.6942,-70.9223],[-128.2338,-70.7841],[-127.8157,-70.6072],[-127.4054,-70.4294],[-127.0025,-70.2508],[-126.6071,-70.0713],[-126.2188,-69.8909],[-125.8377,-69.7098],[-126.3572,-69.5779],[-125.9807,-69.3973],[-126.4913,-69.2651],[-126.8699,-69.4445],[-127.3758,-69.3095],[-127.7631,-69.4868],[-128.1572,-69.6633],[-128.6598,-69.5242],[-129.0626,-69.6985],[-129.5597,-69.5567],[-129.9709,-69.7287],[-130.3894,-69.8999],[-130.8818,-69.754],[-131.3086,-69.9228],[-131.7428,-70.0906],[-132.2298,-69.9407],[-132.6722,-70.106],[-133.1221,-70.2703],[-133.5797,-70.4334],[-134.0608,-70.2781],[-134.5265,-70.4386],[-135,-70.2807],[-135.4735,-70.4386],[-135.9548,-70.5953],[-136.4203,-70.4334],[-136.9092,-70.5874],[-137.406,-70.7401],[-137.9108,-70.8914],[-138.4239,-71.0412],[-138.9452,-71.1896],[-139.4749,-71.3366],[-140.0131,-71.482],[-140.5599,-71.6258],[-141.009,-71.4514],[-141.5627,-71.5922],[-142.125,-71.7313],[-142.6961,-71.8686],[-143.1301,-71.689],[-143.7074,-71.8232],[-144.2933,-71.9556],[-144.7133,-71.7722],[-145.3048,-71.9014],[-145.7131,-71.7157],[-146.3099,-71.8416],[-146.9151,-71.9656],[-147.308,-71.7765],[-147.9178,-71.8971],[-148.2986,-71.7059],[-148.9125,-71.8232],[-149.5345,-71.9385],[-149.8987,-71.744],[-150.5241,-71.8559],[-150.8759,-71.6595],[-151.5044,-71.768],[-151.8438,-71.5698],[-152.4748,-71.6749],[-152.8019,-71.475],[-153.4349,-71.5768],[-153.7498,-71.3752],[-154.3845,-71.4736],[-154.6871,-71.2705],[-154.9831,-71.067],[-155.6136,-71.161],[-155.8978,-70.956],[-156.529,-71.0467],[-157.1663,-71.135],[-157.433,-70.9277],[-158.0704,-71.0128],[-158.3254,-70.8042],[-158.9625,-70.886],[-159.2059,-70.6762],[-159.444,-70.4662],[-160.0744,-70.5438],[-160.71,-70.6191],[-161.3505,-70.6921],[-161.9958,-70.7627],[-162.646,-70.8309],[-163.3008,-70.8967],[-163.9601,-70.9601],[-164.6237,-71.0209],[-165.2917,-71.0792],[-165.9638,-71.135],[-166.6398,-71.1883],[-167.3196,-71.2389],[-167.4712,-71.0195],[-168.147,-71.067],[-168.8262,-71.1119],[-169.5085,-71.1541],[-170.1939,-71.1937],[-170.8821,-71.2307],[-171.573,-71.265],[-172.2664,-71.2966],[-172.3596,-71.0738],[-173.047,-71.1023],[-173.7365,-71.1282],[-174.4278,-71.1514],[-174.4945,-70.9277],[-175.1792,-70.9479],[-175.1207,-71.1719],[-175.8151,-71.1896],[-175.7636,-71.414],[-175.7108,-71.6384],[-175.6568,-71.863],[-176.3785,-71.8786],[-176.3322,-72.1035],[-176.2847,-72.3285],[-177.0263,-72.3417],[-176.9872,-72.567],[-176.9471,-72.7924],[-177.7094,-72.8029],[-177.6785,-73.0286],[-178.4518,-73.0363],[-178.4306,-73.2622],[-179.2152,-73.2668],[-179.2043,-73.493],[-179.1931,-73.7192],[180,-73.7208],[180,-73.9472],[180,-74.1737],[180,-74.4003],[180,-74.6271],[180,-74.854],[179.1319,-74.8522],[179.1186,-75.0792],[179.1048,-75.3063],[179.0906,-75.5334],[178.1817,-75.528],[177.2737,-75.519],[176.367,-75.5064],[175.4622,-75.4902],[174.5597,-75.4705],[174.6442,-75.2443],[173.7581,-75.2214],[172.875,-75.1949],[172.9835,-74.9696],[172.1169,-74.9402],[172.2348,-74.7154],[172.3493,-74.4906],[172.4606,-74.2659],[171.6341,-74.2346],[171.7537,-74.0104],[171.8699,-73.7863],[171.9829,-73.5622],[172.0928,-73.3382],[172.1998,-73.1143],[172.3039,-72.8904],[172.4054,-72.6666],[172.5041,-72.4429],[171.7644,-72.412],[171.8699,-72.1888],[171.9728,-71.9656],[171.2538,-71.9328],[170.5377,-71.8971],[170.4171,-72.1194],[169.6952,-72.0804],[169.5625,-72.3022],[170.2933,-72.3417],[170.1664,-72.564],[170.0362,-72.7864],[169.9025,-73.0088],[169.1436,-72.9677],[168.9965,-73.1896],[168.8453,-73.4115],[168.6901,-73.6334],[167.9052,-73.5875],[167.125,-73.5386],[166.9448,-73.7591],[166.1593,-73.7065],[165.9638,-73.9262],[165.7627,-74.1458],[164.9622,-74.0886],[164.7449,-74.3073],[165.556,-74.3654],[165.3432,-74.5848],[164.5214,-74.5259],[164.2914,-74.7444],[164.0546,-74.9627],[163.8108,-75.1808],[164.6667,-75.2425],[164.4275,-75.4615],[164.1808,-75.6803],[163.3008,-75.6167],[163.0339,-75.8343],[162.7585,-76.0517],[162.4744,-76.2688],[162.1811,-76.4858],[163.1132,-76.5537],[162.8241,-76.7715],[162.5252,-76.989],[163.4956,-77.0556],[163.2016,-77.2741],[164.1975,-77.3381],[163.9092,-77.5574],[163.6105,-77.7766],[164.6499,-77.839],[165.6997,-77.8974],[166.7595,-77.9517],[167.0054,-77.7294],[165.9638,-77.6761],[166.2184,-77.4546],[166.4641,-77.2329],[167.4712,-77.2844],[167.2425,-77.507],[168.2749,-77.5553],[169.3151,-77.5997],[169.5085,-77.3754],[170.5377,-77.4149],[171.573,-77.4504],[172.614,-77.4818],[173.6598,-77.5091],[174.7099,-77.5322],[174.6107,-77.7594],[175.684,-77.7787],[176.7603,-77.7937],[177.8389,-77.8045],[177.7974,-78.0327],[177.7543,-78.2609],[178.8767,-78.2676],[180,-78.2699],[-178.8767,-78.2676],[-177.7543,-78.2609],[-177.7094,-78.4892],[-176.5664,-78.4778],[-175.4261,-78.4619],[-174.2894,-78.4414],[-173.1572,-78.4164],[-172.0304,-78.3869],[-170.9097,-78.353],[-170.7274,-78.5786],[-169.5923,-78.5396],[-168.4654,-78.4961],[-167.3474,-78.4482],[-166.2392,-78.396],[-165.9638,-78.6178],[-164.8459,-78.5602],[-163.7398,-78.4984],[-164.0546,-78.2788],[-162.9795,-78.214],[-161.9166,-78.1451],[-160.8664,-78.0722],[-159.8293,-77.9954],[-158.8059,-77.9148],[-157.7965,-77.8303],[-158.1986,-77.6187],[-157.2176,-77.5322],[-157.6199,-77.3215],[-156.666,-77.2329],[-155.7256,-77.1409],[-154.7989,-77.0455],[-154.359,-77.2514],[-153.4349,-77.1511],[-152.9691,-77.3547],[-152.049,-77.2494],[-151.1443,-77.1409],[-151.631,-76.9408],[-150.7512,-76.831],[-149.8863,-76.7182],[-150.3763,-76.5206],[-149.5345,-76.4066],[-148.707,-76.2898],[-147.8937,-76.1702],[-148.3925,-75.9769],[-147.6002,-75.8564],[-147.0948,-76.0479],[-146.3099,-75.923],[-146.8215,-75.7333],[-146.0564,-75.6076],[-145.3048,-75.4794],[-144.5667,-75.3489],[-144.0395,-75.5334],[-143.3103,-75.3988],[-142.7652,-75.5804],[-142.0458,-75.4418],[-141.4831,-75.6203],[-140.7743,-75.4777],[-140.0796,-75.3329],[-139.3987,-75.1861],[-138.7314,-75.0374],[-138.145,-75.2072],[-137.4896,-75.0548],[-136.8476,-74.9005],[-137.4366,-74.7341],[-136.8087,-74.5798],[-136.2189,-74.7444],[-135.6031,-74.5865],[-135,-74.427],[-134.3969,-74.5865],[-133.8065,-74.4237],[-133.1913,-74.5798],[-132.6141,-74.4137],[-132.0492,-74.2461],[-131.4237,-74.397],[-130.8724,-74.2263],[-130.2364,-74.3737],[-129.6991,-74.2],[-129.0531,-74.3438],[-128.5302,-74.1671],[-127.875,-74.3073],[-127.3667,-74.1278]]],[[[135,-65.871],[135.3845,-66.0269],[135.7742,-66.1817],[136.1691,-66.3356],[136.5694,-66.4884],[136.9481,-66.3271],[137.3533,-66.4777],[137.7263,-66.3143],[138.1364,-66.4627],[138.5517,-66.61],[138.9182,-66.4434],[139.3383,-66.5884],[139.7636,-66.7322],[140.1944,-66.8749],[140.553,-66.7041],[140.9881,-66.8443],[141.3402,-66.6716],[141.7796,-66.8094],[142.2243,-66.946],[142.6745,-67.0813],[143.0171,-66.9044],[143.3544,-66.7268],[143.8068,-66.8585],[143.4711,-67.0372],[143.9306,-67.1687],[144.2645,-66.9888],[144.7276,-67.1177],[145.0543,-66.9362],[145.5208,-67.0625],[145.9925,-67.1875],[145.6698,-67.3713],[145.3416,-67.5545],[145.823,-67.6802],[146.3099,-67.8045],[146.8024,-67.9271],[147.3005,-68.0482],[147.8043,-68.1678],[148.3136,-68.2857],[148.8287,-68.4019],[149.3493,-68.5165],[149.6568,-68.3243],[150.1799,-68.4361],[150.4786,-68.2424],[151.004,-68.3514],[151.5348,-68.4585],[152.071,-68.5639],[152.354,-68.3666],[152.8919,-68.4692],[153.4349,-68.5699],[153.7052,-68.3702],[154.2495,-68.468],[154.7989,-68.5639],[154.5367,-68.7657],[155.0952,-68.8607],[155.6589,-68.9537],[156.2277,-69.0448],[156.8014,-69.1338],[157.3801,-69.2209],[157.9638,-69.3058],[158.5523,-69.3886],[158.782,-69.1804],[159.0071,-68.9719],[159.2277,-68.7633],[158.6542,-68.683],[158.8753,-68.4751],[158.3109,-68.3937],[157.751,-68.3103],[157.1955,-68.2249],[157.4259,-68.0193],[156.8792,-67.9329],[156.3369,-67.8445],[155.799,-67.7542],[156.0375,-67.5511],[155.5081,-67.4599],[154.9831,-67.3668],[155.2249,-67.1653],[154.708,-67.0714],[154.949,-66.8705],[154.44,-66.7757],[154.6803,-66.5755],[154.179,-66.4798],[153.6819,-66.3825],[153.9246,-66.1838],[153.4349,-66.0857],[153.6767,-65.8877],[153.1942,-65.7888],[153.4349,-65.5915],[152.9595,-65.4919],[153.1992,-65.2951],[152.7305,-65.1948],[152.2658,-65.093],[151.805,-64.9897],[151.5571,-65.1837],[151.0976,-65.0779],[150.6422,-64.9707],[150.3852,-65.1625],[149.9314,-65.0528],[149.6678,-65.2434],[149.2159,-65.1313],[148.9457,-65.3205],[148.4957,-65.206],[148.2191,-65.3938],[147.7712,-65.2768],[147.3278,-65.1585],[147.0426,-65.3439],[146.6015,-65.2232],[146.1649,-65.1011],[145.8715,-65.2839],[145.4375,-65.1595],[145.1378,-65.3408],[144.7067,-65.2141],[144.4008,-65.3938],[143.9726,-65.2647],[143.5491,-65.1343],[143.2356,-65.3114],[142.8153,-65.1787],[142.3996,-65.0448],[142.0789,-65.2191],[141.6667,-65.083],[141.3402,-65.2556],[140.9315,-65.1172],[140.5993,-65.288],[140.1944,-65.1474],[139.8566,-65.3164],[139.4556,-65.1736],[139.1122,-65.3408],[138.7153,-65.1959],[138.3665,-65.3612],[137.9737,-65.2141],[137.6195,-65.3775],[137.2312,-65.2282],[136.8476,-65.0779],[136.4879,-65.2383],[136.1088,-65.086],[135.7345,-64.9327],[135.3649,-64.7784],[135,-64.9347],[134.6351,-64.7784],[134.2655,-64.9327],[134.6304,-65.09],[135,-65.2464],[135.3745,-65.4019],[135.7538,-65.5565],[135.3794,-65.7142],[135,-65.871]]]]}}]}
